Schulnummer;Schulname;Schulform;Gemeinde;Kreis;Sozialindex_Stufe;Sozialindex;Einkommen_Pro_Einwohner_Euro;Einwohnerzahl;Bildungsausgaben_Euro;Schueler_Pro_Lehrkraft
100011;Haan, GE Walder Straáe;Gesamtschulen;Haan;Kreis Mettmann;4;4,0;28195;487;11;10,06
100012;Leverkusen, GG Am Friedenspark;Grundschulen;Leverkusen;Stadt Leverkusen;9;9,0;26056;404;30;11,12
100014;Herne, GG Kolibri-Schule;Grundschulen;Herne;Stadt Herne;5;5,0;26056;404;30;13,48
100015;Dsseldorf, Gym Wim-Wenders;Gymnasien;Dsseldorf;Stadt Dsseldorf;4;4,0;26019;395;34;11,23
100016;Stolberg, GE Kupferstdter;Gesamtschulen;Stolberg (Rhld.);Stdteregion Aachen;5;5,0;25995;407;35;10,36
100017;Hrth, GG Bonnstraáe;Grundschulen;Hrth;Rhein-Erft-Kreis;4;4,0;25647;475;20;12,49
100019;Kleve, GE Joseph Beuys;Gesamtschulen;Kleve;Kreis Kleve;7;7,0;23865;317;135;11,15
100020;Dsseldorf, KG Kartause-Hain-Schule;Sonstige;Dsseldorf;Stadt Dsseldorf;5;5,0;26092;361;41;11,85
100021;Tnisvorst, GE Rupert-Neudeck;Gesamtschulen;Tnisvorst;Kreis Viersen;4;4,0;26473;300;54;10,36
100022;Medebach, SK Medebach-Winterberg;Sekundarschulen;Medebach;Hochsauerlandkreis;2;2,0;27635;260;34;10,13
100023;Lengerich, GE Lengerich/Tecklenburg;Gesamtschulen;Lengerich;Kreis Steinfurt;3;3,0;25795;453;45;11,74
100024;Gronau, GE Euregioschule;Gesamtschulen;Gronau (Westf.);Kreis Borken;3;3,0;26582;376;53;11,52
100026;Bad Driburg, GG Schule unter der Iburg;Grundschulen;Bad Driburg;Kreis Hxter;2;2,0;26056;404;30;11,31
100028;Essen, RS im Bezirk Zollverein;Realschulen;Essen;Stadt Essen;8;8,0;25819;385;30;12,48
100029;Oberhausen,GG Schule a. d. Oranienstraáe;Grundschulen;Oberhausen;Stadt Oberhausen;3;3,0;26056;404;30;12,54
100032;Brhl, GG (Verb.) Regenbogenschule;Grundschulen;Brhl;Rhein-Erft-Kreis;7;7,0;25647;475;20;12,49
100036;Kln, GE Gesamtschule Helios;Gesamtschulen;Kln;Stadt Kln;3;3,0;25995;407;35;10,36
100038;Ldenscheid, GG Wefelshohl;Grundschulen;Ldenscheid;Mrkischen Kreis;6;6,0;26056;404;30;12,49
100040;Kln, Gym Neue Sandkaul;Gymnasien;Kln;Stadt Kln;2;2,0;26019;395;34;11,23
100041;Kln, GE Wasseramselweg;Gesamtschulen;Kln;Stadt Kln;4;4,0;25995;407;35;10,36
100042;Geldern, GE Knigsberger Straáe;Gesamtschulen;Geldern;Kreis Kleve;4;4,0;23865;317;135;13,08
100044;Gtersloh, GE an der Ahornallee;Gesamtschulen;Gtersloh;Kreis Gtersloh;3;3,0;25995;407;35;10,36
100045;Bielefeld, RS am Schlehenweg;Realschulen;Bielefeld;Stadt Bielefeld;6;6,0;25819;385;30;10,73
100046;Bielefeld, SK Knigsbrgge;Sekundarschulen;Bielefeld;Stadt Bielefeld;7;7,0;26330;337;34;9,36
100047;Bielefeld, SK Gellershagen;Sekundarschulen;Bielefeld;Stadt Bielefeld;5;5,0;26330;337;34;9,36
100048;Bochum, GE Bochum-Mitte;Gesamtschulen;Bochum;Stadt Bochum;8;8,0;25995;407;35;9,53
100051;Hamm, GE Arnold-Freymuth-Gesamtschule;Gesamtschulen;Hamm;Stadt Hamm;6;6,0;25995;407;35;9,8
100052;Neuss, GE Comenius-Gesamtschule;Gesamtschulen;Neuss;Rhein-Kreis Neuss;6;6,0;27956;455;43;11,14
100053;Dorsten, SK Juliusstraáe;Sekundarschulen;Dorsten;Kreis Recklinghausen;4;4,0;23341;616;22;9,07
100054;Wuppertal, GG Matthusstraáe;Grundschulen;Wuppertal;Stadt Wuppertal;9;9,0;26056;404;30;12,15
100061;Dsseldorf, GG Steinkaul;Grundschulen;Dsseldorf;Stadt Dsseldorf;1;1,0;26056;404;30;12,49
100063;Wesel, GE Ida Noddack;Gesamtschulen;Wesel;Kreis Wesel;7;7,0;25299;463;33;10,54
100064;Bonn, GG Am Apfelgarten;Grundschulen;Bonn;Stadt Bonn;5;5,0;26056;404;30;11,23
100065;Mnster, GG Wolbeck - Nord;Grundschulen;Mnster;Stadt Mnster;3;3,0;26056;404;30;12,49
100066;Essen, GH Glckauf-Schule;Hauptschulen;Essen;Stadt Essen;9;9,0;25804;388;32;9,44
100067;Dsseldorf, KG Niederkassel;Sonstige;Dsseldorf;Stadt Dsseldorf;3;3,0;26092;361;41;11,85
100068;Kln, GE Berrenrather Straáe;Gesamtschulen;Kln;Stadt Kln;4;4,0;25995;407;35;10,36
100069;Monheim am Rhein, GE Ulla-Hahn;Gesamtschulen;Monheim am Rhein;Kreis Mettmann;6;6,0;28195;487;11;11,48
100070;Velbert, GE Waldschlsschen;Gesamtschulen;Velbert;Kreis Mettmann;2;2,0;28195;487;11;10,05
100071;Kln, GE Dellbrcker Mauspfad;Gesamtschulen;Kln;Stadt Kln;4;4,0;25995;407;35;10,36
100077;Dinslaken, GE Hiesfeld;Gesamtschulen;Dinslaken;Kreis Wesel;3;3,0;25299;463;33;9,46
100079;Dsseldorf, KG Paulus Schule;Sonstige;Dsseldorf;Stadt Dsseldorf;3;3,0;26092;361;41;11,85
100085;Duisburg, GE Green-Gesamtschule;Gesamtschulen;Duisburg;Stadt Duisburg;7;7,0;25995;407;35;10,79
100088;Velbert, GG Kastanienallee;Grundschulen;Velbert;Kreis Mettmann;7;7,0;28195;487;11;11,07
100089;Bornheim, GE Bornheim 2;Gesamtschulen;Bornheim;Rhein-Sieg-Kreis;4;4,0;27167;605;50;9,69
100090;Essen, RS Kettwig;Realschulen;Essen;Stadt Essen;2;2,0;25819;385;30;12,48
100091;Ldenscheid, GG Ida Gerhardi;Grundschulen;Ldenscheid;Mrkischen Kreis;5;5,0;26056;404;30;12,49
100092;Dsseldorf, KG Rather Kreuzweg;Sonstige;Dsseldorf;Stadt Dsseldorf;9;9,0;26092;361;41;11,85
100093;Beckum, GG an den Kastanien;Grundschulen;Beckum;Kreis Warendorf;3;3,0;27091;280;45;14,1
100094;Dorsten, GG Bonifatiusschule;Grundschulen;Dorsten;Kreis Recklinghausen;4;4,0;23341;616;22;12,66
100096;Rsrath, GE Rsrath;Gesamtschulen;Rsrath;Rheinisch-Bergischen Kreis;3;3,0;25995;407;35;10,36
100098;Ahlen, GE Therese-Mnsterteicher;Gesamtschulen;Ahlen;Kreis Warendorf;6;6,0;27091;280;45;9,78
100103;Rheinberg, GE Europaschule Rheinberg;Gesamtschulen;Rheinberg;Kreis Wesel;3;3,0;25299;463;33;9,7
100104;Neuenrade, SK Hnnequellschule;Sekundarschulen;Neuenrade;Mrkischen Kreis;3;3,0;26330;337;34;8,5
100107;Morsbach SK Leonardo-da-Vinci;Sekundarschulen;Morsbach;Oberbergischen Kreis;2;2,0;26330;337;34;10,25
100108;Kalletal, SK Jacobischule;Sekundarschulen;Kalletal;Kreis Lippe;2;2,0;24993;348;32;8,45
100109;Dsseldorf, KG Marienschule;Sonstige;Dsseldorf;Stadt Dsseldorf;2;2,0;26092;361;41;11,85
100111;Langenberg, SK Konrad-Zuse;Sekundarschulen;Langenberg;Kreis Gtersloh;2;2,0;26330;337;34;7,22
100112;Ascheberg, SK Bahnhofsweg;Sekundarschulen;Ascheberg;Kreis Coesfeld;2;2,0;27654;223;39;9,44
100113;Kln, GG Gaedestrasse;Grundschulen;Kln;Stadt Kln;4;4,0;26056;404;30;12,49
100115;Recklinghausen, GG Cornelia Funke Schule;Grundschulen;Recklinghausen;Kreis Recklinghausen;9;9,0;23341;616;22;13,2
100116;Herne, GG Galileo-Schule;Grundschulen;Herne;Stadt Herne;8;8,0;26056;404;30;13,48
100119;Herscheid, GG Rahlenberg;Grundschulen;Herscheid;Mrkischen Kreis;2;2,0;26056;404;30;12,25
100122;Dsseldorf, KG Hermann Gmeiner Schule;Sonstige;Dsseldorf;Stadt Dsseldorf;7;7,0;26092;361;41;11,85
100125;Neuenkirchen, GE Emmy-Noether;Gesamtschulen;Neuenkirchen;Kreis Steinfurt;2;2,0;25795;453;45;10,57
100126;Castrop-Rauxel, GE Gesamtsch.Ickern;Gesamtschulen;Castrop-Rauxel;Kreis Recklinghausen;4;4,0;23341;616;22;11,62
100128;Krefeld, GG Vulkanstraáe;Grundschulen;Krefeld;Stadt Krefeld;9;9,0;26056;404;30;12,22
100129;Swisttal, GE Swisttal;Gesamtschulen;Swisttal;Rhein-Sieg-Kreis;3;3,0;27167;605;50;11,56
100130;Minden, SK Am Wiehen;Sekundarschulen;Minden;Kreis Minden-Lbbecke;5;5,0;26330;337;34;15,5
100131;Mettmann, GE Borner Weg;Gesamtschulen;Mettmann;Kreis Mettmann;5;5,0;28195;487;11;10,51
100132;Dortmund, GE Reinoldi-Gesamtschule;Gesamtschulen;Dortmund;Stadt Dortmund;6;6,0;25995;407;35;10,08
100135;Gelsenkirchen, GG an der Ebersteinstraáe;Grundschulen;Gelsenkirchen;Stadt Gelsenkirchen;8;8,0;26056;404;30;14,21
100137;Krefeld, GG Felbelstraáe;Grundschulen;Krefeld;Stadt Krefeld;9;9,0;26056;404;30;12,22
100143;Monheim, GG Bregenzer Straáe;Grundschulen;Monheim am Rhein;Kreis Mettmann;1;1,0;28195;487;11;10,94
100144;Monheim, GG Im Pfingsterfeld;Grundschulen;Monheim am Rhein;Kreis Mettmann;5;5,0;28195;487;11;10,94
100145;Kln, Gym Zusestraáe;Gymnasien;Kln;Stadt Kln;2;2,0;26019;395;34;11,23
100147;Kln, Gym Mngersdorf;Gymnasien;Kln;Stadt Kln;2;2,0;26019;395;34;11,23
100148;Bergheim, GG Hermann-Gmeiner-Schule;Grundschulen;Bergheim;Rhein-Erft-Kreis;3;3,0;25647;475;20;12,69
100149;Bergheim, GG Odilia-Weidenfeld;Grundschulen;Bergheim;Rhein-Erft-Kreis;2;2,0;25647;475;20;12,69
100153;Witten, GE Otto-Schott-Gesamtschule;Gesamtschulen;Witten;Ennepe-Ruhr-Kreis;5;5,0;27150;324;6;9,98
100157;Krefeld, GG Schule im Haus der Bildung M;Grundschulen;Krefeld;Stadt Krefeld;6;6,0;26056;404;30;12,22
100158;Dsseldorf, KG Josef-Kleesattel-Str.;Sonstige;Dsseldorf;Stadt Dsseldorf;6;6,0;26092;361;41;11,85
100159;Kln, GG Alfons-Nowak-Straáe;Grundschulen;Kln;Stadt Kln;3;3,0;26056;404;30;12,49
100160;Dsseldorf, GG Kaiserswerth;Grundschulen;Dsseldorf;Stadt Dsseldorf;3;3,0;26056;404;30;12,49
100167;Kamp-Lintfort, GG Vinnstraáe;Grundschulen;Kamp-Lintfort;Kreis Wesel;3;3,0;25299;463;33;12,52
100171;Dsseldorf, KG Unter den Eichen;Sonstige;Dsseldorf;Stadt Dsseldorf;3;3,0;26092;361;41;11,85
100172;Grevenbroich, GE 3. Gesamtschule;Gesamtschulen;Grevenbroich;Rhein-Kreis Neuss;3;3,0;27956;455;43;11,22
100173;Wermelskirchen, GE Wirtsmhler Str.;Gesamtschulen;Wermelskirchen;Rheinisch-Bergischen Kreis;3;3,0;25995;407;35;10,36
100174;Alfter, Gym Alfter;Gymnasien;Alfter;Rhein-Sieg-Kreis;2;2,0;27167;605;50;11,23
100175;Siegen, GE Am Rosterberg;Gesamtschulen;Siegen;Kreis Siegen-Wittgenstein;6;6,0;26737;276;9;9,31
100176;Grefrath, GG Oedt;Grundschulen;Grefrath;Kreis Viersen;4;4,0;26473;300;54;11,33
100177;Dortmund, GE im Sden;Gesamtschulen;Dortmund;Stadt Dortmund;4;4,0;25995;407;35;10,08
100178;Gronau, GG Grne-Aue-Schule;Grundschulen;Gronau (Westf.);Kreis Borken;5;5,0;26582;376;53;14,21
100182;Wuppertal, GG Offene Grundschule Gewerbe;Grundschulen;Wuppertal;Stadt Wuppertal;9;9,0;26056;404;30;12,15
100183;Dsseldorf, KG Christophorus;Sonstige;Dsseldorf;Stadt Dsseldorf;3;3,0;26092;361;41;11,85
100184;Velbert, GG Grnstraáe;Grundschulen;Velbert;Kreis Mettmann;4;4,0;28195;487;11;11,07
100185;Dsseldorf, GE lise Freinet;Gesamtschulen;Dsseldorf;Stadt Dsseldorf;5;5,0;25995;407;35;10,36
100186;Dsseldorf, RS Borbecker Straáe;Realschulen;Dsseldorf;Stadt Dsseldorf;6;6,0;25819;385;30;12,92
100187;Dsseldorf, Gym Bernburger Straáe;Gymnasien;Dsseldorf;Stadt Dsseldorf;3;3,0;26019;395;34;11,23
100189;Hagen, GG Wehringhausen;Grundschulen;Hagen;Stadt Hagen;9;9,0;26056;404;30;12,25
100191;Moers, GG Annastraáe;Grundschulen;Moers;Kreis Wesel;9;9,0;25299;463;33;13,05
100192;Bielefeld, GG Gellershagen;Grundschulen;Bielefeld;Stadt Bielefeld;4;4,0;26056;404;30;11,19
100193;Bielefeld, GG Sieker;Grundschulen;Bielefeld;Stadt Bielefeld;8;8,0;26056;404;30;11,19
100196;Minden, GG an der Bastau;Grundschulen;Minden;Kreis Minden-Lbbecke;8;8,0;26056;404;30;12,43
100197;Bad Salzuflen, GG Holzhausen;Grundschulen;Bad Salzuflen;Kreis Lippe;2;2,0;24993;348;32;11,29
100198;Menden, GG Bodelschwinghschule;Grundschulen;Menden (Sauerland);Mrkischen Kreis;4;4,0;26056;404;30;12,28
100199;Unna, GG Hertinger Tor;Grundschulen;Unna;Kreis Unna;5;5,0;24163;396;10;12,21
100202;Duisburg, GE Anne-Frank Gesamtschule;Gesamtschulen;Duisburg;Stadt Duisburg;5;5,0;25995;407;35;10,79
100203;Solingen, GE Vogelsang;Gesamtschulen;Solingen;Stadt Solingen;6;6,0;25995;407;35;9,85
100204;Solingen, GG Augustastraáe;Grundschulen;Solingen;Stadt Solingen;8;8,0;26056;404;30;10,8
100205;Kln, Gym Nippes;Gymnasien;Kln;Stadt Kln;5;5,0;26019;395;34;11,23
100206;Kln, Gym Rondorf;Gymnasien;Kln;Stadt Kln;3;3,0;26019;395;34;11,23
100207;Oberhausen, GE an der Knappenstraáe;Gesamtschulen;Oberhausen;Stadt Oberhausen;6;6,0;25995;407;35;10,73
100209;Mnster, GE Mnster - West;Gesamtschulen;Mnster;Stadt Mnster;4;4,0;25995;407;35;10,36
100210;Kln, GE Am Wassermann;Gesamtschulen;Kln;Stadt Kln;5;5,0;25995;407;35;10,36
100211;Kln, GE Weidenpesch;Gesamtschulen;Kln;Stadt Kln;5;5,0;25995;407;35;10,36
100212;Kln, GE Ossendorf;Gesamtschulen;Kln;Stadt Kln;6;6,0;25995;407;35;10,36
100213;Dsseldorf, GG Henri-Dunant-Schule;Grundschulen;Dsseldorf;Stadt Dsseldorf;2;2,0;26056;404;30;12,49
100215;Essen, GG Meistersingerstraáe;Grundschulen;Essen;Stadt Essen;7;7,0;26056;404;30;13,58
100225;Dsseldorf, GG Bingener Weg;Grundschulen;Dsseldorf;Stadt Dsseldorf;5;5,0;26056;404;30;12,49
100237;Dsseldorf, GG Gumbertstr.;Grundschulen;Dsseldorf;Stadt Dsseldorf;8;8,0;26056;404;30;12,49
100250;Dsseldorf, KG St. -Peter;Sonstige;Dsseldorf;Stadt Dsseldorf;6;6,0;26092;361;41;11,85
100262;Dsseldorf, KG St. Michael Schule;Sonstige;Dsseldorf;Stadt Dsseldorf;9;9,0;26092;361;41;11,85
100274;Dsseldorf, KG Franz-Boehm-Schule;Sonstige;Dsseldorf;Stadt Dsseldorf;4;4,0;26092;361;41;11,85
100286;Dsseldorf, KG St. Apollinaris Schule;Sonstige;Dsseldorf;Stadt Dsseldorf;6;6,0;26092;361;41;11,85
100298;Dsseldorf, KG Lohausen;Sonstige;Dsseldorf;Stadt Dsseldorf;4;4,0;26092;361;41;11,85
100304;Dsseldorf, KG Mettmanner Straáe;Sonstige;Dsseldorf;Stadt Dsseldorf;8;8,0;26092;361;41;11,85
100316;Dsseldorf, KG Hhenstr.;Sonstige;Dsseldorf;Stadt Dsseldorf;8;8,0;26092;361;41;11,85
100328;Dsseldorf, GG Gutenberg Schule;Grundschulen;Dsseldorf;Stadt Dsseldorf;3;3,0;26056;404;30;12,49
100330;Dsseldorf, GG Urdenbach;Grundschulen;Dsseldorf;Stadt Dsseldorf;2;2,0;26056;404;30;12,49
100365;Dsseldorf, GG Volker-Rosin-Schule;Grundschulen;Dsseldorf;Stadt Dsseldorf;4;4,0;26056;404;30;12,49
100389;Dsseldorf, GG Deutzer Str.;Grundschulen;Dsseldorf;Stadt Dsseldorf;6;6,0;26056;404;30;12,49
100390;Dsseldorf, GG Am Khnen;Grundschulen;Dsseldorf;Stadt Dsseldorf;9;9,0;26056;404;30;12,49
100420;Dsseldorf, KG Carl Sonnenschein Schule;Sonstige;Dsseldorf;Stadt Dsseldorf;3;3,0;26092;361;41;11,85
100432;Dsseldorf, KG St.Bruno-Schule;Sonstige;Dsseldorf;Stadt Dsseldorf;4;4,0;26092;361;41;11,85
100444;Dsseldorf, KG Paul-Klee-Schule;Sonstige;Dsseldorf;Stadt Dsseldorf;9;9,0;26092;361;41;11,85
100468;Dsseldorf, KG Fuldaer Str.;Sonstige;Dsseldorf;Stadt Dsseldorf;2;2,0;26092;361;41;11,85
100470;Dsseldorf, GG Flurstr.;Grundschulen;Dsseldorf;Stadt Dsseldorf;7;7,0;26056;404;30;12,49
100481;Dsseldorf, KG Florensstraáe;Sonstige;Dsseldorf;Stadt Dsseldorf;1;1,0;26092;361;41;11,85
100493;Dsseldorf, KG Fleher Schule;Sonstige;Dsseldorf;Stadt Dsseldorf;2;2,0;26092;361;41;11,85
100500;Dsseldorf, KG Bonifatiusschule;Sonstige;Dsseldorf;Stadt Dsseldorf;2;2,0;26092;361;41;11,85
100523;Dsseldorf, KG St. Franziskus Schule;Sonstige;Dsseldorf;Stadt Dsseldorf;3;3,0;26092;361;41;11,85
100535;Dsseldorf, KG Essener Str.;Sonstige;Dsseldorf;Stadt Dsseldorf;5;5,0;26092;361;41;11,85
100547;Dsseldorf, KG St. Ccilia Schule;Sonstige;Dsseldorf;Stadt Dsseldorf;3;3,0;26092;361;41;11,85
100560;Dsseldorf, KG Einsiedelstr.;Sonstige;Dsseldorf;Stadt Dsseldorf;4;4,0;26092;361;41;11,85
100572;Dsseldorf, KG Max-Schule;Sonstige;Dsseldorf;Stadt Dsseldorf;4;4,0;26092;361;41;11,85
100584;Dsseldorf, KG St. Elisabeth Schule;Sonstige;Dsseldorf;Stadt Dsseldorf;9;9,0;26092;361;41;11,85
100596;Dsseldorf, KG St. Rochus-Schule;Sonstige;Dsseldorf;Stadt Dsseldorf;2;2,0;26092;361;41;11,85
100602;Dsseldorf, KG Thomas-Schule;Sonstige;Dsseldorf;Stadt Dsseldorf;5;5,0;26092;361;41;11,85
100638;Dsseldorf, GG Montessori-Schule;Grundschulen;Dsseldorf;Stadt Dsseldorf;1;1,0;26056;404;30;12,49
100651;Dsseldorf, GG Adolf-Klarenbach;Grundschulen;Dsseldorf;Stadt Dsseldorf;7;7,0;26056;404;30;12,49
100663;Dsseldorf, GG Beedstr.;Grundschulen;Dsseldorf;Stadt Dsseldorf;8;8,0;26056;404;30;12,49
100675;Dsseldorf, GG Selma-Lagerlf;Grundschulen;Dsseldorf;Stadt Dsseldorf;4;4,0;26056;404;30;12,49
100687;Dsseldorf, EG Friedrich-v.Bodelschwingh;Sonstige;Dsseldorf;Stadt Dsseldorf;1;1,0;26092;361;41;11,85
100699;Dsseldorf, GG Joachim Neander;Grundschulen;Dsseldorf;Stadt Dsseldorf;6;6,0;26056;404;30;12,49
100705;Dsseldorf, EG Brehm Schule;Sonstige;Dsseldorf;Stadt Dsseldorf;1;1,0;26092;361;41;11,85
100717;Dsseldorf, EG Elsa-Brandstrm-Schule;Sonstige;Dsseldorf;Stadt Dsseldorf;2;2,0;26092;361;41;11,85
100730;Dsseldorf, EG Martin-Luther-Schule;Sonstige;Dsseldorf;Stadt Dsseldorf;6;6,0;26092;361;41;11,85
100742;Dsseldorf, GG Matthias-Claudius-Schule;Grundschulen;Dsseldorf;Stadt Dsseldorf;4;4,0;26056;404;30;12,49
100754;Dsseldorf, EG Hanna-Zrndorfer-Schule;Sonstige;Dsseldorf;Stadt Dsseldorf;2;2,0;26092;361;41;11,85
100766;Dsseldorf, GG Beckbusch-Schule;Grundschulen;Dsseldorf;Stadt Dsseldorf;3;3,0;26056;404;30;12,49
100778;Dsseldorf, GG Wickrather Str.;Grundschulen;Dsseldorf;Stadt Dsseldorf;3;3,0;26056;404;30;12,49
100780;Dsseldorf, GG Vennhauser Allee;Grundschulen;Dsseldorf;Stadt Dsseldorf;3;3,0;26056;404;30;12,49
100791;Dsseldorf, GG Sdallee;Grundschulen;Dsseldorf;Stadt Dsseldorf;3;3,0;26056;404;30;12,49
100808;Dsseldorf, GG Sonnenstr.;Grundschulen;Dsseldorf;Stadt Dsseldorf;9;9,0;26056;404;30;12,49
100810;Dsseldorf, GG Konkordiastr.;Grundschulen;Dsseldorf;Stadt Dsseldorf;3;3,0;26056;404;30;12,49
100821;Dsseldorf, GG Don-Bosco-Montessori-Schu;Grundschulen;Dsseldorf;Stadt Dsseldorf;5;5,0;26056;404;30;12,49
100833;Dsseldorf, GG Rolandstr.;Grundschulen;Dsseldorf;Stadt Dsseldorf;4;4,0;26056;404;30;12,49
100845;Dsseldorf, GG Richardstr.;Grundschulen;Dsseldorf;Stadt Dsseldorf;7;7,0;26056;404;30;12,49
100869;Dsseldorf, GG Wrangelstraáe;Grundschulen;Dsseldorf;Stadt Dsseldorf;7;7,0;26056;404;30;12,49
100870;Dsseldorf, GG Neustrelitzer Str.;Grundschulen;Dsseldorf;Stadt Dsseldorf;6;6,0;26056;404;30;12,49
100882;Dsseldorf, GG Schloss Benrath;Grundschulen;Dsseldorf;Stadt Dsseldorf;6;6,0;26056;404;30;12,49
100894;Dsseldorf, GG Max-Halbe-Straáe;Grundschulen;Dsseldorf;Stadt Dsseldorf;8;8,0;26056;404;30;12,49
100900;Dsseldorf, GG Theodor-Heuss-Schule;Grundschulen;Dsseldorf;Stadt Dsseldorf;8;8,0;26056;404;30;12,49
100924;Dsseldorf, GG Astrid-Lindgren-Schule;Grundschulen;Dsseldorf;Stadt Dsseldorf;5;5,0;26056;404;30;12,49
100936;Dsseldorf, GG Lennestr.;Grundschulen;Dsseldorf;Stadt Dsseldorf;6;6,0;26056;404;30;12,49
100950;Dsseldorf, GG Krahnenburgstraáe;Grundschulen;Dsseldorf;Stadt Dsseldorf;8;8,0;26056;404;30;12,49
100961;Dsseldorf, GG Kronprinzenstr.;Grundschulen;Dsseldorf;Stadt Dsseldorf;1;1,0;26056;404;30;12,49
100973;Dsseldorf, GG Regenbogenschule;Grundschulen;Dsseldorf;Stadt Dsseldorf;6;6,0;26056;404;30;12,49
100985;Dsseldorf, GG Sternwartschule;Grundschulen;Dsseldorf;Stadt Dsseldorf;3;3,0;26056;404;30;12,49
101000;Dsseldorf, GG Ferdinand-Heye-Schule;Grundschulen;Dsseldorf;Stadt Dsseldorf;6;6,0;26056;404;30;12,49
101011;Dsseldorf, GG Stoffeler Straáe;Grundschulen;Dsseldorf;Stadt Dsseldorf;8;8,0;26056;404;30;12,49
101023;Dsseldorf, GG (Verb.) Heinrich-Heine;Grundschulen;Dsseldorf;Stadt Dsseldorf;6;6,0;26056;404;30;12,49
101047;Dsseldorf, GG Helmholtzstr.;Grundschulen;Dsseldorf;Stadt Dsseldorf;9;9,0;26056;404;30;12,49
101059;Dsseldorf, GG Adam-Stegerwald-Str.;Grundschulen;Dsseldorf;Stadt Dsseldorf;8;8,0;26056;404;30;12,49
101060;Dsseldorf, GG Willi Fhrmann;Grundschulen;Dsseldorf;Stadt Dsseldorf;5;5,0;26056;404;30;12,49
101072;Duisburg, GG am Rttgersbach;Grundschulen;Duisburg;Stadt Duisburg;4;4,0;26056;404;30;13,3
101084;Duisburg, GG Hans-Christian-Andersen;Grundschulen;Duisburg;Stadt Duisburg;9;9,0;26056;404;30;13,3
101126;Duisburg, KG am Bergmannsplatz;Sonstige;Duisburg;Stadt Duisburg;3;3,0;26092;361;41;11,85
101138;Duisburg, KG Fhrmann;Sonstige;Duisburg;Stadt Duisburg;4;4,0;26092;361;41;11,85
101140;Duisburg, KG Nombericher Str.;Sonstige;Duisburg;Stadt Duisburg;4;4,0;26092;361;41;11,85
101151;Duisburg, GG Friedenstr.;Grundschulen;Duisburg;Stadt Duisburg;9;9,0;26056;404;30;13,3
101163;Duisburg, KG Bhmer Str.;Sonstige;Duisburg;Stadt Duisburg;1;1,0;26092;361;41;11,85
101205;Duisburg, GG Schule im Dichterviertel;Grundschulen;Duisburg;Stadt Duisburg;9;9,0;26056;404;30;13,3
101217;Duisburg, KG Abteischule;Sonstige;Duisburg;Stadt Duisburg;7;7,0;26092;361;41;11,85
101242;Duisburg, KG Goldstr.;Sonstige;Duisburg;Stadt Duisburg;5;5,0;26092;361;41;11,85
101254;Duisburg, KG Henriettenstr.;Sonstige;Duisburg;Stadt Duisburg;9;9,0;26092;361;41;11,85
101266;Duisburg, KG Barbara;Sonstige;Duisburg;Stadt Duisburg;5;5,0;26092;361;41;11,85
101291;Duisburg, KG Grabenstr.;Sonstige;Duisburg;Stadt Duisburg;3;3,0;26092;361;41;11,85
101321;Duisburg, GG Rahm;Grundschulen;Duisburg;Stadt Duisburg;2;2,0;26056;404;30;13,3
101333;Duisburg, GG Tonstr.;Grundschulen;Duisburg;Stadt Duisburg;3;3,0;26056;404;30;13,3
101357;Duisburg, GG Zoppenbrckstr.;Grundschulen;Duisburg;Stadt Duisburg;5;5,0;26056;404;30;13,3
101369;Duisburg, GG Wrangelstr.;Grundschulen;Duisburg;Stadt Duisburg;5;5,0;26056;404;30;13,3
101370;Duisburg, GG Am Mattlerbusch;Grundschulen;Duisburg;Stadt Duisburg;3;3,0;26056;404;30;13,3
101382;Duisburg, GG Schule am Park;Grundschulen;Duisburg;Stadt Duisburg;6;6,0;26056;404;30;13,3
101394;Duisburg, GG Heinr.-Bongers-Str.;Grundschulen;Duisburg;Stadt Duisburg;4;4,0;26056;404;30;13,3
101400;Duisburg, GG Hochfelder Markt;Grundschulen;Duisburg;Stadt Duisburg;9;9,0;26056;404;30;13,3
101412;Duisburg, GG Bruckhausen;Grundschulen;Duisburg;Stadt Duisburg;9;9,0;26056;404;30;13,3
101424;Duisburg, GG Sandstr.;Grundschulen;Duisburg;Stadt Duisburg;9;9,0;26056;404;30;13,3
101436;Duisburg, GG Salzmannschule;Grundschulen;Duisburg;Stadt Duisburg;7;7,0;26056;404;30;13,3
101448;Duisburg, GG Lange Kamp;Gesamtschulen;Duisburg;Stadt Duisburg;9;9,0;25995;407;35;10,79
101473;Duisburg, GG Bhmer Str.;Grundschulen;Duisburg;Stadt Duisburg;3;3,0;26056;404;30;13,3
101485;Duisburg, GG Mozartstr.;Grundschulen;Duisburg;Stadt Duisburg;4;4,0;26056;404;30;13,3
101503;Duisburg, GG Lilienthalstr.;Grundschulen;Duisburg;Stadt Duisburg;6;6,0;26056;404;30;13,3
101515;Duisburg, GG Klosterstr.;Grundschulen;Duisburg;Stadt Duisburg;6;6,0;26056;404;30;13,3
101527;Duisburg, GG Hundertwasser-Schule;Grundschulen;Duisburg;Stadt Duisburg;8;8,0;26056;404;30;13,3
101540;Duisburg, GG Humboldtstr.;Grundschulen;Duisburg;Stadt Duisburg;6;6,0;26056;404;30;13,3
101552;Duisburg, GG Ruhrort;Grundschulen;Duisburg;Stadt Duisburg;7;7,0;26056;404;30;13,3
101564;Duisburg, GG Brckenstr.;Grundschulen;Duisburg;Stadt Duisburg;9;9,0;26056;404;30;13,3
101576;Duisburg, GG Hermann-Grothe-Str.;Grundschulen;Duisburg;Stadt Duisburg;1;1,0;26056;404;30;13,3
101588;Duisburg, GG Beeckerwerth;Grundschulen;Duisburg;Stadt Duisburg;2;2,0;26056;404;30;13,3
101606;Duisburg, GG Hebbelstr.;Grundschulen;Duisburg;Stadt Duisburg;7;7,0;26056;404;30;13,3
101618;Duisburg, GG Habichtstr.;Grundschulen;Duisburg;Stadt Duisburg;5;5,0;26056;404;30;13,3
101620;Duisburg, GG Groáenbaumer Allee;Grundschulen;Duisburg;Stadt Duisburg;2;2,0;26056;404;30;13,3
101631;Duisburg, GG Kunterbunt;Grundschulen;Duisburg;Stadt Duisburg;7;7,0;26056;404;30;13,3
101643;Duisburg, GG Regenbogenschule;Grundschulen;Duisburg;Stadt Duisburg;9;9,0;26056;404;30;13,3
101655;Duisburg, GG Gartenstraáe;Grundschulen;Duisburg;Stadt Duisburg;9;9,0;26056;404;30;13,3
101667;Duisburg, GG Laar;Grundschulen;Duisburg;Stadt Duisburg;8;8,0;26056;404;30;13,3
101679;Duisburg, GG Eschenstr.;Grundschulen;Duisburg;Stadt Duisburg;9;9,0;26056;404;30;13,3
101692;Duisburg, GG Otfried-Preuáler;Grundschulen;Duisburg;Stadt Duisburg;8;8,0;26056;404;30;13,3
101709;Duisburg, GG Breite Str.;Grundschulen;Duisburg;Stadt Duisburg;9;9,0;26056;404;30;13,3
101710;Duisburg, GG Berg;Grundschulen;Duisburg;Stadt Duisburg;5;5,0;26056;404;30;13,3
101722;Duisburg, GG Am See;Grundschulen;Duisburg;Stadt Duisburg;2;2,0;26056;404;30;13,3
101734;Duisburg, GG Wanheim;Grundschulen;Duisburg;Stadt Duisburg;8;8,0;26056;404;30;13,3
101746;Duisburg, GG Albert-Schweitzer-Str.;Grundschulen;Duisburg;Stadt Duisburg;3;3,0;26056;404;30;13,3
101771;Essen, KG Antoniusschule;Sonstige;Essen;Stadt Essen;2;2,0;26092;361;41;11,85
101801;Essen, KG Bischof-von-Ketteler-Schule;Sonstige;Essen;Stadt Essen;4;4,0;26092;361;41;11,85
101813;Essen, KG Christophorusschule;Sonstige;Essen;Stadt Essen;6;6,0;26092;361;41;11,85
101837;Essen, KG Dionysiusschule;Sonstige;Essen;Stadt Essen;6;6,0;26092;361;41;11,85
101850;Essen, KG Laurentiusschule;Sonstige;Essen;Stadt Essen;2;2,0;26092;361;41;11,85
101886;Essen, KG Nikolaus;Sonstige;Essen;Stadt Essen;6;6,0;26092;361;41;11,85
101898;Essen, KG Johann-Michael-Sailer-Schule;Sonstige;Essen;Stadt Essen;3;3,0;26092;361;41;11,85
101904;Essen, GG Bedingrade/ Schnebeck;Grundschulen;Essen;Stadt Essen;2;2,0;26056;404;30;13,58
101916;Essen, GG Astrid Lindgren;Grundschulen;Essen;Stadt Essen;8;8,0;26056;404;30;13,58
101930;Essen, KG Mnsterschule;Sonstige;Essen;Stadt Essen;8;8,0;26092;361;41;11,85
101941;Essen, KG Winfried;Sonstige;Essen;Stadt Essen;5;5,0;26092;361;41;11,85
102003;Essen, KG (Verb.) Eichendorffschule;Sonstige;Essen;Stadt Essen;2;2,0;26092;361;41;11,85
102015;Essen, GG Heinrich-Strunk-Str.;Grundschulen;Essen;Stadt Essen;9;9,0;26056;404;30;13,58
102027;Essen, KG Georg;Sonstige;Essen;Stadt Essen;2;2,0;26092;361;41;11,85
102040;Essen, KG Elisabeth;Sonstige;Essen;Stadt Essen;4;4,0;26092;361;41;11,85
102052;Essen, GG Groáenbruch;Grundschulen;Essen;Stadt Essen;8;8,0;26056;404;30;13,58
102064;Essen, GG Nordviertel;Grundschulen;Essen;Stadt Essen;9;9,0;26056;404;30;13,58
102076;Essen, KG Altfried;Sonstige;Essen;Stadt Essen;4;4,0;26092;361;41;11,85
102088;Essen, KG Zollvereinschule;Sonstige;Essen;Stadt Essen;6;6,0;26092;361;41;11,85
102106;Essen, GG Gerschede;Grundschulen;Essen;Stadt Essen;2;2,0;26056;404;30;13,58
102118;Essen, KG Am Krausen Bumchen;Sonstige;Essen;Stadt Essen;2;2,0;26092;361;41;11,85
102120;Essen, KG Josef/ Horst;Sonstige;Essen;Stadt Essen;3;3,0;26092;361;41;11,85
102143;Essen, KG Josef/ Kupferdreh;Sonstige;Essen;Stadt Essen;1;1,0;26092;361;41;11,85
102155;Essen, GG Bckmannshofschule;Grundschulen;Essen;Stadt Essen;4;4,0;26056;404;30;13,58
102179;Essen, KG Cosmas u. Damian;Sonstige;Essen;Stadt Essen;2;2,0;26092;361;41;11,85
102180;Essen, KG Bardeleben;Sonstige;Essen;Stadt Essen;4;4,0;26092;361;41;11,85
102210;Essen, GG Hinseler Schule;Grundschulen;Essen;Stadt Essen;1;1,0;26056;404;30;13,58
102234;Essen, GG Schlossschule;Grundschulen;Essen;Stadt Essen;5;5,0;26056;404;30;13,58
102246;Essen, GG Schiller;Grundschulen;Essen;Stadt Essen;7;7,0;26056;404;30;13,58
102258;Essen, GG Bergmhlen;Grundschulen;Essen;Stadt Essen;9;9,0;26056;404;30;13,58
102260;Essen, GG an der Rahmstraáe;Grundschulen;Essen;Stadt Essen;7;7,0;26056;404;30;13,58
102271;Essen, GG Meisenburg;Grundschulen;Essen;Stadt Essen;2;2,0;26056;404;30;13,58
102283;Essen, GG Bonifacius;Grundschulen;Essen;Stadt Essen;4;4,0;26056;404;30;13,58
102295;Essen, GG Kantschule;Grundschulen;Essen;Stadt Essen;8;8,0;26056;404;30;13,58
102301;Essen, GG Jacobsallee;Grundschulen;Essen;Stadt Essen;2;2,0;26056;404;30;13,58
102362;Essen, GG Bodelschwinghschule;Grundschulen;Essen;Stadt Essen;9;9,0;26056;404;30;13,58
102386;Essen, GG Stadthafen;Grundschulen;Essen;Stadt Essen;6;6,0;26056;404;30;13,58
102398;Essen, EG Theodor-Heuss;Sonstige;Essen;Stadt Essen;2;2,0;26092;361;41;11,85
102404;Essen, GG Drer;Grundschulen;Essen;Stadt Essen;8;8,0;26056;404;30;13,58
102416;Essen, EG Kthe-Kollwitz-Schule;Sonstige;Essen;Stadt Essen;2;2,0;26092;361;41;11,85
102430;Essen, GG Fischlaker Schule;Grundschulen;Essen;Stadt Essen;2;2,0;26056;404;30;13,58
102453;Essen, GG Peter-Ustinov-Schule;Grundschulen;Essen;Stadt Essen;8;8,0;26056;404;30;13,58
102465;Essen, GG Hlting;Grundschulen;Essen;Stadt Essen;8;8,0;26056;404;30;13,58
102489;Essen, GG an der Waldlehne;Grundschulen;Essen;Stadt Essen;3;3,0;26056;404;30;13,58
102490;Essen, KG Andreasschule;Sonstige;Essen;Stadt Essen;4;4,0;26092;361;41;11,85
102507;Essen, GG Viktoriastr.;Grundschulen;Essen;Stadt Essen;9;9,0;26056;404;30;13,58
102519;Essen, GG Tuttmann;Grundschulen;Essen;Stadt Essen;8;8,0;26056;404;30;13,58
102520;Essen, GG Schwanenbuschstr.;Grundschulen;Essen;Stadt Essen;9;9,0;26056;404;30;13,58
102532;Essen, GG Carl-Funke;Grundschulen;Essen;Stadt Essen;1;1,0;26056;404;30;13,58
102544;Essen, GG Cranach;Grundschulen;Essen;Stadt Essen;8;8,0;26056;404;30;13,58
102556;Essen, GG am Reuenberg;Grundschulen;Essen;Stadt Essen;7;7,0;26056;404;30;13,58
102570;Essen, GG Herder;Grundschulen;Essen;Stadt Essen;4;4,0;26056;404;30;13,58
102600;Essen, GG Ardey;Grundschulen;Essen;Stadt Essen;2;2,0;26056;404;30;13,58
102623;Essen, GG Morungenweg;Grundschulen;Essen;Stadt Essen;5;5,0;26056;404;30;13,58
102635;Essen, GG Maria-Kunigunda;Grundschulen;Essen;Stadt Essen;8;8,0;26056;404;30;13,58
102647;Essen, GG Montessorischule am Lnsberg;Grundschulen;Essen;Stadt Essen;1;1,0;26056;404;30;13,58
102659;Essen, GG Karlschule;Grundschulen;Essen;Stadt Essen;7;7,0;26056;404;30;13,58
102660;Essen, GG Stifts;Grundschulen;Essen;Stadt Essen;2;2,0;26056;404;30;13,58
102672;Essen, GG Neuessener;Grundschulen;Essen;Stadt Essen;8;8,0;26056;404;30;13,58
102696;Essen, GG Leither;Grundschulen;Essen;Stadt Essen;3;3,0;26056;404;30;13,58
102702;Essen, GG Frieden;Grundschulen;Essen;Stadt Essen;6;6,0;26056;404;30;13,58
102714;Essen, GG Ludgerusschule;Grundschulen;Essen;Stadt Essen;2;2,0;26056;404;30;13,58
102726;Essen, GG Heckerschule;Grundschulen;Essen;Stadt Essen;2;2,0;26056;404;30;13,58
102738;Essen, GG Joachimschule;Grundschulen;Essen;Stadt Essen;9;9,0;26056;404;30;13,58
102740;Essen, GG Im Steeler Rott;Grundschulen;Essen;Stadt Essen;5;5,0;26056;404;30;13,58
102751;Essen, GG Httmann;Grundschulen;Essen;Stadt Essen;9;9,0;26056;404;30;13,58
102763;Essen, GG Hvelschule;Grundschulen;Essen;Stadt Essen;9;9,0;26056;404;30;13,58
102775;Essen, GG Adolf-Reichwein-Schule;Grundschulen;Essen;Stadt Essen;4;4,0;26056;404;30;13,58
102787;Essen, GG Heinickestr.;Grundschulen;Essen;Stadt Essen;9;9,0;26056;404;30;13,58
102799;Essen, GG Graf-Spee-Schule;Grundschulen;Essen;Stadt Essen;4;4,0;26056;404;30;13,58
102805;Essen, GG Gervinus;Grundschulen;Essen;Stadt Essen;7;7,0;26056;404;30;13,58
102829;Essen, GG Hinsbeckschule;Grundschulen;Essen;Stadt Essen;2;2,0;26056;404;30;13,58
102830;Essen, GG Berliner Schule;Grundschulen;Essen;Stadt Essen;9;9,0;26056;404;30;13,58
102842;Essen, GG Kraienbruchschule;Grundschulen;Essen;Stadt Essen;4;4,0;26056;404;30;13,58
102866;Essen, GG im Bergmannsfeld;Grundschulen;Essen;Stadt Essen;9;9,0;26056;404;30;13,58
102878;Essen, GG Burgaltendorf;Grundschulen;Essen;Stadt Essen;1;1,0;26056;404;30;13,58
102880;Krefeld, GG Schule an Haus Rath;Grundschulen;Krefeld;Stadt Krefeld;3;3,0;26056;404;30;12,22
102891;Krefeld, KG Edith-Stein-Schule;Sonstige;Krefeld;Stadt Krefeld;2;2,0;26092;361;41;11,85
102908;Krefeld, KG Sollbrggenschule;Sonstige;Krefeld;Stadt Krefeld;2;2,0;26092;361;41;11,85
102921;Krefeld, KG Knigshof;Sonstige;Krefeld;Stadt Krefeld;3;3,0;26092;361;41;11,85
102945;Krefeld, KG Josefschule;Sonstige;Krefeld;Stadt Krefeld;8;8,0;26092;361;41;11,85
102957;Krefeld, GG St. Michael Schule;Grundschulen;Krefeld;Stadt Krefeld;2;2,0;26056;404;30;12,22
102970;Krefeld, GG Schnwasserschule;Grundschulen;Krefeld;Stadt Krefeld;4;4,0;26056;404;30;12,22
102982;Krefeld, GG Johansenschule;Grundschulen;Krefeld;Stadt Krefeld;5;5,0;26056;404;30;12,22
102994;Krefeld, GG Jahnschule;Grundschulen;Krefeld;Stadt Krefeld;5;5,0;26056;404;30;12,22
103020;Krefeld, GG Mosaikschule;Grundschulen;Krefeld;Stadt Krefeld;8;8,0;26056;404;30;12,22
103068;Krefeld, GG am Stadtpark Fischeln;Grundschulen;Krefeld;Stadt Krefeld;6;6,0;26056;404;30;12,22
103070;Krefeld, GG Mariannenschule;Grundschulen;Krefeld;Stadt Krefeld;9;9,0;26056;404;30;12,22
103081;Krefeld, GG Buscher Holzweg;Grundschulen;Krefeld;Stadt Krefeld;1;1,0;26056;404;30;12,22
103100;Krefeld, GG Heinrich;Grundschulen;Krefeld;Stadt Krefeld;3;3,0;26056;404;30;12,22
103111;Krefeld, GG Sd;Grundschulen;Krefeld;Stadt Krefeld;2;2,0;26056;404;30;12,22
103123;Krefeld, GG Paul Gerhardt;Grundschulen;Krefeld;Stadt Krefeld;3;3,0;26056;404;30;12,22
103135;Krefeld, GG Geschwister Scholl;Grundschulen;Krefeld;Stadt Krefeld;3;3,0;26056;404;30;12,22
103147;Krefeld, GG Pestalozzi Schule;Grundschulen;Krefeld;Stadt Krefeld;4;4,0;26056;404;30;12,22
103159;Krefeld, GG Lindenschule;Grundschulen;Krefeld;Stadt Krefeld;6;6,0;26056;404;30;12,22
103160;Krefeld, GG Brder-Grimm-Schule;Grundschulen;Krefeld;Stadt Krefeld;8;8,0;26056;404;30;12,22
103172;Krefeld, GG Grotenburg;Grundschulen;Krefeld;Stadt Krefeld;2;2,0;26056;404;30;12,22
103184;Krefeld, GG Buchenschule;Grundschulen;Krefeld;Stadt Krefeld;8;8,0;26056;404;30;12,22
103196;Krefeld, GG Bismarckschule;Grundschulen;Krefeld;Stadt Krefeld;4;4,0;26056;404;30;12,22
103202;Krefeld, GG Forstwaldschule;Grundschulen;Krefeld;Stadt Krefeld;2;2,0;26056;404;30;12,22
103214;Leverkusen, GG Regenbogen;Grundschulen;Leverkusen;Stadt Leverkusen;9;9,0;26056;404;30;11,12
103226;Leverkusen, GG Kerschensteiner;Grundschulen;Leverkusen;Stadt Leverkusen;6;6,0;26056;404;30;11,12
103240;Leverkusen, GG Astrid-Lindgren;Grundschulen;Leverkusen;Stadt Leverkusen;4;4,0;26056;404;30;11,12
103251;Leverkusen, GG Waldschule;Grundschulen;Leverkusen;Stadt Leverkusen;2;2,0;26056;404;30;11,12
103263;Leverkusen, KG In der Wasserkuhl;Sonstige;Leverkusen;Stadt Leverkusen;2;2,0;26092;361;41;11,85
103287;Leverkusen, KG Mwenschule;Sonstige;Leverkusen;Stadt Leverkusen;6;6,0;26092;361;41;11,85
103299;Leverkusen, KG Thomas-Morus-Schule;Sonstige;Leverkusen;Stadt Leverkusen;5;5,0;26092;361;41;11,85
103305;Leverkusen, KG Burgweg;Sonstige;Leverkusen;Stadt Leverkusen;5;5,0;26092;361;41;11,85
103317;Leverkusen, KG Gezelin;Sonstige;Leverkusen;Stadt Leverkusen;2;2,0;26092;361;41;11,85
103330;Leverkusen, GG Heinrich-Lbke-Str.;Grundschulen;Leverkusen;Stadt Leverkusen;9;9,0;26056;404;30;11,12
103342;Leverkusen, GG Morsbroicher Str.;Grundschulen;Leverkusen;Stadt Leverkusen;3;3,0;26056;404;30;11,12
103354;Leverkusen, GG Dnhoffstr.;Grundschulen;Leverkusen;Stadt Leverkusen;9;9,0;26056;404;30;11,12
103366;Leverkusen, GG Im Steinfeld;Grundschulen;Leverkusen;Stadt Leverkusen;3;3,0;26056;404;30;11,12
103378;Leverkusen, GG Theodor-Fontane;Grundschulen;Leverkusen;Stadt Leverkusen;5;5,0;26056;404;30;11,12
103380;Leverkusen, GG Erich-Klausener-Schule;Grundschulen;Leverkusen;Stadt Leverkusen;9;9,0;26056;404;30;11,12
103410;Mnchengladbach, GG Neuwerk;Grundschulen;Mnchengladbach;Stadt Mnchengladbach;5;5,0;26056;404;30;12,49
103421;Mnchengladbach,KG (Verb.) Brckenschule;Sonstige;Mnchengladbach;Stadt Mnchengladbach;1;1,0;26092;361;41;11,85
103433;Mnchengladbach, KG Zeppelinstraáe;Sonstige;Mnchengladbach;Stadt Mnchengladbach;5;5,0;26092;361;41;11,85
103445;Mnchengladbach, GG Hardt;Grundschulen;Mnchengladbach;Stadt Mnchengladbach;3;3,0;26056;404;30;12,49
103500;Mnchengladbach, KG Ohler;Sonstige;Mnchengladbach;Stadt Mnchengladbach;3;3,0;26092;361;41;11,85
103512;Mnchengladbach, KG Uedding;Sonstige;Mnchengladbach;Stadt Mnchengladbach;6;6,0;26092;361;41;11,85
103524;Mnchengladbach, KG (Verb.) Venn;Sonstige;Mnchengladbach;Stadt Mnchengladbach;2;2,0;26092;361;41;11,85
103536;Mnchengladbach, KG (Verb.) Will-Sommer;Sonstige;Mnchengladbach;Stadt Mnchengladbach;3;3,0;26092;361;41;11,85
103561;Mnchengladbach, GG Anton-Heinen;Grundschulen;Mnchengladbach;Stadt Mnchengladbach;7;7,0;26056;404;30;12,49
103573;Mnchengladbach, GG Carl-Sonnenschein;Grundschulen;Mnchengladbach;Stadt Mnchengladbach;9;9,0;26056;404;30;12,49
103627;Mnchengladbach, KG Untereicken;Sonstige;Mnchengladbach;Stadt Mnchengladbach;7;7,0;26092;361;41;11,85
103639;Mnchengladbach, GG Franz-Wamich;Grundschulen;Mnchengladbach;Stadt Mnchengladbach;9;9,0;26056;404;30;12,49
103652;Mnchengladbach, KG Anna;Sonstige;Mnchengladbach;Stadt Mnchengladbach;2;2,0;26092;361;41;11,85
103676;Mnchengladbach, GG Pesch;Grundschulen;Mnchengladbach;Stadt Mnchengladbach;4;4,0;26056;404;30;12,49
103690;Mnchengladbach, KG (Verb.) Holt;Sonstige;Mnchengladbach;Stadt Mnchengladbach;4;4,0;26092;361;41;11,85
103720;Mnchengladbach, GG Schulstr.;Grundschulen;Mnchengladbach;Stadt Mnchengladbach;8;8,0;26056;404;30;12,49
103731;Mnchengladbach, GG Eicken;Grundschulen;Mnchengladbach;Stadt Mnchengladbach;6;6,0;26056;404;30;12,49
103755;Mnchengladbach, GG (Verb.) Vitusschule;Grundschulen;Mnchengladbach;Stadt Mnchengladbach;5;5,0;26056;404;30;12,49
103780;Mlheim an der Ruhr, GG Am Sunderplatz;Grundschulen;Mlheim a.d.Ruhr;Stadt Mlheim a.d.Ruhr;2;2,0;26056;404;30;12,49
103809;Mlheim an der Ruhr, KG Schildbergschule;Sonstige;Mlheim a.d.Ruhr;Stadt Mlheim a.d.Ruhr;3;3,0;26092;361;41;11,85
103822;Mlheim an der Ruhr, GG Filchnerstraáe;Grundschulen;Mlheim a.d.Ruhr;Stadt Mlheim a.d.Ruhr;2;2,0;26056;404;30;12,49
103834;Mlheim an der Ruhr, GG am Oemberg;Grundschulen;Mlheim a.d.Ruhr;Stadt Mlheim a.d.Ruhr;1;1,0;26056;404;30;12,49
103846;Mlheim an der Ruhr,GG am Dichterviertel;Grundschulen;Mlheim a.d.Ruhr;Stadt Mlheim a.d.Ruhr;7;7,0;26056;404;30;12,49
103858;Mlheim an der Ruhr, GG Barbaraschule;Grundschulen;Mlheim a.d.Ruhr;Stadt Mlheim a.d.Ruhr;2;2,0;26056;404;30;12,49
103860;Mlheim an der Ruhr, GG (Verb) Augusta;Grundschulen;Mlheim a.d.Ruhr;Stadt Mlheim a.d.Ruhr;9;9,0;26056;404;30;12,49
103913;Mlheim an der Ruhr, KG Martin-von-Tours;Sonstige;Mlheim a.d.Ruhr;Stadt Mlheim a.d.Ruhr;8;8,0;26092;361;41;11,85
103925;Mlheim an der Ruhr, KG Katharinenschule;Sonstige;Mlheim a.d.Ruhr;Stadt Mlheim a.d.Ruhr;4;4,0;26092;361;41;11,85
103949;Mlheim an der Ruhr,GG Pestalozzi-Schule;Grundschulen;Mlheim a.d.Ruhr;Stadt Mlheim a.d.Ruhr;8;8,0;26056;404;30;12,49
103950;Mlheim an der Ruhr, GG Zunftmeisterstr.;Grundschulen;Mlheim a.d.Ruhr;Stadt Mlheim a.d.Ruhr;9;9,0;26056;404;30;12,49
103962;Mlheim an der Ruhr, GG Trooststr.;Grundschulen;Mlheim a.d.Ruhr;Stadt Mlheim a.d.Ruhr;5;5,0;26056;404;30;12,49
103974;Mlheim an der Ruhr, GG Steigerweg;Grundschulen;Mlheim a.d.Ruhr;Stadt Mlheim a.d.Ruhr;4;4,0;26056;404;30;12,49
103998;Mlheim an der Ruhr, GG (Verb.) Lierberg;Grundschulen;Mlheim a.d.Ruhr;Stadt Mlheim a.d.Ruhr;4;4,0;26056;404;30;12,49
104000;Mlheim an der Ruhr, GG Saarnberg;Grundschulen;Mlheim a.d.Ruhr;Stadt Mlheim a.d.Ruhr;3;3,0;26056;404;30;12,49
104012;Mlheim an der Ruhr, GG Erich Kstner;Grundschulen;Mlheim a.d.Ruhr;Stadt Mlheim a.d.Ruhr;7;7,0;26056;404;30;12,49
104036;Mlheim an der Ruhr, GG Heinrichstraáe;Grundschulen;Mlheim a.d.Ruhr;Stadt Mlheim a.d.Ruhr;5;5,0;26056;404;30;12,49
104048;Mlheim an der Ruhr, GG Astrid Lindgren;Grundschulen;Mlheim a.d.Ruhr;Stadt Mlheim a.d.Ruhr;8;8,0;26056;404;30;12,49
104073;Mlheim an der Ruhr, GG Klostermarkt;Grundschulen;Mlheim a.d.Ruhr;Stadt Mlheim a.d.Ruhr;3;3,0;26056;404;30;12,49
104085;Mlheim an der Ruhr, GG Hlterschule;Grundschulen;Mlheim a.d.Ruhr;Stadt Mlheim a.d.Ruhr;2;2,0;26056;404;30;12,49
104103;Neuss, GG Albert-Schweitzer-Schule;Grundschulen;Neuss;Rhein-Kreis Neuss;4;4,0;27956;455;43;13,02
104115;Neuss, KG Mnsterschule;Sonstige;Neuss;Rhein-Kreis Neuss;7;7,0;27956;455;43;11,85
104127;Neuss, GG St. Martinus;Grundschulen;Neuss;Rhein-Kreis Neuss;4;4,0;27956;455;43;13,02
104139;Neuss, KG Pestalozzischule;Sonstige;Neuss;Rhein-Kreis Neuss;4;4,0;27956;455;43;11,85
104140;Neuss, GG St. Konrad;Grundschulen;Neuss;Rhein-Kreis Neuss;5;5,0;27956;455;43;13,02
104164;Neuss, EG Adolf Clarenbach Schule;Sonstige;Neuss;Rhein-Kreis Neuss;2;2,0;27956;455;43;11,85
104188;Neuss, GG (Verb.) Die Brcke;Grundschulen;Neuss;Rhein-Kreis Neuss;9;9,0;27956;455;43;13,02
104190;Neuss, GG Friedrich-von-Bodelschwingh;Grundschulen;Neuss;Rhein-Kreis Neuss;5;5,0;27956;455;43;13,02
104206;Neuss, EG Martin-Luther;Sonstige;Neuss;Rhein-Kreis Neuss;4;4,0;27956;455;43;11,85
104220;Neuss, KG Leo;Sonstige;Neuss;Rhein-Kreis Neuss;5;5,0;27956;455;43;11,85
104231;Neuss, GG Kreuzschule;Grundschulen;Neuss;Rhein-Kreis Neuss;8;8,0;27956;455;43;13,02
104243;Neuss, KG Karl-Kreiner;Sonstige;Neuss;Rhein-Kreis Neuss;4;4,0;27956;455;43;11,85
104279;Neuss, KG Grres;Sonstige;Neuss;Rhein-Kreis Neuss;4;4,0;27956;455;43;11,85
104280;Neuss, KG Burgunderschule;Sonstige;Neuss;Rhein-Kreis Neuss;7;7,0;27956;455;43;11,85
104292;Neuss, GG St. Hubertus;Grundschulen;Neuss;Rhein-Kreis Neuss;3;3,0;27956;455;43;13,02
104310;Neuss, KG Dreiknigenschule;Sonstige;Neuss;Rhein-Kreis Neuss;5;5,0;27956;455;43;11,85
104346;Oberhausen, GG Concordia;Grundschulen;Oberhausen;Stadt Oberhausen;9;9,0;26056;404;30;12,54
104358;Oberhausen, GG am Froschenteich;Grundschulen;Oberhausen;Stadt Oberhausen;4;4,0;26056;404;30;12,54
104360;Oberhausen, GG Hartmann;Grundschulen;Oberhausen;Stadt Oberhausen;3;3,0;26056;404;30;12,54
104371;Oberhausen, GG Melanchthon;Grundschulen;Oberhausen;Stadt Oberhausen;4;4,0;26056;404;30;12,54
104401;Oberhausen, GG Bismarckschule;Grundschulen;Oberhausen;Stadt Oberhausen;3;3,0;26056;404;30;12,54
104413;Oberhausen, GG Brder-Grimm;Grundschulen;Oberhausen;Stadt Oberhausen;9;9,0;26056;404;30;12,54
104425;Oberhausen, GG Falkenstein;Grundschulen;Oberhausen;Stadt Oberhausen;8;8,0;26056;404;30;12,54
104437;Oberhausen, GG Knig;Grundschulen;Oberhausen;Stadt Oberhausen;4;4,0;26056;404;30;12,54
104449;Oberhausen, GG Kastell;Grundschulen;Oberhausen;Stadt Oberhausen;4;4,0;26056;404;30;12,54
104462;Oberhausen, GG Robert-Koch-Schule;Grundschulen;Oberhausen;Stadt Oberhausen;5;5,0;26056;404;30;12,54
104528;Oberhausen, GG Hirschkamp;Grundschulen;Oberhausen;Stadt Oberhausen;1;1,0;26056;404;30;12,54
104541;Oberhausen, GG Jacobischule;Grundschulen;Oberhausen;Stadt Oberhausen;4;4,0;26056;404;30;12,54
104565;Oberhausen, GG Rolandschule;Grundschulen;Oberhausen;Stadt Oberhausen;5;5,0;26056;404;30;12,54
104577;Oberhausen, GG Astrid-Lindgren-Schule;Grundschulen;Oberhausen;Stadt Oberhausen;6;6,0;26056;404;30;12,54
104589;Oberhausen, GG Steinbrinkschule;Grundschulen;Oberhausen;Stadt Oberhausen;7;7,0;26056;404;30;12,54
104607;Oberhausen, GG Erich Kstner-Schule;Grundschulen;Oberhausen;Stadt Oberhausen;8;8,0;26056;404;30;12,54
104619;Oberhausen, GG Landwehrschule;Grundschulen;Oberhausen;Stadt Oberhausen;5;5,0;26056;404;30;12,54
104620;Oberhausen, GG Adolf-Feld-Schule;Grundschulen;Oberhausen;Stadt Oberhausen;9;9,0;26056;404;30;12,54
104632;Oberhausen, KG Marienschule;Sonstige;Oberhausen;Stadt Oberhausen;4;4,0;26092;361;41;11,85
104644;Oberhausen, GG Alsfeldschule;Grundschulen;Oberhausen;Stadt Oberhausen;3;3,0;26056;404;30;12,54
104656;Oberhausen, KG Luisen;Sonstige;Oberhausen;Stadt Oberhausen;4;4,0;26092;361;41;11,85
104670;Oberhausen, KG Postwegschule;Sonstige;Oberhausen;Stadt Oberhausen;3;3,0;26092;361;41;11,85
104681;Oberhausen, KG Overbergschule;Sonstige;Oberhausen;Stadt Oberhausen;7;7,0;26092;361;41;11,85
104693;Oberhausen, GG Buschhausen;Grundschulen;Oberhausen;Stadt Oberhausen;4;4,0;26056;404;30;12,54
104700;Oberhausen, KG Ruhrschule;Sonstige;Oberhausen;Stadt Oberhausen;4;4,0;26092;361;41;11,85
104796;Remscheid, GG Mannesmann;Grundschulen;Remscheid;Stadt Remscheid;8;8,0;26056;404;30;12,54
104802;Remscheid, GG (Verb.) Drpfeld;Grundschulen;Remscheid;Stadt Remscheid;6;6,0;26056;404;30;12,54
104814;Remscheid, GG Hasten;Grundschulen;Remscheid;Stadt Remscheid;4;4,0;26056;404;30;12,54
104838;Remscheid, GG Kremenholl;Grundschulen;Remscheid;Stadt Remscheid;8;8,0;26056;404;30;12,54
104840;Remscheid, GG Daniel-Schrmann;Grundschulen;Remscheid;Stadt Remscheid;9;9,0;26056;404;30;12,54
104851;Remscheid, GG am Stadtpark;Grundschulen;Remscheid;Stadt Remscheid;7;7,0;26056;404;30;12,54
104863;Remscheid, GG Freiherr-vom-Stein-Schule;Grundschulen;Remscheid;Stadt Remscheid;4;4,0;26056;404;30;12,54
104875;Remscheid, GG Steinberg;Grundschulen;Remscheid;Stadt Remscheid;8;8,0;26056;404;30;12,54
104887;Remscheid, GG Siepen;Grundschulen;Remscheid;Stadt Remscheid;2;2,0;26056;404;30;12,54
104905;Remscheid, GG Walther-Hartmann-Schule;Grundschulen;Remscheid;Stadt Remscheid;7;7,0;26056;404;30;12,54
104917;Remscheid, GG Eisernstein;Grundschulen;Remscheid;Stadt Remscheid;6;6,0;26056;404;30;12,54
104929;Remscheid, GG Hasenberg;Grundschulen;Remscheid;Stadt Remscheid;6;6,0;26056;404;30;12,54
104930;Remscheid, GG Reinshagen;Grundschulen;Remscheid;Stadt Remscheid;3;3,0;26056;404;30;12,54
104954;Remscheid, GG (Verb.) Adolf-Clarenbach;Grundschulen;Remscheid;Stadt Remscheid;2;2,0;26056;404;30;12,54
104966;Remscheid, KG (Verb.) Franziskus;Sonstige;Remscheid;Stadt Remscheid;3;3,0;26092;361;41;11,85
104991;Remscheid, KG (Verb.) Menninghausen;Sonstige;Remscheid;Stadt Remscheid;4;4,0;26092;361;41;11,85
105004;Mnchengladbach, KG Bell;Sonstige;Mnchengladbach;Stadt Mnchengladbach;3;3,0;26092;361;41;11,85
105041;Mnchengladbach, KG Nordstr.;Sonstige;Mnchengladbach;Stadt Mnchengladbach;6;6,0;26092;361;41;11,85
105065;Mnchengladbach, GG Waisenhausstraáe;Grundschulen;Mnchengladbach;Stadt Mnchengladbach;9;9,0;26056;404;30;12,49
105089;Mnchengladbach, GG Astrid-Lindgren;Grundschulen;Mnchengladbach;Stadt Mnchengladbach;7;7,0;26056;404;30;12,49
105090;Mnchengladbach, GG Mlfort-Dohr;Grundschulen;Mnchengladbach;Stadt Mnchengladbach;8;8,0;26056;404;30;12,49
105107;Mnchengladbach, GG Erich Kstner;Grundschulen;Mnchengladbach;Stadt Mnchengladbach;6;6,0;26056;404;30;12,49
105119;Mnchengladbach, GG Hermann-Gmeiner;Grundschulen;Mnchengladbach;Stadt Mnchengladbach;6;6,0;26056;404;30;12,49
105120;Mnchengladbach, EG Pahlkestr.;Sonstige;Mnchengladbach;Stadt Mnchengladbach;8;8,0;26092;361;41;11,85
105132;Mnchengladbach, GG Heyden;Grundschulen;Mnchengladbach;Stadt Mnchengladbach;8;8,0;26056;404;30;12,49
105144;Mnchengladbach, GG Steinsstraáe;Grundschulen;Mnchengladbach;Stadt Mnchengladbach;7;7,0;26056;404;30;12,49
105156;Mnchengladbach, GG Hockstein;Grundschulen;Mnchengladbach;Stadt Mnchengladbach;4;4,0;26056;404;30;12,49
105170;Mnchengladbach,KG (Verb) Giesenkirchen;Sonstige;Mnchengladbach;Stadt Mnchengladbach;3;3,0;26092;361;41;11,85
105181;Mnchengladbach,GG Schule im Burgbongert;Grundschulen;Mnchengladbach;Stadt Mnchengladbach;6;6,0;26056;404;30;12,49
105193;Mnchengladbach, KG Meerkamp;Sonstige;Mnchengladbach;Stadt Mnchengladbach;2;2,0;26092;361;41;11,85
105211;Solingen, GG am Rosenkamp;Grundschulen;Solingen;Stadt Solingen;4;4,0;26056;404;30;10,8
105223;Solingen, GG Westersburg;Grundschulen;Solingen;Stadt Solingen;6;6,0;26056;404;30;10,8
105235;Solingen, GG Gottlieb-Heinrich-Straáe;Grundschulen;Solingen;Stadt Solingen;4;4,0;26056;404;30;10,8
105247;Solingen, GG Stbchen;Grundschulen;Solingen;Stadt Solingen;3;3,0;26056;404;30;10,8
105259;Solingen, GG Weyer;Grundschulen;Solingen;Stadt Solingen;3;3,0;26056;404;30;10,8
105260;Solingen, GG Gerberstr.;Grundschulen;Solingen;Stadt Solingen;3;3,0;26056;404;30;10,8
105272;Solingen, GG Erholungstr.;Grundschulen;Solingen;Stadt Solingen;4;4,0;26056;404;30;10,8
105284;Solingen, GG Bogenstr.;Grundschulen;Solingen;Stadt Solingen;4;4,0;26056;404;30;10,8
105296;Solingen, GG Sdstraáe;Grundschulen;Solingen;Stadt Solingen;4;4,0;26056;404;30;10,8
105302;Solingen, GG Bckerhof;Grundschulen;Solingen;Stadt Solingen;4;4,0;26056;404;30;10,8
105314;Solingen, GG Aufderhhe;Grundschulen;Solingen;Stadt Solingen;1;1,0;26056;404;30;10,8
105363;Solingen, GG Yorckstr.;Grundschulen;Solingen;Stadt Solingen;5;5,0;26056;404;30;10,8
105375;Solingen, GG Wiener Str.;Grundschulen;Solingen;Stadt Solingen;3;3,0;26056;404;30;10,8
105387;Solingen, GG Bnkenberg-Widdert;Grundschulen;Solingen;Stadt Solingen;3;3,0;26056;404;30;10,8
105399;Solingen, GG Schtzenstraáe;Grundschulen;Solingen;Stadt Solingen;5;5,0;26056;404;30;10,8
105405;Solingen, GG Scheidter Str.;Grundschulen;Solingen;Stadt Solingen;8;8,0;26056;404;30;10,8
105417;Solingen, GG Meigen;Grundschulen;Solingen;Stadt Solingen;3;3,0;26056;404;30;10,8
105429;Solingen, GG Kreuzweg;Grundschulen;Solingen;Stadt Solingen;5;5,0;26056;404;30;10,8
105430;Solingen, GG Klauberg;Grundschulen;Solingen;Stadt Solingen;8;8,0;26056;404;30;10,8
105442;Solingen, GG Katternberger Str.;Grundschulen;Solingen;Stadt Solingen;8;8,0;26056;404;30;10,8
105454;Wuppertal, KG Windthorststr.;Sonstige;Wuppertal;Stadt Wuppertal;6;6,0;26092;361;41;11,85
105466;Wuppertal, KG Wichlinghauser Str.;Sonstige;Wuppertal;Stadt Wuppertal;9;9,0;26092;361;41;11,85
105478;Wuppertal, KG Angelo-Roncalli-Schule;Sonstige;Wuppertal;Stadt Wuppertal;6;6,0;26092;361;41;11,85
105480;Wuppertal, KG Sankt-Michael;Sonstige;Wuppertal;Stadt Wuppertal;4;4,0;26092;361;41;11,85
105510;Wuppertal, KG Am Engelnberg;Sonstige;Wuppertal;Stadt Wuppertal;8;8,0;26092;361;41;11,85
105521;Wuppertal, KG Hombchel;Sonstige;Wuppertal;Stadt Wuppertal;9;9,0;26092;361;41;11,85
105533;Wuppertal, KG Cornelius-Schule;Sonstige;Wuppertal;Stadt Wuppertal;3;3,0;26092;361;41;11,85
105545;Wuppertal, KG Sankt-Antonius-Schule;Sonstige;Wuppertal;Stadt Wuppertal;8;8,0;26092;361;41;11,85
105569;Wuppertal, KG Alarichstr.;Sonstige;Wuppertal;Stadt Wuppertal;8;8,0;26092;361;41;11,85
105582;Wuppertal, EG Dieckerhoffstr.;Sonstige;Wuppertal;Stadt Wuppertal;3;3,0;26092;361;41;11,85
105594;Wuppertal, GG Nathrather Straáe;Grundschulen;Wuppertal;Stadt Wuppertal;5;5,0;26056;404;30;12,15
105600;Wuppertal, GG Sillerstr.;Grundschulen;Wuppertal;Stadt Wuppertal;6;6,0;26056;404;30;12,15
105624;Wuppertal, GG Opphofer Str.;Grundschulen;Wuppertal;Stadt Wuppertal;9;9,0;26056;404;30;12,15
105636;Wuppertal, EG Sophienschule;Sonstige;Wuppertal;Stadt Wuppertal;5;5,0;26092;361;41;11,85
105648;Wuppertal, GG Liegnitzer Str.;Grundschulen;Wuppertal;Stadt Wuppertal;8;8,0;26056;404;30;12,15
105650;Wuppertal, GG Ferdinand-Lassalle-Str.;Grundschulen;Wuppertal;Stadt Wuppertal;5;5,0;26056;404;30;12,15
105661;Wuppertal, GG Gebhardtstr.;Grundschulen;Wuppertal;Stadt Wuppertal;8;8,0;26056;404;30;12,15
105673;Wuppertal, GG Friedhofstr.;Grundschulen;Wuppertal;Stadt Wuppertal;8;8,0;26056;404;30;12,15
105685;Wuppertal, GG Engelbert-Wster-Weg;Grundschulen;Wuppertal;Stadt Wuppertal;3;3,0;26056;404;30;12,15
105697;Wuppertal, GG Eichenstr.;Grundschulen;Wuppertal;Stadt Wuppertal;8;8,0;26056;404;30;12,15
105703;Wuppertal, GG Echoer Str.;Grundschulen;Wuppertal;Stadt Wuppertal;2;2,0;26056;404;30;12,15
105715;Wuppertal, GG Hammesberger Weg;Grundschulen;Wuppertal;Stadt Wuppertal;3;3,0;26056;404;30;12,15
105727;Wuppertal, GG am Nocken;Grundschulen;Wuppertal;Stadt Wuppertal;6;6,0;26056;404;30;12,15
105739;Wuppertal, GG Hottenstein;Grundschulen;Wuppertal;Stadt Wuppertal;4;4,0;26056;404;30;12,15
105740;Wuppertal, GG Thorner Str.;Grundschulen;Wuppertal;Stadt Wuppertal;4;4,0;26056;404;30;12,15
105752;Wuppertal, GG Schtzenstr.;Grundschulen;Wuppertal;Stadt Wuppertal;8;8,0;26056;404;30;12,15
105776;Wuppertal, GG Mercklinghausstr.;Grundschulen;Wuppertal;Stadt Wuppertal;8;8,0;26056;404;30;12,15
105788;Wuppertal, GG Berg-Mark-Straáe;Grundschulen;Wuppertal;Stadt Wuppertal;7;7,0;26056;404;30;12,15
105790;Wuppertal, GG Am Mirker Bach;Grundschulen;Wuppertal;Stadt Wuppertal;8;8,0;26056;404;30;12,15
105820;Wuppertal, GG Europa;Grundschulen;Wuppertal;Stadt Wuppertal;5;5,0;26056;404;30;12,15
105831;Wuppertal, GG Rottsieper Hhe;Grundschulen;Wuppertal;Stadt Wuppertal;1;1,0;26056;404;30;12,15
105855;Wuppertal, GG Reichsgrafenstr.;Grundschulen;Wuppertal;Stadt Wuppertal;7;7,0;26056;404;30;12,15
105867;Wuppertal, GG Am Ntzenberg;Grundschulen;Wuppertal;Stadt Wuppertal;5;5,0;26056;404;30;12,15
105879;Wuppertal, GG Marper Schulweg;Grundschulen;Wuppertal;Stadt Wuppertal;3;3,0;26056;404;30;12,15
105880;Wuppertal, GG Markomannenstr.;Grundschulen;Wuppertal;Stadt Wuppertal;9;9,0;26056;404;30;12,15
105892;Wuppertal, GG Marienstr.;Grundschulen;Wuppertal;Stadt Wuppertal;7;7,0;26056;404;30;12,15
105909;Wuppertal, GG Kruppstr.;Grundschulen;Wuppertal;Stadt Wuppertal;3;3,0;26056;404;30;12,15
105910;Wuppertal, GG Knigshher Weg;Grundschulen;Wuppertal;Stadt Wuppertal;9;9,0;26056;404;30;12,15
105922;Wuppertal, GG (Verb.) Fritz-Harkort;Grundschulen;Wuppertal;Stadt Wuppertal;4;4,0;26056;404;30;12,15
105946;Wuppertal, GG Meyerstrasse;Grundschulen;Wuppertal;Stadt Wuppertal;8;8,0;26056;404;30;12,15
105958;Wuppertal, GG Hesselnberg;Grundschulen;Wuppertal;Stadt Wuppertal;8;8,0;26056;404;30;12,15
105971;Wuppertal, GG Germanenstr.;Grundschulen;Wuppertal;Stadt Wuppertal;8;8,0;26056;404;30;12,15
105983;Wuppertal, GG Peterstraáe;Grundschulen;Wuppertal;Stadt Wuppertal;4;4,0;26056;404;30;12,15
105995;Wuppertal, GG Hermann-Herberts-Schule;Grundschulen;Wuppertal;Stadt Wuppertal;4;4,0;26056;404;30;12,15
106008;Wuppertal, GG Haselrain;Grundschulen;Wuppertal;Stadt Wuppertal;3;3,0;26056;404;30;12,15
106010;Wuppertal, GG Donarstr.;Grundschulen;Wuppertal;Stadt Wuppertal;4;4,0;26056;404;30;12,15
106021;Wuppertal, GG Distelbeck;Grundschulen;Wuppertal;Stadt Wuppertal;8;8,0;26056;404;30;12,15
106033;Wuppertal, GG Uellendahl;Grundschulen;Wuppertal;Stadt Wuppertal;7;7,0;26056;404;30;12,15
106069;Wuppertal, GG Htterbusch;Grundschulen;Wuppertal;Stadt Wuppertal;2;2,0;26056;404;30;12,15
106070;Wuppertal, GG Hainstr.;Grundschulen;Wuppertal;Stadt Wuppertal;3;3,0;26056;404;30;12,15
106082;Dinslaken, GG Am Weyer;Grundschulen;Dinslaken;Kreis Wesel;4;4,0;25299;463;33;11,83
106094;Dinslaken, GG Dorf;Grundschulen;Dinslaken;Kreis Wesel;1;1,0;25299;463;33;11,83
106100;Dinslaken, GG Gartenschule;Grundschulen;Dinslaken;Kreis Wesel;7;7,0;25299;463;33;11,83
106112;Dinslaken, GG Klaraschule;Grundschulen;Dinslaken;Kreis Wesel;5;5,0;25299;463;33;11,83
106124;Dinslaken, GG Lohberg;Grundschulen;Dinslaken;Kreis Wesel;8;8,0;25299;463;33;11,83
106136;Dinslaken, GG Averbruchschule;Grundschulen;Dinslaken;Kreis Wesel;4;4,0;25299;463;33;11,83
106197;Dinslaken, GG Moltkeschule;Grundschulen;Dinslaken;Kreis Wesel;1;1,0;25299;463;33;11,83
106203;Dinslaken, GG Bruchschule;Grundschulen;Dinslaken;Kreis Wesel;3;3,0;25299;463;33;11,83
106215;Dinslaken, GG Hagenschule;Grundschulen;Dinslaken;Kreis Wesel;2;2,0;25299;463;33;11,83
106239;Duisburg, GG Schulstr.;Grundschulen;Duisburg;Stadt Duisburg;7;7,0;26056;404;30;13,3
106252;Duisburg, GG Sternstr.;Grundschulen;Duisburg;Stadt Duisburg;5;5,0;26056;404;30;13,3
106264;Duisburg, GG Vennbruchschule;Grundschulen;Duisburg;Stadt Duisburg;5;5,0;26056;404;30;13,3
106276;Duisburg, GG Unter den Kastanien;Grundschulen;Duisburg;Stadt Duisburg;3;3,0;26056;404;30;13,3
106288;Duisburg, KG Don-Bosco;Sonstige;Duisburg;Stadt Duisburg;6;6,0;26092;361;41;11,85
106318;Duisburg, GG Theiáelmannschule;Grundschulen;Duisburg;Stadt Duisburg;1;1,0;26056;404;30;13,3
106331;Voerde, GG Astrid Lindgren-Schule;Grundschulen;Voerde (Niederrhein);Kreis Wesel;1;1,0;25299;463;33;13,0
106343;Voerde, GG Otto-Willmann-Schule;Grundschulen;Voerde (Niederrhein);Kreis Wesel;2;2,0;25299;463;33;13,0
106355;Voerde, GG Friedrichsfeld;Grundschulen;Voerde (Niederrhein);Kreis Wesel;3;3,0;25299;463;33;13,0
106367;Voerde, GG Regenbogenschule Mllen;Grundschulen;Voerde (Niederrhein);Kreis Wesel;4;4,0;25299;463;33;13,0
106392;Dorsten, GG (Verb.) Wilhelm-Lehmbruck;Grundschulen;Dorsten;Kreis Recklinghausen;1;1,0;23341;616;22;12,66
106409;Hnxe, GG Karl-Vogels-Schule;Grundschulen;Hnxe;Kreis Wesel;1;1,0;25299;463;33;12,49
106410;Hnxe, GG Am Dicken Stein;Grundschulen;Hnxe;Kreis Wesel;1;1,0;25299;463;33;12,49
106434;Haan, KG Don-Bosco;Sonstige;Haan;Kreis Mettmann;2;2,0;28195;487;11;11,85
106446;Haan, GG Mittelhaan;Grundschulen;Haan;Kreis Mettmann;1;1,0;28195;487;11;13,47
106458;Haan, GG Unterhaan;Grundschulen;Haan;Kreis Mettmann;3;3,0;28195;487;11;13,47
106471;Heiligenhaus, GG Regenbogen;Grundschulen;Heiligenhaus;Kreis Mettmann;5;5,0;28195;487;11;12,33
106483;Heiligenhaus, KG St.Suitbertus-Schule;Sonstige;Heiligenhaus;Kreis Mettmann;1;1,0;28195;487;11;11,85
106495;Heiligenhaus, EG Adolf-Clarenbach;Sonstige;Heiligenhaus;Kreis Mettmann;2;2,0;28195;487;11;11,85
106501;Heiligenhaus, GG Gerhard-Tersteegen;Grundschulen;Heiligenhaus;Kreis Mettmann;2;2,0;28195;487;11;12,33
106513;Heiligenhaus, GG Schulstr.;Grundschulen;Heiligenhaus;Kreis Mettmann;7;7,0;28195;487;11;12,33
106525;Hilden, GG Wilhelm-Busch;Grundschulen;Hilden;Kreis Mettmann;4;4,0;28195;487;11;12,53
106550;Hilden, GG Wilhelm-Hls-Schule;Grundschulen;Hilden;Kreis Mettmann;3;3,0;28195;487;11;12,53
106562;Hilden, KG Astrid-Lindgren;Sonstige;Hilden;Kreis Mettmann;2;2,0;28195;487;11;11,85
106574;Hilden, GG Beethovenstraáe;Grundschulen;Hilden;Kreis Mettmann;5;5,0;28195;487;11;12,53
106604;Hilden, GG (Verb.) Schulstraáe;Grundschulen;Hilden;Kreis Mettmann;4;4,0;28195;487;11;12,53
106616;Hilden, GG Am Elbsee;Grundschulen;Hilden;Kreis Mettmann;4;4,0;28195;487;11;12,53
106630;Essen, GG Schmachtenberg;Grundschulen;Essen;Stadt Essen;2;2,0;26056;404;30;13,58
106641;Essen, GG an der Ruhr;Grundschulen;Essen;Stadt Essen;3;3,0;26056;404;30;13,58
106653;Velbert, GG (Verb.) Max & Moritz;Grundschulen;Velbert;Kreis Mettmann;2;2,0;28195;487;11;11,07
106665;Velbert, GG Wilhelm-Ophls-Schule;Grundschulen;Velbert;Kreis Mettmann;3;3,0;28195;487;11;11,07
106677;Velbert, GG Kuhstr.;Grundschulen;Velbert;Kreis Mettmann;3;3,0;28195;487;11;11,07
106690;Mettmann, GG Herrenhauser Str.;Grundschulen;Mettmann;Kreis Mettmann;4;4,0;28195;487;11;11,77
106707;Mettmann, GG Otfried-Preuáler-Schule;Grundschulen;Mettmann;Kreis Mettmann;5;5,0;28195;487;11;11,77
106719;Mettmann, KG Neanderstr.;Sonstige;Mettmann;Kreis Mettmann;3;3,0;28195;487;11;11,85
106720;Mettmann, GG Am Neandertal;Grundschulen;Mettmann;Kreis Mettmann;3;3,0;28195;487;11;11,77
106732;Velbert, EG Neviges;Sonstige;Velbert;Kreis Mettmann;2;2,0;28195;487;11;11,85
106744;Velbert, GG Regenbogenschule;Grundschulen;Velbert;Kreis Mettmann;4;4,0;28195;487;11;11,07
106756;Velbert, GG Tnisheide;Grundschulen;Velbert;Kreis Mettmann;4;4,0;28195;487;11;11,07
106768;Wuppertal, GG Am Dnberg;Grundschulen;Wuppertal;Stadt Wuppertal;1;1,0;26056;404;30;12,15
106770;Velbert, KG Sonnenschule;Sonstige;Velbert;Kreis Mettmann;3;3,0;28195;487;11;11,85
106781;Ratingen, GG Gebrder-Grimm-Schule;Grundschulen;Ratingen;Kreis Mettmann;4;4,0;28195;487;11;10,68
106793;Ratingen, GG Paul-Maar-Schule;Grundschulen;Ratingen;Kreis Mettmann;5;5,0;28195;487;11;10,68
106800;Ratingen, GG Anne-Frank;Grundschulen;Ratingen;Kreis Mettmann;4;4,0;28195;487;11;10,68
106823;Ratingen, KG Minoriten;Sonstige;Ratingen;Kreis Mettmann;4;4,0;28195;487;11;11,85
106847;Ratingen, KG Suitbertus;Sonstige;Ratingen;Kreis Mettmann;4;4,0;28195;487;11;11,85
106859;Ratingen, GG Karl-Arnold-Schule;Grundschulen;Ratingen;Kreis Mettmann;5;5,0;28195;487;11;10,68
106860;Ratingen, GG  Albert-Schweitzer;Grundschulen;Ratingen;Kreis Mettmann;3;3,0;28195;487;11;10,68
106884;Velbert, GG Birth;Grundschulen;Velbert;Kreis Mettmann;5;5,0;28195;487;11;11,07
106902;Velbert, GG Nordstadt;Grundschulen;Velbert;Kreis Mettmann;5;5,0;28195;487;11;11,07
106951;Velbert, GG Gerhart-Hauptmann-Schule;Grundschulen;Velbert;Kreis Mettmann;6;6,0;28195;487;11;11,07
106975;Wuppertal, GG Radenberg;Grundschulen;Wuppertal;Stadt Wuppertal;3;3,0;26056;404;30;12,15
107001;Wlfrath, GG Parkstr.;Grundschulen;Wlfrath;Kreis Mettmann;2;2,0;28195;487;11;12,49
107013;Wlfrath, GG Ellenbeek;Grundschulen;Wlfrath;Kreis Mettmann;6;6,0;28195;487;11;12,49
107025;Wlfrath, GG Lindenstr.;Grundschulen;Wlfrath;Kreis Mettmann;3;3,0;28195;487;11;12,49
107037;Erkrath, GG (Verb.) Falkenstraáe;Grundschulen;Erkrath;Kreis Mettmann;4;4,0;28195;487;11;11,79
107049;Dsseldorf, GG Wichernschule;Grundschulen;Dsseldorf;Stadt Dsseldorf;2;2,0;26056;404;30;12,49
107050;Erkrath, KG Johannes;Sonstige;Erkrath;Kreis Mettmann;3;3,0;28195;487;11;11,85
107062;Dsseldorf, KG Carl-Sonnenschein-Schule;Sonstige;Dsseldorf;Stadt Dsseldorf;3;3,0;26092;361;41;11,85
107086;Dsseldorf, GG Friedrich-von-Spee-Schule;Grundschulen;Dsseldorf;Stadt Dsseldorf;2;2,0;26056;404;30;12,49
107098;Ratingen, GG Matthias-Claudius;Grundschulen;Ratingen;Kreis Mettmann;2;2,0;28195;487;11;10,68
107104;Ratingen, GG Wilhelm-Busch-Schule;Grundschulen;Ratingen;Kreis Mettmann;2;2,0;28195;487;11;10,68
107116;Ratingen, GG Eduard-Dietrich-Schule;Grundschulen;Ratingen;Kreis Mettmann;2;2,0;28195;487;11;10,68
107128;Ratingen, KG Heinrich-Schmitz-Schule;Sonstige;Ratingen;Kreis Mettmann;3;3,0;28195;487;11;11,85
107130;Ratingen, KG Johann-Peter-Melchior;Sonstige;Ratingen;Kreis Mettmann;2;2,0;28195;487;11;11,85
107141;Dsseldorf, KG Franz-Vaahsen-Schule;Sonstige;Dsseldorf;Stadt Dsseldorf;2;2,0;26092;361;41;11,85
107153;Haan, GG Gruiten;Grundschulen;Haan;Kreis Mettmann;2;2,0;28195;487;11;13,47
107177;Erkrath, GG Sandheide;Grundschulen;Erkrath;Kreis Mettmann;5;5,0;28195;487;11;11,79
107189;Erkrath, GG Sechseck;Grundschulen;Erkrath;Kreis Mettmann;3;3,0;28195;487;11;11,79
107190;Erkrath, GG Willbeck;Grundschulen;Erkrath;Kreis Mettmann;6;6,0;28195;487;11;11,79
107207;Erkrath, GG Millrath;Grundschulen;Erkrath;Kreis Mettmann;5;5,0;28195;487;11;11,79
107219;Dsseldorf, GG Knittkuhl;Grundschulen;Dsseldorf;Stadt Dsseldorf;3;3,0;26056;404;30;12,49
107220;Ratingen, GG Christian-Morgenstern;Grundschulen;Ratingen;Kreis Mettmann;2;2,0;28195;487;11;10,68
107232;Mettmann, GG Astrid-Lindgren-Schule;Grundschulen;Mettmann;Kreis Mettmann;3;3,0;28195;487;11;11,77
107244;Geldern, KG St. Michael-Schule;Sonstige;Geldern;Kreis Kleve;3;3,0;23865;317;135;11,85
107256;Geldern, GG Albert-Schweitzer;Grundschulen;Geldern;Kreis Kleve;5;5,0;23865;317;135;11,52
107268;Geldern, KG St. Antonius;Sonstige;Geldern;Kreis Kleve;1;1,0;23865;317;135;11,85
107270;Geldern, GG Kapellen;Grundschulen;Geldern;Kreis Kleve;2;2,0;23865;317;135;11,52
107281;Geldern, KG St.-Luzia-Schule Walbeck;Sonstige;Geldern;Kreis Kleve;2;2,0;23865;317;135;11,85
107293;Geldern, GG St. Martini-Schule;Grundschulen;Geldern;Kreis Kleve;2;2,0;23865;317;135;11,52
107300;Geldern, KG St. Adelheid;Sonstige;Geldern;Kreis Kleve;4;4,0;23865;317;135;11,85
107311;Issum, KG St. Nikolaus-Schule;Sonstige;Issum;Kreis Kleve;1;1,0;23865;317;135;11,85
107323;Issum, GG Brder-Grimm;Grundschulen;Issum;Kreis Kleve;3;3,0;23865;317;135;13,57
107335;Kerken, KG St.Petrus;Sonstige;Kerken;Kreis Kleve;2;2,0;23865;317;135;11,85
107347;Kerken, KG Marienschule;Sonstige;Kerken;Kreis Kleve;2;2,0;23865;317;135;11,85
107359;Kevelaer, KG Overberg / St. Norbert;Sonstige;Kevelaer;Kreis Kleve;2;2,0;23865;317;135;11,85
107360;Kevelaer, KG Wetten;Sonstige;Kevelaer;Kreis Kleve;1;1,0;23865;317;135;11,85
107372;Kevelaer, KG St. Franziskus;Sonstige;Kevelaer;Kreis Kleve;2;2,0;23865;317;135;11,85
107384;Kevelaer, KG St. Hubertus;Sonstige;Kevelaer;Kreis Kleve;4;4,0;23865;317;135;11,85
107396;Kevelaer, KG St. Antonius;Sonstige;Kevelaer;Kreis Kleve;5;5,0;23865;317;135;11,85
107438;Straelen, KG (Verb.) Katharinenschule;Sonstige;Straelen;Kreis Kleve;4;4,0;23865;317;135;11,85
107440;Wachtendonk, KG St.Martin;Sonstige;Wachtendonk;Kreis Kleve;2;2,0;23865;317;135;11,85
107451;Wachtendonk, KG Michael;Sonstige;Wachtendonk;Kreis Kleve;2;2,0;23865;317;135;11,85
107463;Weeze, KG Petrus-Canisius-Schule;Sonstige;Weeze;Kreis Kleve;4;4,0;23865;317;135;11,85
107475;Grevenbroich, GG Erich Kstner-Schule;Grundschulen;Grevenbroich;Rhein-Kreis Neuss;6;6,0;27956;455;43;12,09
107487;Grevenbroich, GG am Welchenberg;Grundschulen;Grevenbroich;Rhein-Kreis Neuss;4;4,0;27956;455;43;12,09
107499;Grevenbroich, KG St. Martin;Sonstige;Grevenbroich;Rhein-Kreis Neuss;6;6,0;27956;455;43;11,85
107505;Grevenbroich, KG Arche Noah;Sonstige;Grevenbroich;Rhein-Kreis Neuss;3;3,0;27956;455;43;11,85
107517;Grevenbroich, KG St. Josef;Sonstige;Grevenbroich;Rhein-Kreis Neuss;6;6,0;27956;455;43;11,85
107542;Grevenbroich, GG Gebrder-Grimm-Schule;Grundschulen;Grevenbroich;Rhein-Kreis Neuss;2;2,0;27956;455;43;12,09
107578;Dormagen, GG St.-Nikolaus-Schule;Grundschulen;Dormagen;Rhein-Kreis Neuss;1;1,0;27956;455;43;10,14
107580;Jchen, GG (Verb.) Lindenschule;Grundschulen;Jchen;Rhein-Kreis Neuss;1;1,0;27956;455;43;12,49
107608;Kaarst, GG (Verb.) Budica;Grundschulen;Kaarst;Rhein-Kreis Neuss;3;3,0;27956;455;43;14,32
107610;Kaarst, GG Astrid-Lindgren;Grundschulen;Kaarst;Rhein-Kreis Neuss;2;2,0;27956;455;43;14,32
107621;Kaarst, GG Vorst;Grundschulen;Kaarst;Rhein-Kreis Neuss;2;2,0;27956;455;43;14,32
107657;Grevenbroich, GG Erftaue;Grundschulen;Grevenbroich;Rhein-Kreis Neuss;5;5,0;27956;455;43;12,09
107670;Jchen, GG (Verb.) Hochneuk.-Otzenrath;Grundschulen;Jchen;Rhein-Kreis Neuss;3;3,0;27956;455;43;12,49
107694;Neuss, KG St.-Stephanus-Schule;Sonstige;Neuss;Rhein-Kreis Neuss;2;2,0;27956;455;43;11,85
107700;Neuss, GG Martinus-Holzheim;Grundschulen;Neuss;Rhein-Kreis Neuss;3;3,0;27956;455;43;13,02
107712;Kaarst, GG Matthias-Claudius;Grundschulen;Kaarst;Rhein-Kreis Neuss;2;2,0;27956;455;43;14,32
107724;Kaarst, KG Alte Heerstr.;Sonstige;Kaarst;Rhein-Kreis Neuss;4;4,0;27956;455;43;11,85
107748;Korschenbroich, GG Gutenberg;Grundschulen;Korschenbroich;Rhein-Kreis Neuss;3;3,0;27956;455;43;14,2
107750;Korschenbroich, GG Maternus;Grundschulen;Korschenbroich;Rhein-Kreis Neuss;2;2,0;27956;455;43;14,2
107761;Grevenbroich, GG Jakobus-Schule;Grundschulen;Grevenbroich;Rhein-Kreis Neuss;1;1,0;27956;455;43;12,09
107773;Neuss, GG Richard-Schirrmann;Grundschulen;Neuss;Rhein-Kreis Neuss;3;3,0;27956;455;43;13,02
107785;Mnchengladbach, GG Wickrath;Grundschulen;Mnchengladbach;Stadt Mnchengladbach;5;5,0;26056;404;30;12,49
107797;Mnchengladbach, GG Beckrath;Grundschulen;Mnchengladbach;Stadt Mnchengladbach;2;2,0;26056;404;30;12,49
107803;Jchen, GG In den Weiden;Grundschulen;Jchen;Rhein-Kreis Neuss;3;3,0;27956;455;43;12,49
107815;Dormagen, GG Erich-Kstner;Grundschulen;Dormagen;Rhein-Kreis Neuss;6;6,0;27956;455;43;10,14
107827;Dormagen, GG (Verb.) Tannenbusch-Schule;Grundschulen;Dormagen;Rhein-Kreis Neuss;2;2,0;27956;455;43;10,14
107839;Dormagen, GG Regenbogen;Grundschulen;Dormagen;Rhein-Kreis Neuss;3;3,0;27956;455;43;10,14
107840;Dormagen, GG Burg Hackenbroich;Grundschulen;Dormagen;Rhein-Kreis Neuss;7;7,0;27956;455;43;10,14
107852;Dormagen, GG Theodor-Angerhausen;Grundschulen;Dormagen;Rhein-Kreis Neuss;4;4,0;27956;455;43;10,14
107864;Dormagen, GG Christoph-Rensing-Schule;Grundschulen;Dormagen;Rhein-Kreis Neuss;7;7,0;27956;455;43;10,14
107888;Grevenbroich, GG Viktoria-Schule;Grundschulen;Grevenbroich;Rhein-Kreis Neuss;3;3,0;27956;455;43;12,09
107890;Meerbusch, GG Martinus Schule;Grundschulen;Meerbusch;Rhein-Kreis Neuss;3;3,0;27956;455;43;12,7
107906;Meerbusch, GG Pastor-Jacobs-Schule;Grundschulen;Meerbusch;Rhein-Kreis Neuss;3;3,0;27956;455;43;12,7
107918;Meerbusch, GG Eichendorff Schule;Grundschulen;Meerbusch;Rhein-Kreis Neuss;3;3,0;27956;455;43;12,7
107931;Meerbusch, GG Nikolaus-Schule;Grundschulen;Meerbusch;Rhein-Kreis Neuss;4;4,0;27956;455;43;12,7
107943;Meerbusch, GG Adam-Riese Schule;Grundschulen;Meerbusch;Rhein-Kreis Neuss;6;6,0;27956;455;43;12,7
107955;Meerbusch, KG St.Mauritius-Schule;Sonstige;Meerbusch;Rhein-Kreis Neuss;2;2,0;27956;455;43;11,85
107967;Meerbusch, GG Brder Grimm-Schule;Grundschulen;Meerbusch;Rhein-Kreis Neuss;5;5,0;27956;455;43;12,7
107979;Rommerskirchen, GG Kastanien;Grundschulen;Rommerskirchen;Rhein-Kreis Neuss;2;2,0;27956;455;43;12,1
107980;Korschenbroich, GG Glehn;Grundschulen;Korschenbroich;Rhein-Kreis Neuss;2;2,0;27956;455;43;14,2
107992;Korschenbroich, GG Liedberg;Grundschulen;Korschenbroich;Rhein-Kreis Neuss;2;2,0;27956;455;43;14,2
108017;Grevenbroich, GG (Verb.) Grev.-Kap./Hemm;Grundschulen;Grevenbroich;Rhein-Kreis Neuss;1;1,0;27956;455;43;12,09
108029;Korschenbroich, GG Herrenshoff;Grundschulen;Korschenbroich;Rhein-Kreis Neuss;2;2,0;27956;455;43;14,2
108030;Korschenbroich, GG (Verb) Andreas-Schule;Grundschulen;Korschenbroich;Rhein-Kreis Neuss;2;2,0;27956;455;43;14,2
108054;Rommerskirchen, GG Frixheim;Grundschulen;Rommerskirchen;Rhein-Kreis Neuss;1;1,0;27956;455;43;12,1
108080;Rommerskirchen, GG Gillbachschule;Grundschulen;Rommerskirchen;Rhein-Kreis Neuss;1;1,0;27956;455;43;12,1
108108;Dormagen, GG Henri-Dunant;Grundschulen;Dormagen;Rhein-Kreis Neuss;4;4,0;27956;455;43;10,14
108110;Dormagen, KG Salvator;Sonstige;Dormagen;Rhein-Kreis Neuss;1;1,0;27956;455;43;11,85
108133;Neuss, GG Geschwister-Scholl-Schule;Grundschulen;Neuss;Rhein-Kreis Neuss;7;7,0;27956;455;43;13,02
108145;Neuss, KG St. Andreas;Sonstige;Neuss;Rhein-Kreis Neuss;2;2,0;27956;455;43;11,85
108157;Neuss, GG St. Peter;Grundschulen;Neuss;Rhein-Kreis Neuss;2;2,0;27956;455;43;13,02
108169;Brggen, KG Bracht;Sonstige;Brggen;Kreis Viersen;3;3,0;26473;300;54;11,85
108170;Brggen, KG Born-Lttelbracht;Sonstige;Brggen;Kreis Viersen;1;1,0;26473;300;54;11,85
108182;Brggen, GG Kreuzherrenschule;Grundschulen;Brggen;Kreis Viersen;2;2,0;26473;300;54;12,49
108224;Kempen, GG St. Hubert;Grundschulen;Kempen;Kreis Viersen;2;2,0;26473;300;54;13,42
108236;Krefeld, KG An der Burg;Sonstige;Krefeld;Stadt Krefeld;1;1,0;26092;361;41;11,85
108248;Krefeld, GG Hls, Astrid-Lindgren-Schule;Grundschulen;Krefeld;Stadt Krefeld;2;2,0;26056;404;30;12,22
108261;Kempen, KG Wiesenstr.;Sonstige;Kempen;Kreis Viersen;2;2,0;26473;300;54;11,85
108273;Kempen, KG Astrid-Lindgren-Schule;Sonstige;Kempen;Kreis Viersen;3;3,0;26473;300;54;11,85
108297;Kempen, GG Tnisberg;Grundschulen;Kempen;Kreis Viersen;2;2,0;26473;300;54;13,42
108327;Nettetal, KG (Verb.) am Knigsbach;Sonstige;Nettetal;Kreis Viersen;3;3,0;26473;300;54;11,85
108339;Nettetal, GG Kaldenkirchen;Grundschulen;Nettetal;Kreis Viersen;4;4,0;26473;300;54;11,84
108340;Nettetal, GG (Verb.) Mosaikschule;Grundschulen;Nettetal;Kreis Viersen;5;5,0;26473;300;54;11,84
108376;Nettetal, KG Hinsbeck;Sonstige;Nettetal;Kreis Viersen;2;2,0;26473;300;54;11,85
108388;Nettetal, KG Lobberich;Sonstige;Nettetal;Kreis Viersen;3;3,0;26473;300;54;11,85
108390;Nettetal, GG Lobberich;Grundschulen;Nettetal;Kreis Viersen;3;3,0;26473;300;54;11,84
108406;Schwalmtal, GG Amern;Grundschulen;Schwalmtal;Kreis Viersen;2;2,0;26473;300;54;14,6
108418;Schwalmtal, GG Waldniel;Grundschulen;Schwalmtal;Kreis Viersen;2;2,0;26473;300;54;14,6
108455;Tnisvorst, KG St. Tnis;Sonstige;Tnisvorst;Kreis Viersen;4;4,0;26473;300;54;11,85
108479;Viersen, KG Martin;Sonstige;Viersen;Kreis Viersen;1;1,0;26473;300;54;11,85
108509;Viersen, KG (Verb.) Paul-Weyers-Schule;Sonstige;Viersen;Kreis Viersen;2;2,0;26473;300;54;11,85
108534;Viersen, KG Zweitorstr.;Sonstige;Viersen;Kreis Viersen;2;2,0;26473;300;54;11,85
108546;Viersen, KG Agnes-van-Brakel-Schule;Sonstige;Viersen;Kreis Viersen;1;1,0;26473;300;54;11,85
108560;Viersen, GG Dlken;Grundschulen;Viersen;Kreis Viersen;3;3,0;26473;300;54;13,3
108571;Viersen, GG Brder-Grimm-Schule;Grundschulen;Viersen;Kreis Viersen;1;1,0;26473;300;54;13,3
108583;Viersen, KG Remigius;Sonstige;Viersen;Kreis Viersen;5;5,0;26473;300;54;11,85
108649;Viersen, GG Albert-Schweitzer-Schule;Grundschulen;Viersen;Kreis Viersen;6;6,0;26473;300;54;13,3
108650;Viersen, GG Krnerschule;Grundschulen;Viersen;Kreis Viersen;6;6,0;26473;300;54;13,3
108662;Willich, GG Im Mhlenfeld;Grundschulen;Willich;Kreis Viersen;4;4,0;26473;300;54;12,93
108674;Willich, KG Kolping;Sonstige;Willich;Kreis Viersen;4;4,0;26473;300;54;11,85
108686;Willich, GG Willicher Heide;Grundschulen;Willich;Kreis Viersen;3;3,0;26473;300;54;12,93
108698;Willich, KG Hubertus;Sonstige;Willich;Kreis Viersen;1;1,0;26473;300;54;11,85
108704;Willich, GG Astrid-Lindgren-Schule;Grundschulen;Willich;Kreis Viersen;2;2,0;26473;300;54;12,93
108716;Willich, KG Gottfried-Kricker-Schule;Sonstige;Willich;Kreis Viersen;1;1,0;26473;300;54;11,85
108728;Willich, GG Albert-Schweitzer-Schule;Grundschulen;Willich;Kreis Viersen;2;2,0;26473;300;54;12,93
108730;Willich, KG Vinhoven;Sonstige;Willich;Kreis Viersen;2;2,0;26473;300;54;11,85
108741;Bedburg-Hau, KG St. Antonius-Schule;Sonstige;Bedburg-Hau;Kreis Kleve;1;1,0;23865;317;135;11,85
108765;Bedburg-Hau, GG (Verb.) St. Markus;Grundschulen;Bedburg-Hau;Kreis Kleve;2;2,0;23865;317;135;12,5
108790;Goch, GG Niers-Kendel-Schule;Grundschulen;Goch;Kreis Kleve;1;1,0;23865;317;135;14,0
108819;Goch, GG Freiherr-von-Motzfeld-Schule;Grundschulen;Goch;Kreis Kleve;2;2,0;23865;317;135;14,0
108820;Goch, KG Liebfrauen;Sonstige;Goch;Kreis Kleve;3;3,0;23865;317;135;11,85
108832;Goch, GG St. Georg;Grundschulen;Goch;Kreis Kleve;3;3,0;23865;317;135;14,0
108844;Kalkar, KG St. Luthard-Schule;Sonstige;Kalkar;Kreis Kleve;2;2,0;23865;317;135;11,85
108856;Kalkar, KG Josef-Lrks;Sonstige;Kalkar;Kreis Kleve;4;4,0;23865;317;135;11,85
108868;Kalkar, KG Heinrich-Eger-Schule;Sonstige;Kalkar;Kreis Kleve;1;1,0;23865;317;135;11,85
108881;Kleve, KG Willibrordschule;Sonstige;Kleve;Kreis Kleve;4;4,0;23865;317;135;11,85
108923;Kleve, GG Karl-Leisner-Schule;Grundschulen;Kleve;Kreis Kleve;7;7,0;23865;317;135;12,35
108959;Kleve, KG Marienschule;Sonstige;Kleve;Kreis Kleve;2;2,0;23865;317;135;11,85
108960;Kleve, KG St. Michael-Schule;Sonstige;Kleve;Kreis Kleve;2;2,0;23865;317;135;11,85
108972;Kleve, KG Johanna-Sebus-Schule;Sonstige;Kleve;Kreis Kleve;1;1,0;23865;317;135;11,85
108996;Kranenburg, KG St. Georg-Schule;Sonstige;Kranenburg;Kreis Kleve;2;2,0;23865;317;135;11,85
109009;Kranenburg, GG Christophorus-Schule;Grundschulen;Kranenburg;Kreis Kleve;6;6,0;23865;317;135;10,62
109010;Uedem, KG Geschwister-Devries;Sonstige;Uedem;Kreis Kleve;2;2,0;23865;317;135;11,85
109046;Duisburg, GG Ottoschule;Grundschulen;Duisburg;Stadt Duisburg;8;8,0;26056;404;30;13,3
109060;Duisburg, GG Kirchstr.;Grundschulen;Duisburg;Stadt Duisburg;9;9,0;26056;404;30;13,3
109083;Duisburg, GG Marienstr.;Grundschulen;Duisburg;Stadt Duisburg;4;4,0;26056;404;30;13,3
109101;Duisburg, GG Am Lutherpark;Grundschulen;Duisburg;Stadt Duisburg;2;2,0;26056;404;30;13,3
109113;Kamp-Lintfort, GG Ebert;Grundschulen;Kamp-Lintfort;Kreis Wesel;7;7,0;25299;463;33;12,52
109125;Kamp-Lintfort, GG (Verb.) Pappelsee;Grundschulen;Kamp-Lintfort;Kreis Wesel;5;5,0;25299;463;33;12,52
109150;Kamp-Lintfort, GG (Verb.) Ernst-Reuter;Grundschulen;Kamp-Lintfort;Kreis Wesel;4;4,0;25299;463;33;12,52
109186;Kamp-Lintfort, GG Am Niersenberg;Grundschulen;Kamp-Lintfort;Kreis Wesel;3;3,0;25299;463;33;12,52
109198;Moers, KG St. Marienschule;Sonstige;Moers;Kreis Wesel;7;7,0;25299;463;33;11,85
109228;Moers, GG Gebrder-Grimm-Schule;Grundschulen;Moers;Kreis Wesel;7;7,0;25299;463;33;13,05
109230;Moers, GG Waldschule;Grundschulen;Moers;Kreis Wesel;1;1,0;25299;463;33;13,05
109253;Moers, GG Astrid-Lindgren;Grundschulen;Moers;Kreis Wesel;4;4,0;25299;463;33;13,05
109265;Moers, GG Eschenburg;Grundschulen;Moers;Kreis Wesel;4;4,0;25299;463;33;13,05
109277;Moers, GG Eichendorff;Grundschulen;Moers;Kreis Wesel;2;2,0;25299;463;33;13,05
109289;Moers, GG Hlsdonk;Grundschulen;Moers;Kreis Wesel;4;4,0;25299;463;33;13,05
109290;Moers, GG Adolf-Reichwein-Schule;Grundschulen;Moers;Kreis Wesel;5;5,0;25299;463;33;13,05
109320;Rheinberg, GG Grundschule am Annaberg;Grundschulen;Rheinberg;Kreis Wesel;6;6,0;25299;463;33;11,43
109332;Rheinberg, KG St. Peter;Sonstige;Rheinberg;Kreis Wesel;3;3,0;25299;463;33;11,85
109344;Rheinberg, GG Am Bienenhaus;Grundschulen;Rheinberg;Kreis Wesel;2;2,0;25299;463;33;11,43
109356;Duisburg, GG Marktstr.;Grundschulen;Duisburg;Stadt Duisburg;5;5,0;26056;404;30;13,3
109368;Duisburg, GG Mevissenstr.;Grundschulen;Duisburg;Stadt Duisburg;3;3,0;26056;404;30;13,3
109370;Duisburg, GG Van-Gogh-Str.;Grundschulen;Duisburg;Stadt Duisburg;1;1,0;26056;404;30;13,3
109400;Duisburg, GG Pestalozzistr.;Grundschulen;Duisburg;Stadt Duisburg;8;8,0;26056;404;30;13,3
109411;Duisburg, GG Am Borgschenhof;Grundschulen;Duisburg;Stadt Duisburg;8;8,0;26056;404;30;13,3
109423;Duisburg, GG Beethovenstr.;Grundschulen;Duisburg;Stadt Duisburg;9;9,0;26056;404;30;13,3
109435;Duisburg, GG Auf dem Berg;Grundschulen;Duisburg;Stadt Duisburg;5;5,0;26056;404;30;13,3
109447;Duisburg, GG Bergheimer Str.;Grundschulen;Duisburg;Stadt Duisburg;5;5,0;26056;404;30;13,3
109459;Duisburg, GG Krefelder Str.;Grundschulen;Duisburg;Stadt Duisburg;9;9,0;26056;404;30;13,3
109472;Xanten, GG (Verb.) Viktor-Schule;Grundschulen;Xanten;Kreis Wesel;3;3,0;25299;463;33;16,11
109502;Xanten, KG Hagelkreuzschule;Sonstige;Xanten;Kreis Wesel;1;1,0;25299;463;33;11,85
109526;Rheinberg, GG Schule am Deich;Grundschulen;Rheinberg;Kreis Wesel;2;2,0;25299;463;33;11,43
109538;Rheinberg, GG (Verb.) am Rheinbogen;Grundschulen;Rheinberg;Kreis Wesel;1;1,0;25299;463;33;11,43
109551;Wesel,GG Polderdorfschule Bder.-Ginder.;Grundschulen;Wesel;Kreis Wesel;1;1,0;25299;463;33;12,7
109575;Moers, GG Dorsterfeld;Grundschulen;Moers;Kreis Wesel;1;1,0;25299;463;33;13,05
109630;Neukirchen-Vluyn, GG Gerhard-Tersteegen;Grundschulen;Neukirchen-Vluyn;Kreis Wesel;4;4,0;25299;463;33;13,53
109642;Neukirchen-Vluyn, GG Pestalozzi;Grundschulen;Neukirchen-Vluyn;Kreis Wesel;2;2,0;25299;463;33;13,53
109654;Moers, GG (Verb.) Lindenschule;Grundschulen;Moers;Kreis Wesel;7;7,0;25299;463;33;13,05
109678;Moers, GG (Verb.) Eick;Grundschulen;Moers;Kreis Wesel;3;3,0;25299;463;33;13,05
109680;Moers, GG Meerbeck;Grundschulen;Moers;Kreis Wesel;6;6,0;25299;463;33;13,05
109733;Duisburg, EG Baerler Waldschule;Sonstige;Duisburg;Stadt Duisburg;1;1,0;26092;361;41;11,85
109745;Duisburg, GG Gerhart-Hauptmann;Grundschulen;Duisburg;Stadt Duisburg;5;5,0;26056;404;30;13,3
109757;Duisburg, GG Marienfeld;Grundschulen;Duisburg;Stadt Duisburg;2;2,0;26056;404;30;13,3
109769;Duisburg, GG Donkschule;Grundschulen;Duisburg;Stadt Duisburg;1;1,0;26056;404;30;13,3
109770;Alpen, GG Zum Wald;Grundschulen;Alpen;Kreis Wesel;1;1,0;25299;463;33;12,5
109782;Alpen, GG (Verb) Wilhelm-Koppers-Schule;Grundschulen;Alpen;Kreis Wesel;1;1,0;25299;463;33;12,5
109824;Sonsbeck, GG Johann-Hinrich-Wichern;Grundschulen;Sonsbeck;Kreis Wesel;2;2,0;25299;463;33;15,67
109848;Rheurdt, GG (Verb.) Martinusschule;Grundschulen;Rheurdt;Kreis Kleve;2;2,0;23865;317;135;14,67
109850;Emmerich am Rhein, GG Rheinschule;Grundschulen;Emmerich am Rhein;Kreis Kleve;9;9,0;23865;317;135;12,0
109861;Emmerich am Rhein, KG Liebfrauenschule;Sonstige;Emmerich am Rhein;Kreis Kleve;5;5,0;23865;317;135;11,85
109873;Emmerich am Rhein, GG Michaelschule;Grundschulen;Emmerich am Rhein;Kreis Kleve;2;2,0;23865;317;135;12,0
109885;Emmerich am Rhein, KG (Verb.) Regenbogen;Sonstige;Emmerich am Rhein;Kreis Kleve;4;4,0;23865;317;135;11,85
109897;Emmerich am Rhein, KG Leegmeerschule;Sonstige;Emmerich am Rhein;Kreis Kleve;6;6,0;23865;317;135;11,85
109915;Isselburg, GG (Verb.) Isselschule;Grundschulen;Isselburg;Kreis Borken;3;3,0;26582;376;53;10,88
109927;Rees, GG Greisstraáe;Grundschulen;Rees;Kreis Kleve;2;2,0;23865;317;135;12,42
109940;Wesel, GG Am Quadenweg;Grundschulen;Wesel;Kreis Wesel;4;4,0;25299;463;33;12,7
109976;Wesel, GG (Verb.) Theodor-Heuss-Schule;Grundschulen;Wesel;Kreis Wesel;1;1,0;25299;463;33;12,7
109988;Wesel, GG Fusternberg;Grundschulen;Wesel;Kreis Wesel;4;4,0;25299;463;33;12,7
110024;Wesel, GG Konrad-Duden;Grundschulen;Wesel;Kreis Wesel;2;2,0;25299;463;33;12,7
110036;Wesel, GG am Buttendick;Grundschulen;Wesel;Kreis Wesel;3;3,0;25299;463;33;12,7
110061;Hamminkeln, GG (Verb.) Mehrhoog;Grundschulen;Hamminkeln;Kreis Wesel;1;1,0;25299;463;33;13,31
110085;Rees, GG (Verb.) Lindenschule;Grundschulen;Rees;Kreis Kleve;1;1,0;23865;317;135;12,42
110115;Rees, KG St. Quirinus;Sonstige;Rees;Kreis Kleve;2;2,0;23865;317;135;11,85
110139;Wesel, GG Blumenkamp;Grundschulen;Wesel;Kreis Wesel;2;2,0;25299;463;33;12,7
110140;Hamminkeln, GG Hamminkeln;Grundschulen;Hamminkeln;Kreis Wesel;1;1,0;25299;463;33;13,31
110164;Hamminkeln, GG Hermann-Landwehr-Schule;Grundschulen;Hamminkeln;Kreis Wesel;1;1,0;25299;463;33;13,31
110176;Hnxe, GG Otto-Pankok-Schule;Grundschulen;Hnxe;Kreis Wesel;1;1,0;25299;463;33;12,49
110188;Schermbeck, GG (Verb.) Schermbeck;Grundschulen;Schermbeck;Kreis Wesel;2;2,0;25299;463;33;14,17
110206;Leverkusen, GG Bergisch Neukirchen;Grundschulen;Leverkusen;Stadt Leverkusen;2;2,0;26056;404;30;11,12
110220;Burscheid, GG Montanusschule;Grundschulen;Burscheid;Rheinisch-Bergischen Kreis;5;5,0;26056;404;30;12,67
110231;Burscheid, EG Ernst-Moritz-Arndt;Sonstige;Burscheid;Rheinisch-Bergischen Kreis;2;2,0;26092;361;41;11,85
110243;Burscheid, GG Dierath;Grundschulen;Burscheid;Rheinisch-Bergischen Kreis;2;2,0;26056;404;30;12,67
110280;Hckeswagen, GG Lwen-Grundschule;Grundschulen;Hckeswagen;Oberbergischen Kreis;2;2,0;26056;404;30;12,49
110309;Langenfeld, GG Friedrich-Frbel-Schule;Grundschulen;Langenfeld (Rhld.);Kreis Mettmann;6;6,0;28195;487;11;12,59
110310;Langenfeld, GG Gtscher Weg;Grundschulen;Langenfeld (Rhld.);Kreis Mettmann;2;2,0;28195;487;11;12,59
110322;Langenfeld, GG Wiescheid;Grundschulen;Langenfeld (Rhld.);Kreis Mettmann;1;1,0;28195;487;11;12,59
110334;Langenfeld, KG Don-Bosco;Sonstige;Langenfeld (Rhld.);Kreis Mettmann;2;2,0;28195;487;11;11,85
110346;Langenfeld, KG Christopherus-Schule;Sonstige;Langenfeld (Rhld.);Kreis Mettmann;1;1,0;28195;487;11;11,85
110358;Langenfeld, GG Am Brckentor;Grundschulen;Langenfeld (Rhld.);Kreis Mettmann;2;2,0;28195;487;11;12,59
110360;Langenfeld, KG Paulus;Sonstige;Langenfeld (Rhld.);Kreis Mettmann;1;1,0;28195;487;11;11,85
110383;Langenfeld, GG (Verb.) Richrath-Mitte;Grundschulen;Langenfeld (Rhld.);Kreis Mettmann;4;4,0;28195;487;11;12,59
110395;Langenfeld, GG Erich Kstner-Schule;Grundschulen;Langenfeld (Rhld.);Kreis Mettmann;3;3,0;28195;487;11;12,59
110401;Langenfeld, GG Peter-Hrtling-Schule;Grundschulen;Langenfeld (Rhld.);Kreis Mettmann;3;3,0;28195;487;11;12,59
110425;Leichlingen, GG Am Bscherhof;Grundschulen;Leichlingen (Rhld.);Rheinisch-Bergischen Kreis;3;3,0;26056;404;30;12,06
110437;Leichlingen, KG Kirchstr.;Sonstige;Leichlingen (Rhld.);Rheinisch-Bergischen Kreis;2;2,0;26092;361;41;11,85
110449;Leichlingen, GG Uferstraáe;Grundschulen;Leichlingen (Rhld.);Rheinisch-Bergischen Kreis;1;1,0;26056;404;30;12,06
110474;Monheim, GG Hermann-Gmeiner-Schule;Grundschulen;Monheim am Rhein;Kreis Mettmann;8;8,0;28195;487;11;10,94
110486;Monheim, KG Lottenschule;Sonstige;Monheim am Rhein;Kreis Mettmann;3;3,0;28195;487;11;11,85
110498;Leverkusen, KG St.-Stephanus;Sonstige;Leverkusen;Stadt Leverkusen;2;2,0;26092;361;41;11,85
110504;Monheim, KG Winrich-von-Kniprode-Schule;Sonstige;Monheim am Rhein;Kreis Mettmann;2;2,0;28195;487;11;11,85
110528;Monheim, GG Astrid-Lindgren-Schule;Grundschulen;Monheim am Rhein;Kreis Mettmann;4;4,0;28195;487;11;10,94
110530;Monheim, GG Armin-Maiwald-Schule;Grundschulen;Monheim am Rhein;Kreis Mettmann;3;3,0;28195;487;11;10,94
110541;Leverkusen, GG Hans-Christian-Andersen;Grundschulen;Leverkusen;Stadt Leverkusen;2;2,0;26056;404;30;11,12
110553;Leverkusen, GG Herderstr.;Grundschulen;Leverkusen;Stadt Leverkusen;7;7,0;26056;404;30;11,12
110577;Leverkusen, GG Opladen;Grundschulen;Leverkusen;Stadt Leverkusen;5;5,0;26056;404;30;11,12
110589;Leverkusen, KG Remigius;Sonstige;Leverkusen;Stadt Leverkusen;5;5,0;26092;361;41;11,85
110590;Leverkusen, GG Im Kirchfeld;Grundschulen;Leverkusen;Stadt Leverkusen;5;5,0;26056;404;30;11,12
110619;Leverkusen, KG Don-Bosco-Schule;Sonstige;Leverkusen;Stadt Leverkusen;5;5,0;26092;361;41;11,85
110620;Radevormwald, KG Lindenbaum;Sonstige;Radevormwald;Oberbergischen Kreis;5;5,0;26092;361;41;11,85
110644;Radevormwald, GG (Verb.) Bergerhof;Grundschulen;Radevormwald;Oberbergischen Kreis;2;2,0;26056;404;30;13,5
110670;Leichlingen, GG Witzhelden;Grundschulen;Leichlingen (Rhld.);Rheinisch-Bergischen Kreis;1;1,0;26056;404;30;12,06
110681;Wermelskirchen,GG (Verb.) Dhnntalschule;Grundschulen;Wermelskirchen;Rheinisch-Bergischen Kreis;1;1,0;26056;404;30;12,71
110700;Wermelskirchen, KG Sankt Michael;Sonstige;Wermelskirchen;Rheinisch-Bergischen Kreis;5;5,0;26092;361;41;11,85
110723;Wermelskirchen, GG Waldschule;Grundschulen;Wermelskirchen;Rheinisch-Bergischen Kreis;2;2,0;26056;404;30;12,71
110735;Wermelskirchen, GG (Verb.) Haiderbach;Grundschulen;Wermelskirchen;Rheinisch-Bergischen Kreis;1;1,0;26056;404;30;12,71
110747;Wermelskirchen, GG Schwanen;Grundschulen;Wermelskirchen;Rheinisch-Bergischen Kreis;5;5,0;26056;404;30;12,71
110759;Bonn, GG Carl-Schurz-Schule;Grundschulen;Bonn;Stadt Bonn;9;9,0;26056;404;30;11,23
110760;Bonn, GG Stifts;Grundschulen;Bonn;Stadt Bonn;4;4,0;26056;404;30;11,23
110784;Bonn, GG Michael;Grundschulen;Bonn;Stadt Bonn;2;2,0;26056;404;30;11,23
110796;Bonn, GG Jahn;Grundschulen;Bonn;Stadt Bonn;8;8,0;26056;404;30;11,23
110802;Bonn, KG (Verb.) Marienschule-Nordschule;Sonstige;Bonn;Stadt Bonn;4;4,0;26092;361;41;11,85
110814;Bonn, GG Mnsterschule;Grundschulen;Bonn;Stadt Bonn;2;2,0;26056;404;30;11,23
110838;Bonn, KG Nikolaus;Sonstige;Bonn;Stadt Bonn;4;4,0;26092;361;41;11,85
110851;Bonn, KG Paulus;Sonstige;Bonn;Stadt Bonn;6;6,0;26092;361;41;11,85
110875;Bonn, GG Erich-Kstner-Schule;Grundschulen;Bonn;Stadt Bonn;3;3,0;26056;404;30;11,23
110887;Bonn, KG Clemens-August;Sonstige;Bonn;Stadt Bonn;3;3,0;26092;361;41;11,85
110905;Bonn, GG Kettelerschule;Grundschulen;Bonn;Stadt Bonn;5;5,0;26056;404;30;11,23
110942;Bonn, KG Bernhardschule;Sonstige;Bonn;Stadt Bonn;6;6,0;26092;361;41;11,85
110966;Bonn, GG Matthias-Claudius;Grundschulen;Bonn;Stadt Bonn;5;5,0;26056;404;30;11,23
110978;Bonn, GG Karl;Grundschulen;Bonn;Stadt Bonn;8;8,0;26056;404;30;11,23
110991;Bonn, EG Elsa-Brndstrm;Sonstige;Bonn;Stadt Bonn;9;9,0;26092;361;41;11,85
111004;Bonn, GG Wald;Grundschulen;Bonn;Stadt Bonn;2;2,0;26056;404;30;11,23
111030;Bonn, KG Laurentius;Sonstige;Bonn;Stadt Bonn;3;3,0;26092;361;41;11,85
111041;Bonn, GG Kreuzberg;Grundschulen;Bonn;Stadt Bonn;3;3,0;26056;404;30;11,23
111053;Bonn, KG Rochus;Sonstige;Bonn;Stadt Bonn;4;4,0;26092;361;41;11,85
111077;Bonn, KG Holzlar;Sonstige;Bonn;Stadt Bonn;2;2,0;26092;361;41;11,85
111089;Bonn, KG Buschdorf;Sonstige;Bonn;Stadt Bonn;4;4,0;26092;361;41;11,85
111090;Bonn, GG Finkenhof;Grundschulen;Bonn;Stadt Bonn;4;4,0;26056;404;30;11,23
111107;Bonn, GG Ludwig-Richter;Grundschulen;Bonn;Stadt Bonn;6;6,0;26056;404;30;11,23
111119;Bonn, GG Arnold-von-Wied-Schule;Grundschulen;Bonn;Stadt Bonn;2;2,0;26056;404;30;11,23
111132;Bonn, GG Heiderhof;Grundschulen;Bonn;Stadt Bonn;5;5,0;26056;404;30;11,23
111144;Bonn, GG Adelheidisschule;Grundschulen;Bonn;Stadt Bonn;2;2,0;26056;404;30;11,23
111168;Bonn, KG Josef;Sonstige;Bonn;Stadt Bonn;3;3,0;26092;361;41;11,85
111170;Bonn, KG Engelsbachschule;Sonstige;Bonn;Stadt Bonn;2;2,0;26092;361;41;11,85
111181;Bonn, GG Paul-Gerhardt-Schule;Grundschulen;Bonn;Stadt Bonn;4;4,0;26056;404;30;11,23
111200;Bonn, GG Gotenschule;Grundschulen;Bonn;Stadt Bonn;8;8,0;26056;404;30;11,23
111211;Bonn, KG Lyngsberg;Sonstige;Bonn;Stadt Bonn;7;7,0;26092;361;41;11,85
111223;Bonn, KG Beethoven;Sonstige;Bonn;Stadt Bonn;3;3,0;26092;361;41;11,85
111235;Bonn, KG Servatius;Sonstige;Bonn;Stadt Bonn;4;4,0;26092;361;41;11,85
111259;Bonn, GG Montessori;Grundschulen;Bonn;Stadt Bonn;2;2,0;26056;404;30;11,23
111260;Bonn, GG Paul-Klee-Schule;Grundschulen;Bonn;Stadt Bonn;5;5,0;26056;404;30;11,23
111272;Bonn, GG Robert-Koch;Grundschulen;Bonn;Stadt Bonn;8;8,0;26056;404;30;11,23
111284;Bonn, EG Bodelschwinghschule;Sonstige;Bonn;Stadt Bonn;5;5,0;26092;361;41;11,85
111296;Bonn, GG Andreasschule;Grundschulen;Bonn;Stadt Bonn;6;6,0;26056;404;30;11,23
111302;Bonn, KG Burg;Sonstige;Bonn;Stadt Bonn;6;6,0;26092;361;41;11,85
111314;Bonn, KG Am Domhof;Sonstige;Bonn;Stadt Bonn;5;5,0;26092;361;41;11,85
111338;Bonn, KG Donatus;Sonstige;Bonn;Stadt Bonn;5;5,0;26092;361;41;11,85
111340;Bonn, GG Ennertschule;Grundschulen;Bonn;Stadt Bonn;3;3,0;26056;404;30;11,23
111363;Bonn, GG Markt;Grundschulen;Bonn;Stadt Bonn;5;5,0;26056;404;30;11,23
111375;Bonn, GG Gottfried-Kinkel-Schule;Grundschulen;Bonn;Stadt Bonn;2;2,0;26056;404;30;11,23
111387;Bonn, KG Schlossbach;Sonstige;Bonn;Stadt Bonn;2;2,0;26092;361;41;11,85
111399;Kln, GG Stenzelbergstr.;Grundschulen;Kln;Stadt Kln;2;2,0;26056;404;30;12,49
111405;Kln, KG Gutnickstr.;Sonstige;Kln;Stadt Kln;5;5,0;26092;361;41;11,85
111417;Kln, GG Michael-Ende;Grundschulen;Kln;Stadt Kln;3;3,0;26056;404;30;12,49
111429;Kln, KG Maternus-Schule;Sonstige;Kln;Stadt Kln;3;3,0;26092;361;41;11,85
111430;Kln, KG Franziskus-Schule;Sonstige;Kln;Stadt Kln;2;2,0;26092;361;41;11,85
111442;Kln, GG Freinet-Schule;Grundschulen;Kln;Stadt Kln;4;4,0;26056;404;30;12,49
111454;Kln, KG Diependahlstr.;Sonstige;Kln;Stadt Kln;2;2,0;26092;361;41;11,85
111466;Kln, KG Erlenweg;Sonstige;Kln;Stadt Kln;5;5,0;26092;361;41;11,85
111478;Kln, KG Everhardstr.;Sonstige;Kln;Stadt Kln;3;3,0;26092;361;41;11,85
111480;Kln, KG Hans-Christian-Andersen;Sonstige;Kln;Stadt Kln;2;2,0;26092;361;41;11,85
111491;Kln, KG Friedlandstr.;Sonstige;Kln;Stadt Kln;5;5,0;26092;361;41;11,85
111510;Kln, KG Fuáfallstr.;Sonstige;Kln;Stadt Kln;5;5,0;26092;361;41;11,85
111521;Kln, KG Otfried-Preuáler;Sonstige;Kln;Stadt Kln;4;4,0;26092;361;41;11,85
111545;Kln, KG Gotenring;Sonstige;Kln;Stadt Kln;5;5,0;26092;361;41;11,85
111557;Kln, KG Lebensbaumweg;Sonstige;Kln;Stadt Kln;3;3,0;26092;361;41;11,85
111569;Kln, KG Heáhofstr.;Sonstige;Kln;Stadt Kln;7;7,0;26092;361;41;11,85
111570;Kln, KG Horststr.;Sonstige;Kln;Stadt Kln;7;7,0;26092;361;41;11,85
111594;Kln, KG Vietorstraáe;Sonstige;Kln;Stadt Kln;7;7,0;26092;361;41;11,85
111624;Kln, KG Vincenz-Statz;Sonstige;Kln;Stadt Kln;6;6,0;26092;361;41;11,85
111636;Kln, KG Lindenburger Allee;Sonstige;Kln;Stadt Kln;2;2,0;26092;361;41;11,85
111648;Kln, GG Stephan-Lochner-Schule;Grundschulen;Kln;Stadt Kln;3;3,0;26056;404;30;12,49
111650;Kln, KG Marienschule;Sonstige;Kln;Stadt Kln;2;2,0;26092;361;41;11,85
111661;Kln, KG Lohrbergstr.;Sonstige;Kln;Stadt Kln;1;1,0;26092;361;41;11,85
111673;Kln, KG Longericher Hauptstraáe;Sonstige;Kln;Stadt Kln;5;5,0;26092;361;41;11,85
111697;Kln, KG Mainzer Str.;Sonstige;Kln;Stadt Kln;2;2,0;26092;361;41;11,85
111703;Kln, KG Mengenicher Str.;Sonstige;Kln;Stadt Kln;6;6,0;26092;361;41;11,85
111715;Kln, GG Nesselrodestr.;Grundschulen;Kln;Stadt Kln;6;6,0;26056;404;30;12,49
111727;Kln, KG Neufelder Str.;Sonstige;Kln;Stadt Kln;5;5,0;26092;361;41;11,85
111739;Kln, KG Olpener Str.;Sonstige;Kln;Stadt Kln;3;3,0;26092;361;41;11,85
111740;Kln, KG Osterather Str.;Sonstige;Kln;Stadt Kln;5;5,0;26092;361;41;11,85
111752;Kln, GG Paul-Klee-Schule;Grundschulen;Kln;Stadt Kln;3;3,0;26056;404;30;12,49
111776;Kln, KG Zehnthofstrasse;Sonstige;Kln;Stadt Kln;6;6,0;26092;361;41;11,85
111788;Kln, KG Dellbrck;Sonstige;Kln;Stadt Kln;3;3,0;26092;361;41;11,85
111790;Kln, GG Langemaá;Grundschulen;Kln;Stadt Kln;9;9,0;26056;404;30;12,49
111806;Kln, KG Trierer Straáe;Sonstige;Kln;Stadt Kln;8;8,0;26092;361;41;11,85
111820;Kln, KG (Verb.) Kardinal-Frings-Schule;Sonstige;Kln;Stadt Kln;1;1,0;26092;361;41;11,85
111831;Kln, GG Volberger Weg;Grundschulen;Kln;Stadt Kln;3;3,0;26056;404;30;12,49
111879;Kln, GG Peter-Lustig-Schule;Grundschulen;Kln;Stadt Kln;4;4,0;26056;404;30;12,49
111880;Kln, KG Zugweg;Sonstige;Kln;Stadt Kln;8;8,0;26092;361;41;11,85
111909;Kln, GG Balthasarstr.;Grundschulen;Kln;Stadt Kln;1;1,0;26056;404;30;12,49
111910;Kln, GG Ernstbergstr.;Grundschulen;Kln;Stadt Kln;7;7,0;26056;404;30;12,49
111922;Kln, GG Bachemer Str.;Grundschulen;Kln;Stadt Kln;2;2,0;26056;404;30;12,49
111934;Kln, KG Berrenrather Straáe;Sonstige;Kln;Stadt Kln;2;2,0;26092;361;41;11,85
111946;Kln, GG Sankt-Nikolaus-Schule;Grundschulen;Kln;Stadt Kln;5;5,0;26056;404;30;12,49
111958;Kln, KG Nikolaus-Groá-Schule;Sonstige;Kln;Stadt Kln;4;4,0;26092;361;41;11,85
111971;Kln, KG St. Martin-Schule;Sonstige;Kln;Stadt Kln;6;6,0;26092;361;41;11,85
111983;Kln, GG Berthold-Otto-Schule;Grundschulen;Kln;Stadt Kln;8;8,0;26056;404;30;12,49
111995;Kln, GG Astrid-Lindgren;Grundschulen;Kln;Stadt Kln;6;6,0;26056;404;30;12,49
112008;Kln, GG Steinbergerstr.;Grundschulen;Kln;Stadt Kln;2;2,0;26056;404;30;12,49
112010;Kln, GG Freiligrathstr.;Grundschulen;Kln;Stadt Kln;1;1,0;26056;404;30;12,49
112021;Kln, GG Erlenweg;Grundschulen;Kln;Stadt Kln;7;7,0;26056;404;30;12,49
112033;Kln, GG Diesterwegstr.;Grundschulen;Kln;Stadt Kln;4;4,0;26056;404;30;12,49
112045;Kln, GG Maria-Sybilla-Merian-Schule;Grundschulen;Kln;Stadt Kln;2;2,0;26056;404;30;12,49
112057;Kln, KG Baadenberger Str.;Sonstige;Kln;Stadt Kln;2;2,0;26092;361;41;11,85
112082;Kln, KG Andreas-Hermes-Str.;Sonstige;Kln;Stadt Kln;7;7,0;26092;361;41;11,85
112094;Kln, KG An den Kaulen;Sonstige;Kln;Stadt Kln;2;2,0;26092;361;41;11,85
112100;Kln, GG Annastraáe;Grundschulen;Kln;Stadt Kln;3;3,0;26056;404;30;12,49
112112;Kln, GG Antwerpener Str.;Grundschulen;Kln;Stadt Kln;3;3,0;26056;404;30;12,49
112124;Kln, GG An St. Theresia;Grundschulen;Kln;Stadt Kln;9;9,0;26056;404;30;12,49
112136;Kln, KG Am Portzenacker;Sonstige;Kln;Stadt Kln;5;5,0;26092;361;41;11,85
112148;Kln, KG Janusz-Korczak;Sonstige;Kln;Stadt Kln;5;5,0;26092;361;41;11,85
112150;Kln, KG Lukas-Schule;Sonstige;Kln;Stadt Kln;7;7,0;26092;361;41;11,85
112173;Kln, KG Sankt-Mauritius;Sonstige;Kln;Stadt Kln;7;7,0;26092;361;41;11,85
112197;Kln, GG Kopernikusstr.;Grundschulen;Kln;Stadt Kln;7;7,0;26056;404;30;12,49
112203;Kln, GG Grneberg-Schule;Grundschulen;Kln;Stadt Kln;9;9,0;26056;404;30;12,49
112239;Kln, GG Alzeyer Str.;Grundschulen;Kln;Stadt Kln;6;6,0;26056;404;30;12,49
112240;Kln, GG Alte WipperfrtherStr.;Grundschulen;Kln;Stadt Kln;7;7,0;26056;404;30;12,49
112252;Kln, GG James-Krss;Grundschulen;Kln;Stadt Kln;9;9,0;26056;404;30;12,49
112264;Kln, GG Gartenstadt;Grundschulen;Kln;Stadt Kln;4;4,0;26056;404;30;12,49
112288;Kln, GG Westerwaldstr.;Grundschulen;Kln;Stadt Kln;8;8,0;26056;404;30;12,49
112290;Kln, GG Halfengasse;Grundschulen;Kln;Stadt Kln;5;5,0;26056;404;30;12,49
112306;Kln, GG Leuchterstr.;Grundschulen;Kln;Stadt Kln;4;4,0;26056;404;30;12,49
112318;Kln, GG Anna-Langohr;Grundschulen;Kln;Stadt Kln;6;6,0;26056;404;30;12,49
112320;Kln, GG Loreleystr.;Grundschulen;Kln;Stadt Kln;1;1,0;26056;404;30;12,49
112331;Kln, GG Lohmarer Straáe;Grundschulen;Kln;Stadt Kln;8;8,0;26056;404;30;12,49
112343;Kln, GG Lindenbornschule;Grundschulen;Kln;Stadt Kln;2;2,0;26056;404;30;12,49
112355;Kln, GG Poller Hauptstraáe;Grundschulen;Kln;Stadt Kln;3;3,0;26056;404;30;12,49
112367;Kln, GG Weimarer Str.;Grundschulen;Kln;Stadt Kln;8;8,0;26056;404;30;12,49
112379;Kln, GG Mathilde-von-Mevissen;Grundschulen;Kln;Stadt Kln;1;1,0;26056;404;30;12,49
112380;Kln, GG Gotenring;Grundschulen;Kln;Stadt Kln;4;4,0;26056;404;30;12,49
112409;Kln, GG Rosenzweigweg;Grundschulen;Kln;Stadt Kln;3;3,0;26056;404;30;12,49
112410;Kln, GG Lustheider Straáe;Grundschulen;Kln;Stadt Kln;7;7,0;26056;404;30;12,49
112422;Kln, GG Braunsfeld;Grundschulen;Kln;Stadt Kln;5;5,0;26056;404;30;12,49
112434;Kln, GG An den Kaulen;Grundschulen;Kln;Stadt Kln;4;4,0;26056;404;30;12,49
112446;Kln, GG Von-Bodelschwingh-Str.;Grundschulen;Kln;Stadt Kln;9;9,0;26056;404;30;12,49
112458;Kln, GG Berrenratherstr.;Grundschulen;Kln;Stadt Kln;2;2,0;26056;404;30;12,49
112460;Kln, GG (Verb.) Kln-Flittard;Grundschulen;Kln;Stadt Kln;4;4,0;26056;404;30;12,49
112471;Kln, GG Nuábaumerstraáe;Grundschulen;Kln;Stadt Kln;2;2,0;26056;404;30;12,49
112483;Kln, GG Regenbogenschule;Grundschulen;Kln;Stadt Kln;2;2,0;26056;404;30;12,49
112495;Kln, GG Mlheimer Freiheit;Grundschulen;Kln;Stadt Kln;6;6,0;26056;404;30;12,49
112501;Kln, GG Garthestraáe;Grundschulen;Kln;Stadt Kln;5;5,0;26056;404;30;12,49
112513;Kln, GG (Verb.) Spoerkelhof;Grundschulen;Kln;Stadt Kln;3;3,0;26056;404;30;12,49
112525;Kln, GG Europaring;Grundschulen;Kln;Stadt Kln;9;9,0;26056;404;30;12,49
112537;Kln, GG Florianschule;Grundschulen;Kln;Stadt Kln;5;5,0;26056;404;30;12,49
112549;Kln, GG Heinzelmnnchen-Schule;Grundschulen;Kln;Stadt Kln;6;6,0;26056;404;30;12,49
112562;Kln, GG (Verb.) Johannesschule;Grundschulen;Kln;Stadt Kln;5;5,0;26056;404;30;12,49
112574;Kln, GG Schule Kunterbunt;Grundschulen;Kln;Stadt Kln;4;4,0;26056;404;30;12,49
112586;Kln, GG Pflzer Str.;Grundschulen;Kln;Stadt Kln;2;2,0;26056;404;30;12,49
112604;Kln, GG Nibelungenstr.;Grundschulen;Kln;Stadt Kln;4;4,0;26056;404;30;12,49
112616;Kln, GG (Verb.) Ricarda-Huch-Straáe;Grundschulen;Kln;Stadt Kln;6;6,0;26056;404;30;12,49
112628;Kerpen, GG Albert-Schweitzer-Schule;Grundschulen;Kerpen;Rhein-Erft-Kreis;5;5,0;25647;475;20;14,02
112630;Frechen, GG Grefrath;Grundschulen;Frechen;Rhein-Erft-Kreis;2;2,0;25647;475;20;13,83
112641;Bedburg, GG Anton-Heinen;Grundschulen;Bedburg;Rhein-Erft-Kreis;4;4,0;25647;475;20;13,86
112653;Bedburg, GG Wilhelm-Busch;Grundschulen;Bedburg;Rhein-Erft-Kreis;3;3,0;25647;475;20;13,86
112677;Bergheim, GG Grundschulv. Bergheim-Mitte;Grundschulen;Bergheim;Rhein-Erft-Kreis;5;5,0;25647;475;20;12,69
112690;Bergheim, KG Carl-Sonnenschein;Sonstige;Bergheim;Rhein-Erft-Kreis;3;3,0;25647;475;20;11,85
112720;Bergheim, GG Rochusschule;Grundschulen;Bergheim;Rhein-Erft-Kreis;1;1,0;25647;475;20;12,69
112732;Bergheim,KG Barbaraschule;Sonstige;Bergheim;Rhein-Erft-Kreis;6;6,0;25647;475;20;11,85
112744;Bergheim, GG Fortunaschule;Grundschulen;Bergheim;Rhein-Erft-Kreis;4;4,0;25647;475;20;12,69
112768;Bergheim, GG am Tierpark;Grundschulen;Bergheim;Rhein-Erft-Kreis;6;6,0;25647;475;20;12,69
112770;Kerpen, GG Buir;Grundschulen;Kerpen;Rhein-Erft-Kreis;2;2,0;25647;475;20;14,02
112793;Elsdorf, KG Jahnstraáe;Sonstige;Elsdorf;Rhein-Erft-Kreis;4;4,0;25647;475;20;11,85
112800;Elsdorf, GG Erich Kstner;Grundschulen;Elsdorf;Rhein-Erft-Kreis;2;2,0;25647;475;20;15,36
112811;Bergheim, GG am Schwarzwasser;Grundschulen;Bergheim;Rhein-Erft-Kreis;5;5,0;25647;475;20;12,69
112823;Elsdorf, GG Berrendorf;Grundschulen;Elsdorf;Rhein-Erft-Kreis;2;2,0;25647;475;20;15,36
112847;Kerpen, GG Clemens;Grundschulen;Kerpen;Rhein-Erft-Kreis;5;5,0;25647;475;20;14,02
112859;Kerpen, GG Ulrichschule;Grundschulen;Kerpen;Rhein-Erft-Kreis;3;3,0;25647;475;20;14,02
112860;Kerpen, KG St. Elisabeth;Sonstige;Kerpen;Rhein-Erft-Kreis;2;2,0;25647;475;20;11,85
112872;Kerpen, EG Klner Str.;Sonstige;Kerpen;Rhein-Erft-Kreis;3;3,0;25647;475;20;11,85
112884;Kerpen, KG Theodor-Heuss;Sonstige;Kerpen;Rhein-Erft-Kreis;4;4,0;25647;475;20;11,85
112896;Kerpen, KG Albertus-Magnus;Sonstige;Kerpen;Rhein-Erft-Kreis;9;9,0;25647;475;20;11,85
112902;Bedburg, KG Martinusschule;Sonstige;Bedburg;Rhein-Erft-Kreis;3;3,0;25647;475;20;11,85
112926;Bedburg, GG Geschwister-Stern;Grundschulen;Bedburg;Rhein-Erft-Kreis;2;2,0;25647;475;20;13,86
112938;Erftstadt, GG Donatus;Grundschulen;Erftstadt;Rhein-Erft-Kreis;4;4,0;25647;475;20;13,33
112951;Erftstadt, GG St. Barbara-Concordia;Grundschulen;Erftstadt;Rhein-Erft-Kreis;2;2,0;25647;475;20;13,33
112963;Erftstadt, GG Erich Kstner;Grundschulen;Erftstadt;Rhein-Erft-Kreis;3;3,0;25647;475;20;13,33
112975;Erftstadt, GG Nord;Grundschulen;Erftstadt;Rhein-Erft-Kreis;2;2,0;25647;475;20;13,33
112987;Erftstadt, GG Janusz-Korczak;Grundschulen;Erftstadt;Rhein-Erft-Kreis;2;2,0;25647;475;20;13,33
112999;Erftstadt, GG Gymnich;Gymnasien;Erftstadt;Rhein-Erft-Kreis;2;2,0;25647;475;20;11,04
113001;Erftstadt, GG Sdschule;Grundschulen;Erftstadt;Rhein-Erft-Kreis;2;2,0;25647;475;20;13,33
113025;Euskirchen, KG(Verb) Stotzheim/Kirchheim;Sonstige;Euskirchen;Kreis Euskirchen;2;2,0;24805;196;18;11,85
113037;Euskirchen, GG Kuchenheim;Grundschulen;Euskirchen;Kreis Euskirchen;2;2,0;24805;196;18;12,47
113050;Euskirchen, GG Groábllesheim;Grundschulen;Euskirchen;Kreis Euskirchen;2;2,0;24805;196;18;12,47
113062;Euskirchen, GG Flamersheim;Grundschulen;Euskirchen;Kreis Euskirchen;1;1,0;24805;196;18;12,47
113074;Euskirchen, GG Veybachschule Wiákirchen;Grundschulen;Euskirchen;Kreis Euskirchen;1;1,0;24805;196;18;12,47
113104;Euskirchen, GG Hermann-Josef-Schule;Grundschulen;Euskirchen;Kreis Euskirchen;6;6,0;24805;196;18;12,47
113116;Euskirchen, KG Franziskusschule;Sonstige;Euskirchen;Kreis Euskirchen;3;3,0;24805;196;18;11,85
113128;Euskirchen, EG Paul-Gerhardt-Schule;Sonstige;Euskirchen;Kreis Euskirchen;4;4,0;24805;196;18;11,85
113130;Bad Mnstereifel, GG Markt;Grundschulen;Bad Mnstereifel;Kreis Euskirchen;3;3,0;24805;196;18;12,49
113141;Bad Mnstereifel, KG (Verb.) Hhengebiet;Sonstige;Bad Mnstereifel;Kreis Euskirchen;2;2,0;24805;196;18;11,85
113153;Bad Mnstereifel, KG Arloff;Sonstige;Bad Mnstereifel;Kreis Euskirchen;1;1,0;24805;196;18;11,85
113177;Weilerswist, GG (Verb.) Erft-Swist;Grundschulen;Weilerswist;Kreis Euskirchen;4;4,0;24805;196;18;12,62
113189;Weilerswist, KG Johann-Hugo-von-Orsbeck;Sonstige;Weilerswist;Kreis Euskirchen;2;2,0;24805;196;18;11,85
113207;Weilerswist, GG Johannes-Vincken;Grundschulen;Weilerswist;Kreis Euskirchen;3;3,0;24805;196;18;12,62
113219;Zlpich, KG Sinzenich;Sonstige;Zlpich;Kreis Euskirchen;2;2,0;24805;196;18;11,85
113220;Zlpich, GG Wichterich;Grundschulen;Zlpich;Kreis Euskirchen;1;1,0;24805;196;18;12,49
113232;Zlpich, KG lpenich;Sonstige;Zlpich;Kreis Euskirchen;2;2,0;24805;196;18;11,85
113244;Zlpich, KG Chlodwig-Schule;Sonstige;Zlpich;Kreis Euskirchen;3;3,0;24805;196;18;11,85
113293;Blankenheim, GG (Verb.) Drfer Weg;Grundschulen;Blankenheim;Kreis Euskirchen;3;3,0;24805;196;18;13,25
113311;Dahlem, KG Schulstr.;Sonstige;Dahlem;Kreis Euskirchen;2;2,0;24805;196;18;11,85
113347;Hellenthal, GG (Verb.) Hellenthal;Grundschulen;Hellenthal;Kreis Euskirchen;2;2,0;24805;196;18;11,0
113372;Kall, GG Auelstr.;Grundschulen;Kall;Kreis Euskirchen;2;2,0;24805;196;18;11,86
113396;Kall, GG Sistig;Grundschulen;Kall;Kreis Euskirchen;1;1,0;24805;196;18;11,86
113426;Mechernich, KG Feytalstr.;Sonstige;Mechernich;Kreis Euskirchen;3;3,0;24805;196;18;11,85
113438;Mechernich, KG Am Bleiberg;Sonstige;Mechernich;Kreis Euskirchen;2;2,0;24805;196;18;11,85
113451;Mechernich, KG Kommern;Sonstige;Mechernich;Kreis Euskirchen;2;2,0;24805;196;18;11,85
113475;Nettersheim, GG (Verb.) Nettersheim;Grundschulen;Nettersheim;Kreis Euskirchen;2;2,0;24805;196;18;13,5
113505;Schleiden, KG Am Mhlenberg;Sonstige;Schleiden;Kreis Euskirchen;3;3,0;24805;196;18;11,85
113517;Schleiden, KG (Verb.) Gemnd;Sonstige;Schleiden;Kreis Euskirchen;2;2,0;24805;196;18;11,85
113529;Brhl, KG St. Franziskus;Sonstige;Brhl;Rhein-Erft-Kreis;4;4,0;25647;475;20;11,85
113554;Brhl, KG Barbara;Sonstige;Brhl;Rhein-Erft-Kreis;3;3,0;25647;475;20;11,85
113566;Brhl, KG Pingsdorf;Sonstige;Brhl;Rhein-Erft-Kreis;3;3,0;25647;475;20;11,85
113578;Brhl, GG Badorf;Grundschulen;Brhl;Rhein-Erft-Kreis;3;3,0;25647;475;20;12,49
113591;Brhl, GG Martin-Luther;Grundschulen;Brhl;Rhein-Erft-Kreis;6;6,0;25647;475;20;12,49
113610;Frechen, KG Edith-Stein-Schule;Sonstige;Frechen;Rhein-Erft-Kreis;4;4,0;25647;475;20;11,85
113621;Frechen, KG Mauritusschule;Sonstige;Frechen;Rhein-Erft-Kreis;2;2,0;25647;475;20;11,85
113633;Frechen, GG Burg;Grundschulen;Frechen;Rhein-Erft-Kreis;7;7,0;25647;475;20;13,83
113645;Frechen, GG Ringschule;Grundschulen;Frechen;Rhein-Erft-Kreis;6;6,0;25647;475;20;13,83
113657;Frechen, GG Lindenschule;Grundschulen;Frechen;Rhein-Erft-Kreis;3;3,0;25647;475;20;13,83
113669;Pulheim, GG Richeza;Grundschulen;Pulheim;Rhein-Erft-Kreis;2;2,0;25647;475;20;13,14
113670;Pulheim, GG Wolfhelm;Grundschulen;Pulheim;Rhein-Erft-Kreis;2;2,0;25647;475;20;13,14
113682;Pulheim, GG Sinthern/Geyen;Grundschulen;Pulheim;Rhein-Erft-Kreis;2;2,0;25647;475;20;13,14
113694;Kln, KG Pater-Delp-Schule;Sonstige;Kln;Stadt Kln;1;1,0;26092;361;41;11,85
113736;Hrth, KG Deutschherren;Sonstige;Hrth;Rhein-Erft-Kreis;6;6,0;25647;475;20;11,85
113748;Hrth, GG Kendenich;Grundschulen;Hrth;Rhein-Erft-Kreis;2;2,0;25647;475;20;12,49
113750;Hrth, KG Martinusschule;Sonstige;Hrth;Rhein-Erft-Kreis;3;3,0;25647;475;20;11,85
113761;Hrth, GG Brder-Grimm;Grundschulen;Hrth;Rhein-Erft-Kreis;3;3,0;25647;475;20;12,49
113773;Hrth, GG Geschwister-Scholl;Grundschulen;Hrth;Rhein-Erft-Kreis;2;2,0;25647;475;20;12,49
113785;Hrth, GG Am Clementinenhof;Grundschulen;Hrth;Rhein-Erft-Kreis;4;4,0;25647;475;20;12,49
113797;Hrth, GG Carl-Orff;Grundschulen;Hrth;Rhein-Erft-Kreis;4;4,0;25647;475;20;12,49
113803;Hrth, KG Wendelinusschule (Berrenrath);Sonstige;Hrth;Rhein-Erft-Kreis;2;2,0;25647;475;20;11,85
113815;Hrth, KG Don Bosco-Schule;Sonstige;Hrth;Rhein-Erft-Kreis;2;2,0;25647;475;20;11,85
113827;Hrth, EG Bodelschwinghschule;Sonstige;Hrth;Rhein-Erft-Kreis;3;3,0;25647;475;20;11,85
113839;Kln, GG Johanniter;Grundschulen;Kln;Stadt Kln;1;1,0;26056;404;30;12,49
113840;Kln, GG Albert-Schweitzer (Weiden);Grundschulen;Kln;Stadt Kln;4;4,0;26056;404;30;12,49
113852;Frechen, GG Johannesschule;Grundschulen;Frechen;Rhein-Erft-Kreis;2;2,0;25647;475;20;13,83
113864;Kln, GG Ildefons-Herwegen-Schule;Grundschulen;Kln;Stadt Kln;2;2,0;26056;404;30;12,49
113888;Kln, GG Albert-Schweitzer (Weiá);Grundschulen;Kln;Stadt Kln;2;2,0;26056;404;30;12,49
113890;Kln, GG Anne-Frank-Schule;Grundschulen;Kln;Stadt Kln;4;4,0;26056;404;30;12,49
113906;Kln, EG EMAnuel-Schule;Sonstige;Kln;Stadt Kln;2;2,0;26092;361;41;11,85
113918;Kln, GG Brder-Grimm;Grundschulen;Kln;Stadt Kln;2;2,0;26056;404;30;12,49
113920;Kln, GG Godorfer Hauptstr.;Grundschulen;Kln;Stadt Kln;5;5,0;26056;404;30;12,49
113943;Kln, GG (Verb.) Schule IM Sden;Grundschulen;Kln;Stadt Kln;9;9,0;26056;404;30;12,49
113955;Kln, KG Grngrtelschule;Sonstige;Kln;Stadt Kln;2;2,0;26092;361;41;11,85
113967;Pulheim, GG Christina-Schule;Grundschulen;Pulheim;Rhein-Erft-Kreis;2;2,0;25647;475;20;13,14
113979;Pulheim, KG Kopfbuche Pulheim;Sonstige;Pulheim;Rhein-Erft-Kreis;3;3,0;25647;475;20;11,85
113980;Wesseling, GG Johannes-Gutenberg-Schule;Grundschulen;Wesseling;Rhein-Erft-Kreis;8;8,0;25647;475;20;13,17
114005;Wesseling, KG Goetheschule;Sonstige;Wesseling;Rhein-Erft-Kreis;7;7,0;25647;475;20;11,85
114017;Wesseling, KG Schillerschule;Sonstige;Wesseling;Rhein-Erft-Kreis;4;4,0;25647;475;20;11,85
114029;Wesseling, KG Brigidaschule;Sonstige;Wesseling;Rhein-Erft-Kreis;4;4,0;25647;475;20;11,85
114030;Wesseling, GG Rheinschule;Grundschulen;Wesseling;Rhein-Erft-Kreis;3;3,0;25647;475;20;13,17
114054;Wesseling, GG Albert-Schweitzer-Schule;Grundschulen;Wesseling;Rhein-Erft-Kreis;7;7,0;25647;475;20;13,17
114066;Pulheim, EG Dietrich-Bonhoeffer-Schule;Sonstige;Pulheim;Rhein-Erft-Kreis;1;1,0;25647;475;20;11,85
114078;Pulheim, KG am Buschweg;Sonstige;Pulheim;Rhein-Erft-Kreis;4;4,0;25647;475;20;11,85
114080;Pulheim, KG Barbara-Schule;Sonstige;Pulheim;Rhein-Erft-Kreis;1;1,0;25647;475;20;11,85
114091;Pulheim, GG Horion;Grundschulen;Pulheim;Rhein-Erft-Kreis;1;1,0;25647;475;20;13,14
114108;Kln, GG Konrad-Adenauer;Grundschulen;Kln;Stadt Kln;2;2,0;26056;404;30;12,49
114110;Kln, GG Erich-Ohser-Schule;Grundschulen;Kln;Stadt Kln;2;2,0;26056;404;30;12,49
114121;Bergneustadt, GG (Verb.) Sonnenschule;Grundschulen;Bergneustadt;Oberbergischen Kreis;6;6,0;26056;404;30;12,42
114145;Bergneustadt, GG Wiedenest;Grundschulen;Bergneustadt;Oberbergischen Kreis;3;3,0;26056;404;30;12,42
114169;Bergneustadt, GG Lhstr.;Grundschulen;Bergneustadt;Oberbergischen Kreis;4;4,0;26056;404;30;12,42
114182;Gummersbach, GG Hlsenbusch;Grundschulen;Gummersbach;Oberbergischen Kreis;1;1,0;26056;404;30;12,94
114194;Gummersbach, GG Astrid-Lindgren;Grundschulen;Gummersbach;Oberbergischen Kreis;5;5,0;26056;404;30;12,94
114212;Gummersbach, GG Becke;Grundschulen;Gummersbach;Oberbergischen Kreis;3;3,0;26056;404;30;12,94
114224;Gummersbach, GG Niederseámar;Grundschulen;Gummersbach;Oberbergischen Kreis;3;3,0;26056;404;30;12,94
114236;Gummersbach, GG Regenbogenschule;Grundschulen;Gummersbach;Oberbergischen Kreis;4;4,0;26056;404;30;12,94
114248;Gummersbach, GG Bernberg;Grundschulen;Gummersbach;Oberbergischen Kreis;7;7,0;26056;404;30;12,94
114250;Gummersbach, GG Steinenbrck;Grundschulen;Gummersbach;Oberbergischen Kreis;7;7,0;26056;404;30;12,94
114261;Gummersbach, GG Windhagen;Grundschulen;Gummersbach;Oberbergischen Kreis;3;3,0;26056;404;30;12,94
114273;Gummersbach, GG Krnerstr.;Grundschulen;Gummersbach;Oberbergischen Kreis;4;4,0;26056;404;30;12,94
114297;Nmbrecht, GG Mateh-Yehuda-Straáe;Grundschulen;Nmbrecht;Oberbergischen Kreis;4;4,0;26056;404;30;12,49
114303;Nmbrecht, GG Grtzenberg;Grundschulen;Nmbrecht;Oberbergischen Kreis;1;1,0;26056;404;30;12,49
114315;Nmbrecht, GG Auf dem Hchsten;Grundschulen;Nmbrecht;Oberbergischen Kreis;1;1,0;26056;404;30;12,49
114327;Nmbrecht, GG Marienberghausen;Grundschulen;Nmbrecht;Oberbergischen Kreis;1;1,0;26056;404;30;12,49
114340;Marienheide, GG Mllenbach;Grundschulen;Marienheide;Oberbergischen Kreis;2;2,0;26056;404;30;15,29
114352;Marienheide, GG Heier;Grundschulen;Marienheide;Oberbergischen Kreis;4;4,0;26056;404;30;15,29
114420;Reichshof, GG Regenbogen;Grundschulen;Reichshof;Oberbergischen Kreis;2;2,0;26056;404;30;11,29
114431;Engelskirchen, GG Schnellenbach;Grundschulen;Engelskirchen;Oberbergischen Kreis;1;1,0;26056;404;30;13,55
114443;Engelskirchen, GG Rnderoth;Grundschulen;Engelskirchen;Oberbergischen Kreis;4;4,0;26056;404;30;13,55
114455;Waldbrl, GG Wiedenhof;Grundschulen;Waldbrl;Oberbergischen Kreis;4;4,0;26056;404;30;12,49
114480;Waldbrl, GG Isengarten;Grundschulen;Waldbrl;Oberbergischen Kreis;5;5,0;26056;404;30;12,49
114510;Wiehl, GG (Verb.) Wiehl/Marienhagen;Grundschulen;Wiehl;Oberbergischen Kreis;2;2,0;26056;404;30;14,06
114522;Wiehl, GG Bielstein;Grundschulen;Wiehl;Oberbergischen Kreis;2;2,0;26056;404;30;14,06
114534;Wiehl, GG Drabenderhhe;Grundschulen;Wiehl;Oberbergischen Kreis;3;3,0;26056;404;30;14,06
114546;Bergisch Gladbach, GG Refrath;Grundschulen;Bergisch Gladbach;Rheinisch-Bergischen Kreis;3;3,0;26056;404;30;11,19
114558;Bergisch Gladbach, GG Moitzfeld;Grundschulen;Bergisch Gladbach;Rheinisch-Bergischen Kreis;3;3,0;26056;404;30;11,19
114560;Bergisch Gladbach, EG Bensberg;Sonstige;Bergisch Gladbach;Rheinisch-Bergischen Kreis;2;2,0;26092;361;41;11,85
114583;Bergisch Gladbach, KG In der Auen;Sonstige;Bergisch Gladbach;Rheinisch-Bergischen Kreis;1;1,0;26092;361;41;11,85
114595;Krten, GG Drscheid;Grundschulen;Krten;Rheinisch-Bergischen Kreis;1;1,0;26056;404;30;12,49
114601;Bergisch Gladbach, KG Frankenforst;Sonstige;Bergisch Gladbach;Rheinisch-Bergischen Kreis;3;3,0;26092;361;41;11,85
114613;Bergisch Gladbach, KG Bensberg;Sonstige;Bergisch Gladbach;Rheinisch-Bergischen Kreis;4;4,0;26092;361;41;11,85
114625;Bergisch Gladbach, GG Herkenrath;Grundschulen;Bergisch Gladbach;Rheinisch-Bergischen Kreis;1;1,0;26056;404;30;11,19
114637;Overath, GG Immekeppel;Grundschulen;Overath;Rheinisch-Bergischen Kreis;2;2,0;26056;404;30;10,43
114649;Bergisch Gladbach, GG An der Steinbreche;Grundschulen;Bergisch Gladbach;Rheinisch-Bergischen Kreis;1;1,0;26056;404;30;11,19
114650;Bergisch Gladbach, GG Heidkamp;Grundschulen;Bergisch Gladbach;Rheinisch-Bergischen Kreis;4;4,0;26056;404;30;11,19
114662;Bergisch Gladbach, GG Hand;Grundschulen;Bergisch Gladbach;Rheinisch-Bergischen Kreis;3;3,0;26056;404;30;11,19
114674;Bergisch Gladbach, GG Gronau;Grundschulen;Bergisch Gladbach;Rheinisch-Bergischen Kreis;7;7,0;26056;404;30;11,19
114704;Bergisch Gladbach, GG An der Strunde;Grundschulen;Bergisch Gladbach;Rheinisch-Bergischen Kreis;5;5,0;26056;404;30;11,19
114716;Bergisch Gladbach, GG Hebborn;Grundschulen;Bergisch Gladbach;Rheinisch-Bergischen Kreis;3;3,0;26056;404;30;11,19
114728;Bergisch Gladbach, GG Katterbach;Grundschulen;Bergisch Gladbach;Rheinisch-Bergischen Kreis;4;4,0;26056;404;30;11,19
114730;Bergisch Gladbach, KG Hand;Sonstige;Bergisch Gladbach;Rheinisch-Bergischen Kreis;5;5,0;26092;361;41;11,85
114753;Bergisch Gladbach, KG Sand;Sonstige;Bergisch Gladbach;Rheinisch-Bergischen Kreis;2;2,0;26092;361;41;11,85
114765;Kln, GG Adolph-Kolping-Straáe;Grundschulen;Kln;Stadt Kln;4;4,0;26056;404;30;12,49
114777;Kln, GG Friedrich-List-Schule;Grundschulen;Kln;Stadt Kln;9;9,0;26056;404;30;12,49
114789;Kln, GG Hauptstr.;Grundschulen;Kln;Stadt Kln;9;9,0;26056;404;30;12,49
114790;Kln, GG Heideschule;Grundschulen;Kln;Stadt Kln;7;7,0;26056;404;30;12,49
114807;Kln, GG Peter Petersen Friedensstr.;Grundschulen;Kln;Stadt Kln;4;4,0;26056;404;30;12,49
114819;Kln, GG Don-Bosco-Schule;Grundschulen;Kln;Stadt Kln;6;6,0;26056;404;30;12,49
114820;Kln, GG Hohe Str.;Grundschulen;Kln;Stadt Kln;5;5,0;26056;404;30;12,49
114832;Kln, GG Unter Birken;Grundschulen;Kln;Stadt Kln;4;4,0;26056;404;30;12,49
114844;Kln, KG Hinter der Kirche;Sonstige;Kln;Stadt Kln;3;3,0;26092;361;41;11,85
114856;Kln, GG Schmittgasse;Grundschulen;Kln;Stadt Kln;3;3,0;26056;404;30;12,49
114868;Kln, KG Kupfergasse;Sonstige;Kln;Stadt Kln;7;7,0;26092;361;41;11,85
114870;Kln, GG Konrad-Adenauer-Str.;Grundschulen;Kln;Stadt Kln;9;9,0;26056;404;30;12,49
114881;Kln, GG Forststraáe;Grundschulen;Kln;Stadt Kln;4;4,0;26056;404;30;12,49
114893;Wipperfrth, KG (Verb.) St. Antonius;Sonstige;Wipperfrth;Oberbergischen Kreis;4;4,0;26092;361;41;11,85
114900;Wipperfrth, GG (Verb.) Nikolausschule;Grundschulen;Wipperfrth;Oberbergischen Kreis;2;2,0;26056;404;30;12,49
114935;Wipperfrth, GG (Verb.) Wipper- Agathabe;Grundschulen;Wipperfrth;Oberbergischen Kreis;3;3,0;26056;404;30;12,49
114960;Lindlar, GG Ost;Grundschulen;Lindlar;Oberbergischen Kreis;3;3,0;26056;404;30;13,46
114972;Lindlar, GG Kapellensng;Grundschulen;Lindlar;Oberbergischen Kreis;1;1,0;26056;404;30;13,46
114984;Lindlar, GG Frielingsdorf;Grundschulen;Lindlar;Oberbergischen Kreis;3;3,0;26056;404;30;13,46
114996;Odenthal, KG (Verb.) Odenthal;Sonstige;Odenthal;Rheinisch-Bergischen Kreis;2;2,0;26092;361;41;11,85
115010;Odenthal, KG Burg Berge;Sonstige;Odenthal;Rheinisch-Bergischen Kreis;2;2,0;26092;361;41;11,85
115022;Odenthal, KG Voiswinkel;Sonstige;Odenthal;Rheinisch-Bergischen Kreis;2;2,0;26092;361;41;11,85
115034;Bergisch Gladbach, GG Concordia;Grundschulen;Bergisch Gladbach;Rheinisch-Bergischen Kreis;2;2,0;26056;404;30;11,19
115046;Odenthal, KG Eikamp;Sonstige;Odenthal;Rheinisch-Bergischen Kreis;1;1,0;26092;361;41;11,85
115058;Overath, GG Heiligenhaus;Grundschulen;Overath;Rheinisch-Bergischen Kreis;3;3,0;26056;404;30;10,43
115060;Overath, GG Burgholzweg;Grundschulen;Overath;Rheinisch-Bergischen Kreis;3;3,0;26056;404;30;10,43
115071;Overath, GG Marialinden;Grundschulen;Overath;Rheinisch-Bergischen Kreis;2;2,0;26056;404;30;10,43
115083;Overath, GG Slztal;Grundschulen;Overath;Rheinisch-Bergischen Kreis;3;3,0;26056;404;30;10,43
115095;Rsrath, GG Forsbach;Grundschulen;Rsrath;Rheinisch-Bergischen Kreis;2;2,0;26056;404;30;12,49
115101;Rsrath, KG Sandweg;Sonstige;Rsrath;Rheinisch-Bergischen Kreis;3;3,0;26092;361;41;11,85
115113;Rsrath, GG Sandweg;Grundschulen;Rsrath;Rheinisch-Bergischen Kreis;4;4,0;26056;404;30;12,49
115125;Rsrath, GG Hoffnungsthal;Grundschulen;Rsrath;Rheinisch-Bergischen Kreis;2;2,0;26056;404;30;12,49
115149;Engelskirchen, GG Bergische Str.;Grundschulen;Engelskirchen;Oberbergischen Kreis;3;3,0;26056;404;30;13,55
115150;Engelskirchen, KG Loope;Sonstige;Engelskirchen;Oberbergischen Kreis;3;3,0;26092;361;41;11,85
115162;Lindlar, GG Schmitzhhe;Grundschulen;Lindlar;Oberbergischen Kreis;1;1,0;26056;404;30;13,46
115174;Krten, KG Bechen;Sonstige;Krten;Rheinisch-Bergischen Kreis;2;2,0;26092;361;41;11,85
115186;Krten, GG Biesfeld;Grundschulen;Krten;Rheinisch-Bergischen Kreis;2;2,0;26056;404;30;12,49
115198;Krten, GG (Verb.) Krten-Olpe;Grundschulen;Krten;Rheinisch-Bergischen Kreis;2;2,0;26056;404;30;12,49
115228;Alfter, GG Witterschlick;Grundschulen;Alfter;Rhein-Sieg-Kreis;3;3,0;27167;605;50;12,56
115230;Alfter, GG Oedekoven;Grundschulen;Alfter;Rhein-Sieg-Kreis;4;4,0;27167;605;50;12,56
115241;Alfter, KG Anna - Schule;Sonstige;Alfter;Rhein-Sieg-Kreis;3;3,0;27167;605;50;11,85
115253;Sankt Augustin, KG Meindorf;Sonstige;Sankt Augustin;Rhein-Sieg-Kreis;2;2,0;27167;605;50;11,85
115277;Sankt Augustin, GG Max & Moritz Schule;Grundschulen;Sankt Augustin;Rhein-Sieg-Kreis;4;4,0;27167;605;50;11,81
115290;Sankt Augustin, KG Sankt Martin;Sonstige;Sankt Augustin;Rhein-Sieg-Kreis;6;6,0;27167;605;50;11,85
115307;Sankt Augustin, KG Buisdorf;Sonstige;Sankt Augustin;Rhein-Sieg-Kreis;2;2,0;27167;605;50;11,85
115319;Sankt Augustin, GG Hans-Christ.-Andersen;Grundschulen;Sankt Augustin;Rhein-Sieg-Kreis;4;4,0;27167;605;50;11,81
115320;Sankt Augustin, EG Hangelar;Sonstige;Sankt Augustin;Rhein-Sieg-Kreis;1;1,0;27167;605;50;11,85
115332;Sankt Augustin, KG Hangelar;Sonstige;Sankt Augustin;Rhein-Sieg-Kreis;2;2,0;27167;605;50;11,85
115344;Bornheim, GG Nikolaus-Schule;Grundschulen;Bornheim;Rhein-Sieg-Kreis;3;3,0;27167;605;50;11,94
115356;Bornheim, GG Herseler-Werth;Grundschulen;Bornheim;Rhein-Sieg-Kreis;2;2,0;27167;605;50;11,94
115368;Bornheim, GG Markus;Grundschulen;Bornheim;Rhein-Sieg-Kreis;2;2,0;27167;605;50;11,94
115381;Bornheim, GG Wendelinus-Schule;Grundschulen;Bornheim;Rhein-Sieg-Kreis;1;1,0;27167;605;50;11,94
115393;Bornheim, KG Thomas-von-Quentel-Schule;Sonstige;Bornheim;Rhein-Sieg-Kreis;3;3,0;27167;605;50;11,85
115400;Bornheim, GG Merten;Grundschulen;Bornheim;Rhein-Sieg-Kreis;3;3,0;27167;605;50;11,94
115423;Bornheim, KG Johann-Wallraf;Sonstige;Bornheim;Rhein-Sieg-Kreis;4;4,0;27167;605;50;11,85
115435;Bornheim, KG Sebastian-Schule;Sonstige;Bornheim;Rhein-Sieg-Kreis;4;4,0;27167;605;50;11,85
115484;Eitorf, GG (Verb.) MosaikSchule;Grundschulen;Eitorf;Rhein-Sieg-Kreis;4;4,0;27167;605;50;11,75
115496;Eitorf, GG (Verb.) Alzenbach-Mhleip;Grundschulen;Eitorf;Rhein-Sieg-Kreis;3;3,0;27167;605;50;11,75
115514;Hennef, GG Am Steimel;Grundschulen;Hennef (Sieg);Rhein-Sieg-Kreis;2;2,0;27167;605;50;12,65
115538;Hennef, GG Gartenstr.;Grundschulen;Hennef (Sieg);Rhein-Sieg-Kreis;5;5,0;27167;605;50;12,65
115540;Hennef, GG Kastanienschule;Grundschulen;Hennef (Sieg);Rhein-Sieg-Kreis;1;1,0;27167;605;50;12,65
115551;Hennef, GG Hanftal;Grundschulen;Hennef (Sieg);Rhein-Sieg-Kreis;3;3,0;27167;605;50;12,65
115563;Hennef, GG Regenbogenschule;Grundschulen;Hennef (Sieg);Rhein-Sieg-Kreis;2;2,0;27167;605;50;12,65
115575;Hennef, KG Wehrstr.;Sonstige;Hennef (Sieg);Rhein-Sieg-Kreis;2;2,0;27167;605;50;11,85
115587;Bad Honnef, GG (Verb.) Lwenburgschule;Grundschulen;Bad Honnef;Rhein-Sieg-Kreis;2;2,0;27167;605;50;13,07
115605;Bad Honnef, GG Montessori-Bad Honnef;Grundschulen;Bad Honnef;Rhein-Sieg-Kreis;4;4,0;27167;605;50;13,07
115617;Bad Honnef, KG St. Martinus;Sonstige;Bad Honnef;Rhein-Sieg-Kreis;4;4,0;27167;605;50;11,85
115629;Knigswinter, KG Sonnenhgel;Sonstige;Knigswinter;Rhein-Sieg-Kreis;2;2,0;27167;605;50;11,85
115630;Knigswinter, GG Oberdollendorf;Grundschulen;Knigswinter;Rhein-Sieg-Kreis;2;2,0;27167;605;50;12,49
115642;Knigswinter, GG Stenzelberg;Grundschulen;Knigswinter;Rhein-Sieg-Kreis;2;2,0;27167;605;50;12,49
115654;Knigswinter, GG Stieldorf;Grundschulen;Knigswinter;Rhein-Sieg-Kreis;3;3,0;27167;605;50;12,49
115666;Knigswinter, GG Johann-Lemmerz-Schule;Grundschulen;Knigswinter;Rhein-Sieg-Kreis;8;8,0;27167;605;50;12,49
115678;Knigswinter, KG Ittenbach;Sonstige;Knigswinter;Rhein-Sieg-Kreis;1;1,0;27167;605;50;11,85
115680;Lohmar, GG Wahlscheid;Grundschulen;Lohmar;Rhein-Sieg-Kreis;2;2,0;27167;605;50;11,35
115691;Lohmar, GG Wald;Grundschulen;Lohmar;Rhein-Sieg-Kreis;4;4,0;27167;605;50;11,35
115708;Lohmar, GG Donrath;Grundschulen;Lohmar;Rhein-Sieg-Kreis;3;3,0;27167;605;50;11,35
115710;Meckenheim, EG Klnstr.;Sonstige;Meckenheim;Rhein-Sieg-Kreis;3;3,0;27167;605;50;11,85
115733;Meckenheim, KG Merl;Sonstige;Meckenheim;Rhein-Sieg-Kreis;1;1,0;27167;605;50;11,85
115745;Meckenheim, KG (Verb.) Kirchplatz;Sonstige;Meckenheim;Rhein-Sieg-Kreis;4;4,0;27167;605;50;11,85
115757;Much, GG Klosterstr.;Grundschulen;Much;Rhein-Sieg-Kreis;2;2,0;27167;605;50;13,62
115769;Much, GG Janusz-Korczak;Grundschulen;Much;Rhein-Sieg-Kreis;2;2,0;27167;605;50;13,62
115794;Niederkassel, KG Rheidter-Werth-Schule;Sonstige;Niederkassel;Rhein-Sieg-Kreis;3;3,0;27167;605;50;11,85
115800;Niederkassel, GG Annostr.;Grundschulen;Niederkassel;Rhein-Sieg-Kreis;3;3,0;27167;605;50;12,96
115812;Niederkassel, KG Mondorf;Sonstige;Niederkassel;Rhein-Sieg-Kreis;2;2,0;27167;605;50;11,85
115824;Niederkassel, KG Llsdorf;Sonstige;Niederkassel;Rhein-Sieg-Kreis;3;3,0;27167;605;50;11,85
115836;Niederkassel, GG Drei-Linden-Schule;Grundschulen;Niederkassel;Rhein-Sieg-Kreis;4;4,0;27167;605;50;12,96
115848;Rheinbach, GG Srster Weg;Grundschulen;Rheinbach;Rhein-Sieg-Kreis;4;4,0;27167;605;50;11,88
115850;Rheinbach, KG St. Martin-Schule;Sonstige;Rheinbach;Rhein-Sieg-Kreis;2;2,0;27167;605;50;11,85
115897;Rheinbach, KG Flerzheim;Sonstige;Rheinbach;Rhein-Sieg-Kreis;1;1,0;27167;605;50;11,85
115903;Rheinbach, KG Merzbach;Sonstige;Rheinbach;Rhein-Sieg-Kreis;1;1,0;27167;605;50;11,85
115915;Rheinbach, KG an der Tomburg;Sonstige;Rheinbach;Rhein-Sieg-Kreis;2;2,0;27167;605;50;11,85
115939;Ruppichteroth, GG (Verb.) Winterscheid;Grundschulen;Ruppichteroth;Rhein-Sieg-Kreis;2;2,0;27167;605;50;11,62
115940;Ruppichteroth, GG Schulstr.;Grundschulen;Ruppichteroth;Rhein-Sieg-Kreis;4;4,0;27167;605;50;11,62
115952;Siegburg, GG (Verb.) Nord;Grundschulen;Siegburg;Rhein-Sieg-Kreis;4;4,0;27167;605;50;11,43
115964;Siegburg, GG Wolsdorf;Grundschulen;Siegburg;Rhein-Sieg-Kreis;1;1,0;27167;605;50;11,43
115988;Siegburg, GG Stallberg;Grundschulen;Siegburg;Rhein-Sieg-Kreis;5;5,0;27167;605;50;11,43
115990;Swisttal, GG am Zehnthof;Grundschulen;Swisttal;Rhein-Sieg-Kreis;3;3,0;27167;605;50;11,36
116002;Swisttal, GG Swistbachschule;Grundschulen;Swisttal;Rhein-Sieg-Kreis;3;3,0;27167;605;50;11,36
116014;Swisttal, GG am Burgweiher;Grundschulen;Swisttal;Rhein-Sieg-Kreis;1;1,0;27167;605;50;11,36
116026;Troisdorf, GG Roncalli-Schule;Grundschulen;Troisdorf;Rhein-Sieg-Kreis;7;7,0;27167;605;50;12,44
116038;Troisdorf, GG Heerstr.;Grundschulen;Troisdorf;Rhein-Sieg-Kreis;5;5,0;27167;605;50;12,44
116040;Troisdorf, KG Schloástraáe;Sonstige;Troisdorf;Rhein-Sieg-Kreis;5;5,0;27167;605;50;11,85
116051;Troisdorf, EG Matthias-Langen-Straáe;Sonstige;Troisdorf;Rhein-Sieg-Kreis;6;6,0;27167;605;50;11,85
116075;Troisdorf, KG Blcherstr.;Sonstige;Troisdorf;Rhein-Sieg-Kreis;5;5,0;27167;605;50;11,85
116087;Troisdorf, KG Muellekoven;Sonstige;Troisdorf;Rhein-Sieg-Kreis;2;2,0;27167;605;50;11,85
116099;Troisdorf, GG Eschmar;Grundschulen;Troisdorf;Rhein-Sieg-Kreis;2;2,0;27167;605;50;12,44
116105;Troisdorf, GG Asselbachschule;Grundschulen;Troisdorf;Rhein-Sieg-Kreis;3;3,0;27167;605;50;12,44
116117;Troisdorf, GG Janosch;Grundschulen;Troisdorf;Rhein-Sieg-Kreis;5;5,0;27167;605;50;12,44
116129;Troisdorf, GG Sieglar;Grundschulen;Troisdorf;Rhein-Sieg-Kreis;6;6,0;27167;605;50;12,44
116166;Windeck, GG Sonnenbergschule;Grundschulen;Windeck;Rhein-Sieg-Kreis;2;2,0;27167;605;50;10,92
116180;Aachen, GG Driescher Hof;Grundschulen;Aachen;Stdteregion Aachen;8;8,0;26056;404;30;12,49
116208;Aachen, GG Am Haarbach;Grundschulen;Aachen;Stdteregion Aachen;5;5,0;26056;404;30;12,49
116221;Aachen, GG Brhlstr.;Grundschulen;Aachen;Stdteregion Aachen;6;6,0;26056;404;30;12,49
116233;Aachen, GG Vaalserquartier;Grundschulen;Aachen;Stdteregion Aachen;5;5,0;26056;404;30;12,49
116245;Aachen, KG Kornelimnster;Sonstige;Aachen;Stdteregion Aachen;2;2,0;26092;361;41;11,85
116257;Aachen, GG Walheim;Grundschulen;Aachen;Stdteregion Aachen;4;4,0;26056;404;30;12,49
116269;Aachen, GG Oberforstbach;Grundschulen;Aachen;Stdteregion Aachen;3;3,0;26056;404;30;12,49
116270;Aachen, KG Karl-Kuck-Schule;Sonstige;Aachen;Stdteregion Aachen;5;5,0;26092;361;41;11,85
116282;Aachen, GG Laurensberg;Grundschulen;Aachen;Stdteregion Aachen;4;4,0;26056;404;30;12,49
116294;Aachen, KG Bildchen;Sonstige;Aachen;Stdteregion Aachen;9;9,0;26092;361;41;11,85
116312;Aachen, KG Passstr.;Sonstige;Aachen;Stdteregion Aachen;8;8,0;26092;361;41;11,85
116324;Aachen, GG Malmedyer Str.;Grundschulen;Aachen;Stdteregion Aachen;5;5,0;26056;404;30;12,49
116336;Aachen, KG Forster Linde;Sonstige;Aachen;Stdteregion Aachen;6;6,0;26092;361;41;11,85
116348;Aachen, KG Schule am Fischmarkt;Sonstige;Aachen;Stdteregion Aachen;5;5,0;26092;361;41;11,85
116350;Aachen, KG Hfchensweg;Sonstige;Aachen;Stdteregion Aachen;4;4,0;26092;361;41;11,85
116361;Aachen, KG Hanbrucher Str.;Sonstige;Aachen;Stdteregion Aachen;4;4,0;26092;361;41;11,85
116385;Aachen, KG Luisenstr.;Sonstige;Aachen;Stdteregion Aachen;9;9,0;26092;361;41;11,85
116403;Aachen, GG Schnforst-Schwalbenweg;Grundschulen;Aachen;Stdteregion Aachen;9;9,0;26056;404;30;12,49
116439;Aachen, EG Annaschule;Sonstige;Aachen;Stdteregion Aachen;7;7,0;26092;361;41;11,85
116440;Aachen, GG Schule am Lousberg;Grundschulen;Aachen;Stdteregion Aachen;4;4,0;26056;404;30;12,49
116464;Aachen, GG Gerlach;Grundschulen;Aachen;Stdteregion Aachen;7;7,0;26056;404;30;12,49
116476;Aachen, GG Am Hfling;Grundschulen;Aachen;Stdteregion Aachen;2;2,0;26056;404;30;12,49
116488;Aachen, KG Verlautenheide;Sonstige;Aachen;Stdteregion Aachen;4;4,0;26092;361;41;11,85
116490;Aachen, KG Feldstr.;Sonstige;Aachen;Stdteregion Aachen;9;9,0;26092;361;41;11,85
116506;Aachen, KG Marktschule Brand;Sonstige;Aachen;Stdteregion Aachen;4;4,0;26092;361;41;11,85
116518;Aachen, KG Birkstr.;Sonstige;Aachen;Stdteregion Aachen;3;3,0;26092;361;41;11,85
116520;Aachen, KG Am Rmerhof;Sonstige;Aachen;Stdteregion Aachen;2;2,0;26092;361;41;11,85
116531;Aachen, GG Dppelstr.;Grundschulen;Aachen;Stdteregion Aachen;9;9,0;26056;404;30;12,49
116543;Aachen, KG Beeckstr.;Sonstige;Aachen;Stdteregion Aachen;9;9,0;26092;361;41;11,85
116567;Aachen, KG Auf der Hrn;Sonstige;Aachen;Stdteregion Aachen;4;4,0;26092;361;41;11,85
116579;Alsdorf, GG Kellersberg;Grundschulen;Alsdorf;Stdteregion Aachen;3;3,0;26056;404;30;12,49
116580;Alsdorf, GG Alsdorf-Annapark;Grundschulen;Alsdorf;Stdteregion Aachen;7;7,0;26056;404;30;12,49
116592;Alsdorf, GG Schaufenberg;Grundschulen;Alsdorf;Stdteregion Aachen;6;6,0;26056;404;30;12,49
116609;Alsdorf, GG Broicher Siedlung;Grundschulen;Alsdorf;Stdteregion Aachen;1;1,0;26056;404;30;12,49
116610;Alsdorf, GG Blumenrath;Grundschulen;Alsdorf;Stdteregion Aachen;5;5,0;26056;404;30;12,49
116622;Alsdorf, GG Ofden;Grundschulen;Alsdorf;Stdteregion Aachen;1;1,0;26056;404;30;12,49
116658;Alsdorf, KG Hermann-Josef;Sonstige;Alsdorf;Stdteregion Aachen;3;3,0;26092;361;41;11,85
116660;Alsdorf, KG Begau;Sonstige;Alsdorf;Stdteregion Aachen;2;2,0;26092;361;41;11,85
116683;Baesweiler, GG St. Barbara;Grundschulen;Baesweiler;Stdteregion Aachen;6;6,0;26056;404;30;12,49
116695;Baesweiler, GG Friedensschule;Grundschulen;Baesweiler;Stdteregion Aachen;4;4,0;26056;404;30;12,49
116701;Baesweiler, GG (Verb.) Grengracht;Grundschulen;Baesweiler;Stdteregion Aachen;2;2,0;26056;404;30;12,49
116737;Baesweiler, GG (Verb.) St. Andreas;Grundschulen;Baesweiler;Stdteregion Aachen;3;3,0;26056;404;30;12,49
116749;Baesweiler, KG Oidtweiler;Sonstige;Baesweiler;Stdteregion Aachen;1;1,0;26092;361;41;11,85
116762;Eschweiler, KG Kinzweiler;Sonstige;Eschweiler;Stdteregion Aachen;1;1,0;26092;361;41;11,85
116774;Eschweiler, KG Drwiá;Sonstige;Eschweiler;Stdteregion Aachen;3;3,0;26092;361;41;11,85
116804;Eschweiler, KG Bergrath;Sonstige;Eschweiler;Stdteregion Aachen;3;3,0;26092;361;41;11,85
116816;Eschweiler, KG Bohl;Sonstige;Eschweiler;Stdteregion Aachen;2;2,0;26092;361;41;11,85
116828;Eschweiler, KG (Verb.) Barbaraschule;Sonstige;Eschweiler;Stdteregion Aachen;5;5,0;26092;361;41;11,85
116830;Eschweiler, EG Stadtmitte;Sonstige;Eschweiler;Stdteregion Aachen;7;7,0;26092;361;41;11,85
116841;Eschweiler, GG Weisweiler;Grundschulen;Eschweiler;Stdteregion Aachen;3;3,0;26056;404;30;12,49
116865;Eschweiler, KG Rhe;Sonstige;Eschweiler;Stdteregion Aachen;3;3,0;26092;361;41;11,85
116877;Eschweiler, KG Don-Bosco-Schule;Sonstige;Eschweiler;Stdteregion Aachen;4;4,0;26092;361;41;11,85
116889;Eschweiler, KG Eduard-Mrike-Schule;Sonstige;Eschweiler;Stdteregion Aachen;5;5,0;26092;361;41;11,85
116907;Herzogenrath, KG Straá;Sonstige;Herzogenrath;Stdteregion Aachen;3;3,0;26092;361;41;11,85
116919;Herzogenrath, KG (Verb.) Regenbogen;Sonstige;Herzogenrath;Stdteregion Aachen;4;4,0;26092;361;41;11,85
116920;Herzogenrath, GG Klinkheide;Grundschulen;Herzogenrath;Stdteregion Aachen;2;2,0;26056;404;30;12,49
116956;Herzogenrath, GG Pannesheide;Grundschulen;Herzogenrath;Stdteregion Aachen;3;3,0;26056;404;30;12,49
116968;Herzogenrath, GG Kmpchen;Grundschulen;Herzogenrath;Stdteregion Aachen;3;3,0;26056;404;30;12,49
116970;Herzogenrath, GG Alt-Merkstein;Grundschulen;Herzogenrath;Stdteregion Aachen;4;4,0;26056;404;30;12,49
116993;Monschau, KG (Verb.) Hfen-Mtzenich;Sonstige;Monschau;Stdteregion Aachen;3;3,0;26092;361;41;11,85
117020;Monschau, GG Konzen;Grundschulen;Monschau;Stdteregion Aachen;2;2,0;26056;404;30;12,49
117031;Roetgen, GG Hauptstr.;Grundschulen;Roetgen;Stdteregion Aachen;2;2,0;26056;404;30;12,49
117043;Simmerath, GG Lammersdorf;Grundschulen;Simmerath;Stdteregion Aachen;1;1,0;26056;404;30;12,49
117055;Simmerath, GG Steckenborn;Grundschulen;Simmerath;Stdteregion Aachen;2;2,0;26056;404;30;12,49
117067;Simmerath, KG Bickerather Str.;Sonstige;Simmerath;Stdteregion Aachen;3;3,0;26092;361;41;11,85
117092;Stolberg, GG Donnerberg;Grundschulen;Stolberg (Rhld.);Stdteregion Aachen;5;5,0;26056;404;30;12,49
117109;Stolberg, GG Breinig;Grundschulen;Stolberg (Rhld.);Stdteregion Aachen;1;1,0;26056;404;30;12,49
117110;Stolberg, KG Wrselener Str.;Sonstige;Stolberg (Rhld.);Stdteregion Aachen;5;5,0;26092;361;41;11,85
117122;Stolberg, GG Prmienstraáe;Grundschulen;Stolberg (Rhld.);Stdteregion Aachen;6;6,0;26056;404;30;12,49
117146;Stolberg, GG Hermannstraáe;Grundschulen;Stolberg (Rhld.);Stdteregion Aachen;9;9,0;26056;404;30;12,49
117158;Stolberg, GG Grntal;Grundschulen;Stolberg (Rhld.);Stdteregion Aachen;9;9,0;26056;404;30;12,49
117160;Stolberg, KG Bischofstraáe;Sonstige;Stolberg (Rhld.);Stdteregion Aachen;3;3,0;26092;361;41;11,85
117171;Stolberg, GG Rote Erde;Grundschulen;Stolberg (Rhld.);Stdteregion Aachen;2;2,0;26056;404;30;12,49
117183;Stolberg, GG Mausbach;Grundschulen;Stolberg (Rhld.);Stdteregion Aachen;1;1,0;26056;404;30;12,49
117195;Stolberg, GG Zweifall;Grundschulen;Stolberg (Rhld.);Stdteregion Aachen;1;1,0;26056;404;30;12,49
117213;Wrselen, GG (Verb.) Weiden-Linden;Grundschulen;Wrselen;Stdteregion Aachen;3;3,0;26056;404;30;12,49
117237;Wrselen, GG Bardenberg;Grundschulen;Wrselen;Stdteregion Aachen;2;2,0;26056;404;30;12,49
117249;Wrselen, KG Sebastianusschule;Sonstige;Wrselen;Stdteregion Aachen;3;3,0;26092;361;41;11,85
117250;Wrselen, GG (Verb.) Wurmtalschule;Grundschulen;Wrselen;Stdteregion Aachen;5;5,0;26056;404;30;12,49
117262;Aldenhoven, GG Johannesschule;Grundschulen;Aldenhoven;Kreis Dren;2;2,0;26056;404;30;13,11
117286;Aldenhoven, GG Schwanenstr.;Grundschulen;Aldenhoven;Kreis Dren;3;3,0;26056;404;30;13,11
117298;Dren, GG Burg Birgel;Grundschulen;Dren;Kreis Dren;1;1,0;26056;404;30;12,49
117316;Dren, KG St. Joachim;Sonstige;Dren;Kreis Dren;7;7,0;26092;361;41;11,85
117328;Dren, KG Bonifatiusschule;Sonstige;Dren;Kreis Dren;9;9,0;26092;361;41;11,85
117330;Dren, KG Sd;Sonstige;Dren;Kreis Dren;8;8,0;26092;361;41;11,85
117341;Dren, KG Im Pesch;Sonstige;Dren;Kreis Dren;8;8,0;26092;361;41;11,85
117353;Dren, GG Nikolaus-Schule;Grundschulen;Dren;Kreis Dren;6;6,0;26056;404;30;12,49
117365;Dren, KG (Verb.) Am Grngrtel;Sonstige;Dren;Kreis Dren;5;5,0;26092;361;41;11,85
117377;Dren, GG Mutter Teresa;Grundschulen;Dren;Kreis Dren;5;5,0;26056;404;30;12,49
117389;Dren, GG Birkesdorf;Grundschulen;Dren;Kreis Dren;3;3,0;26056;404;30;12,49
117390;Dren, KG (Verb.) LeNie;Sonstige;Dren;Kreis Dren;2;2,0;26092;361;41;11,85
117420;Dren, GG Paul-Gerhardt-Schule;Grundschulen;Dren;Kreis Dren;8;8,0;26056;404;30;12,49
117432;Dren, GG Martin-Luther-Schule;Grundschulen;Dren;Kreis Dren;8;8,0;26056;404;30;12,49
117444;Dren, GG (Verb.) Derichsweiler;Grundschulen;Dren;Kreis Dren;3;3,0;26056;404;30;12,49
117456;Dren, GG (Verb.) Merken;Grundschulen;Dren;Kreis Dren;3;3,0;26056;404;30;12,49
117470;Inden, GG (Verb.) Inden;Grundschulen;Inden;Kreis Dren;2;2,0;26056;404;30;15,75
117511;Jlich, GG Promenadenschule;Grundschulen;Jlich;Kreis Dren;5;5,0;26056;404;30;12,49
117523;Jlich, KG Linnicher Straáe;Sonstige;Jlich;Kreis Dren;4;4,0;26092;361;41;11,85
117560;Jlich, GG (Verb.) Berliner Straáe;Grundschulen;Jlich;Kreis Dren;4;4,0;26056;404;30;12,49
117572;Jlich, GG Lobsgasse;Grundschulen;Jlich;Kreis Dren;2;2,0;26056;404;30;12,49
117602;Kreuzau, GG Stockheim;Grundschulen;Kreuzau;Kreis Dren;3;3,0;26056;404;30;15,12
117638;Kreuzau, KG (Verb.) An der Rur;Sonstige;Kreuzau;Kreis Dren;2;2,0;26092;361;41;11,85
117640;Kreuzau, GG (Verb.) Kreuzau und Drove;Grundschulen;Kreuzau;Kreis Dren;3;3,0;26056;404;30;15,12
117651;Langerwehe, KG Wehebachschule;Sonstige;Langerwehe;Kreis Dren;4;4,0;26092;361;41;11,85
117687;Linnich, GG (Verb.) Merzbachschule;Grundschulen;Linnich;Kreis Dren;2;2,0;26056;404;30;16,0
117717;Merzenich, KG Am Weinberg;Sonstige;Merzenich;Kreis Dren;2;2,0;26092;361;41;11,85
117729;Merzenich, KG Johann-Kaspar-Kratz;Sonstige;Merzenich;Kreis Dren;3;3,0;26092;361;41;11,85
117730;Niederzier, KG Unter dem Regenbogen;Sonstige;Niederzier;Kreis Dren;2;2,0;26092;361;41;11,85
117742;Niederzier, KG Huchem-Stammeln;Sonstige;Niederzier;Kreis Dren;4;4,0;26092;361;41;11,85
117754;Niederzier, GG (Verb.) Weihbergstraáe;Grundschulen;Niederzier;Kreis Dren;2;2,0;26056;404;30;14,88
117778;Nideggen, GG (Verb.) Burgblick Nideggen;Grundschulen;Nideggen;Kreis Dren;2;2,0;26056;404;30;14,0
117810;Nrvenich, GG Bahnhofstr.;Grundschulen;Nrvenich;Kreis Dren;3;3,0;26056;404;30;12,49
117821;Nrvenich, GG Albertus Magnus Eschw.;Grundschulen;Nrvenich;Kreis Dren;2;2,0;26056;404;30;12,49
117894;Erkelenz, GG Astrid-Lindgren-Schule;Grundschulen;Erkelenz;Kreis Heinsberg;7;7,0;23751;260;21;12,85
117900;Erkelenz, GG (Verb.) Luise-Hensel-Schule;Grundschulen;Erkelenz;Kreis Heinsberg;3;3,0;23751;260;21;12,85
117912;Erkelenz, KG (Verb.) Franziskus-Schule;Sonstige;Erkelenz;Kreis Heinsberg;2;2,0;23751;260;21;11,85
117936;Erkelenz, GG Nysterbach-Schule;Grundschulen;Erkelenz;Kreis Heinsberg;2;2,0;23751;260;21;12,85
117961;Erkelenz, GG (Verb.) Peter Hrtling;Grundschulen;Erkelenz;Kreis Heinsberg;2;2,0;23751;260;21;12,85
117985;Erkelenz, GG Kckhoven;Grundschulen;Erkelenz;Kreis Heinsberg;1;1,0;23751;260;21;12,85
117997;Gangelt, KG Paulsstráchen;Sonstige;Gangelt;Kreis Heinsberg;3;3,0;23751;260;21;11,85
118000;Gangelt, KG Nikolaus;Sonstige;Gangelt;Kreis Heinsberg;3;3,0;23751;260;21;11,85
118023;Geilenkirchen, GG Gillrath;Grundschulen;Geilenkirchen;Kreis Heinsberg;2;2,0;23751;260;21;12,17
118035;Geilenkirchen, KG Wrm;Sonstige;Geilenkirchen;Kreis Heinsberg;2;2,0;23751;260;21;11,85
118047;Geilenkirchen, KG Immendorf;Sonstige;Geilenkirchen;Kreis Heinsberg;2;2,0;23751;260;21;11,85
118059;Geilenkirchen, KG Brucknerstr.;Sonstige;Geilenkirchen;Kreis Heinsberg;4;4,0;23751;260;21;11,85
118060;Geilenkirchen, GG Sittarder Str.;Grundschulen;Geilenkirchen;Kreis Heinsberg;6;6,0;23751;260;21;12,17
118072;Geilenkirchen, KG Teveren;Sonstige;Geilenkirchen;Kreis Heinsberg;4;4,0;23751;260;21;11,85
118102;Heinsberg, KG Pestalozzischule;Sonstige;Heinsberg;Kreis Heinsberg;4;4,0;23751;260;21;11,85
118114;Heinsberg, KG (Verb.) Grebben/Schafhause;Sonstige;Heinsberg;Kreis Heinsberg;5;5,0;23751;260;21;11,85
118126;Heinsberg, KG Dremmen;Sonstige;Heinsberg;Kreis Heinsberg;2;2,0;23751;260;21;11,85
118138;Heinsberg, GG im Wurmtal;Grundschulen;Heinsberg;Kreis Heinsberg;3;3,0;23751;260;21;11,93
118140;Heinsberg, GG (Verb.) Sonnenscheinschule;Grundschulen;Heinsberg;Kreis Heinsberg;5;5,0;23751;260;21;11,93
118163;Heinsberg, KG Regenbogenschule;Sonstige;Heinsberg;Kreis Heinsberg;2;2,0;23751;260;21;11,85
118187;Heinsberg, KG Straeten;Sonstige;Heinsberg;Kreis Heinsberg;2;2,0;23751;260;21;11,85
118199;Heinsberg, KG Brunnenschule;Sonstige;Heinsberg;Kreis Heinsberg;1;1,0;23751;260;21;11,85
118205;Hckelhoven, GG Dinsthlerstr.;Grundschulen;Hckelhoven;Kreis Heinsberg;6;6,0;23751;260;21;12,49
118217;Hckelhoven, GG Hilfarth;Grundschulen;Hckelhoven;Kreis Heinsberg;4;4,0;23751;260;21;12,49
118229;Hckelhoven, GG Michael-Ende;Grundschulen;Hckelhoven;Kreis Heinsberg;4;4,0;23751;260;21;12,49
118230;Hckelhoven, GG Friedrich-Honigmann;Grundschulen;Hckelhoven;Kreis Heinsberg;4;4,0;23751;260;21;12,49
118242;Hckelhoven, KG Kleingladbach;Sonstige;Hckelhoven;Kreis Heinsberg;5;5,0;23751;260;21;11,85
118254;Hckelhoven, GG VII Im Weidengrund;Grundschulen;Hckelhoven;Kreis Heinsberg;4;4,0;23751;260;21;12,49
118266;Hckelhoven, KG Brachelen;Sonstige;Hckelhoven;Kreis Heinsberg;2;2,0;23751;260;21;11,85
118278;Hckelhoven, GG Johann-Holzapfel;Grundschulen;Hckelhoven;Kreis Heinsberg;5;5,0;23751;260;21;12,49
118280;Hckelhoven, GG Mhlenbachschule;Grundschulen;Hckelhoven;Kreis Heinsberg;2;2,0;23751;260;21;12,49
118291;Niederkrchten, GG Elmpt;Grundschulen;Niederkrchten;Kreis Viersen;1;1,0;26473;300;54;12,49
118333;Niederkrchten, KG Schule am Ltterbach;Sonstige;Niederkrchten;Kreis Viersen;1;1,0;26473;300;54;11,85
118345;Selfkant, GG Astrid-Lindgren;Grundschulen;Selfkant;Kreis Heinsberg;3;3,0;23751;260;21;12,0
118357;Selfkant, KG Westzipfelschule;Sonstige;Selfkant;Kreis Heinsberg;3;3,0;23751;260;21;11,85
118382;bach-Palenberg, GG Lindenschule;Grundschulen;bach-Palenberg;Kreis Heinsberg;4;4,0;23751;260;21;12,49
118400;bach-Palenberg, KG Scherpenseel;Sonstige;bach-Palenberg;Kreis Heinsberg;2;2,0;23751;260;21;11,85
118412;bach-Palenberg, KG Freiheitstr.;Sonstige;bach-Palenberg;Kreis Heinsberg;3;3,0;23751;260;21;11,85
118424;bach-Palenberg, GG Frelenberg;Grundschulen;bach-Palenberg;Kreis Heinsberg;3;3,0;23751;260;21;12,49
118436;bach-Palenberg, GG Auf der Houff;Grundschulen;bach-Palenberg;Kreis Heinsberg;5;5,0;23751;260;21;12,49
118448;Waldfeucht, KG Haaren;Sonstige;Waldfeucht;Kreis Heinsberg;3;3,0;23751;260;21;11,85
118461;Wassenberg, GG Am Burgberg;Grundschulen;Wassenberg;Kreis Heinsberg;3;3,0;23751;260;21;10,31
118473;Wassenberg, KG Martinus-Schule-Orsbeck;Sonstige;Wassenberg;Kreis Heinsberg;2;2,0;23751;260;21;11,85
118485;Wassenberg, KG Birgelen;Sonstige;Wassenberg;Kreis Heinsberg;3;3,0;23751;260;21;11,85
118497;Wassenberg, KG Myhl;Sonstige;Wassenberg;Kreis Heinsberg;2;2,0;23751;260;21;11,85
118527;Wegberg, KG (Verb.) Arsbeck;Sonstige;Wegberg;Kreis Heinsberg;3;3,0;23751;260;21;11,85
118552;Wegberg, GG (Verb.) Erich-Kstner;Grundschulen;Wegberg;Kreis Heinsberg;2;2,0;23751;260;21;12,06
118564;Wegberg, GG Beeck;Grundschulen;Wegberg;Kreis Heinsberg;1;1,0;23751;260;21;12,06
118576;Wegberg, GG Kastanienschule;Grundschulen;Wegberg;Kreis Heinsberg;2;2,0;23751;260;21;12,06
118590;Bocholt, KG Clemens-Dlmer-Schule;Sonstige;Bocholt;Kreis Borken;4;4,0;26582;376;53;11,85
118606;Bocholt, GG (Verb.) Ludgerus;Grundschulen;Bocholt;Kreis Borken;4;4,0;26582;376;53;11,77
118620;Bocholt, KG Josef;Sonstige;Bocholt;Kreis Borken;3;3,0;26582;376;53;11,85
118655;Bocholt, KG Clemens-August;Sonstige;Bocholt;Kreis Borken;3;3,0;26582;376;53;11,85
118680;Bocholt, GG (Verb.) Maria Montessori;Grundschulen;Bocholt;Kreis Borken;5;5,0;26582;376;53;11,77
118710;Bottrop, GG Rheinbaben;Grundschulen;Bottrop;Stadt Bottrop;6;6,0;26056;404;30;11,96
118734;Bottrop, GG Astrid-Lindgren-Schule;Grundschulen;Bottrop;Stadt Bottrop;2;2,0;26056;404;30;11,96
118758;Bottrop, GG Fichte;Grundschulen;Bottrop;Stadt Bottrop;4;4,0;26056;404;30;11,96
118760;Bottrop, GG Paulschule;Grundschulen;Bottrop;Stadt Bottrop;6;6,0;26056;404;30;11,96
118783;Bottrop, EG Albert-Schweitzer-Schule;Sonstige;Bottrop;Stadt Bottrop;9;9,0;26092;361;41;11,85
118795;Bottrop, KG Richard-Wagner;Sonstige;Bottrop;Stadt Bottrop;1;1,0;26092;361;41;11,85
118813;Bottrop, GG Frstenbergschule;Grundschulen;Bottrop;Stadt Bottrop;4;4,0;26056;404;30;11,96
118825;Bottrop, GG (Verb.) Welheim;Grundschulen;Bottrop;Stadt Bottrop;7;7,0;26056;404;30;11,96
118837;Bottrop, KG Droste-Hlshoff;Sonstige;Bottrop;Stadt Bottrop;5;5,0;26092;361;41;11,85
118849;Bottrop, GG (Verb.) Schillerschule;Grundschulen;Bottrop;Stadt Bottrop;6;6,0;26056;404;30;11,96
118850;Bottrop, KG Nikolaus-Groá;Sonstige;Bottrop;Stadt Bottrop;6;6,0;26092;361;41;11,85
118862;Bottrop, KG Konrad;Sonstige;Bottrop;Stadt Bottrop;2;2,0;26092;361;41;11,85
118898;Bottrop, KG Cyriakus;Sonstige;Bottrop;Stadt Bottrop;8;8,0;26092;361;41;11,85
118928;Gelsenkirchen, GG (Verb) Marschallstr.;Grundschulen;Gelsenkirchen;Stadt Gelsenkirchen;9;9,0;26056;404;30;14,21
118930;Gelsenkirchen, GG Gutenbergschule;Grundschulen;Gelsenkirchen;Stadt Gelsenkirchen;5;5,0;26056;404;30;14,21
118941;Gelsenkirchen, GG Beckeradschule;Grundschulen;Gelsenkirchen;Stadt Gelsenkirchen;6;6,0;26056;404;30;14,21
118953;Gelsenkirchen, GG Albert-Schweitzer-Str.;Grundschulen;Gelsenkirchen;Stadt Gelsenkirchen;3;3,0;26056;404;30;14,21
118965;Gelsenkirchen, EG Martin-Luther-Schule;Sonstige;Gelsenkirchen;Stadt Gelsenkirchen;2;2,0;26092;361;41;11,85
118990;Gelsenkirchen, KG Im Emscherbruch;Sonstige;Gelsenkirchen;Stadt Gelsenkirchen;1;1,0;26092;361;41;11,85
119027;Gelsenkirchen, GG Haverkamp;Grundschulen;Gelsenkirchen;Stadt Gelsenkirchen;6;6,0;26056;404;30;14,21
119039;Gelsenkirchen, GG Turmschule;Grundschulen;Gelsenkirchen;Stadt Gelsenkirchen;8;8,0;26056;404;30;14,21
119064;Gelsenkirchen, GG Lindenschule;Grundschulen;Gelsenkirchen;Stadt Gelsenkirchen;4;4,0;26056;404;30;14,21
119076;Gelsenkirchen, GG Martinschule;Grundschulen;Gelsenkirchen;Stadt Gelsenkirchen;9;9,0;26056;404;30;14,21
119088;Gelsenkirchen, KG Barbaraschule;Sonstige;Gelsenkirchen;Stadt Gelsenkirchen;2;2,0;26092;361;41;11,85
119090;Gelsenkirchen, GG Velsenschule;Grundschulen;Gelsenkirchen;Stadt Gelsenkirchen;3;3,0;26056;404;30;14,21
119106;Gelsenkirchen, KG an der Sandstr.;Sonstige;Gelsenkirchen;Stadt Gelsenkirchen;2;2,0;26092;361;41;11,85
119118;Gelsenkirchen, GG Leythe-Schule;Grundschulen;Gelsenkirchen;Stadt Gelsenkirchen;5;5,0;26056;404;30;14,21
119120;Gelsenkirchen, GG Pfefferackerschule;Grundschulen;Gelsenkirchen;Stadt Gelsenkirchen;3;3,0;26056;404;30;14,21
119131;Gelsenkirchen, GG Mechtenbergschule;Grundschulen;Gelsenkirchen;Stadt Gelsenkirchen;6;6,0;26056;404;30;14,21
119143;Gelsenkirchen, GG Blseschule;Grundschulen;Gelsenkirchen;Stadt Gelsenkirchen;2;2,0;26056;404;30;14,21
119155;Gelsenkirchen, GG Fersenbruch;Grundschulen;Gelsenkirchen;Stadt Gelsenkirchen;6;6,0;26056;404;30;14,21
119167;Gelsenkirchen, GG Schule an der Erzbahn;Grundschulen;Gelsenkirchen;Stadt Gelsenkirchen;7;7,0;26056;404;30;14,21
119180;Gelsenkirchen,GG Schalker Regenbogensch.;Grundschulen;Gelsenkirchen;Stadt Gelsenkirchen;9;9,0;26056;404;30;14,21
119192;Gelsenkirchen, GG Hohenfriedberger Str.;Grundschulen;Gelsenkirchen;Stadt Gelsenkirchen;9;9,0;26056;404;30;14,21
119222;Gelsenkirchen, GG (Verb.) am Lanferbach;Grundschulen;Gelsenkirchen;Stadt Gelsenkirchen;4;4,0;26056;404;30;14,21
119234;Gelsenkirchen, GG am Haidekamp;Grundschulen;Gelsenkirchen;Stadt Gelsenkirchen;4;4,0;26056;404;30;14,21
119246;Gelsenkirchen, GG Friedrich-Grillo;Grundschulen;Gelsenkirchen;Stadt Gelsenkirchen;8;8,0;26056;404;30;14,21
119260;Gelsenkirchen, GG Heistr.;Grundschulen;Gelsenkirchen;Stadt Gelsenkirchen;5;5,0;26056;404;30;14,21
119271;Gelsenkirchen, GG Im Brmm;Grundschulen;Gelsenkirchen;Stadt Gelsenkirchen;7;7,0;26056;404;30;14,21
119295;Gelsenkirchen, GG Wiehagen;Grundschulen;Gelsenkirchen;Stadt Gelsenkirchen;9;9,0;26056;404;30;14,21
119301;Gelsenkirchen, GG Kurt-Schumacher-Str.;Grundschulen;Gelsenkirchen;Stadt Gelsenkirchen;9;9,0;26056;404;30;14,21
119313;Gelsenkirchen, GG am Schloss Horst;Grundschulen;Gelsenkirchen;Stadt Gelsenkirchen;7;7,0;26056;404;30;14,21
119325;Gelsenkirchen, GG Mhrfeldschule;Grundschulen;Gelsenkirchen;Stadt Gelsenkirchen;7;7,0;26056;404;30;14,21
119337;Gelsenkirchen, KG Liebfrauen;Sonstige;Gelsenkirchen;Stadt Gelsenkirchen;5;5,0;26092;361;41;11,85
119374;Gelsenkirchen, GG Glckauf-ckendorf;Grundschulen;Gelsenkirchen;Stadt Gelsenkirchen;9;9,0;26056;404;30;14,21
119398;Gelsenkirchen, GG Astrid-Lindgren;Grundschulen;Gelsenkirchen;Stadt Gelsenkirchen;3;3,0;26056;404;30;14,21
119404;Gelsenkirchen, KG Don-Bosco-Schule;Sonstige;Gelsenkirchen;Stadt Gelsenkirchen;2;2,0;26092;361;41;11,85
119430;Gelsenkirchen, GG Josef-Rings-Schule;Grundschulen;Gelsenkirchen;Stadt Gelsenkirchen;7;7,0;26056;404;30;14,21
119477;Gladbeck, GG Regenbogenschule;Grundschulen;Gladbeck;Kreis Recklinghausen;5;5,0;23341;616;22;13,73
119519;Gladbeck, KG Josefschule;Sonstige;Gladbeck;Kreis Recklinghausen;3;3,0;23341;616;22;11,85
119532;Gladbeck, GG Pestalozzischule;Grundschulen;Gladbeck;Kreis Recklinghausen;3;3,0;23341;616;22;13,73
119570;Gladbeck, KG Lambertischule;Sonstige;Gladbeck;Kreis Recklinghausen;8;8,0;23341;616;22;11,85
119611;Gladbeck, GG (Verb.) Wilhelmschule;Grundschulen;Gladbeck;Kreis Recklinghausen;4;4,0;23341;616;22;13,73
119635;Mnster, GG Peter-Wust-Schule;Grundschulen;Mnster;Stadt Mnster;4;4,0;26056;404;30;12,49
119647;Mnster, KG Kreuzschule;Sonstige;Mnster;Stadt Mnster;2;2,0;26092;361;41;11,85
119659;Mnster, KG Martinischule;Sonstige;Mnster;Stadt Mnster;5;5,0;26092;361;41;11,85
119660;Mnster, GG Overberg;Grundschulen;Mnster;Stadt Mnster;3;3,0;26056;404;30;12,49
119684;Mnster, KG Mauritzschule;Sonstige;Mnster;Stadt Mnster;2;2,0;26092;361;41;11,85
119696;Mnster, KG Theresienschule;Sonstige;Mnster;Stadt Mnster;3;3,0;26092;361;41;11,85
119702;Mnster, KG Thomas-Morus-Schule;Sonstige;Mnster;Stadt Mnster;4;4,0;26092;361;41;11,85
119714;Mnster, KG Idaschule;Sonstige;Mnster;Stadt Mnster;3;3,0;26092;361;41;11,85
119740;Mnster, KG Gottfried-von-Cappenberg;Sonstige;Mnster;Stadt Mnster;6;6,0;26092;361;41;11,85
119763;Mnster, KG Dreifaltigkeits;Sonstige;Mnster;Stadt Mnster;4;4,0;26092;361;41;11,85
119775;Mnster, EG Martin-Luther;Sonstige;Mnster;Stadt Mnster;2;2,0;26092;361;41;11,85
119787;Mnster,GG Matthias-Claudius Gut Insel;Grundschulen;Mnster;Stadt Mnster;4;4,0;26056;404;30;12,49
119799;Mnster, EG Bodelschwinghschule;Sonstige;Mnster;Stadt Mnster;1;1,0;26092;361;41;11,85
119805;Mnster, GG Margareten;Grundschulen;Mnster;Stadt Mnster;3;3,0;26056;404;30;12,49
119817;Mnster, EG Paul-Schneider-Schule;Sonstige;Mnster;Stadt Mnster;4;4,0;26092;361;41;11,85
119829;Mnster, GG Ptterhoek;Grundschulen;Mnster;Stadt Mnster;2;2,0;26056;404;30;12,49
119842;Mnster, EG Melanchthonschule;Sonstige;Mnster;Stadt Mnster;9;9,0;26092;361;41;11,85
119866;Mnster, KG Hermannschule;Sonstige;Mnster;Stadt Mnster;5;5,0;26092;361;41;11,85
119878;Mnster, KG Norbertschule;Sonstige;Mnster;Stadt Mnster;6;6,0;26092;361;41;11,85
119880;Mnster, KG Aegidii-Ludgeri;Sonstige;Mnster;Stadt Mnster;3;3,0;26092;361;41;11,85
119891;Mnster, GG Dietrich-Bonhoeffer;Grundschulen;Mnster;Stadt Mnster;3;3,0;26056;404;30;12,49
119908;Mnster, EG Johannis;Sonstige;Mnster;Stadt Mnster;3;3,0;26092;361;41;11,85
119910;Mnster, KG Michaelschule;Sonstige;Mnster;Stadt Mnster;6;6,0;26092;361;41;11,85
119921;Mnster, EG Wartburg;Sonstige;Mnster;Stadt Mnster;4;4,0;26092;361;41;11,85
119945;Recklinghausen, GG (Verb.) Hochlarmark;Grundschulen;Recklinghausen;Kreis Recklinghausen;5;5,0;23341;616;22;13,2
119957;Recklinghausen, GG Ortlohschule;Grundschulen;Recklinghausen;Kreis Recklinghausen;5;5,0;23341;616;22;13,2
119969;Recklinghausen, GG Liebfrauenschule;Grundschulen;Recklinghausen;Kreis Recklinghausen;8;8,0;23341;616;22;13,2
119970;Recklinghausen, GG Gudrun-Pausewang;Grundschulen;Recklinghausen;Kreis Recklinghausen;4;4,0;23341;616;22;13,2
120017;Recklinghausen, GG Hohenzollernstraáe;Grundschulen;Recklinghausen;Kreis Recklinghausen;5;5,0;23341;616;22;13,2
120029;Recklinghausen, GG (Verb.) Im Reitwinkel;Grundschulen;Recklinghausen;Kreis Recklinghausen;8;8,0;23341;616;22;13,2
120030;Recklinghausen, GG Hillerheide;Grundschulen;Recklinghausen;Kreis Recklinghausen;4;4,0;23341;616;22;13,2
120042;Recklinghausen,GG(Verb.)Anton-Wiggermann;Sonstige;Recklinghausen;Kreis Recklinghausen;2;2,0;23341;616;22;11,85
120054;Recklinghausen, GG (Verb.) Romberg-Speck;Grundschulen;Recklinghausen;Kreis Recklinghausen;3;3,0;23341;616;22;13,2
120066;Recklinghausen, GG Marien;Grundschulen;Recklinghausen;Kreis Recklinghausen;7;7,0;23341;616;22;13,2
120169;Ahaus, GG Andreasschule Wllen;Grundschulen;Ahaus;Kreis Borken;1;1,0;26582;376;53;12,89
120170;Ahaus, KG (Verb.) Josefschule;Sonstige;Ahaus;Kreis Borken;2;2,0;26582;376;53;11,85
120182;Ahaus, KG Aabachschule;Sonstige;Ahaus;Kreis Borken;3;3,0;26582;376;53;11,85
120194;Ahaus, GG Pestalozzischule;Grundschulen;Ahaus;Kreis Borken;5;5,0;26582;376;53;12,89
120200;Gronau, GG Viktoria;Grundschulen;Gronau (Westf.);Kreis Borken;5;5,0;26582;376;53;14,21
120224;Gronau, GG Martin-Luther-Schule;Grundschulen;Gronau (Westf.);Kreis Borken;8;8,0;26582;376;53;14,21
120236;Gronau, GG Buterland;Grundschulen;Gronau (Westf.);Kreis Borken;6;6,0;26582;376;53;14,21
120248;Gronau, GG Eilermark;Grundschulen;Gronau (Westf.);Kreis Borken;5;5,0;26582;376;53;14,21
120250;Gronau, GG Lindenschule;Grundschulen;Gronau (Westf.);Kreis Borken;7;7,0;26582;376;53;14,21
120261;Stadtlohn, KG Hilgenberg;Sonstige;Stadtlohn;Kreis Borken;3;3,0;26582;376;53;11,85
120273;Stadtlohn, KG Hordt;Sonstige;Stadtlohn;Kreis Borken;2;2,0;26582;376;53;11,85
120285;Stadtlohn, KG Gescher-Dyk;Sonstige;Stadtlohn;Kreis Borken;1;1,0;26582;376;53;11,85
120297;Stadtlohn, KG Fliednerschule;Sonstige;Stadtlohn;Kreis Borken;4;4,0;26582;376;53;11,85
120315;Vreden, KG St. Marien-Schule;Sonstige;Vreden;Kreis Borken;2;2,0;26582;376;53;11,85
120327;Vreden, KG St. Norbert-Schule;Sonstige;Vreden;Kreis Borken;3;3,0;26582;376;53;11,85
120364;Vreden, GG Hamaland-Schule;Grundschulen;Vreden;Kreis Borken;1;1,0;26582;376;53;13,93
120376;Gronau, KG Georg;Sonstige;Gronau (Westf.);Kreis Borken;1;1,0;26582;376;53;11,85
120388;Gronau, KG Bernhard-Overberg;Sonstige;Gronau (Westf.);Kreis Borken;2;2,0;26582;376;53;11,85
120390;Gronau, KG Hermann-Lns-Schule;Sonstige;Gronau (Westf.);Kreis Borken;4;4,0;26582;376;53;11,85
120418;Legden, KG (Verb-) Brigiden;Sonstige;Legden;Kreis Borken;2;2,0;26582;376;53;11,85
120420;Sdlohn, KG Von-Galen;Sonstige;Sdlohn;Kreis Borken;3;3,0;26582;376;53;11,85
120431;Sdlohn, KG St. Vitus;Sonstige;Sdlohn;Kreis Borken;2;2,0;26582;376;53;11,85
120443;Schppingen, KG Brictius;Sonstige;Schppingen;Kreis Borken;2;2,0;26582;376;53;11,85
120455;Ahaus, GG Katharinenschule Alsttte;Grundschulen;Ahaus;Kreis Borken;2;2,0;26582;376;53;12,89
120467;Ahaus, KG Burgschule Ottenstein;Sonstige;Ahaus;Kreis Borken;2;2,0;26582;376;53;11,85
120480;Ahaus, GG Gottfried-von-Kappenberg;Grundschulen;Ahaus;Kreis Borken;2;2,0;26582;376;53;12,89
120492;Ahlen, GG Paul-Gerhardt-Schule;Grundschulen;Ahlen;Kreis Warendorf;4;4,0;27091;280;45;12,65
120509;Ahlen, GG Albert-Schweitzer-Schule;Grundschulen;Ahlen;Kreis Warendorf;8;8,0;27091;280;45;12,65
120510;Ahlen, GG Mammutschule;Grundschulen;Ahlen;Kreis Warendorf;7;7,0;27091;280;45;12,65
120522;Ahlen, GG Diesterwegschule;Grundschulen;Ahlen;Kreis Warendorf;9;9,0;27091;280;45;12,65
120546;Ahlen, KG Barbaraschule;Sonstige;Ahlen;Kreis Warendorf;6;6,0;27091;280;45;11,85
120558;Ahlen, KG Martinschule;Sonstige;Ahlen;Kreis Warendorf;3;3,0;27091;280;45;11,85
120560;Ahlen, KG Marien;Sonstige;Ahlen;Kreis Warendorf;5;5,0;27091;280;45;11,85
120583;Beckum, KG (Verb.) Sonnenschule;Sonstige;Beckum;Kreis Warendorf;2;2,0;27091;280;45;11,85
120595;Beckum, KG Martinschule;Sonstige;Beckum;Kreis Warendorf;3;3,0;27091;280;45;11,85
120662;Ennigerloh, KG (Verb.) St.Jakobus-Schule;Sonstige;Ennigerloh;Kreis Warendorf;3;3,0;27091;280;45;11,85
120674;Hamm, GG Stephanus;Grundschulen;Hamm;Stadt Hamm;6;6,0;26056;404;30;11,98
120686;Hamm, GG Josef;Grundschulen;Hamm;Stadt Hamm;6;6,0;26056;404;30;11,98
120698;Hamm, GG Kappenbuschschule;Grundschulen;Hamm;Stadt Hamm;4;4,0;26056;404;30;11,98
120704;Hamm, GG Gutenbergschule;Grundschulen;Hamm;Stadt Hamm;9;9,0;26056;404;30;11,98
120716;Beckum, GG Friedrich-von-Bodelschwingh;Grundschulen;Beckum;Kreis Warendorf;5;5,0;27091;280;45;14,1
120728;Beckum, GG Roncallischule;Grundschulen;Beckum;Kreis Warendorf;5;5,0;27091;280;45;14,1
120765;Lippstadt, KG Niels-Stensen-Schule;Sonstige;Lippstadt;Kreis Soest;2;2,0;25849;304;39;11,85
120777;Wadersloh, GG Gemeinsame Grundschule;Grundschulen;Wadersloh;Kreis Warendorf;2;2,0;27091;280;45;13,29
120790;Oelde, KG (Verb.) Von-Ketteler-Schule;Sonstige;Oelde;Kreis Warendorf;4;4,0;27091;280;45;11,85
120807;Oelde, KG Edith-Stein;Sonstige;Oelde;Kreis Warendorf;5;5,0;27091;280;45;11,85
120819;Oelde, EG Albert-Schweitzer-Schule;Sonstige;Oelde;Kreis Warendorf;5;5,0;27091;280;45;11,85
120832;Oelde, KG Overbergschule;Sonstige;Oelde;Kreis Warendorf;2;2,0;27091;280;45;11,85
120844;Oelde, KG Lambertus-Schule;Sonstige;Oelde;Kreis Warendorf;3;3,0;27091;280;45;11,85
120856;Ennigerloh, KG St. Marien;Sonstige;Ennigerloh;Kreis Warendorf;2;2,0;27091;280;45;11,85
120868;Sendenhorst, KG Kardinal-von-Galen;Sonstige;Sendenhorst;Kreis Warendorf;3;3,0;27091;280;45;11,85
120870;Ahlen, KG Augustin-Wibbelt;Sonstige;Ahlen;Kreis Warendorf;1;1,0;27091;280;45;11,85
120881;Isselburg, KG Anholt;Sonstige;Isselburg;Kreis Borken;2;2,0;26582;376;53;11,85
120893;Borken, KG Johann-Walling-Schule;Sonstige;Borken;Kreis Borken;5;5,0;26582;376;53;11,85
120923;Borken, KG (Verb.) Josefschule;Sonstige;Borken;Kreis Borken;2;2,0;26582;376;53;11,85
120935;Borken, KG Remigiusschule;Sonstige;Borken;Kreis Borken;2;2,0;26582;376;53;11,85
120947;Borken, KG Roncalli-Schule Weseke;Sonstige;Borken;Kreis Borken;2;2,0;26582;376;53;11,85
120959;Borken, KG Cordula-Schule;Sonstige;Borken;Kreis Borken;2;2,0;26582;376;53;11,85
120960;Borken, KG Astrid-Lindgren-Schule;Sonstige;Borken;Kreis Borken;1;1,0;26582;376;53;11,85
120972;Hamminkeln, KG Ludgerischule Dingden;Sonstige;Hamminkeln;Kreis Wesel;2;2,0;25299;463;33;11,85
120984;Rhede, KG Ludgerus;Sonstige;Rhede;Kreis Borken;3;3,0;26582;376;53;11,85
120996;Rhede, KG Overbergschule;Sonstige;Rhede;Kreis Borken;2;2,0;26582;376;53;11,85
121009;Raesfeld, KG St.-Sebastian;Sonstige;Raesfeld;Kreis Borken;2;2,0;26582;376;53;11,85
121010;Reken, GG Antoniusschule;Grundschulen;Reken;Kreis Borken;2;2,0;26582;376;53;13,44
121022;Reken, GG Michaelschule;Grundschulen;Reken;Kreis Borken;3;3,0;26582;376;53;13,44
121034;Reken, KG Ellering-Schule;Sonstige;Reken;Kreis Borken;1;1,0;26582;376;53;11,85
121046;Heiden, KG Marienschule;Sonstige;Heiden;Kreis Borken;2;2,0;26582;376;53;11,85
121095;Bocholt, KG St.-Bernhard-Schule;Sonstige;Bocholt;Kreis Borken;2;2,0;26582;376;53;11,85
121113;Bocholt, KG (Verb.) Liebfrauen;Sonstige;Bocholt;Kreis Borken;1;1,0;26582;376;53;11,85
121149;Velen, KG Walburgisschule;Sonstige;Velen;Kreis Borken;2;2,0;26582;376;53;11,85
121150;Velen, KG Andreas-Schule;Sonstige;Velen;Kreis Borken;2;2,0;26582;376;53;11,85
121162;Coesfeld, KG Maria-Frieden-Schule;Sonstige;Coesfeld;Kreis Coesfeld;2;2,0;27654;223;39;11,85
121174;Coesfeld, KG Ludgerischule;Sonstige;Coesfeld;Kreis Coesfeld;2;2,0;27654;223;39;11,85
121186;Coesfeld, KG Laurentiusschule;Sonstige;Coesfeld;Kreis Coesfeld;2;2,0;27654;223;39;11,85
121198;Coesfeld, KG Lamberti;Sonstige;Coesfeld;Kreis Coesfeld;2;2,0;27654;223;39;11,85
121216;Coesfeld, EG Martin-Luther-Schule;Sonstige;Coesfeld;Kreis Coesfeld;2;2,0;27654;223;39;11,85
121241;Dlmen, EG (Verb.) P.-Gerhardt/K.-v.-Gal;Sonstige;Dlmen;Kreis Coesfeld;4;4,0;27654;223;39;11,85
121253;Dlmen, KG Augustinusschule;Sonstige;Dlmen;Kreis Coesfeld;3;3,0;27654;223;39;11,85
121265;Dlmen, KG (Verb)Anna-Katharina-Emmerick;Sonstige;Dlmen;Kreis Coesfeld;2;2,0;27654;223;39;11,85
121289;Billerbeck, KG Ludgerischule;Sonstige;Billerbeck;Kreis Coesfeld;2;2,0;27654;223;39;11,85
121290;Dlmen, KG Ludgerusschule;Sonstige;Dlmen;Kreis Coesfeld;2;2,0;27654;223;39;11,85
121307;Dlmen, KG St. Georg;Sonstige;Dlmen;Kreis Coesfeld;1;1,0;27654;223;39;11,85
121320;Gescher, GG Von-Galen-Schule;Grundschulen;Gescher;Kreis Borken;3;3,0;26582;376;53;14,44
121332;Gescher, GG (Verb.) Hand in Hand;Grundschulen;Gescher;Kreis Borken;2;2,0;26582;376;53;14,44
121368;Dlmen, KG St. Mauritius;Sonstige;Dlmen;Kreis Coesfeld;2;2,0;27654;223;39;11,85
121393;Rosendahl, KG Nikolausschule;Sonstige;Rosendahl;Kreis Coesfeld;1;1,0;27654;223;39;11,85
121400;Rosendahl, KG Antoniusschule;Sonstige;Rosendahl;Kreis Coesfeld;2;2,0;27654;223;39;11,85
121411;Rosendahl, KG Sebastianschule;Sonstige;Rosendahl;Kreis Coesfeld;2;2,0;27654;223;39;11,85
121423;Nottuln, KG Sebastianschule;Sonstige;Nottuln;Kreis Coesfeld;1;1,0;27654;223;39;11,85
121435;Coesfeld, KG Kardinal-von-Galen-Schule;Sonstige;Coesfeld;Kreis Coesfeld;2;2,0;27654;223;39;11,85
121459;Hamm, GG Freiligrath;Grundschulen;Hamm;Stadt Hamm;5;5,0;26056;404;30;11,98
121460;Hamm, KG Von-Vincke;Sonstige;Hamm;Stadt Hamm;2;2,0;26092;361;41;11,85
121472;Hamm, GG Talschule;Grundschulen;Hamm;Stadt Hamm;5;5,0;26056;404;30;11,98
121484;Hamm, KG Overberg;Sonstige;Hamm;Stadt Hamm;2;2,0;26092;361;41;11,85
121496;Werne, KG Wiehagenschule;Sonstige;Werne;Kreis Unna;3;3,0;24163;396;10;11,85
121526;Werne, KG Uhland;Sonstige;Werne;Kreis Unna;3;3,0;24163;396;10;11,85
121538;Ascheberg, KG (Verb.) Lambertusschule;Sonstige;Ascheberg;Kreis Coesfeld;2;2,0;27654;223;39;11,85
121551;Senden, GG Dietrich-Bonhoeffer-Schule;Grundschulen;Senden;Kreis Coesfeld;2;2,0;27654;223;39;11,31
121563;Senden, GG Marienschule;Grundschulen;Senden;Kreis Coesfeld;5;5,0;27654;223;39;11,31
121575;Drensteinfurt, KG Kardinal-von-Galen;Sonstige;Drensteinfurt;Kreis Warendorf;2;2,0;27091;280;45;11,85
121587;Drensteinfurt, KG Lambertus;Sonstige;Drensteinfurt;Kreis Warendorf;2;2,0;27091;280;45;11,85
121599;Lnen, GG Matthias-Claudius-Schule;Grundschulen;Lnen;Kreis Unna;2;2,0;24163;396;10;12,49
121605;Lnen, GG am Heikenberg;Grundschulen;Lnen;Kreis Unna;4;4,0;24163;396;10;12,49
121629;Lnen, KG Kardinal-von-Galen-Schule;Sonstige;Lnen;Kreis Unna;2;2,0;24163;396;10;11,85
121630;Lnen, KG Gottfriedschule;Sonstige;Lnen;Kreis Unna;2;2,0;24163;396;10;11,85
121654;Selm, GG (Verb.) Auf den ckern;Grundschulen;Selm;Kreis Unna;3;3,0;24163;396;10;12,87
121680;Selm, KG Ludgeri;Sonstige;Selm;Kreis Unna;2;2,0;24163;396;10;11,85
121691;Ascheberg, KG Marien;Sonstige;Ascheberg;Kreis Coesfeld;2;2,0;27654;223;39;11,85
121708;Werne, KG Kardinal-von-Galen-Schule;Sonstige;Werne;Kreis Unna;2;2,0;24163;396;10;11,85
121721;Ldinghausen, KG Ostwallschule;Sonstige;Ldinghausen;Kreis Coesfeld;2;2,0;27654;223;39;11,85
121733;Ldinghausen, KG Ludgeri;Sonstige;Ldinghausen;Kreis Coesfeld;4;4,0;27654;223;39;11,85
121745;Ldinghausen, KG Marien;Sonstige;Ldinghausen;Kreis Coesfeld;2;2,0;27654;223;39;11,85
121769;Nordkirchen, KG Mauritiusschule;Sonstige;Nordkirchen;Kreis Coesfeld;1;1,0;27654;223;39;11,85
121770;Nordkirchen, KG (Verb.) Hauptstraáe;Sonstige;Nordkirchen;Kreis Coesfeld;1;1,0;27654;223;39;11,85
121794;Olfen, KG Wieschhofschule;Sonstige;Olfen;Kreis Coesfeld;2;2,0;27654;223;39;11,85
121800;Senden, KG Davert;Sonstige;Senden;Kreis Coesfeld;2;2,0;27654;223;39;11,85
121812;Greven, EG Martin-Luther-Schule;Sonstige;Greven;Kreis Steinfurt;3;3,0;25795;453;45;11,85
121836;Greven, KG St. Marien Schule;Sonstige;Greven;Kreis Steinfurt;3;3,0;25795;453;45;11,85
121848;Greven, KG St.Martini;Sonstige;Greven;Kreis Steinfurt;5;5,0;25795;453;45;11,85
121850;Greven, GG Erich Kstner Grundschule;Grundschulen;Greven;Kreis Steinfurt;2;2,0;25795;453;45;13,32
121861;Greven, KG St. Josef Schule;Sonstige;Greven;Kreis Steinfurt;2;2,0;25795;453;45;11,85
121885;Havixbeck, KG Baumberge-Schule;Sonstige;Havixbeck;Kreis Coesfeld;2;2,0;27654;223;39;11,85
121897;Saerbeck, KG St. Georg;Sonstige;Saerbeck;Kreis Steinfurt;3;3,0;25795;453;45;11,85
121903;Emsdetten, KG Emanuel-von-Ketteler;Sonstige;Emsdetten;Kreis Steinfurt;1;1,0;25795;453;45;11,85
121915;Nottuln, KG Marienschule;Sonstige;Nottuln;Kreis Coesfeld;4;4,0;27654;223;39;11,85
121927;Nottuln, KG St. Martinus-Schule;Sonstige;Nottuln;Kreis Coesfeld;2;2,0;27654;223;39;11,85
121940;Mnster, GG Ludgerusschule;Grundschulen;Mnster;Stadt Mnster;4;4,0;26056;404;30;12,49
121964;Mnster,KG A.v.-Droste-Hlshoff Nienbe.;Sonstige;Mnster;Stadt Mnster;3;3,0;26092;361;41;11,85
121976;Mnster,KG Marienschule Roxel;Sonstige;Mnster;Stadt Mnster;3;3,0;26092;361;41;11,85
121988;Mnster, KG Loevelingloh;Sonstige;Mnster;Stadt Mnster;2;2,0;26092;361;41;11,85
121990;Mnster, KG Davertschule;Sonstige;Mnster;Stadt Mnster;3;3,0;26092;361;41;11,85
122002;Mnster,GG Matthias-Claudius Drostestr.;Grundschulen;Mnster;Stadt Mnster;3;3,0;26056;404;30;12,49
122014;Mnster, KG Kardinal-von-Galen;Sonstige;Mnster;Stadt Mnster;2;2,0;26092;361;41;11,85
122026;Mnster, GG Paul-Gerhardt-Schule;Grundschulen;Mnster;Stadt Mnster;3;3,0;26056;404;30;12,49
122038;Mnster, KG Ludgerusschule;Sonstige;Mnster;Stadt Mnster;4;4,0;26092;361;41;11,85
122040;Mnster, KG Clemensschule Hiltrup;Sonstige;Mnster;Stadt Mnster;4;4,0;26092;361;41;11,85
122051;Mnster, KG Marienschule Hiltrup;Sonstige;Mnster;Stadt Mnster;2;2,0;26092;361;41;11,85
122063;Mnster, GG Astrid-Lindgren-Schule;Grundschulen;Mnster;Stadt Mnster;2;2,0;26056;404;30;12,49
122087;Mnster, KG Sprakel;Sonstige;Mnster;Stadt Mnster;3;3,0;26092;361;41;11,85
122099;Mnster, KG Pleisterschule;Sonstige;Mnster;Stadt Mnster;1;1,0;26092;361;41;11,85
122117;Telgte, GG Brder-Grimm-Schule;Grundschulen;Telgte;Kreis Warendorf;2;2,0;27091;280;45;12,13
122129;Telgte, GG Marienschule;Grundschulen;Telgte;Kreis Warendorf;3;3,0;27091;280;45;12,13
122130;Telgte, KG St. Christophorus;Sonstige;Telgte;Kreis Warendorf;2;2,0;27091;280;45;11,85
122142;Sendenhorst, KG Ludgerus;Sonstige;Sendenhorst;Kreis Warendorf;1;1,0;27091;280;45;11,85
122166;Mnster,KG Annette-v.-Droste-Hlsh.Ange.;Sonstige;Mnster;Stadt Mnster;3;3,0;26092;361;41;11,85
122178;Mnster, GG Eichendorff;Grundschulen;Mnster;Stadt Mnster;6;6,0;26056;404;30;12,49
122180;Drensteinfurt, KG Rinkerode;Sonstige;Drensteinfurt;Kreis Warendorf;2;2,0;27091;280;45;11,85
122191;Mnster, KG Nikolaischule Wolbeck;Sonstige;Mnster;Stadt Mnster;4;4,0;26092;361;41;11,85
122208;Haltern, KG Marienschule;Sonstige;Haltern am See;Kreis Recklinghausen;5;5,0;23341;616;22;11,85
122210;Haltern, KG Silverbergschule;Sonstige;Haltern am See;Kreis Recklinghausen;2;2,0;23341;616;22;11,85
122221;Haltern, EG (Verb.) Katharina-von-Bora;Sonstige;Haltern am See;Kreis Recklinghausen;2;2,0;23341;616;22;11,85
122245;Herten, GG Ludgerusschule;Grundschulen;Herten;Kreis Recklinghausen;7;7,0;23341;616;22;12,26
122257;Herten, GG (Verb.) Sder Grundschule;Grundschulen;Herten;Kreis Recklinghausen;5;5,0;23341;616;22;12,26
122269;Herten, GG Waldschule;Grundschulen;Herten;Kreis Recklinghausen;2;2,0;23341;616;22;12,26
122270;Herten, GG Herten-Mitte;Grundschulen;Herten;Kreis Recklinghausen;6;6,0;23341;616;22;12,26
122282;Herten, GG Goetheschule;Grundschulen;Herten;Kreis Recklinghausen;3;3,0;23341;616;22;12,26
122294;Herten, GG Comenius;Grundschulen;Herten;Kreis Recklinghausen;1;1,0;23341;616;22;12,26
122336;Herten, GG Martini;Grundschulen;Herten;Kreis Recklinghausen;4;4,0;23341;616;22;12,26
122348;Bottrop, GG (Verb.) Gregor./Marienschule;Grundschulen;Bottrop;Stadt Bottrop;1;1,0;26056;404;30;11,96
122373;Bottrop, KG Grafenwald;Sonstige;Bottrop;Stadt Bottrop;1;1,0;26092;361;41;11,85
122385;Bottrop, KG (Verb.) Johannesschule;Sonstige;Bottrop;Stadt Bottrop;2;2,0;26092;361;41;11,85
122403;Datteln, GG Albert-Schweitzer-Schule;Grundschulen;Datteln;Kreis Recklinghausen;2;2,0;23341;616;22;12,5
122415;Datteln, EG Bckenheckschule;Sonstige;Datteln;Kreis Recklinghausen;5;5,0;23341;616;22;11,85
122439;Datteln, KG Meckinghoven;Sonstige;Datteln;Kreis Recklinghausen;3;3,0;23341;616;22;11,85
122440;Datteln, GG Gustav-Adolf-Schule;Grundschulen;Datteln;Kreis Recklinghausen;5;5,0;23341;616;22;12,5
122464;Datteln, KG Lohschule;Sonstige;Datteln;Kreis Recklinghausen;4;4,0;23341;616;22;11,85
122476;Haltern, KG (Verb.) Heideschule;Sonstige;Haltern am See;Kreis Recklinghausen;1;1,0;23341;616;22;11,85
122488;Oer-Erkenschwick, GG Clemens-Hppe;Grundschulen;Oer-Erkenschwick;Kreis Recklinghausen;5;5,0;23341;616;22;13,62
122490;Oer-Erkenschwick, GG Ewaldschule;Grundschulen;Oer-Erkenschwick;Kreis Recklinghausen;3;3,0;23341;616;22;13,62
122506;Oer-Erkenschwick, GG Haardschule;Grundschulen;Oer-Erkenschwick;Kreis Recklinghausen;3;3,0;23341;616;22;13,62
122518;Oer-Erkenschwick, EG Albert-Schweitzer;Sonstige;Oer-Erkenschwick;Kreis Recklinghausen;6;6,0;23341;616;22;11,85
122555;Dorsten, GG Albert-Schweitzer;Grundschulen;Dorsten;Kreis Recklinghausen;3;3,0;23341;616;22;12,66
122579;Dorsten, GG Pestalozzischule;Grundschulen;Dorsten;Kreis Recklinghausen;2;2,0;23341;616;22;12,66
122580;Dorsten, GG Antoniusschule;Grundschulen;Dorsten;Kreis Recklinghausen;2;2,0;23341;616;22;12,66
122592;Dorsten, GG (Verb.) Augustaschule;Grundschulen;Dorsten;Kreis Recklinghausen;4;4,0;23341;616;22;12,66
122610;Dorsten, KG Agathaschule;Sonstige;Dorsten;Kreis Recklinghausen;2;2,0;23341;616;22;11,85
122646;Dorsten, KG Don-Bosco;Sonstige;Dorsten;Kreis Recklinghausen;1;1,0;23341;616;22;11,85
122658;Dorsten, KG Urbanus;Sonstige;Dorsten;Kreis Recklinghausen;1;1,0;23341;616;22;11,85
122660;Dorsten, KG Wittenbrinkschule;Sonstige;Dorsten;Kreis Recklinghausen;1;1,0;23341;616;22;11,85
122713;Marl, GG Kthe-Kollwitz-Schule;Grundschulen;Marl;Kreis Recklinghausen;4;4,0;23341;616;22;13,98
122737;Marl, GG Sickingmhleschule;Grundschulen;Marl;Kreis Recklinghausen;1;1,0;23341;616;22;13,98
122749;Marl, GG Goethe;Grundschulen;Marl;Kreis Recklinghausen;5;5,0;23341;616;22;13,98
122774;Marl, GG August-Dhr-Schule;Grundschulen;Marl;Kreis Recklinghausen;7;7,0;23341;616;22;13,98
122798;Marl, GG Martin-Buber-Schule;Grundschulen;Marl;Kreis Recklinghausen;9;9,0;23341;616;22;13,98
122804;Marl, GG Pestalozzi;Grundschulen;Marl;Kreis Recklinghausen;6;6,0;23341;616;22;13,98
122816;Marl, GG Haard-/Johannesschule;Grundschulen;Marl;Kreis Recklinghausen;4;4,0;23341;616;22;13,98
122828;Marl, GG Harkortschule;Grundschulen;Marl;Kreis Recklinghausen;5;5,0;23341;616;22;13,98
122830;Marl, GG Bonifatiusschule;Grundschulen;Marl;Kreis Recklinghausen;7;7,0;23341;616;22;13,98
122841;Marl, KG Canisiusschule;Sonstige;Marl;Kreis Recklinghausen;5;5,0;23341;616;22;11,85
122889;Marl, GG Overberg;Grundschulen;Marl;Kreis Recklinghausen;2;2,0;23341;616;22;13,98
122907;Marl, KG Aloysiusschule;Sonstige;Marl;Kreis Recklinghausen;2;2,0;23341;616;22;11,85
122920;Herten, GG Barbaraschule;Grundschulen;Herten;Kreis Recklinghausen;6;6,0;23341;616;22;12,26
122932;Marl, KG Bartholomusschule;Sonstige;Marl;Kreis Recklinghausen;1;1,0;23341;616;22;11,85
122944;Castrop-Rauxel, KG Alter Garten;Sonstige;Castrop-Rauxel;Kreis Recklinghausen;2;2,0;23341;616;22;11,85
122968;Waltrop, GG (Verb.) Lindgren Schule;Grundschulen;Waltrop;Kreis Recklinghausen;3;3,0;23341;616;22;13,47
122970;Waltrop, GG Kardinal-von-Galen;Grundschulen;Waltrop;Kreis Recklinghausen;3;3,0;23341;616;22;13,47
122981;Waltrop, GG August-Hermann-Francke;Grundschulen;Waltrop;Kreis Recklinghausen;2;2,0;23341;616;22;13,47
123018;Steinfurt, KG Marien;Sonstige;Steinfurt;Kreis Steinfurt;3;3,0;25795;453;45;11,85
123031;Steinfurt, GG Dumte;Grundschulen;Steinfurt;Kreis Steinfurt;2;2,0;25795;453;45;12,65
123043;Steinfurt, GG Regenbogenschule;Grundschulen;Steinfurt;Kreis Steinfurt;3;3,0;25795;453;45;12,65
123055;Steinfurt, GG Bismarck;Grundschulen;Steinfurt;Kreis Steinfurt;5;5,0;25795;453;45;12,65
123067;Steinfurt, GG (Verb.) Graf-Ludwig-Schule;Grundschulen;Steinfurt;Kreis Steinfurt;3;3,0;25795;453;45;12,65
123080;Emsdetten, KG Josefschule;Sonstige;Emsdetten;Kreis Steinfurt;2;2,0;25795;453;45;11,85
123092;Emsdetten, KG Hollingen;Sonstige;Emsdetten;Kreis Steinfurt;2;2,0;25795;453;45;11,85
123109;Emsdetten, KG Johannesschule;Sonstige;Emsdetten;Kreis Steinfurt;4;4,0;25795;453;45;11,85
123134;Emsdetten, KG Kardinal-von-Galen;Sonstige;Emsdetten;Kreis Steinfurt;4;4,0;25795;453;45;11,85
123146;Emsdetten, KG Wilhelmschule;Sonstige;Emsdetten;Kreis Steinfurt;4;4,0;25795;453;45;11,85
123158;Rheine, GG Edith-Stein-Schule;Grundschulen;Rheine;Kreis Steinfurt;4;4,0;25795;453;45;12,57
123160;Rheine, GG Ludgerusschule Schotthock;Grundschulen;Rheine;Kreis Steinfurt;9;9,0;25795;453;45;12,57
123183;Rheine, GG Annetteschule;Grundschulen;Rheine;Kreis Steinfurt;4;4,0;25795;453;45;12,57
123195;Rheine, GG Johannesschule;Grundschulen;Rheine;Kreis Steinfurt;4;4,0;25795;453;45;12,57
123201;Rheine, GG Michaelschule;Grundschulen;Rheine;Kreis Steinfurt;7;7,0;25795;453;45;12,57
123213;Rheine, GG Gertruden;Grundschulen;Rheine;Kreis Steinfurt;2;2,0;25795;453;45;12,57
123225;Rheine, GG Bodelschwinghschule;Grundschulen;Rheine;Kreis Steinfurt;6;6,0;25795;453;45;12,57
123237;Rheine, GG Paul-Gerhardt;Grundschulen;Rheine;Kreis Steinfurt;3;3,0;25795;453;45;12,57
123249;Rheine, KG Sdesch;Sonstige;Rheine;Kreis Steinfurt;5;5,0;25795;453;45;11,85
123262;Metelen, KG St.-Vitus-Grundschule;Grundschulen;Metelen;Kreis Steinfurt;2;2,0;25795;453;45;12,0
123274;Neuenkirchen, KG Ludgeri;Sonstige;Neuenkirchen;Kreis Steinfurt;2;2,0;25795;453;45;11,85
123298;Neuenkirchen,KG (Verb) Lindenschule;Sonstige;Neuenkirchen;Kreis Steinfurt;2;2,0;25795;453;45;11,85
123304;Nordwalde, KG Gangolf;Sonstige;Nordwalde;Kreis Steinfurt;4;4,0;25795;453;45;11,85
123316;Nordwalde, KG Wichern;Sonstige;Nordwalde;Kreis Steinfurt;3;3,0;25795;453;45;11,85
123328;Wettringen, KG Ludgerusschule;Sonstige;Wettringen;Kreis Steinfurt;2;2,0;25795;453;45;11,85
123341;Horstmar, KG (Verb.) Astrid-Lindgren;Sonstige;Horstmar;Kreis Steinfurt;3;3,0;25795;453;45;11,85
123353;Laer, KG Werner-Rolevinck-Schule;Sonstige;Laer;Kreis Steinfurt;3;3,0;25795;453;45;11,85
123365;Ochtrup, KG von-Galen-Schule;Sonstige;Ochtrup;Kreis Steinfurt;1;1,0;25795;453;45;11,85
123377;Ochtrup, KG Lamberti;Sonstige;Ochtrup;Kreis Steinfurt;2;2,0;25795;453;45;11,85
123389;Ochtrup, KG Marienschule;Sonstige;Ochtrup;Kreis Steinfurt;4;4,0;25795;453;45;11,85
123407;Rheine, KG Franziskus;Sonstige;Rheine;Kreis Steinfurt;2;2,0;25795;453;45;11,85
123419;Rheine,KG (Verb) Johannessch.Mesum/Elte;Sonstige;Rheine;Kreis Steinfurt;3;3,0;25795;453;45;11,85
123420;Rheine, KG Kardinal-von-Galen;Sonstige;Rheine;Kreis Steinfurt;2;2,0;25795;453;45;11,85
123444;Rheine, KG Marien;Sonstige;Rheine;Kreis Steinfurt;3;3,0;25795;453;45;11,85
123468;Rheine, KG (Verb.) Canisiusschule;Sonstige;Rheine;Kreis Steinfurt;3;3,0;25795;453;45;11,85
123470;Lengerich, GG Stadtfeldmark;Grundschulen;Lengerich;Kreis Steinfurt;4;4,0;25795;453;45;12,31
123481;Lengerich, GG Kirchpatt;Grundschulen;Lengerich;Kreis Steinfurt;4;4,0;25795;453;45;12,31
123493;Lengerich, GG Intrup;Grundschulen;Lengerich;Kreis Steinfurt;7;7,0;25795;453;45;12,31
123500;Lengerich, GG Hohne;Grundschulen;Lengerich;Kreis Steinfurt;5;5,0;25795;453;45;12,31
123511;Ladbergen, GG Auf dem Rott;Grundschulen;Ladbergen;Kreis Steinfurt;3;3,0;25795;453;45;13,25
123523;Lienen, GG Schulstr.;Grundschulen;Lienen;Kreis Steinfurt;2;2,0;25795;453;45;12,2
123535;Lienen, GG Kattenvenne;Grundschulen;Lienen;Kreis Steinfurt;2;2,0;25795;453;45;12,2
123559;Mettingen, GG Paul-Gerhardt-Schule;Grundschulen;Mettingen;Kreis Steinfurt;4;4,0;25795;453;45;12,71
123572;Mettingen, KG Ludgeri-Schule;Sonstige;Mettingen;Kreis Steinfurt;2;2,0;25795;453;45;11,85
123596;Recke, KG Raphael;Sonstige;Recke;Kreis Steinfurt;2;2,0;25795;453;45;11,85
123602;Recke, KG Overberg;Sonstige;Recke;Kreis Steinfurt;3;3,0;25795;453;45;11,85
123614;Westerkappeln, GG Handarpe;Grundschulen;Westerkappeln;Kreis Steinfurt;1;1,0;25795;453;45;12,57
123626;Westerkappeln, GG am Bullerdiek;Grundschulen;Westerkappeln;Kreis Steinfurt;2;2,0;25795;453;45;12,57
123640;Hopsten, KG (Verb.) Franziskusschule;Sonstige;Hopsten;Kreis Steinfurt;2;2,0;25795;453;45;11,85
123663;Ibbenbren, GG Barbara;Grundschulen;Ibbenbren;Kreis Steinfurt;2;2,0;25795;453;45;12,49
123705;Ibbenbren,GG Kardinal-v-Galen-Europasch;Grundschulen;Ibbenbren;Kreis Steinfurt;2;2,0;25795;453;45;12,49
123730;Ibbenbren, GG Ludgeri;Grundschulen;Ibbenbren;Kreis Steinfurt;2;2,0;25795;453;45;12,49
123754;Ibbenbren, GG Michaelschule;Grundschulen;Ibbenbren;Kreis Steinfurt;3;3,0;25795;453;45;12,49
123766;Ibbenbren, GG Johannes-Bosco-Schule;Grundschulen;Ibbenbren;Kreis Steinfurt;1;1,0;25795;453;45;12,49
123780;Ibbenbren, GG Albert-Schweitzer;Grundschulen;Ibbenbren;Kreis Steinfurt;3;3,0;25795;453;45;12,49
123791;Lotte, GG Osnabrcker Str.;Grundschulen;Lotte;Kreis Steinfurt;4;4,0;25795;453;45;12,11
123808;Lotte, GG Wersen;Grundschulen;Lotte;Kreis Steinfurt;3;3,0;25795;453;45;12,11
123810;Lotte, GG Regenbogenschule;Grundschulen;Lotte;Kreis Steinfurt;3;3,0;25795;453;45;12,11
123821;Hrstel, KG St. Antonius;Sonstige;Hrstel;Kreis Steinfurt;2;2,0;25795;453;45;11,85
123833;Hrstel, KG St. Anna;Sonstige;Hrstel;Kreis Steinfurt;3;3,0;25795;453;45;11,85
123857;Hrstel, KG St. Ludgerus;Sonstige;Hrstel;Kreis Steinfurt;2;2,0;25795;453;45;11,85
123869;Hrstel, KG St.Bonifatius Schule;Sonstige;Hrstel;Kreis Steinfurt;2;2,0;25795;453;45;11,85
123870;Hrstel, KG Snte-Rendel;Sonstige;Hrstel;Kreis Steinfurt;3;3,0;25795;453;45;11,85
123882;Tecklenburg, GG (Verb) Teutoburger Wald;Grundschulen;Tecklenburg;Kreis Steinfurt;2;2,0;25795;453;45;14,0
123924;Warendorf, EG Bodelschwinghschule;Sonstige;Warendorf;Kreis Warendorf;2;2,0;27091;280;45;11,85
123936;Warendorf, GG Laurentiusschule;Grundschulen;Warendorf;Kreis Warendorf;4;4,0;27091;280;45;12,41
123948;Warendorf, KG Overbergschule;Sonstige;Warendorf;Kreis Warendorf;5;5,0;27091;280;45;11,85
123950;Warendorf, KG Josef;Sonstige;Warendorf;Kreis Warendorf;3;3,0;27091;280;45;11,85
123961;Everswinkel, KG (Verb.) am Kehlbach;Sonstige;Everswinkel;Kreis Warendorf;3;3,0;27091;280;45;11,85
123973;Sassenberg, KG Johannes;Sonstige;Sassenberg;Kreis Warendorf;3;3,0;27091;280;45;11,85
123985;Sassenberg, GG Wilh.-Emanuel-v.-Ketteler;Grundschulen;Sassenberg;Kreis Warendorf;3;3,0;27091;280;45;13,44
123997;Warendorf, GG Dechant-Wessing-Schule;Grundschulen;Warendorf;Kreis Warendorf;3;3,0;27091;280;45;12,41
124000;Warendorf, KG Everwordschule;Sonstige;Warendorf;Kreis Warendorf;3;3,0;27091;280;45;11,85
124011;Beelen, GG Gaffelstadt;Grundschulen;Beelen;Kreis Warendorf;3;3,0;27091;280;45;13,25
124059;Harsewinkel, KG Kardinal-von-Galen;Sonstige;Harsewinkel;Kreis Gtersloh;4;4,0;26092;361;41;11,85
124060;Harsewinkel,GG(Verb.)Astrid-Lind/St.Joh.;Sonstige;Harsewinkel;Kreis Gtersloh;5;5,0;26092;361;41;11,85
124084;Harsewinkel, GG Marienschule;Grundschulen;Harsewinkel;Kreis Gtersloh;3;3,0;26056;404;30;13,69
124102;Warendorf, KG (Verb) W.-Achtermann-Milte;Sonstige;Warendorf;Kreis Warendorf;2;2,0;27091;280;45;11,85
124114;Ostbevern, KG Ambrosius;Sonstige;Ostbevern;Kreis Warendorf;3;3,0;27091;280;45;11,85
124126;Bielefeld, KG Klosterschule;Sonstige;Bielefeld;Stadt Bielefeld;3;3,0;26092;361;41;11,85
124138;Bielefeld, GG Sudbrack;Grundschulen;Bielefeld;Stadt Bielefeld;7;7,0;26056;404;30;11,19
124151;Bielefeld, GG Osningschule;Grundschulen;Bielefeld;Stadt Bielefeld;8;8,0;26056;404;30;11,19
124163;Bielefeld, GG Diesterwegschule;Grundschulen;Bielefeld;Stadt Bielefeld;3;3,0;26056;404;30;11,19
124175;Bielefeld, GG Volkeningschule;Grundschulen;Bielefeld;Stadt Bielefeld;7;7,0;26056;404;30;11,19
124187;Bielefeld, GG Eichendorffschule;Grundschulen;Bielefeld;Stadt Bielefeld;5;5,0;26056;404;30;11,19
124199;Bielefeld, GG (Verb.) Wel-Hob-Uer;Grundschulen;Bielefeld;Stadt Bielefeld;2;2,0;26056;404;30;11,19
124205;Bielefeld, GG Ruáheideschule;Grundschulen;Bielefeld;Stadt Bielefeld;7;7,0;26056;404;30;11,19
124217;Bielefeld, GG Plaá;Grundschulen;Bielefeld;Stadt Bielefeld;6;6,0;26056;404;30;11,19
124229;Bielefeld, GG (Verb.) Hellingskampschule;Grundschulen;Bielefeld;Stadt Bielefeld;9;9,0;26056;404;30;11,19
124230;Bielefeld, GG Bckardtschule;Grundschulen;Bielefeld;Stadt Bielefeld;9;9,0;26056;404;30;11,19
124242;Bielefeld, GG Wellbachschule;Grundschulen;Bielefeld;Stadt Bielefeld;9;9,0;26056;404;30;11,19
124254;Bielefeld, GG Martinschule;Grundschulen;Bielefeld;Stadt Bielefeld;4;4,0;26056;404;30;11,19
124266;Bielefeld, GG Stieghorst;Grundschulen;Bielefeld;Stadt Bielefeld;8;8,0;26056;404;30;11,19
124278;Bielefeld, GG Frbelschule;Grundschulen;Bielefeld;Stadt Bielefeld;5;5,0;26056;404;30;11,19
124280;Bielefeld, GG Stapenhorstschule;Grundschulen;Bielefeld;Stadt Bielefeld;4;4,0;26056;404;30;11,19
124291;Bielefeld, GG Stifts;Grundschulen;Bielefeld;Stadt Bielefeld;5;5,0;26056;404;30;11,19
124308;Bielefeld, GG Frlenbergschule;Grundschulen;Bielefeld;Stadt Bielefeld;6;6,0;26056;404;30;11,19
124310;Bielefeld, GG Vogelruthschule;Grundschulen;Bielefeld;Stadt Bielefeld;9;9,0;26056;404;30;11,19
124321;Bielefeld, GG Brocker Schule;Grundschulen;Bielefeld;Stadt Bielefeld;7;7,0;26056;404;30;11,19
124333;Bielefeld, GG Queller-Schule;Grundschulen;Bielefeld;Stadt Bielefeld;3;3,0;26056;404;30;11,19
124345;Bielefeld, GG Ummeln;Grundschulen;Bielefeld;Stadt Bielefeld;5;5,0;26056;404;30;11,19
124357;Bielefeld, GG Sdschule;Grundschulen;Bielefeld;Stadt Bielefeld;7;7,0;26056;404;30;11,19
124370;Schloá Holte-Stukenbrock, GG Michael;Grundschulen;Schloss Holte-Stukenbrock;Kreis Gtersloh;3;3,0;26056;404;30;12,65
124382;Schloá Holte-Stukenbrock, KG Stukenbrock;Sonstige;Schloss Holte-Stukenbrock;Kreis Gtersloh;3;3,0;26092;361;41;11,85
124394;Bielefeld, GG Bahnhofschule;Grundschulen;Bielefeld;Stadt Bielefeld;5;5,0;26056;404;30;11,19
124400;Bielefeld, GG Windflte;Grundschulen;Bielefeld;Stadt Bielefeld;7;7,0;26056;404;30;11,19
124412;Bielefeld, GG Buschkamp;Grundschulen;Bielefeld;Stadt Bielefeld;3;3,0;26056;404;30;11,19
124424;Bielefeld, GG Brder-Grimm-Schule;Grundschulen;Bielefeld;Stadt Bielefeld;7;7,0;26056;404;30;11,19
124436;Bielefeld, GG Hans-Christian-Andersen;Grundschulen;Bielefeld;Stadt Bielefeld;7;7,0;26056;404;30;11,19
124448;Bielefeld, GG Astrid-Lindgren-Schule;Grundschulen;Bielefeld;Stadt Bielefeld;6;6,0;26056;404;30;11,19
124450;Bielefeld, GG Babenhausen;Grundschulen;Bielefeld;Stadt Bielefeld;2;2,0;26056;404;30;11,19
124461;Bielefeld,GG (Verb) Dornberg-Schrttingh;Grundschulen;Bielefeld;Stadt Bielefeld;2;2,0;26056;404;30;11,19
124497;Bielefeld, GG Altenhagen;Grundschulen;Bielefeld;Stadt Bielefeld;3;3,0;26056;404;30;11,19
124503;Bielefeld, GG Brake;Grundschulen;Bielefeld;Stadt Bielefeld;6;6,0;26056;404;30;11,19
124515;Bielefeld, GG Am Homersen;Grundschulen;Bielefeld;Stadt Bielefeld;2;2,0;26056;404;30;11,19
124527;Bielefeld, GG Heeperholz;Grundschulen;Bielefeld;Stadt Bielefeld;4;4,0;26056;404;30;11,19
124539;Bielefeld, GG Hillegossen;Grundschulen;Bielefeld;Stadt Bielefeld;6;6,0;26056;404;30;11,19
124540;Bielefeld, GG Milse;Grundschulen;Bielefeld;Stadt Bielefeld;6;6,0;26056;404;30;11,19
124552;Bielefeld, GG Oldentrup;Grundschulen;Bielefeld;Stadt Bielefeld;7;7,0;26056;404;30;11,19
124564;Bielefeld, GG Ubbedissen;Grundschulen;Bielefeld;Stadt Bielefeld;2;2,0;26056;404;30;11,19
124576;Bielefeld, GG Dreekerheide;Grundschulen;Bielefeld;Stadt Bielefeld;5;5,0;26056;404;30;11,19
124588;Bielefeld, GG Theesen;Grundschulen;Bielefeld;Stadt Bielefeld;2;2,0;26056;404;30;11,19
124590;Bielefeld, GG Vilsendorf;Grundschulen;Bielefeld;Stadt Bielefeld;4;4,0;26056;404;30;11,19
124606;Bren, GG (Verb.) Wegwarte;Grundschulen;Bren;Kreis Paderborn;4;4,0;25097;312;27;12,49
124618;Lichtenau, KG Altenautal;Sonstige;Lichtenau;Kreis Paderborn;2;2,0;25097;312;27;11,85
124631;Bad Wnnenberg, KG Haaren;Sonstige;Bad Wnnenberg;Kreis Paderborn;2;2,0;25097;312;27;11,85
124679;Bren, KG (Verb.) Almetal;Sonstige;Bren;Kreis Paderborn;1;1,0;25097;312;27;11,85
124692;Lichtenau, KG Kilianstr.;Sonstige;Lichtenau;Kreis Paderborn;2;2,0;25097;312;27;11,85
124709;Delbrck, KG Lippe-Grundschule;Grundschulen;Delbrck;Kreis Paderborn;1;1,0;25097;312;27;12,49
124722;Salzkotten, KG Tudorf;Sonstige;Salzkotten;Kreis Paderborn;2;2,0;25097;312;27;11,85
124734;Salzkotten, KG Liboriusschule;Sonstige;Salzkotten;Kreis Paderborn;3;3,0;25097;312;27;11,85
124746;Salzkotten, KG (Verb.) Scharmede-Thle;Sonstige;Salzkotten;Kreis Paderborn;1;1,0;25097;312;27;11,85
124771;Salzkotten, KG (Verb.) Verne-Verlar;Sonstige;Salzkotten;Kreis Paderborn;1;1,0;25097;312;27;11,85
124801;Bad Wnnenberg, KG Frstenberg;Sonstige;Bad Wnnenberg;Kreis Paderborn;2;2,0;25097;312;27;11,85
124825;Marsberg, GG Egge-Diemel-Schule;Grundschulen;Marsberg;Hochsauerlandkreis;3;3,0;27635;260;34;10,75
124850;Bad Wnnenberg, KG Schulstr.;Sonstige;Bad Wnnenberg;Kreis Paderborn;2;2,0;25097;312;27;11,85
124862;Augustdorf, GG in der Senne;Grundschulen;Augustdorf;Kreis Lippe;5;5,0;24993;348;32;11,3
124874;Blomberg, GG Reelkirchen;Grundschulen;Blomberg;Kreis Lippe;1;1,0;24993;348;32;10,83
124898;Blomberg, GG am Weinberg;Grundschulen;Blomberg;Kreis Lippe;4;4,0;24993;348;32;10,83
124904;Blomberg, GG Groáenmarpe;Grundschulen;Blomberg;Kreis Lippe;1;1,0;24993;348;32;10,83
124941;Detmold, GG (Verb.) Oetternbachschule;Grundschulen;Detmold;Kreis Lippe;3;3,0;24993;348;32;11,88
124953;Detmold, GG Schule am Leistruper Wald;Grundschulen;Detmold;Kreis Lippe;2;2,0;24993;348;32;11,88
124965;Detmold, GG Kusselberg-Schule;Grundschulen;Detmold;Kreis Lippe;1;1,0;24993;348;32;11,88
124977;Detmold, GG Heidenoldendorf;Grundschulen;Detmold;Kreis Lippe;5;5,0;24993;348;32;11,88
124989;Detmold, GG Hasselbachschule;Grundschulen;Detmold;Kreis Lippe;3;3,0;24993;348;32;11,88
124990;Detmold, GG (Verb.) Freiligrathschule;Grundschulen;Detmold;Kreis Lippe;4;4,0;24993;348;32;11,88
125003;Detmold, GG Hiddesen;Grundschulen;Detmold;Kreis Lippe;3;3,0;24993;348;32;11,88
125015;Detmold, GG Bachschule;Grundschulen;Detmold;Kreis Lippe;6;6,0;24993;348;32;11,88
125027;Detmold, GG Heiligenkirchen;Grundschulen;Detmold;Kreis Lippe;2;2,0;24993;348;32;11,88
125039;Detmold, GG (Verb.) Bildungshaus Weerth;Grundschulen;Detmold;Kreis Lippe;6;6,0;24993;348;32;11,88
125052;Lage, GG Sedanplatz;Grundschulen;Lage;Kreis Lippe;7;7,0;24993;348;32;12,03
125064;Lage, GG (Verb.) Bunte Schule;Grundschulen;Lage;Kreis Lippe;2;2,0;24993;348;32;12,03
125088;Lage, GG Waddenhausen;Grundschulen;Lage;Kreis Lippe;3;3,0;24993;348;32;12,03
125090;Lage, GG Heiden;Grundschulen;Lage;Kreis Lippe;2;2,0;24993;348;32;12,03
125106;Lage, GG Ehrentrup;Grundschulen;Lage;Kreis Lippe;6;6,0;24993;348;32;12,03
125118;Lage, GG Kachtenhausen;Grundschulen;Lage;Kreis Lippe;3;3,0;24993;348;32;12,03
125120;Lgde, GG Marienschule;Grundschulen;Lgde;Kreis Lippe;3;3,0;24993;348;32;12,49
125155;Lgde, GG Rischenau;Grundschulen;Lgde;Kreis Lippe;2;2,0;24993;348;32;12,49
125167;Horn-Bad Meinberg, GG Horn;Grundschulen;Horn-Bad Meinberg;Kreis Lippe;6;6,0;24993;348;32;11,78
125180;Horn-Bad Meinberg, GG am Silvaticum;Grundschulen;Horn-Bad Meinberg;Kreis Lippe;3;3,0;24993;348;32;11,78
125210;Schieder-Schwalenberg,GG Alexander-Zeiss;Grundschulen;Schieder-Schwalenberg;Kreis Lippe;2;2,0;24993;348;32;12,0
125222;Schieder-Schwalenberg, GG am Schloápark;Grundschulen;Schieder-Schwalenberg;Kreis Lippe;2;2,0;24993;348;32;12,0
125234;Schlangen, GG Rosenstr.;Grundschulen;Schlangen;Kreis Lippe;3;3,0;24993;348;32;13,43
125246;Schlangen, GG Sennerand;Grundschulen;Schlangen;Kreis Lippe;1;1,0;24993;348;32;13,43
125258;Borgholzhausen,GG (Verb.) Violenbachsch.;Grundschulen;Borgholzhausen;Kreis Gtersloh;3;3,0;26056;404;30;13,0
125271;Steinhagen, GG Amshausen;Grundschulen;Steinhagen;Kreis Gtersloh;2;2,0;26056;404;30;11,37
125283;Steinhagen, GG Brockhagen;Grundschulen;Steinhagen;Kreis Gtersloh;2;2,0;26056;404;30;11,37
125295;Halle, GG Gartnisch;Grundschulen;Halle (Westf.);Kreis Gtersloh;4;4,0;26056;404;30;10,06
125301;Halle, GG Hrste;Grundschulen;Halle (Westf.);Kreis Gtersloh;1;1,0;26056;404;30;10,06
125313;Halle, GG Knsebeck;Grundschulen;Halle (Westf.);Kreis Gtersloh;3;3,0;26056;404;30;10,06
125325;Steinhagen, GG Pestalozzistr.;Grundschulen;Steinhagen;Kreis Gtersloh;3;3,0;26056;404;30;11,37
125349;Versmold, GG (Verb.) Loxten-Bockhorst;Grundschulen;Versmold;Kreis Gtersloh;2;2,0;26056;404;30;11,0
125362;Versmold, GG (Verb) Peckeloh-Oesterweg;Grundschulen;Versmold;Kreis Gtersloh;2;2,0;26056;404;30;11,0
125374;Versmold, GG Sonnenschule;Grundschulen;Versmold;Kreis Gtersloh;7;7,0;26056;404;30;11,0
125398;Werther, GG (Verb.) Werther-Langenheide;Grundschulen;Werther (Westf.);Kreis Gtersloh;3;3,0;26056;404;30;11,43
125404;Bnde, EG Holsen-Ahle;Sonstige;Bnde;Kreis Herford;2;2,0;26420;252;11;11,85
125416;Bnde, GG Bustedt;Grundschulen;Bnde;Kreis Herford;2;2,0;26420;252;11;12,49
125428;Bnde, GG Ennigloh;Grundschulen;Bnde;Kreis Herford;4;4,0;26420;252;11;12,49
125430;Bnde, GG Bnde-Mitte;Grundschulen;Bnde;Kreis Herford;6;6,0;26420;252;11;12,49
125465;Bnde, GG Hunnebrock;Grundschulen;Bnde;Kreis Herford;4;4,0;26420;252;11;12,49
125477;Bnde, GG Spradow;Grundschulen;Bnde;Kreis Herford;3;3,0;26420;252;11;12,49
125489;Bnde, GG Sdlengerheide;Grundschulen;Bnde;Kreis Herford;4;4,0;26420;252;11;12,49
125490;Bnde, EG Dnne;Sonstige;Bnde;Kreis Herford;3;3,0;26420;252;11;11,85
125507;Enger, GG Westerenger;Grundschulen;Enger;Kreis Herford;3;3,0;26420;252;11;11,33
125519;Enger, GG Oldinghausen/Pdinghausen;Grundschulen;Enger;Kreis Herford;1;1,0;26420;252;11;11,33
125520;Enger, GG Poststr.;Grundschulen;Enger;Kreis Herford;4;4,0;26420;252;11;11,33
125532;Enger, GG Belke-Steinbeck;Grundschulen;Enger;Kreis Herford;2;2,0;26420;252;11;11,33
125544;Herford, KG Wilhelm-Oberhaus-Schule;Sonstige;Herford;Kreis Herford;3;3,0;26420;252;11;11,85
125556;Herford, GG Herringhausen;Grundschulen;Herford;Kreis Herford;1;1,0;26420;252;11;11,64
125568;Herford, GG Eickum;Grundschulen;Herford;Kreis Herford;1;1,0;26420;252;11;11,64
125570;Herford, GG Mindener Str.;Grundschulen;Herford;Kreis Herford;3;3,0;26420;252;11;11,64
125581;Herford, GG Falkstr.;Grundschulen;Herford;Kreis Herford;6;6,0;26420;252;11;11,64
125593;Herford, GG Altensenne;Grundschulen;Herford;Kreis Herford;3;3,0;26420;252;11;11,64
125600;Herford, GG Radewig;Grundschulen;Herford;Kreis Herford;7;7,0;26420;252;11;11,64
125611;Herford, GG Stiftberg;Grundschulen;Herford;Kreis Herford;5;5,0;26420;252;11;11,64
125623;Herford, GG Landsberger Straáe;Grundschulen;Herford;Kreis Herford;8;8,0;26420;252;11;11,64
125635;Herford, GG Elverdissen;Grundschulen;Herford;Kreis Herford;2;2,0;26420;252;11;11,64
125647;Hiddenhausen, EG Sundern;Sonstige;Hiddenhausen;Kreis Herford;2;2,0;26420;252;11;11,85
125659;Hiddenhausen, GG (Verb.) Regenbogen;Grundschulen;Hiddenhausen;Kreis Herford;3;3,0;26420;252;11;12,54
125702;Hiddenhausen, GG (Verb) Paul-Maar-Schule;Grundschulen;Hiddenhausen;Kreis Herford;3;3,0;26420;252;11;12,54
125714;Kirchlengern, GG Stift Quernheim;Grundschulen;Kirchlengern;Kreis Herford;1;1,0;26420;252;11;12,6
125726;Kirchlengern, GG (Verb.) Elseaue;Grundschulen;Kirchlengern;Kreis Herford;2;2,0;26420;252;11;12,6
125751;Lhne, EG Lhne-Bahnhof;Sonstige;Lhne;Kreis Herford;6;6,0;26420;252;11;11,85
125763;Lhne, EG Lhne-Ort;Sonstige;Lhne;Kreis Herford;3;3,0;26420;252;11;11,85
125775;Lhne, EG Gohfeld;Sonstige;Lhne;Kreis Herford;4;4,0;26420;252;11;11,85
125787;Lhne, GG Melbergen-Wittel;Grundschulen;Lhne;Kreis Herford;5;5,0;26420;252;11;12,49
125799;Lhne, EG Ostscheid;Sonstige;Lhne;Kreis Herford;2;2,0;26420;252;11;11,85
125817;Lhne, EG (Verb.) Menninghffen-Halstern;Sonstige;Lhne;Kreis Herford;3;3,0;26420;252;11;11,85
125829;Lhne, EG Obernbeck;Sonstige;Lhne;Kreis Herford;3;3,0;26420;252;11;11,85
125842;Rdinghausen,GG Am Wiehen;Grundschulen;Rdinghausen;Kreis Herford;1;1,0;26420;252;11;12,49
125878;Rdinghausen, EG Bruchmhlen-Ostkilver;Sonstige;Rdinghausen;Kreis Herford;1;1,0;26420;252;11;11,85
125880;Spenge, GG Spenge/ Hcker-Aschen;Grundschulen;Spenge;Kreis Herford;4;4,0;26420;252;11;11,5
125891;Spenge, GG (Verb.) Spenge-Land;Grundschulen;Spenge;Kreis Herford;2;2,0;26420;252;11;11,5
125910;Vlotho, GG Herforder Str.;Grundschulen;Vlotho;Kreis Herford;4;4,0;26420;252;11;11,08
125921;Vlotho, GG Hans-Schwarze;Grundschulen;Vlotho;Kreis Herford;2;2,0;26420;252;11;11,08
125969;Beverungen, GG (Verb) d.Stadt Beverungen;Grundschulen;Beverungen;Kreis Hxter;3;3,0;26056;404;30;12,0
126123;Hxter, KG Lchtringen;Sonstige;Hxter;Kreis Hxter;2;2,0;26092;361;41;11,85
126135;Hxter, KG Albaxen;Sonstige;Hxter;Kreis Hxter;1;1,0;26092;361;41;11,85
126159;Hxter, GG Ottbergen;Grundschulen;Hxter;Kreis Hxter;2;2,0;26056;404;30;12,49
126184;Hxter, KG Petrischule;Sonstige;Hxter;Kreis Hxter;2;2,0;26092;361;41;11,85
126196;Hxter, GG Schule am Nicolaitor;Grundschulen;Hxter;Kreis Hxter;4;4,0;26056;404;30;12,49
126240;Marienmnster, KG Schulstraáe;Sonstige;Marienmnster;Kreis Hxter;2;2,0;26092;361;41;11,85
126251;Nieheim, KG Zur Warte;Sonstige;Nieheim;Kreis Hxter;2;2,0;26092;361;41;11,85
126317;Steinheim, GG an den Linden;Grundschulen;Steinheim;Kreis Hxter;1;1,0;26056;404;30;13,43
126330;Barntrup, GG (Verb.) von Haxthausen;Grundschulen;Barntrup;Kreis Lippe;3;3,0;24993;348;32;15,0
126380;Lemgo, GG Kirchheide;Grundschulen;Lemgo;Kreis Lippe;1;1,0;24993;348;32;12,48
126408;Lemgo, GG Lemgo-West;Grundschulen;Lemgo;Kreis Lippe;2;2,0;24993;348;32;12,48
126410;Lemgo, GG Sdschule;Grundschulen;Lemgo;Kreis Lippe;5;5,0;24993;348;32;12,48
126421;Lemgo, GG Kampstr.;Grundschulen;Lemgo;Kreis Lippe;4;4,0;24993;348;32;12,48
126433;Lemgo, GG Am Schloss;Grundschulen;Lemgo;Kreis Lippe;4;4,0;24993;348;32;12,48
126445;Oerlinghausen,GG (Verb) Oerlinghausen;Grundschulen;Oerlinghausen;Kreis Lippe;5;5,0;24993;348;32;14,22
126457;Oerlinghausen, GG Helpup;Grundschulen;Oerlinghausen;Kreis Lippe;2;2,0;24993;348;32;14,22
126469;Bad Salzuflen, GG Knetterheide;Grundschulen;Bad Salzuflen;Kreis Lippe;4;4,0;24993;348;32;11,29
126470;Bad Salzuflen, GG Lockhausen;Grundschulen;Bad Salzuflen;Kreis Lippe;3;3,0;24993;348;32;11,29
126494;Bad Salzuflen, GG Wsten;Grundschulen;Bad Salzuflen;Kreis Lippe;4;4,0;24993;348;32;11,29
126500;Bad Salzuflen, GG Ahornstr.;Grundschulen;Bad Salzuflen;Kreis Lippe;9;9,0;24993;348;32;11,29
126512;Bad Salzuflen, GG Elkenbreder Weg;Grundschulen;Bad Salzuflen;Kreis Lippe;4;4,0;24993;348;32;11,29
126524;Bad Salzuflen, GG Schtmar-Wasserfuhr;Grundschulen;Bad Salzuflen;Kreis Lippe;5;5,0;24993;348;32;11,29
126536;Bad Salzuflen, GG Schtmar Kirchplatz;Grundschulen;Bad Salzuflen;Kreis Lippe;7;7,0;24993;348;32;11,29
126561;Extertal, GG Silixen;Grundschulen;Extertal;Kreis Lippe;2;2,0;24993;348;32;13,17
126573;Extertal, GG Bsingfeld;Grundschulen;Extertal;Kreis Lippe;3;3,0;24993;348;32;13,17
126597;Drentrup, GG (Verb.) Drentrup;Grundschulen;Drentrup;Kreis Lippe;2;2,0;24993;348;32;12,49
126615;Kalletal, GG Hohenhausen;Grundschulen;Kalletal;Kreis Lippe;3;3,0;24993;348;32;11,78
126627;Kalletal, GG Am Teimer;Grundschulen;Kalletal;Kreis Lippe;2;2,0;24993;348;32;11,78
126639;Kalletal, GG Am Habichtsberg;Grundschulen;Kalletal;Kreis Lippe;3;3,0;24993;348;32;11,78
126640;Leopoldshhe, GG Nord;Grundschulen;Leopoldshhe;Kreis Lippe;2;2,0;24993;348;32;12,49
126652;Leopoldshhe, GG Asemissen;Grundschulen;Leopoldshhe;Kreis Lippe;3;3,0;24993;348;32;12,49
126664;Lbbecke, GG Im Kleinen Feld;Grundschulen;Lbbecke;Kreis Minden-Lbbecke;7;7,0;26056;404;30;12,49
126690;Espelkamp, GG am Auewald;Grundschulen;Espelkamp;Kreis Minden-Lbbecke;3;3,0;26056;404;30;13,39
126706;Espelkamp, GG Mittwaldschule;Grundschulen;Espelkamp;Kreis Minden-Lbbecke;6;6,0;26056;404;30;13,39
126720;Stemwede,GG Dr.Jrgen u. Irmgard Ulderup;Grundschulen;Stemwede;Kreis Minden-Lbbecke;3;3,0;26056;404;30;13,78
126731;Stemwede, GG Oppenwehe;Grundschulen;Stemwede;Kreis Minden-Lbbecke;2;2,0;26056;404;30;13,78
126780;Hllhorst, EG Oberbauerschaft;Sonstige;Hllhorst;Kreis Minden-Lbbecke;2;2,0;26092;361;41;11,85
126792;Hllhorst, GG Mhlengrundschule;Grundschulen;Hllhorst;Kreis Minden-Lbbecke;3;3,0;26056;404;30;12,49
126809;Stemwede, GG Levern;Grundschulen;Stemwede;Kreis Minden-Lbbecke;3;3,0;26056;404;30;13,78
126810;Lbbecke, GG Blasheim;Grundschulen;Lbbecke;Kreis Minden-Lbbecke;2;2,0;26056;404;30;12,49
126834;Preuáisch Oldendorf, EG Bad Holzhausen;Sonstige;Preuáisch Oldendorf;Kreis Minden-Lbbecke;3;3,0;26092;361;41;11,85
126846;Preuáisch Oldendorf,GG Preuáisch Oldend.;Grundschulen;Preuáisch Oldendorf;Kreis Minden-Lbbecke;3;3,0;26056;404;30;12,49
126860;Rahden, GG Schulstr.;Grundschulen;Rahden (Westf.);Kreis Minden-Lbbecke;5;5,0;26056;404;30;12,49
126871;Rahden,GG (Verb) Rahdener Land;Grundschulen;Rahden (Westf.);Kreis Minden-Lbbecke;1;1,0;26056;404;30;12,49
126883;Rahden, GG Varl;Grundschulen;Rahden (Westf.);Kreis Minden-Lbbecke;1;1,0;26056;404;30;12,49
126895;Minden, GG Bierpohl;Grundschulen;Minden;Kreis Minden-Lbbecke;5;5,0;26056;404;30;12,43
126913;Minden, GG Hohenstaufen;Grundschulen;Minden;Kreis Minden-Lbbecke;5;5,0;26056;404;30;12,43
126937;Minden, GG Eine-Welt-Schule;Grundschulen;Minden;Kreis Minden-Lbbecke;6;6,0;26056;404;30;12,43
126949;Minden, KG Domschule;Sonstige;Minden;Kreis Minden-Lbbecke;6;6,0;26092;361;41;11,85
126950;Minden, GG Mosaik-Schule;Grundschulen;Minden;Kreis Minden-Lbbecke;9;9,0;26056;404;30;12,43
126962;Bad Oeynhausen, GG Altstadt;Grundschulen;Bad Oeynhausen;Kreis Minden-Lbbecke;9;9,0;26056;404;30;12,26
126974;Bad Oeynhausen, GG (Verb.) Wichern-Lohe;Grundschulen;Bad Oeynhausen;Kreis Minden-Lbbecke;5;5,0;26056;404;30;12,26
126986;Porta Westfalica, GG Barkhausen;Grundschulen;Porta Westfalica;Kreis Minden-Lbbecke;2;2,0;26056;404;30;11,87
126998;Minden, GG Am Wiehen;Grundschulen;Minden;Kreis Minden-Lbbecke;4;4,0;26056;404;30;12,43
127024;Hille, GG (Verb.) An der Bergkante;Grundschulen;Hille;Kreis Minden-Lbbecke;2;2,0;26056;404;30;12,22
127048;Minden, GG Michael-Ende-Schule;Grundschulen;Minden;Kreis Minden-Lbbecke;2;2,0;26056;404;30;12,43
127050;Hille, GG Schlandorfstr.;Grundschulen;Hille;Kreis Minden-Lbbecke;2;2,0;26056;404;30;12,22
127061;Hille, GG Nordhemmern;Grundschulen;Hille;Kreis Minden-Lbbecke;1;1,0;26056;404;30;12,22
127073;Porta Westfalica,GG(Verb.)Eisbergen-Velt;Sonstige;Porta Westfalica;Kreis Minden-Lbbecke;2;2,0;26092;361;41;11,85
127085;Porta Westfalica, GG Hausberge;Grundschulen;Porta Westfalica;Kreis Minden-Lbbecke;4;4,0;26056;404;30;11,87
127097;Porta Westfalica,GG (Verb) Holzh-Venneb.;Grundschulen;Porta Westfalica;Kreis Minden-Lbbecke;1;1,0;26056;404;30;11,87
127139;Vlotho, GG (Verb.) Uffeln-Exter;Grundschulen;Vlotho;Kreis Herford;1;1,0;26420;252;11;11,08
127164;Petershagen,EG (Verb)Eldagsen-Friedewald;Sonstige;Petershagen;Kreis Minden-Lbbecke;1;1,0;26092;361;41;11,85
127188;Minden, GG Kutenhausen;Grundschulen;Minden;Kreis Minden-Lbbecke;2;2,0;26056;404;30;12,43
127206;Petershagen, GG Koppelweg;Grundschulen;Petershagen;Kreis Minden-Lbbecke;2;2,0;26056;404;30;14,57
127218;Bad Oeynhausen, GG (Verb.) Weser/Wiehen;Grundschulen;Bad Oeynhausen;Kreis Minden-Lbbecke;3;3,0;26056;404;30;12,26
127220;Bad Oeynhausen, GG Eidinghausen;Grundschulen;Bad Oeynhausen;Kreis Minden-Lbbecke;3;3,0;26056;404;30;12,26
127243;Bad Oeynhausen, GG Rehme-Oberbecksen;Grundschulen;Bad Oeynhausen;Kreis Minden-Lbbecke;3;3,0;26056;404;30;12,26
127267;Bad Oeynhausen, GG (Verb.) Werste-Wulf.;Grundschulen;Bad Oeynhausen;Kreis Minden-Lbbecke;2;2,0;26056;404;30;12,26
127292;Minden, GG Dankersen-Leteln;Grundschulen;Minden;Kreis Minden-Lbbecke;3;3,0;26056;404;30;12,43
127310;Petershagen, GG (Verb) Lahde-Frille;Grundschulen;Petershagen;Kreis Minden-Lbbecke;2;2,0;26056;404;30;14,57
127346;Petershagen, GG Hans-Lken-Schule;Grundschulen;Petershagen;Kreis Minden-Lbbecke;2;2,0;26056;404;30;14,57
127360;Bad Lippspringe, EG an der Lippeaue;Sonstige;Bad Lippspringe;Kreis Paderborn;6;6,0;25097;312;27;11,85
127371;Bad Lippspringe, KG Concordiaschule;Sonstige;Bad Lippspringe;Kreis Paderborn;3;3,0;25097;312;27;11,85
127383;Paderborn, KG Overberg-Dom;Sonstige;Paderborn;Kreis Paderborn;3;3,0;25097;312;27;11,85
127395;Paderborn, EG Lutherschule;Sonstige;Paderborn;Kreis Paderborn;3;3,0;25097;312;27;11,85
127401;Paderborn, GG (Verb.) Riemeke-Theodor;Grundschulen;Paderborn;Kreis Paderborn;8;8,0;25097;312;27;11,57
127425;Paderborn, GG Marienschule;Grundschulen;Paderborn;Kreis Paderborn;4;4,0;25097;312;27;11,57
127450;Paderborn, KG Bonifatiusschule;Sonstige;Paderborn;Kreis Paderborn;5;5,0;25097;312;27;11,85
127462;Paderborn, GG Stephanusschule;Grundschulen;Paderborn;Kreis Paderborn;5;5,0;25097;312;27;11,57
127474;Paderborn, KG Marienloh;Sonstige;Paderborn;Kreis Paderborn;2;2,0;25097;312;27;11,85
127486;Paderborn, KG Alme;Sonstige;Paderborn;Kreis Paderborn;3;3,0;25097;312;27;11,85
127498;Paderborn, GG Elisabeth;Grundschulen;Paderborn;Kreis Paderborn;5;5,0;25097;312;27;11,57
127516;Paderborn, GG Karl;Grundschulen;Paderborn;Kreis Paderborn;5;5,0;25097;312;27;11,57
127528;Altenbeken, GG (Verb.) Egge;Grundschulen;Altenbeken;Kreis Paderborn;1;1,0;25097;312;27;12,67
127530;Paderborn,KG (Verb) Benhausen-Neuenbeken;Sonstige;Paderborn;Kreis Paderborn;2;2,0;25097;312;27;11,85
127565;Delbrck, GG Johannesschule;Grundschulen;Delbrck;Kreis Paderborn;4;4,0;25097;312;27;12,49
127589;Delbrck, KG Ostenland;Sonstige;Delbrck;Kreis Paderborn;2;2,0;25097;312;27;11,85
127590;Delbrck, KG (Verb.) Westenholz-Hagen;Sonstige;Delbrck;Kreis Paderborn;2;2,0;25097;312;27;11,85
127607;Delbrck, KG Westerloh;Sonstige;Delbrck;Kreis Paderborn;2;2,0;25097;312;27;11,85
127619;Borchen, KG (Verb.) Kirchborchen-Etteln;Sonstige;Borchen;Kreis Paderborn;1;1,0;25097;312;27;11,85
127620;Borchen, KG (Verb.) Nordborchen-Alfen;Sonstige;Borchen;Kreis Paderborn;1;1,0;25097;312;27;11,85
127632;Paderborn, KG Margarethenschule Dahl;Sonstige;Paderborn;Kreis Paderborn;2;2,0;25097;312;27;11,85
127656;Paderborn, KG Dionysiusschule Elsen;Sonstige;Paderborn;Kreis Paderborn;3;3,0;25097;312;27;11,85
127668;Hvelhof, KG Kirchschule;Sonstige;Hvelhof;Kreis Paderborn;4;4,0;25097;312;27;11,85
127670;Hvelhof, KG (Verb.) Senne;Sonstige;Hvelhof;Kreis Paderborn;1;1,0;25097;312;27;11,85
127681;Paderborn, KG Sande;Sonstige;Paderborn;Kreis Paderborn;2;2,0;25097;312;27;11,85
127693;Paderborn,GG (Verb) Bonhoeffer-Heinrich;Grundschulen;Paderborn;Kreis Paderborn;6;6,0;25097;312;27;11,57
127700;Paderborn, GG Thune;Grundschulen;Paderborn;Kreis Paderborn;5;5,0;25097;312;27;11,57
127711;Paderborn, KG Josef;Sonstige;Paderborn;Kreis Paderborn;2;2,0;25097;312;27;11,85
127735;Warburg, GG Johannes-Daniel-Falk-Schule;Grundschulen;Warburg;Kreis Hxter;6;6,0;26056;404;30;12,71
127747;Warburg, KG (Verb.) Graf-Dodiko-Schule;Sonstige;Warburg;Kreis Hxter;2;2,0;26092;361;41;11,85
127759;Borgentreich, KG Platz der Stadt Rue;Sonstige;Borgentreich;Kreis Hxter;1;1,0;26092;361;41;11,85
127814;Bad Driburg, GG Dringenberg;Grundschulen;Bad Driburg;Kreis Hxter;1;1,0;26056;404;30;11,31
127840;Willebadessen, KG Schule an d. 7 Quellen;Sonstige;Willebadessen;Kreis Hxter;3;3,0;26092;361;41;11,85
127851;Willebadessen, KG Sankt-Nikolaus;Sonstige;Willebadessen;Kreis Hxter;2;2,0;26092;361;41;11,85
127929;Warburg, KG Scherfede-Rimbeck;Sonstige;Warburg;Kreis Hxter;1;1,0;26092;361;41;11,85
127942;Gtersloh, GG Paul-Gerhardt-Schule;Grundschulen;Gtersloh;Kreis Gtersloh;5;5,0;26056;404;30;12,49
127954;Gtersloh, KG Kapellenschule;Sonstige;Gtersloh;Kreis Gtersloh;1;1,0;26092;361;41;11,85
127966;Gtersloh, GG Edith-Stein-Schule;Grundschulen;Gtersloh;Kreis Gtersloh;5;5,0;26056;404;30;12,49
127978;Gtersloh, KG Josefschule;Sonstige;Gtersloh;Kreis Gtersloh;3;3,0;26092;361;41;11,85
127980;Gtersloh, GG Isselhorst;Grundschulen;Gtersloh;Kreis Gtersloh;2;2,0;26056;404;30;12,49
128004;Gtersloh, KG Overbergschule;Sonstige;Gtersloh;Kreis Gtersloh;4;4,0;26092;361;41;11,85
128016;Gtersloh, GG Pavenstdt-Schule;Grundschulen;Gtersloh;Kreis Gtersloh;4;4,0;26056;404;30;12,49
128030;Gtersloh, GG Neiáeweg;Grundschulen;Gtersloh;Kreis Gtersloh;6;6,0;26056;404;30;12,49
128053;Gtersloh, GG Blcher;Grundschulen;Gtersloh;Kreis Gtersloh;5;5,0;26056;404;30;12,49
128065;Gtersloh, GG Groáe Heide;Grundschulen;Gtersloh;Kreis Gtersloh;2;2,0;26056;404;30;12,49
128089;Gtersloh, GG Avenwedde-Bahnhof;Grundschulen;Gtersloh;Kreis Gtersloh;3;3,0;26056;404;30;12,49
128090;Gtersloh, GG Kattenstroth;Grundschulen;Gtersloh;Kreis Gtersloh;5;5,0;26056;404;30;12,49
128119;Gtersloh, GG Sundern;Grundschulen;Gtersloh;Kreis Gtersloh;7;7,0;26056;404;30;12,49
128120;Gtersloh, GG Altstadtschule;Grundschulen;Gtersloh;Kreis Gtersloh;9;9,0;26056;404;30;12,49
128132;Gtersloh, GG Blankenhagen;Grundschulen;Gtersloh;Kreis Gtersloh;9;9,0;26056;404;30;12,49
128144;Herzebrock-Clarholz, KG Wilbrandschule;Sonstige;Herzebrock-Clarholz;Kreis Gtersloh;3;3,0;26092;361;41;11,85
128156;Herzebrock-Clarholz, GG Bolandschule;Grundschulen;Herzebrock-Clarholz;Kreis Gtersloh;5;5,0;26056;404;30;13,44
128168;Herzebrock-Clarholz, KG Josefschule;Sonstige;Herzebrock-Clarholz;Kreis Gtersloh;2;2,0;26092;361;41;11,85
128193;Langenberg, GG (Verb) Brinkmann-Schmedd.;Grundschulen;Langenberg;Kreis Gtersloh;3;3,0;26056;404;30;11,33
128200;Rheda-Wiedenbrck,KG(Verb.)Eichend.Postd;Sonstige;Rheda-Wiedenbrck;Kreis Gtersloh;3;3,0;26092;361;41;11,85
128259;Rheda-Wiedenbrck, GG Park;Grundschulen;Rheda-Wiedenbrck;Kreis Gtersloh;4;4,0;26056;404;30;12,49
128260;Rheda-Wiedenbrck, KG Johannisschule;Sonstige;Rheda-Wiedenbrck;Kreis Gtersloh;6;6,0;26092;361;41;11,85
128284;Rheda-Wiedenbrck,GG(Verb.)Andreas-Wenne;Sonstige;Rheda-Wiedenbrck;Kreis Gtersloh;6;6,0;26092;361;41;11,85
128296;Rheda-Wiedenbrck, GG Brder-Grimm;Grundschulen;Rheda-Wiedenbrck;Kreis Gtersloh;5;5,0;26056;404;30;12,49
128302;Rheda-Wiedenbrck, KG Pius-Bonifatius;Sonstige;Rheda-Wiedenbrck;Kreis Gtersloh;3;3,0;26092;361;41;11,85
128338;Rietberg, KG Rudolf-Bracht;Sonstige;Rietberg;Kreis Gtersloh;2;2,0;26092;361;41;11,85
128375;Rietberg,KG (Verb.) Sieben-Meilen-Schule;Sonstige;Rietberg;Kreis Gtersloh;1;1,0;26092;361;41;11,85
128387;Rietberg,KG (Verb) an den Kastanien;Sonstige;Rietberg;Kreis Gtersloh;3;3,0;26092;361;41;11,85
128417;Verl, GG (Verb.) Kaunitz-Bornholte;Grundschulen;Verl;Kreis Gtersloh;1;1,0;26056;404;30;12,59
128429;Verl, GG Am Bhlbusch;Grundschulen;Verl;Kreis Gtersloh;4;4,0;26056;404;30;12,59
128442;Verl, GG St. Georg-Schule;Grundschulen;Verl;Kreis Gtersloh;3;3,0;26056;404;30;12,59
128454;Verl, KG Marienschule;Sonstige;Verl;Kreis Gtersloh;2;2,0;26092;361;41;11,85
128480;Bochum, GG Frauenlob;Grundschulen;Bochum;Stadt Bochum;2;2,0;26056;404;30;13,27
128491;Bochum, GG In der Vde;Grundschulen;Bochum;Stadt Bochum;4;4,0;26056;404;30;13,27
128510;Bochum, GG Kllerholz;Grundschulen;Bochum;Stadt Bochum;1;1,0;26056;404;30;13,27
128533;Bochum, GG Amtmann-Kreyenfeld-Schule;Grundschulen;Bochum;Stadt Bochum;6;6,0;26056;404;30;13,27
128545;Bochum, GG (Verb.) Lina-Morgenstern;Grundschulen;Bochum;Stadt Bochum;4;4,0;26056;404;30;13,27
128557;Bochum, GG Linden;Grundschulen;Bochum;Stadt Bochum;3;3,0;26056;404;30;13,27
128569;Bochum, GG (Verb) Schule im Kirchviertel;Grundschulen;Bochum;Stadt Bochum;3;3,0;26056;404;30;13,27
128582;Bochum, GG Emil-von-Behring;Grundschulen;Bochum;Stadt Bochum;5;5,0;26056;404;30;13,27
128594;Bochum, GG Laer;Grundschulen;Bochum;Stadt Bochum;6;6,0;26056;404;30;13,27
128600;Bochum, GG Maischtzenschule;Grundschulen;Bochum;Stadt Bochum;4;4,0;26056;404;30;13,27
128612;Bochum, GG Arnoldschule;Grundschulen;Bochum;Stadt Bochum;9;9,0;26056;404;30;13,27
128624;Bochum, KG Weilenbrink-Schule;Sonstige;Bochum;Stadt Bochum;5;5,0;26092;361;41;11,85
128636;Bochum, GG Drusenberg;Grundschulen;Bochum;Stadt Bochum;2;2,0;26056;404;30;13,27
128673;Bochum, GG Vels-Heide;Grundschulen;Bochum;Stadt Bochum;4;4,0;26056;404;30;13,27
128685;Bochum, GG Von-Waldthausen-Schule;Grundschulen;Bochum;Stadt Bochum;7;7,0;26056;404;30;13,27
128697;Bochum, GG (Verb.) Bunte Schule;Grundschulen;Bochum;Stadt Bochum;4;4,0;26056;404;30;13,27
128739;Bochum, GG Dahlhausen;Grundschulen;Bochum;Stadt Bochum;4;4,0;26056;404;30;13,27
128740;Bochum, GG Sonnenschule;Grundschulen;Bochum;Stadt Bochum;7;7,0;26056;404;30;13,27
128776;Bochum, GG (Verb)Hans-Christian-Andersen;Grundschulen;Bochum;Stadt Bochum;4;4,0;26056;404;30;13,27
128806;Bochum, GG (Verb.) Feldsieper Schule;Grundschulen;Bochum;Stadt Bochum;8;8,0;26056;404;30;13,27
128818;Bochum, GG Natorp;Grundschulen;Bochum;Stadt Bochum;2;2,0;26056;404;30;13,27
128820;Bochum, GG Neuling;Grundschulen;Bochum;Stadt Bochum;2;2,0;26056;404;30;13,27
128843;Bochum, KG Don-Bosco-Schule;Sonstige;Bochum;Stadt Bochum;2;2,0;26092;361;41;11,85
128867;Bochum, GG Liborius;Grundschulen;Bochum;Stadt Bochum;2;2,0;26056;404;30;13,27
128879;Bochum, GG Friederika;Grundschulen;Bochum;Stadt Bochum;5;5,0;26056;404;30;13,27
128880;Bochum, GG Schule am Volkspark;Grundschulen;Bochum;Stadt Bochum;6;6,0;26056;404;30;13,27
128910;Bochum, GG (Verb.) Michael-Ende-Schule;Grundschulen;Bochum;Stadt Bochum;3;3,0;26056;404;30;13,27
128922;Bochum, GG Grfin-Imma;Grundschulen;Bochum;Stadt Bochum;1;1,0;26056;404;30;13,27
128960;Bochum, GG An der Maarbrcke;Grundschulen;Bochum;Stadt Bochum;7;7,0;26056;404;30;13,27
128971;Bochum, GG Hufeland;Grundschulen;Bochum;Stadt Bochum;8;8,0;26056;404;30;13,27
128995;Bochum, GG Auf dem alten Kamp;Grundschulen;Bochum;Stadt Bochum;7;7,0;26056;404;30;13,27
129010;Castrop-Rauxel, GG Am Busch;Grundschulen;Castrop-Rauxel;Kreis Recklinghausen;4;4,0;23341;616;22;13,42
129021;Castrop-Rauxel, GG Waldschule;Grundschulen;Castrop-Rauxel;Kreis Recklinghausen;3;3,0;23341;616;22;13,42
129045;Castrop-Rauxel, GG Marktschule;Grundschulen;Castrop-Rauxel;Kreis Recklinghausen;2;2,0;23341;616;22;13,42
129070;Castrop-Rauxel, GG Lwenherz;Grundschulen;Castrop-Rauxel;Kreis Recklinghausen;5;5,0;23341;616;22;13,42
129082;Castrop-Rauxel, GG Lindenschule;Grundschulen;Castrop-Rauxel;Kreis Recklinghausen;2;2,0;23341;616;22;13,42
129094;Castrop-Rauxel, GG Wilhelmschule;Grundschulen;Castrop-Rauxel;Kreis Recklinghausen;5;5,0;23341;616;22;13,42
129100;Castrop-Rauxel, GG Erich Kstner;Grundschulen;Castrop-Rauxel;Kreis Recklinghausen;6;6,0;23341;616;22;13,42
129124;Castrop-Rauxel, GG (Verb.) Cottenburg;Grundschulen;Castrop-Rauxel;Kreis Recklinghausen;7;7,0;23341;616;22;13,42
129136;Castrop-Rauxel, KG Elisabeth;Sonstige;Castrop-Rauxel;Kreis Recklinghausen;4;4,0;23341;616;22;11,85
129150;Dortmund, GG Steinhammerschule;Grundschulen;Dortmund;Stadt Dortmund;6;6,0;26056;404;30;12,17
129161;Dortmund, GG Hohwart;Grundschulen;Dortmund;Stadt Dortmund;6;6,0;26056;404;30;12,17
129173;Dortmund, GG Brcherhofschule;Grundschulen;Dortmund;Stadt Dortmund;8;8,0;26056;404;30;12,17
129185;Dortmund, GG Petrischule;Grundschulen;Dortmund;Stadt Dortmund;8;8,0;26056;404;30;12,17
129197;Dortmund, GG Schragmller;Grundschulen;Dortmund;Stadt Dortmund;4;4,0;26056;404;30;12,17
129203;Dortmund, GG Herderschule;Grundschulen;Dortmund;Stadt Dortmund;4;4,0;26056;404;30;12,17
129215;Dortmund, GG Funke;Grundschulen;Dortmund;Stadt Dortmund;7;7,0;26056;404;30;12,17
129227;Dortmund, GG Erich Kstner-Schule;Grundschulen;Dortmund;Stadt Dortmund;3;3,0;26056;404;30;12,17
129239;Dortmund, GG Freiligrathschule;Grundschulen;Dortmund;Stadt Dortmund;7;7,0;26056;404;30;12,17
129264;Dortmund, KG Josef;Sonstige;Dortmund;Stadt Dortmund;4;4,0;26092;361;41;11,85
129276;Dortmund, GG Widey;Grundschulen;Dortmund;Stadt Dortmund;5;5,0;26056;404;30;12,17
129288;Dortmund, KG Roncallischule;Sonstige;Dortmund;Stadt Dortmund;4;4,0;26092;361;41;11,85
129306;Dortmund, KG Marienborn;Sonstige;Dortmund;Stadt Dortmund;4;4,0;26092;361;41;11,85
129318;Dortmund, KG Elisabeth-Grundschule;Grundschulen;Dortmund;Stadt Dortmund;2;2,0;26056;404;30;12,17
129355;Dortmund, KG Gutenbergschule;Sonstige;Dortmund;Stadt Dortmund;9;9,0;26092;361;41;11,85
129379;Dortmund, GG Kreuz;Grundschulen;Dortmund;Stadt Dortmund;3;3,0;26056;404;30;12,17
129392;Dortmund, KG Brder-Grimm-Schule;Sonstige;Dortmund;Stadt Dortmund;4;4,0;26092;361;41;11,85
129409;Dortmund, GG Peter-Vischer-Schule;Grundschulen;Dortmund;Stadt Dortmund;2;2,0;26056;404;30;12,17
129410;Dortmund, KG Overberg;Sonstige;Dortmund;Stadt Dortmund;3;3,0;26092;361;41;11,85
129446;Dortmund, GG Libori;Grundschulen;Dortmund;Stadt Dortmund;6;6,0;26056;404;30;12,17
129458;Dortmund, KG Franziskusschule;Sonstige;Dortmund;Stadt Dortmund;3;3,0;26092;361;41;11,85
129460;Dortmund, KG Winfriedschule;Sonstige;Dortmund;Stadt Dortmund;5;5,0;26092;361;41;11,85
129495;Dortmund, KG Urbanusschule;Sonstige;Dortmund;Stadt Dortmund;4;4,0;26092;361;41;11,85
129501;Dortmund, GG Bodelschwinghschule;Grundschulen;Dortmund;Stadt Dortmund;4;4,0;26056;404;30;12,17
129513;Dortmund, GG Reichshofschule;Grundschulen;Dortmund;Stadt Dortmund;5;5,0;26056;404;30;12,17
129525;Dortmund, GG Fine-Frau;Grundschulen;Dortmund;Stadt Dortmund;5;5,0;26056;404;30;12,17
129537;Dortmund, GG Kautskyschule;Grundschulen;Dortmund;Stadt Dortmund;8;8,0;26056;404;30;12,17
129549;Dortmund, GG Eichlinghofer;Grundschulen;Dortmund;Stadt Dortmund;2;2,0;26056;404;30;12,17
129550;Dortmund, GG Westholzschule;Grundschulen;Dortmund;Stadt Dortmund;4;4,0;26056;404;30;12,17
129562;Dortmund, GG Ostenbergschule;Grundschulen;Dortmund;Stadt Dortmund;2;2,0;26056;404;30;12,17
129574;Dortmund, GG Albrecht-Brinkmann-Schule;Grundschulen;Dortmund;Stadt Dortmund;9;9,0;26056;404;30;12,17
129586;Dortmund, GG Eichwaldschule;Grundschulen;Dortmund;Stadt Dortmund;2;2,0;26056;404;30;12,17
129598;Dortmund, GG Gilden;Grundschulen;Dortmund;Stadt Dortmund;8;8,0;26056;404;30;12,17
129616;Dortmund, GG Bach;Grundschulen;Dortmund;Stadt Dortmund;7;7,0;26056;404;30;12,17
129628;Dortmund, GG Grafenschule;Grundschulen;Dortmund;Stadt Dortmund;5;5,0;26056;404;30;12,17
129630;Dortmund, GG Stiftschule;Grundschulen;Dortmund;Stadt Dortmund;8;8,0;26056;404;30;12,17
129641;Dortmund, GG Libellen-Grundschule;Grundschulen;Dortmund;Stadt Dortmund;9;9,0;26056;404;30;12,17
129653;Dortmund, GG (Verb.) Harkortschule;Grundschulen;Dortmund;Stadt Dortmund;5;5,0;26056;404;30;12,17
129665;Dortmund, GG Comenius;Grundschulen;Dortmund;Stadt Dortmund;5;5,0;26056;404;30;12,17
129677;Dortmund, GG Westricher Schule;Grundschulen;Dortmund;Stadt Dortmund;5;5,0;26056;404;30;12,17
129689;Dortmund, GG Hansa;Grundschulen;Dortmund;Stadt Dortmund;6;6,0;26056;404;30;12,17
129690;Dortmund, GG Hangeneyschule;Grundschulen;Dortmund;Stadt Dortmund;3;3,0;26056;404;30;12,17
129707;Dortmund, GG Kirchhrderschule;Grundschulen;Dortmund;Stadt Dortmund;2;2,0;26056;404;30;12,17
129719;Dortmund, GG Bruktererschule;Grundschulen;Dortmund;Stadt Dortmund;5;5,0;26056;404;30;12,17
129720;Dortmund, GG Brechtener;Grundschulen;Dortmund;Stadt Dortmund;2;2,0;26056;404;30;12,17
129732;Dortmund, GG Wichlinghoferschule;Grundschulen;Dortmund;Stadt Dortmund;1;1,0;26056;404;30;12,17
129744;Dortmund, GG Weingartenschule am See;Grundschulen;Dortmund;Stadt Dortmund;4;4,0;26056;404;30;12,17
129756;Dortmund, GG Siegfried-Drupp;Grundschulen;Dortmund;Stadt Dortmund;6;6,0;26056;404;30;12,17
129768;Dortmund, GG Uhlandschule;Grundschulen;Dortmund;Stadt Dortmund;6;6,0;26056;404;30;12,17
129770;Dortmund, GG Fichteschule;Grundschulen;Dortmund;Stadt Dortmund;4;4,0;26056;404;30;12,17
129781;Dortmund, EG Liebigschule;Sonstige;Dortmund;Stadt Dortmund;2;2,0;26092;361;41;11,85
129793;Dortmund, GG Dietrich-Bonhoeffer-Schule;Grundschulen;Dortmund;Stadt Dortmund;6;6,0;26056;404;30;12,17
129800;Dortmund, GG Mrike;Grundschulen;Dortmund;Stadt Dortmund;3;3,0;26056;404;30;12,17
129811;Dortmund, GG Westhausen;Grundschulen;Dortmund;Stadt Dortmund;8;8,0;26056;404;30;12,17
129823;Dortmund, GG Berghofer-Grundschule;Grundschulen;Dortmund;Stadt Dortmund;3;3,0;26056;404;30;12,17
129835;Dortmund, GG Kerschensteinerschule;Grundschulen;Dortmund;Stadt Dortmund;3;3,0;26056;404;30;12,17
129847;Dortmund, GG Schubertschule;Grundschulen;Dortmund;Stadt Dortmund;5;5,0;26056;404;30;12,17
129859;Dortmund, GG Emschertalschule;Grundschulen;Dortmund;Stadt Dortmund;5;5,0;26056;404;30;12,17
129860;Dortmund, GG Jungferntalschule;Grundschulen;Dortmund;Stadt Dortmund;6;6,0;26056;404;30;12,17
129884;Dortmund, GG Diesterwegschule;Grundschulen;Dortmund;Stadt Dortmund;9;9,0;26056;404;30;12,17
129896;Dortmund, GG Schopenhauerschule;Grundschulen;Dortmund;Stadt Dortmund;7;7,0;26056;404;30;12,17
129902;Dortmund, GG Aplerbecker-Mark-Schule;Grundschulen;Dortmund;Stadt Dortmund;2;2,0;26056;404;30;12,17
129914;Dortmund, GG Berswordt-Europa;Grundschulen;Dortmund;Stadt Dortmund;6;6,0;26056;404;30;12,17
129926;Dortmund, GG Lieberfeldschule;Grundschulen;Dortmund;Stadt Dortmund;2;2,0;26056;404;30;12,17
129938;Dortmund, GG Holte;Grundschulen;Dortmund;Stadt Dortmund;6;6,0;26056;404;30;12,17
129940;Dortmund, GG Friedensschule;Grundschulen;Dortmund;Stadt Dortmund;7;7,0;26056;404;30;12,17
129963;Dortmund, GG Steinbrinkschule;Grundschulen;Dortmund;Stadt Dortmund;4;4,0;26056;404;30;12,17
129975;Dortmund, GG Lessingschule;Grundschulen;Dortmund;Stadt Dortmund;9;9,0;26056;404;30;12,17
129987;Dortmund, GG Landgrafenschule;Grundschulen;Dortmund;Stadt Dortmund;4;4,0;26056;404;30;12,17
129999;Dortmund, GG Kruckeler;Grundschulen;Dortmund;Stadt Dortmund;2;2,0;26056;404;30;12,17
130000;Dortmund, GG Aplerbeckerschule;Grundschulen;Dortmund;Stadt Dortmund;3;3,0;26056;404;30;12,17
130011;Dortmund, GG Hellweg;Grundschulen;Dortmund;Stadt Dortmund;3;3,0;26056;404;30;12,17
130023;Dortmund, GG Gerhart-Hauptmann-Schule;Grundschulen;Dortmund;Stadt Dortmund;5;5,0;26056;404;30;12,17
130035;Dortmund, GG Benninghofer Schule;Grundschulen;Dortmund;Stadt Dortmund;4;4,0;26056;404;30;12,17
130059;Dortmund, GG Graf-Konrad-Schule;Grundschulen;Dortmund;Stadt Dortmund;8;8,0;26056;404;30;12,17
130060;Dortmund, GG Regenbogen;Grundschulen;Dortmund;Stadt Dortmund;2;2,0;26056;404;30;12,17
130072;Dortmund, GG Hoechstener Schule;Grundschulen;Dortmund;Stadt Dortmund;1;1,0;26056;404;30;12,17
130096;Dortmund, GG Mosaik-Grundschule Eving;Grundschulen;Dortmund;Stadt Dortmund;9;9,0;26056;404;30;12,17
130102;Dortmund, GG Olpketal;Grundschulen;Dortmund;Stadt Dortmund;1;1,0;26056;404;30;12,17
130114;Dortmund, GG Oesterholzschule;Grundschulen;Dortmund;Stadt Dortmund;9;9,0;26056;404;30;12,17
130126;Dortmund, GG Nordmarktschule;Grundschulen;Dortmund;Stadt Dortmund;9;9,0;26056;404;30;12,17
130138;Dortmund, GG Friedrich-Ebert-Schule;Grundschulen;Dortmund;Stadt Dortmund;3;3,0;26056;404;30;12,17
130140;Dortmund, GG Kirchderner Schule;Grundschulen;Dortmund;Stadt Dortmund;5;5,0;26056;404;30;12,17
130151;Dortmund, GG Am Dorney;Grundschulen;Dortmund;Stadt Dortmund;4;4,0;26056;404;30;12,17
130175;Hagen, KG Overbergschule;Sonstige;Hagen;Stadt Hagen;2;2,0;26092;361;41;11,85
130187;Hagen, KG Goethe;Sonstige;Hagen;Stadt Hagen;3;3,0;26092;361;41;11,85
130217;Hagen, KG Meinolfschule;Sonstige;Hagen;Stadt Hagen;7;7,0;26092;361;41;11,85
130229;Hagen, GG (Verb) Freiherr-vom-Stein;Grundschulen;Hagen;Stadt Hagen;7;7,0;26056;404;30;12,25
130230;Hagen, GG Hermann-Lns;Grundschulen;Hagen;Stadt Hagen;6;6,0;26056;404;30;12,25
130242;Hagen, GG Friedrich-Harkort-Schule;Grundschulen;Hagen;Stadt Hagen;8;8,0;26056;404;30;12,25
130254;Hagen, GG Vincke;Grundschulen;Hagen;Stadt Hagen;6;6,0;26056;404;30;12,25
130278;Hagen, GG Hestert;Grundschulen;Hagen;Stadt Hagen;5;5,0;26056;404;30;12,25
130291;Hagen, GG Astrid-Lindgren;Grundschulen;Hagen;Stadt Hagen;4;4,0;26056;404;30;12,25
130308;Hagen, GG Emst;Grundschulen;Hagen;Stadt Hagen;2;2,0;26056;404;30;12,25
130310;Hagen, GG (Verb.) Goldbergschule;Grundschulen;Hagen;Stadt Hagen;8;8,0;26056;404;30;12,25
130321;Hagen, GG Emil-Schumacher-Schule;Grundschulen;Hagen;Stadt Hagen;9;9,0;26056;404;30;12,25
130333;Hagen, GG Karl-Ernst-Osthaus-Schule;Grundschulen;Hagen;Stadt Hagen;3;3,0;26056;404;30;12,25
130345;Hagen, GG Helfe;Grundschulen;Hagen;Stadt Hagen;5;5,0;26056;404;30;12,25
130357;Hagen, GG Kuhlerkamp;Grundschulen;Hagen;Stadt Hagen;5;5,0;26056;404;30;12,25
130369;Hagen, GG Kipperschule;Grundschulen;Hagen;Stadt Hagen;6;6,0;26056;404;30;12,25
130370;Hagen, GG Funckeparkschule;Grundschulen;Hagen;Stadt Hagen;9;9,0;26056;404;30;12,25
130382;Hagen, GG Gebrder-Grimm-Schule;Grundschulen;Hagen;Stadt Hagen;8;8,0;26056;404;30;12,25
130412;Hagen, GG Altenhagen;Grundschulen;Hagen;Stadt Hagen;9;9,0;26056;404;30;12,25
130424;Hagen, GG Henry-van-de-Velde-Schule;Grundschulen;Hagen;Stadt Hagen;8;8,0;26056;404;30;12,25
130436;Hagen, GG Janusz-Korczak;Grundschulen;Hagen;Stadt Hagen;9;9,0;26056;404;30;12,25
130461;Hamm, GG Bodelschwinghschule;Grundschulen;Hamm;Stadt Hamm;6;6,0;26056;404;30;11,98
130473;Hamm, GG Ludgerischule;Grundschulen;Hamm;Stadt Hamm;9;9,0;26056;404;30;11,98
130485;Hamm, GG Johannes;Grundschulen;Hamm;Stadt Hamm;7;7,0;26056;404;30;11,98
130497;Hamm, GG Wilhelm-Busch-Schule;Grundschulen;Hamm;Stadt Hamm;8;8,0;26056;404;30;11,98
130503;Hamm, GG Geistschule;Grundschulen;Hamm;Stadt Hamm;5;5,0;26056;404;30;11,98
130515;Hamm, GG Theodor-Heuss-Schule;Grundschulen;Hamm;Stadt Hamm;4;4,0;26056;404;30;11,98
130527;Hamm, GG Matthias-Claudius;Grundschulen;Hamm;Stadt Hamm;9;9,0;26056;404;30;11,98
130539;Hamm, GG Hermann-Gmeiner;Grundschulen;Hamm;Stadt Hamm;8;8,0;26056;404;30;11,98
130540;Hamm, GG Ketteler;Grundschulen;Hamm;Stadt Hamm;3;3,0;26056;404;30;11,98
130552;Hamm, GG Hellwegschule;Grundschulen;Hamm;Stadt Hamm;2;2,0;26056;404;30;11,98
130564;Hamm, GG Dietrich-Bonhoeffer;Grundschulen;Hamm;Stadt Hamm;2;2,0;26056;404;30;11,98
130576;Herne, KG an der Bergstraáe;Sonstige;Herne;Stadt Herne;1;1,0;26092;361;41;11,85
130588;Herne, GG an der Vellwigstraáe;Grundschulen;Herne;Stadt Herne;2;2,0;26056;404;30;13,48
130618;Herne, GG an der Max-Wiethoff-Straáe;Grundschulen;Herne;Stadt Herne;6;6,0;26056;404;30;13,48
130643;Herne, GG am Schloss;Grundschulen;Herne;Stadt Herne;6;6,0;26056;404;30;13,48
130679;Herne, GG an der Ohmstraáe;Grundschulen;Herne;Stadt Herne;8;8,0;26056;404;30;13,48
130680;Herne, GG Pantrings Hof;Grundschulen;Herne;Stadt Herne;3;3,0;26056;404;30;13,48
130722;Herne, GG Kunterbunt;Grundschulen;Herne;Stadt Herne;8;8,0;26056;404;30;13,48
130734;Herne, GG an der Brsinghauser Straáe;Grundschulen;Herne;Stadt Herne;3;3,0;26056;404;30;13,48
130758;Iserlohn, GG Bmberg;Grundschulen;Iserlohn;Mrkischen Kreis;6;6,0;26056;404;30;11,44
130760;Iserlohn, GG Lichte Kammer;Grundschulen;Iserlohn;Mrkischen Kreis;7;7,0;26056;404;30;11,44
130783;Iserlohn, GG (Verb.) Nuáberg;Grundschulen;Iserlohn;Mrkischen Kreis;5;5,0;26056;404;30;11,44
130795;Iserlohn, GG Im Wiesengrund;Grundschulen;Iserlohn;Mrkischen Kreis;7;7,0;26056;404;30;11,44
130813;Iserlohn, GG Burgschule;Grundschulen;Iserlohn;Mrkischen Kreis;8;8,0;26056;404;30;11,44
130825;Iserlohn, GG Sdschule;Grundschulen;Iserlohn;Mrkischen Kreis;8;8,0;26056;404;30;11,44
130849;Lnen, GG Wittekind;Grundschulen;Lnen;Kreis Unna;9;9,0;24163;396;10;12,49
130850;Lnen, GG (Verb.) Osterfeld;Grundschulen;Lnen;Kreis Unna;6;6,0;24163;396;10;12,49
130862;Lnen, GG (Verb.) Overbergschule;Grundschulen;Lnen;Kreis Unna;7;7,0;24163;396;10;12,49
130874;Lnen, GG Viktoria;Grundschulen;Lnen;Kreis Unna;9;9,0;24163;396;10;12,49
130886;Lnen, KG Elisabeth;Sonstige;Lnen;Kreis Unna;3;3,0;24163;396;10;11,85
130898;Lnen, KG Leo;Sonstige;Lnen;Kreis Unna;3;3,0;24163;396;10;11,85
130904;Lnen, GG Schule am Lserbach;Grundschulen;Lnen;Kreis Unna;2;2,0;24163;396;10;12,49
130977;Herne, GG am Eickeler Park;Grundschulen;Herne;Stadt Herne;3;3,0;26056;404;30;13,48
130989;Herne, GG Freiherr-vom-Stein-Schule;Grundschulen;Herne;Stadt Herne;8;8,0;26056;404;30;13,48
130990;Herne, GG Sonnenschule;Grundschulen;Herne;Stadt Herne;4;4,0;26056;404;30;13,48
131003;Herne, GG Horstschule;Grundschulen;Herne;Stadt Herne;4;4,0;26056;404;30;13,48
131015;Herne, GG Sdschule;Grundschulen;Herne;Stadt Herne;6;6,0;26056;404;30;13,48
131027;Herne, GG Laurentiusschule;Grundschulen;Herne;Stadt Herne;6;6,0;26056;404;30;13,48
131039;Herne, GG Claudiusschule;Grundschulen;Herne;Stadt Herne;6;6,0;26056;404;30;13,48
131040;Herne, GG Michaelschule;Grundschulen;Herne;Stadt Herne;5;5,0;26056;404;30;13,48
131052;Herne, GG Europaschule Knigstraáe;Grundschulen;Herne;Stadt Herne;5;5,0;26056;404;30;13,48
131064;Herne, GG Josefschule;Grundschulen;Herne;Stadt Herne;9;9,0;26056;404;30;13,48
131088;Bochum, GG Kirchschule Hntrop;Grundschulen;Bochum;Stadt Bochum;5;5,0;26056;404;30;13,27
131090;Bochum, GG Westenfeld;Grundschulen;Bochum;Stadt Bochum;8;8,0;26056;404;30;13,27
131120;Bochum, GG Regenbogen;Grundschulen;Bochum;Stadt Bochum;5;5,0;26056;404;30;13,27
131131;Bochum, GG Gnnigfeld;Grundschulen;Bochum;Stadt Bochum;6;6,0;26056;404;30;13,27
131155;Bochum, GG Glckaufschule;Grundschulen;Bochum;Stadt Bochum;8;8,0;26056;404;30;13,27
131167;Bochum, GG Leithe;Grundschulen;Bochum;Stadt Bochum;4;4,0;26056;404;30;13,27
131179;Bochum, GG Dietrich-Bonhoeffer;Grundschulen;Bochum;Stadt Bochum;2;2,0;26056;404;30;13,27
131209;Witten, GG Bruch;Grundschulen;Witten;Ennepe-Ruhr-Kreis;4;4,0;27150;324;6;12,04
131210;Witten, GG Crengeldanzschule;Grundschulen;Witten;Ennepe-Ruhr-Kreis;6;6,0;27150;324;6;12,04
131222;Witten, GG Rdinghauser;Grundschulen;Witten;Ennepe-Ruhr-Kreis;2;2,0;27150;324;6;12,04
131234;Witten, GG Dorfschule;Grundschulen;Witten;Ennepe-Ruhr-Kreis;3;3,0;27150;324;6;12,04
131246;Witten, GG Hellwegschule;Grundschulen;Witten;Ennepe-Ruhr-Kreis;4;4,0;27150;324;6;12,04
131260;Witten, GG Hllbergschule;Grundschulen;Witten;Ennepe-Ruhr-Kreis;3;3,0;27150;324;6;12,04
131271;Witten, GG Erlenschule;Grundschulen;Witten;Ennepe-Ruhr-Kreis;6;6,0;27150;324;6;12,04
131283;Witten, GG Harkort;Grundschulen;Witten;Ennepe-Ruhr-Kreis;2;2,0;27150;324;6;12,04
131295;Witten, GG Baedeker;Grundschulen;Witten;Ennepe-Ruhr-Kreis;6;6,0;27150;324;6;12,04
131301;Witten, GG Borbach;Grundschulen;Witten;Ennepe-Ruhr-Kreis;1;1,0;27150;324;6;12,04
131313;Witten, GG Gerichtsschule;Grundschulen;Witten;Ennepe-Ruhr-Kreis;9;9,0;27150;324;6;12,04
131325;Witten, GG Bredde;Grundschulen;Witten;Ennepe-Ruhr-Kreis;8;8,0;27150;324;6;12,04
131337;Witten, GG Brenschen;Grundschulen;Witten;Ennepe-Ruhr-Kreis;3;3,0;27150;324;6;12,04
131350;Altena, GG Breitenhagen;Grundschulen;Altena;Mrkischen Kreis;5;5,0;26056;404;30;12,5
131404;Plettenberg, GG Holthausen;Grundschulen;Plettenberg;Mrkischen Kreis;3;3,0;26056;404;30;12,53
131430;Plettenberg, GG (Verb.) Hallenschule;Grundschulen;Plettenberg;Mrkischen Kreis;5;5,0;26056;404;30;12,53
131441;Plettenberg, GG Eschenschule;Grundschulen;Plettenberg;Mrkischen Kreis;7;7,0;26056;404;30;12,53
131453;Plettenberg, GG (Verb.) Martin-Luther;Grundschulen;Plettenberg;Mrkischen Kreis;4;4,0;26056;404;30;12,53
131477;Werdohl, GG (Verb.) Schulweg;Grundschulen;Werdohl;Mrkischen Kreis;6;6,0;26056;404;30;13,18
131507;Werdohl, KG St.Michael-Schule;Sonstige;Werdohl;Mrkischen Kreis;7;7,0;26092;361;41;11,85
131519;Werdohl, EG Martin Luther;Sonstige;Werdohl;Mrkischen Kreis;7;7,0;26092;361;41;11,85
131556;Nachrodt-Wiblingwerde,GG (Verb) Nachrodt;Grundschulen;Nachrodt-Wiblingwerde;Mrkischen Kreis;3;3,0;26056;404;30;14,0
131568;Halver, GG (Verb.) Regenbogenschule;Grundschulen;Halver;Mrkischen Kreis;3;3,0;26056;404;30;13,2
131581;Halver, GG Lindenhofschule;Grundschulen;Halver;Mrkischen Kreis;2;2,0;26056;404;30;13,2
131600;Kierspe, GG (Verb.) Bismarckschule;Grundschulen;Kierspe;Mrkischen Kreis;1;1,0;26056;404;30;14,8
131611;Kierspe, GG (Verb.) Pestalozzi;Grundschulen;Kierspe;Mrkischen Kreis;3;3,0;26056;404;30;14,8
131623;Ldenscheid, GG Lsenbach;Grundschulen;Ldenscheid;Mrkischen Kreis;3;3,0;26056;404;30;12,49
131635;Ldenscheid, GG Otfried-Preuáler-Schule;Grundschulen;Ldenscheid;Mrkischen Kreis;4;4,0;26056;404;30;12,49
131659;Ldenscheid, GG Adolf-Kolping-Schule;Grundschulen;Ldenscheid;Mrkischen Kreis;6;6,0;26056;404;30;12,49
131660;Ldenscheid, GG Pestalozzi;Grundschulen;Ldenscheid;Mrkischen Kreis;7;7,0;26056;404;30;12,49
131684;Ldenscheid, GG Westschule;Grundschulen;Ldenscheid;Mrkischen Kreis;7;7,0;26056;404;30;12,49
131702;Ldenscheid, GG Knapper;Grundschulen;Ldenscheid;Mrkischen Kreis;8;8,0;26056;404;30;12,49
131738;Ldenscheid, GG Bierbaum;Grundschulen;Ldenscheid;Mrkischen Kreis;3;3,0;26056;404;30;12,49
131751;Ldenscheid, GG Wehberger;Grundschulen;Ldenscheid;Mrkischen Kreis;5;5,0;26056;404;30;12,49
131775;Meinerzhagen, GG Auf der Wahr;Grundschulen;Meinerzhagen;Mrkischen Kreis;5;5,0;26056;404;30;13,75
131799;Meinerzhagen, GG Ebbeschule-Valbert;Grundschulen;Meinerzhagen;Mrkischen Kreis;2;2,0;26056;404;30;13,75
131817;Neuenrade, GG (Verb.) Burgschule;Grundschulen;Neuenrade;Mrkischen Kreis;4;4,0;26056;404;30;13,17
131842;Schalksmhle, GG Spormecke;Grundschulen;Schalksmhle;Mrkischen Kreis;2;2,0;26056;404;30;12,49
131854;Arnsberg, GG Norbertusschule;Grundschulen;Arnsberg;Hochsauerlandkreis;6;6,0;27635;260;34;12,49
131866;Arnsberg, KG Kath. Johannesschule;Sonstige;Arnsberg;Hochsauerlandkreis;4;4,0;27635;260;34;11,85
131878;Arnsberg, GG (Verb.) Regenbogen;Grundschulen;Arnsberg;Hochsauerlandkreis;2;2,0;27635;260;34;12,49
131880;Arnsberg, GG Adolf-Sauer-Schule;Grundschulen;Arnsberg;Hochsauerlandkreis;4;4,0;27635;260;34;12,49
131891;Arnsberg, GG Moosfelde;Grundschulen;Arnsberg;Hochsauerlandkreis;7;7,0;27635;260;34;12,49
131910;Arnsberg, GG Rhr;Grundschulen;Arnsberg;Hochsauerlandkreis;5;5,0;27635;260;34;12,49
131921;Arnsberg, GG Mhlenberg;Grundschulen;Arnsberg;Hochsauerlandkreis;4;4,0;27635;260;34;12,49
131933;Arnsberg, GG Graf-Gottfried-Schule;Grundschulen;Arnsberg;Hochsauerlandkreis;3;3,0;27635;260;34;12,49
131945;Arnsberg, GG Rote Schule;Grundschulen;Arnsberg;Hochsauerlandkreis;6;6,0;27635;260;34;12,49
131957;Arnsberg, KG St.Josef-Bergheim;Sonstige;Arnsberg;Hochsauerlandkreis;2;2,0;27635;260;34;11,85
131970;Balve, GG St. Johannes Balve;Grundschulen;Balve;Mrkischen Kreis;3;3,0;26056;404;30;12,0
131982;Balve, GG Beckum;Grundschulen;Balve;Mrkischen Kreis;1;1,0;26056;404;30;12,0
132007;Balve, KG Dreiknige;Sonstige;Balve;Mrkischen Kreis;1;1,0;26092;361;41;11,85
132020;Meschede, KG (Verb.) St. Nikolaus-Schule;Sonstige;Meschede;Hochsauerlandkreis;2;2,0;27635;260;34;11,85
132044;Arnsberg, KG Dinschede;Sonstige;Arnsberg;Hochsauerlandkreis;2;2,0;27635;260;34;11,85
132068;Arnsberg, KG Rodentelgenschule;Sonstige;Arnsberg;Hochsauerlandkreis;5;5,0;27635;260;34;11,85
132081;Sundern, KG Hachen;Sonstige;Sundern (Sauerland);Hochsauerlandkreis;3;3,0;27635;260;34;11,85
132093;Arnsberg, KG (Verb) Kath Heinrich-Knoche;Sonstige;Arnsberg;Hochsauerlandkreis;1;1,0;27635;260;34;11,85
132135;Arnsberg, KG Mschede;Sonstige;Arnsberg;Hochsauerlandkreis;2;2,0;27635;260;34;11,85
132160;Arnsberg, KG Urbanus;Sonstige;Arnsberg;Hochsauerlandkreis;1;1,0;27635;260;34;11,85
132172;Sundern, KG Allendorf;Sonstige;Sundern (Sauerland);Hochsauerlandkreis;1;1,0;27635;260;34;11,85
132202;Sundern, KG Sebastianschule;Sonstige;Sundern (Sauerland);Hochsauerlandkreis;2;2,0;27635;260;34;11,85
132214;Sundern, GG Johannes;Grundschulen;Sundern (Sauerland);Hochsauerlandkreis;3;3,0;27635;260;34;11,82
132226;Sundern, GG Marienschule;Grundschulen;Sundern (Sauerland);Hochsauerlandkreis;2;2,0;27635;260;34;11,82
132287;Warstein, KG (Verb.) Lioba-Schule;Sonstige;Warstein;Kreis Soest;4;4,0;25849;304;39;11,85
132299;Brilon, KG St.Engelbert-Schule;Sonstige;Brilon;Hochsauerlandkreis;4;4,0;27635;260;34;11,85
132317;Brilon, KG Ratmerstein;Sonstige;Brilon;Hochsauerlandkreis;2;2,0;27635;260;34;11,85
132342;Winterberg, KG Am Postteich;Sonstige;Winterberg;Hochsauerlandkreis;4;4,0;27635;260;34;11,85
132366;Medebach, GG (Verb.) Hanse;Grundschulen;Medebach;Hochsauerlandkreis;3;3,0;27635;260;34;14,75
132408;Olsberg, KG Kardinal-von-Galen-Schule;Sonstige;Olsberg;Hochsauerlandkreis;2;2,0;27635;260;34;11,85
132410;Olsberg, KG St.Martinus-Schule;Sonstige;Olsberg;Hochsauerlandkreis;3;3,0;27635;260;34;11,85
132433;Olsberg, KG Franziskus;Sonstige;Olsberg;Hochsauerlandkreis;1;1,0;27635;260;34;11,85
132457;Winterberg, KG St.Josef;Sonstige;Winterberg;Hochsauerlandkreis;3;3,0;27635;260;34;11,85
132470;Hallenberg, KG Elbersbach;Sonstige;Hallenberg;Hochsauerlandkreis;2;2,0;27635;260;34;11,85
132524;Marsberg,GG Naturparkgrundschule Giersh.;Grundschulen;Marsberg;Hochsauerlandkreis;1;1,0;27635;260;34;10,75
132550;Marsberg, GG Schule am Burghof;Grundschulen;Marsberg;Hochsauerlandkreis;4;4,0;27635;260;34;10,75
132573;Winterberg, KG Niedersfeld;Sonstige;Winterberg;Hochsauerlandkreis;2;2,0;27635;260;34;11,85
132640;Brilon, KG (Verb.) Thlen-Alme-Hoppecke;Sonstige;Brilon;Hochsauerlandkreis;2;2,0;27635;260;34;11,85
132652;Breckerfeld, GG Ostring;Grundschulen;Breckerfeld;Ennepe-Ruhr-Kreis;1;1,0;27150;324;6;20,0
132676;Hagen, GG Volmetal;Grundschulen;Hagen;Stadt Hagen;4;4,0;26056;404;30;12,25
132706;Ennepetal, GG Bttenberg;Grundschulen;Ennepetal;Ennepe-Ruhr-Kreis;3;3,0;27150;324;6;12,32
132718;Ennepetal, GG (Verb.) Wassermaus;Grundschulen;Ennepetal;Ennepe-Ruhr-Kreis;3;3,0;27150;324;6;12,32
132720;Ennepetal, GG Altenvoerde;Grundschulen;Ennepetal;Ennepe-Ruhr-Kreis;3;3,0;27150;324;6;12,32
132731;Ennepetal, GG Voerde;Grundschulen;Ennepetal;Ennepe-Ruhr-Kreis;4;4,0;27150;324;6;12,32
132755;Ennepetal, KG Kirchstr.;Sonstige;Ennepetal;Ennepe-Ruhr-Kreis;3;3,0;27150;324;6;11,85
132779;Gevelsberg, GG Pestalozzischule;Grundschulen;Gevelsberg;Ennepe-Ruhr-Kreis;4;4,0;27150;324;6;12,45
132780;Gevelsberg, GG Am Strckerberg;Grundschulen;Gevelsberg;Ennepe-Ruhr-Kreis;4;4,0;27150;324;6;12,45
132792;Gevelsberg, GG Schnellmark;Grundschulen;Gevelsberg;Ennepe-Ruhr-Kreis;5;5,0;27150;324;6;12,45
132810;Gevelsberg, GG Silschede;Grundschulen;Gevelsberg;Ennepe-Ruhr-Kreis;1;1,0;27150;324;6;12,45
132822;Hattingen, GG Bredenscheid;Grundschulen;Hattingen;Ennepe-Ruhr-Kreis;2;2,0;27150;324;6;12,87
132834;Hattingen, GG Oberwinzerfeld;Grundschulen;Hattingen;Ennepe-Ruhr-Kreis;4;4,0;27150;324;6;12,87
132860;Hattingen, KG Weiltor St.Franzsikus;Sonstige;Hattingen;Ennepe-Ruhr-Kreis;5;5,0;27150;324;6;11,85
132883;Hattingen, GG Heggerfeld;Grundschulen;Hattingen;Ennepe-Ruhr-Kreis;8;8,0;27150;324;6;12,87
132895;Hattingen, GG Bruchfeld;Grundschulen;Hattingen;Ennepe-Ruhr-Kreis;4;4,0;27150;324;6;12,87
132901;Hattingen, GG Holthausen;Grundschulen;Hattingen;Ennepe-Ruhr-Kreis;4;4,0;27150;324;6;12,87
132937;Hattingen,GG Niederwenigern Nikol.Groá;Grundschulen;Hattingen;Ennepe-Ruhr-Kreis;2;2,0;27150;324;6;12,87
132950;Hattingen, GG Alt-Blankenstein;Grundschulen;Hattingen;Ennepe-Ruhr-Kreis;1;1,0;27150;324;6;12,87
132962;Hattingen, GG Erik-Nlting;Grundschulen;Hattingen;Ennepe-Ruhr-Kreis;6;6,0;27150;324;6;12,87
132974;Witten, GG Buchholzer Schule;Grundschulen;Witten;Ennepe-Ruhr-Kreis;1;1,0;27150;324;6;12,04
132986;Witten, GG Vormholzer Schule;Grundschulen;Witten;Ennepe-Ruhr-Kreis;4;4,0;27150;324;6;12,04
133000;Witten, GG Herbeder;Grundschulen;Witten;Ennepe-Ruhr-Kreis;3;3,0;27150;324;6;12,04
133024;Herdecke, GG Hugo Knauer;Grundschulen;Herdecke;Ennepe-Ruhr-Kreis;3;3,0;27150;324;6;12,08
133036;Herdecke, GG Schraberg;Grundschulen;Herdecke;Ennepe-Ruhr-Kreis;1;1,0;27150;324;6;12,08
133048;Herdecke, GG Robert-Bonnermann-Schule;Grundschulen;Herdecke;Ennepe-Ruhr-Kreis;5;5,0;27150;324;6;12,08
133050;Schwelm, GG Nordstadt;Grundschulen;Schwelm;Ennepe-Ruhr-Kreis;4;4,0;27150;324;6;14,19
133073;Schwelm, GG Engelbertstr.;Grundschulen;Schwelm;Ennepe-Ruhr-Kreis;6;6,0;27150;324;6;14,19
133085;Schwelm, GG Lndchenweg;Grundschulen;Schwelm;Ennepe-Ruhr-Kreis;5;5,0;27150;324;6;14,19
133097;Schwelm, KG St.Marien;Sonstige;Schwelm;Ennepe-Ruhr-Kreis;3;3,0;27150;324;6;11,85
133115;Sprockhvel, GG Hobeuken;Grundschulen;Sprockhvel;Ennepe-Ruhr-Kreis;1;1,0;27150;324;6;12,49
133127;Sprockhvel, GG Haálinghausen;Grundschulen;Sprockhvel;Ennepe-Ruhr-Kreis;3;3,0;27150;324;6;12,49
133139;Sprockhvel, GG Brgersbruch;Grundschulen;Sprockhvel;Ennepe-Ruhr-Kreis;2;2,0;27150;324;6;12,49
133140;Sprockhvel, GG Gennebreck-Herzkamp;Grundschulen;Sprockhvel;Ennepe-Ruhr-Kreis;1;1,0;27150;324;6;12,49
133152;Wetter, KG St. Rafael;Sonstige;Wetter (Ruhr);Ennepe-Ruhr-Kreis;3;3,0;27150;324;6;11,85
133164;Wetter, GG Bergstr.;Grundschulen;Wetter (Ruhr);Ennepe-Ruhr-Kreis;6;6,0;27150;324;6;11,29
133176;Wetter, GG Grundschttel;Grundschulen;Wetter (Ruhr);Ennepe-Ruhr-Kreis;4;4,0;27150;324;6;11,29
133190;Wetter, GG (Verb.) Elbschebach;Grundschulen;Wetter (Ruhr);Ennepe-Ruhr-Kreis;2;2,0;27150;324;6;11,29
133206;Wetter, GG Volmarstein;Grundschulen;Wetter (Ruhr);Ennepe-Ruhr-Kreis;2;2,0;27150;324;6;11,29
133218;Hagen, GG Heide Hohenlimburg;Grundschulen;Hagen;Stadt Hagen;3;3,0;26056;404;30;12,25
133231;Hagen, KG Wesselbach;Sonstige;Hagen;Stadt Hagen;2;2,0;26092;361;41;11,85
133255;Hagen, GG (Verb.) Im Kley;Grundschulen;Hagen;Stadt Hagen;7;7,0;26056;404;30;12,25
133267;Iserlohn, GG Saat;Grundschulen;Iserlohn;Mrkischen Kreis;3;3,0;26056;404;30;11,44
133280;Iserlohn, GG Bartholomusschule;Grundschulen;Iserlohn;Mrkischen Kreis;2;2,0;26056;404;30;11,44
133292;Iserlohn, KG Kilianschule;Sonstige;Iserlohn;Mrkischen Kreis;5;5,0;26092;361;41;11,85
133309;Menden, KG Josefschule Menden;Sonstige;Menden (Sauerland);Mrkischen Kreis;4;4,0;26092;361;41;11,85
133322;Menden, GG (Verb.) Albert-Schweitzer;Grundschulen;Menden (Sauerland);Mrkischen Kreis;2;2,0;26056;404;30;12,28
133358;Schwerte, GG Friedrich-Kayser-Schule;Grundschulen;Schwerte;Kreis Unna;9;9,0;24163;396;10;11,48
133360;Schwerte, GG Lenningskamp;Grundschulen;Schwerte;Kreis Unna;3;3,0;24163;396;10;11,48
133383;Schwerte, GG Heide;Grundschulen;Schwerte;Kreis Unna;2;2,0;24163;396;10;11,48
133401;Hagen, GG Berchum/Garenfeld;Grundschulen;Hagen;Stadt Hagen;2;2,0;26056;404;30;12,25
133413;Schwerte, EG Ergste;Sonstige;Schwerte;Kreis Unna;2;2,0;24163;396;10;11,85
133437;Hemer, GG Oesetalschule;Grundschulen;Hemer;Mrkischen Kreis;2;2,0;26056;404;30;11,17
133449;Hemer, GG Deilinghofenerschule;Grundschulen;Hemer;Mrkischen Kreis;1;1,0;26056;404;30;11,17
133450;Hemer, GG Brabeckschule;Grundschulen;Hemer;Mrkischen Kreis;1;1,0;26056;404;30;11,17
133462;Hemer, GG Woesteschule;Grundschulen;Hemer;Mrkischen Kreis;4;4,0;26056;404;30;11,17
133474;Hemer, GG Freiherr-vom-Stein;Grundschulen;Hemer;Mrkischen Kreis;6;6,0;26056;404;30;11,17
133486;Hemer, GG Diesterwegschule;Grundschulen;Hemer;Mrkischen Kreis;3;3,0;26056;404;30;11,17
133498;Hemer, GG Wulfertschule;Grundschulen;Hemer;Mrkischen Kreis;5;5,0;26056;404;30;11,17
133504;Hemer, GG Ihmerter;Grundschulen;Hemer;Mrkischen Kreis;2;2,0;26056;404;30;11,17
133516;Menden, GG Nikolaus-Groá-Schule/Bsperde;Grundschulen;Menden (Sauerland);Mrkischen Kreis;2;2,0;26056;404;30;12,28
133530;Menden, GG (Verb.) Bischof-von-Ketteler;Grundschulen;Menden (Sauerland);Mrkischen Kreis;4;4,0;26056;404;30;12,28
133565;Menden, KG Josefschule Lendringsen;Sonstige;Menden (Sauerland);Mrkischen Kreis;4;4,0;26092;361;41;11,85
133590;Iserlohn, GG Smmern;Grundschulen;Iserlohn;Mrkischen Kreis;1;1,0;26056;404;30;11,44
133607;Dortmund, GG Eintracht;Grundschulen;Dortmund;Stadt Dortmund;3;3,0;26056;404;30;12,17
133619;Dortmund, GG Lichtendorf;Grundschulen;Dortmund;Stadt Dortmund;1;1,0;26056;404;30;12,17
133620;Schwerte, GG Villigst;Grundschulen;Schwerte;Kreis Unna;1;1,0;24163;396;10;11,48
133644;Schwerte, GG Reichshofschule;Grundschulen;Schwerte;Kreis Unna;3;3,0;24163;396;10;11,48
133668;Geseke, KG Alfred-Delp-Schule;Sonstige;Geseke;Kreis Soest;4;4,0;25849;304;39;11,85
133670;Geseke, KG Dr.-Adenauer-Schule;Sonstige;Geseke;Kreis Soest;4;4,0;25849;304;39;11,85
133681;Geseke, KG St.Marienschule;Sonstige;Geseke;Kreis Soest;3;3,0;25849;304;39;11,85
133700;Lippstadt, GG (Verb.) Friedrichschule;Grundschulen;Lippstadt;Kreis Soest;5;5,0;25849;304;39;13,79
133711;Lippstadt, GG Hans-Christian-Andersen;Grundschulen;Lippstadt;Kreis Soest;3;3,0;25849;304;39;13,79
133723;Lippstadt, GG an der Pappelallee;Grundschulen;Lippstadt;Kreis Soest;8;8,0;25849;304;39;13,79
133735;Lippstadt, GG Josefschule;Grundschulen;Lippstadt;Kreis Soest;4;4,0;25849;304;39;13,79
133747;Lippstadt, GG Nikolaischule;Grundschulen;Lippstadt;Kreis Soest;4;4,0;25849;304;39;13,79
133760;Lippstadt, GG Martin-Schule;Grundschulen;Lippstadt;Kreis Soest;4;4,0;25849;304;39;13,79
133772;Lippstadt, GG (Verb.) Lipperode-Lipperbr;Grundschulen;Lippstadt;Kreis Soest;3;3,0;25849;304;39;13,79
133784;Anrchte, KG (Verb.) Pankratiusschule;Sonstige;Anrchte;Kreis Soest;2;2,0;25849;304;39;11,85
133802;Lippstadt, GG Benninghausen;Grundschulen;Lippstadt;Kreis Soest;2;2,0;25849;304;39;13,79
133814;Erwitte, GG Erich Kstner;Grundschulen;Erwitte;Kreis Soest;2;2,0;25849;304;39;14,0
133838;Erwitte, GG Astrid-Lindgren;Grundschulen;Erwitte;Kreis Soest;2;2,0;25849;304;39;14,0
133863;Rthen, GG Luzia-Schule;Grundschulen;Rthen;Kreis Soest;1;1,0;25849;304;39;12,49
133875;Rthen, GG (Verb.) Nikolausschule;Grundschulen;Rthen;Kreis Soest;3;3,0;25849;304;39;12,49
133899;Lippstadt, GG (Verb.) Im Kleefeld;Grundschulen;Lippstadt;Kreis Soest;2;2,0;25849;304;39;13,79
133917;Geseke, KG Pankratiusschule;Sonstige;Geseke;Kreis Soest;1;1,0;25849;304;39;11,85
133930;Meschede, KG St. Johannes-Schule;Sonstige;Meschede;Hochsauerlandkreis;1;1,0;27635;260;34;11,85
133954;Bestwig, GG am Sengenberg;Grundschulen;Bestwig;Hochsauerlandkreis;3;3,0;27635;260;34;11,17
133966;Bestwig, GG Wilhelmine-Lbke;Grundschulen;Bestwig;Hochsauerlandkreis;2;2,0;27635;260;34;11,17
133978;Bestwig, GG Andreas;Grundschulen;Bestwig;Hochsauerlandkreis;5;5,0;27635;260;34;11,17
133980;Eslohe, KG (Verb.) Raphael-Schule;Sonstige;Eslohe (Sauerland);Hochsauerlandkreis;2;2,0;27635;260;34;11,85
134028;Schmallenberg, KG Berghausen;Sonstige;Schmallenberg;Hochsauerlandkreis;1;1,0;27635;260;34;11,85
134030;Schmallenberg, GG Bdefeld;Grundschulen;Schmallenberg;Hochsauerlandkreis;2;2,0;27635;260;34;12,36
134065;Schmallenberg, KG Bad Fredeburg;Sonstige;Schmallenberg;Hochsauerlandkreis;3;3,0;27635;260;34;11,85
134089;Meschede, KG Luziaschule Berge;Sonstige;Meschede;Hochsauerlandkreis;2;2,0;27635;260;34;11,85
134119;Meschede, KG Marienschule;Sonstige;Meschede;Hochsauerlandkreis;4;4,0;27635;260;34;11,85
134132;Meschede, KG (Verb) Unter dem Regenbogen;Sonstige;Meschede;Hochsauerlandkreis;4;4,0;27635;260;34;11,85
134156;Schmallenberg, KG Fleckenberg;Sonstige;Schmallenberg;Hochsauerlandkreis;2;2,0;27635;260;34;11,85
134181;Schmallenberg, KG St.Michael;Sonstige;Schmallenberg;Hochsauerlandkreis;1;1,0;27635;260;34;11,85
134211;Schmallenberg, GG (Verb.) Ringstraáe;Grundschulen;Schmallenberg;Hochsauerlandkreis;3;3,0;27635;260;34;12,36
134247;Attendorn, GG Ennest;Grundschulen;Attendorn;Kreis Olpe;3;3,0;29108;134;9;14,07
134259;Attendorn, KG Marienschule;Sonstige;Attendorn;Kreis Olpe;1;1,0;29108;134;9;11,85
134260;Attendorn, KG (Verb.) Sonnenschule;Sonstige;Attendorn;Kreis Olpe;3;3,0;29108;134;9;11,85
134296;Drolshagen, KG (Verb) Grfin-Sayn-Schule;Sonstige;Drolshagen;Kreis Olpe;2;2,0;29108;134;9;11,85
134387;Finnentrop,GG (Verb) Lennetal Gutenberg;Grundschulen;Finnentrop;Kreis Olpe;4;4,0;29108;134;9;14,67
134399;Finnentrop, GG Heggen;Grundschulen;Finnentrop;Kreis Olpe;3;3,0;29108;134;9;14,67
134405;Finnentrop, KG (Verb.) Frettertal;Sonstige;Finnentrop;Kreis Olpe;2;2,0;29108;134;9;11,85
134417;Kirchhundem, GG Welschen Ennest;Grundschulen;Kirchhundem;Kreis Olpe;3;3,0;29108;134;9;10,25
134429;Kirchhundem, GG St. Katharina;Grundschulen;Kirchhundem;Kreis Olpe;3;3,0;29108;134;9;10,25
134454;Kirchhundem, GG am Kreuzberg;Grundschulen;Kirchhundem;Kreis Olpe;2;2,0;29108;134;9;10,25
134480;Lennestadt, KG (Verb.) St.-Agatha-Schule;Sonstige;Lennestadt;Kreis Olpe;4;4,0;29108;134;9;11,85
134521;Lennestadt, KG (Verb.) Oene-Elspe-Tal;Sonstige;Lennestadt;Kreis Olpe;3;3,0;29108;134;9;11,85
134533;Lennestadt, GG Marienschule;Grundschulen;Lennestadt;Kreis Olpe;2;2,0;29108;134;9;12,12
134569;Lennestadt, GG St. Nikolaus;Grundschulen;Lennestadt;Kreis Olpe;5;5,0;29108;134;9;12,12
134570;Lennestadt, KG (Verb.) Franziskus-Schule;Sonstige;Lennestadt;Kreis Olpe;5;5,0;29108;134;9;11,85
134582;Olpe, KG Franz-Hitze-Schule;Sonstige;Olpe;Kreis Olpe;1;1,0;29108;134;9;11,85
134600;Olpe, KG (Verb.) Dringerschule;Sonstige;Olpe;Kreis Olpe;2;2,0;29108;134;9;11,85
134648;Olpe, GG Olpe am Hohenstein;Grundschulen;Olpe;Kreis Olpe;4;4,0;29108;134;9;12,84
134661;Wenden, GG Gerlingen;Grundschulen;Wenden;Kreis Olpe;2;2,0;29108;134;9;12,69
134685;Wenden, GG Hnsborn;Grundschulen;Wenden;Kreis Olpe;2;2,0;29108;134;9;12,69
134703;Wenden, KG (Verb.) Wendener Land;Sonstige;Wenden;Kreis Olpe;2;2,0;29108;134;9;11,85
134727;Hilchenbach, GG Florenburg-Schule;Grundschulen;Hilchenbach;Kreis Siegen-Wittgenstein;2;2,0;26737;276;9;12,67
134739;Hilchenbach, GG Msen;Grundschulen;Hilchenbach;Kreis Siegen-Wittgenstein;3;3,0;26737;276;9;12,67
134764;Siegen, GG (Verb.) auf dem Hubenfeld;Grundschulen;Siegen;Kreis Siegen-Wittgenstein;3;3,0;26737;276;9;11,92
134790;Siegen, GG (Verb.) Eiserfeld;Grundschulen;Siegen;Kreis Siegen-Wittgenstein;4;4,0;26737;276;9;11,92
134831;Siegen, GG Friedrich-Flender-Schule;Grundschulen;Siegen;Kreis Siegen-Wittgenstein;6;6,0;26737;276;9;11,92
134843;Siegen, GG Birlenbacherschule;Grundschulen;Siegen;Kreis Siegen-Wittgenstein;5;5,0;26737;276;9;11,92
134855;Siegen, GG Albert-Schweitzer-Schule;Grundschulen;Siegen;Kreis Siegen-Wittgenstein;8;8,0;26737;276;9;11,92
134867;Siegen, GG Glckaufschule;Grundschulen;Siegen;Kreis Siegen-Wittgenstein;4;4,0;26737;276;9;11,92
134879;Siegen, GG Geisweider;Grundschulen;Siegen;Kreis Siegen-Wittgenstein;7;7,0;26737;276;9;11,92
134892;Siegen, GG Jung-Stilling-Schule;Grundschulen;Siegen;Kreis Siegen-Wittgenstein;3;3,0;26737;276;9;11,92
134909;Siegen, GG Sonnenhangschule;Grundschulen;Siegen;Kreis Siegen-Wittgenstein;2;2,0;26737;276;9;11,92
134910;Siegen, GG Diesterwegschule;Grundschulen;Siegen;Kreis Siegen-Wittgenstein;6;6,0;26737;276;9;11,92
134922;Siegen, GG Montessori am Lindenberg;Grundschulen;Siegen;Kreis Siegen-Wittgenstein;5;5,0;26737;276;9;11,92
134934;Siegen, GG Giersbergschule;Grundschulen;Siegen;Kreis Siegen-Wittgenstein;6;6,0;26737;276;9;11,92
134946;Siegen, GG Kaan-Marienborn;Grundschulen;Siegen;Kreis Siegen-Wittgenstein;3;3,0;26737;276;9;11,92
134960;Siegen, KG Hammerhtter;Sonstige;Siegen;Kreis Siegen-Wittgenstein;5;5,0;26737;276;9;11,85
134971;Siegen, GG Spandauer;Grundschulen;Siegen;Kreis Siegen-Wittgenstein;6;6,0;26737;276;9;11,92
134995;Siegen, GG Obenstruth;Grundschulen;Siegen;Kreis Siegen-Wittgenstein;7;7,0;26737;276;9;11,92
135008;Siegen, GG Nordschule;Grundschulen;Siegen;Kreis Siegen-Wittgenstein;9;9,0;26737;276;9;11,92
135033;Burbach, GG Marktplatz;Grundschulen;Burbach;Kreis Siegen-Wittgenstein;4;4,0;26737;276;9;12,1
135045;Freudenberg, GG Alchen;Grundschulen;Freudenberg;Kreis Siegen-Wittgenstein;2;2,0;26737;276;9;10,83
135057;Freudenberg, GG Bschergrund;Grundschulen;Freudenberg;Kreis Siegen-Wittgenstein;2;2,0;26737;276;9;10,83
135069;Freudenberg, GG Am Alten Flecken;Grundschulen;Freudenberg;Kreis Siegen-Wittgenstein;2;2,0;26737;276;9;10,83
135070;Freudenberg, GG Oberfischbach;Grundschulen;Freudenberg;Kreis Siegen-Wittgenstein;2;2,0;26737;276;9;10,83
135094;Kreuztal, GG Bodelschwingh Schule;Grundschulen;Kreuztal;Kreis Siegen-Wittgenstein;6;6,0;26737;276;9;11,48
135100;Kreuztal, GG (Verb.) Adolf-Wurmbach;Grundschulen;Kreuztal;Kreis Siegen-Wittgenstein;3;3,0;26737;276;9;11,48
135112;Kreuztal, GG Fellinghausen;Grundschulen;Kreuztal;Kreis Siegen-Wittgenstein;3;3,0;26737;276;9;11,48
135124;Kreuztal, GG Jung-Stilling-Schule;Grundschulen;Kreuztal;Kreis Siegen-Wittgenstein;3;3,0;26737;276;9;11,48
135136;Kreuztal, KG St. Martin-Schule;Sonstige;Kreuztal;Kreis Siegen-Wittgenstein;3;3,0;26737;276;9;11,85
135148;Kreuztal,GG an Dreslers Park;Realschulen;Kreuztal;Kreis Siegen-Wittgenstein;9;9,0;26737;276;9;10,83
135161;Neunkirchen, GG Salchendorf;Grundschulen;Neunkirchen;Kreis Siegen-Wittgenstein;5;5,0;26737;276;9;14,0
135185;Neunkirchen, GG Kopernikus;Grundschulen;Neunkirchen;Kreis Siegen-Wittgenstein;4;4,0;26737;276;9;14,0
135197;Netphen, GG Johannlandschule;Grundschulen;Netphen;Kreis Siegen-Wittgenstein;1;1,0;26737;276;9;14,15
135215;Netphen, GG (Verb.) Frohnhausener Str.;Grundschulen;Netphen;Kreis Siegen-Wittgenstein;3;3,0;26737;276;9;14,15
135240;Netphen, GG Deuz;Grundschulen;Netphen;Kreis Siegen-Wittgenstein;4;4,0;26737;276;9;14,15
135264;Netphen, GG (Verb.) Dreisbachtalschule;Grundschulen;Netphen;Kreis Siegen-Wittgenstein;3;3,0;26737;276;9;14,15
135288;Wilnsdorf, GG Vorm Brand;Grundschulen;Wilnsdorf;Kreis Siegen-Wittgenstein;2;2,0;26737;276;9;11,33
135290;Wilnsdorf, GG Wilgersdorf;Grundschulen;Wilnsdorf;Kreis Siegen-Wittgenstein;2;2,0;26737;276;9;11,33
135331;Wilnsdorf, GG Dielfen;Grundschulen;Wilnsdorf;Kreis Siegen-Wittgenstein;2;2,0;26737;276;9;11,33
135343;Wilnsdorf, KG Rudersdorf;Sonstige;Wilnsdorf;Kreis Siegen-Wittgenstein;3;3,0;26737;276;9;11,85
135355;Ense, GG Bernhardusschule Niederense;Grundschulen;Ense;Kreis Soest;2;2,0;25849;304;39;12,75
135367;Ense, KG Frstenberg;Sonstige;Ense;Kreis Soest;1;1,0;25849;304;39;11,85
135379;Ense, GG Hingen;Grundschulen;Ense;Kreis Soest;2;2,0;25849;304;39;12,75
135380;Lippetal, KG St. Stephanus-Schule;Sonstige;Lippetal;Kreis Soest;2;2,0;25849;304;39;11,85
135392;Lippetal, KG St. Ida-Schule Herzfeld;Sonstige;Lippetal;Kreis Soest;2;2,0;25849;304;39;11,85
135409;Lippetal, KG Ludgerus-Schule Lippborg;Sonstige;Lippetal;Kreis Soest;2;2,0;25849;304;39;11,85
135434;Mhnesee, GG (Verb.) Mhnesee;Grundschulen;Mhnesee;Kreis Soest;1;1,0;25849;304;39;12,49
135446;Bad Sassendorf, GG Slzer;Grundschulen;Bad Sassendorf;Kreis Soest;2;2,0;25849;304;39;17,2
135458;Soest, GG Hellweg;Grundschulen;Soest;Kreis Soest;1;1,0;25849;304;39;13,09
135460;Soest, GG Johannes;Grundschulen;Soest;Kreis Soest;7;7,0;25849;304;39;13,09
135471;Soest, KG Patroklischule;Sonstige;Soest;Kreis Soest;2;2,0;25849;304;39;11,85
135483;Soest, GG Petrischule;Grundschulen;Soest;Kreis Soest;2;2,0;25849;304;39;13,09
135495;Soest, GG Wiese;Grundschulen;Soest;Kreis Soest;2;2,0;25849;304;39;13,09
135501;Soest, KG Bruno;Sonstige;Soest;Kreis Soest;3;3,0;25849;304;39;11,85
135513;Welver, GG Borgeln;Grundschulen;Welver;Kreis Soest;1;1,0;25849;304;39;14,67
135525;Welver, GG Bernhard-Honkamp-Schule;Grundschulen;Welver;Kreis Soest;2;2,0;25849;304;39;14,67
135537;Werl, KG Walburgisschule;Sonstige;Werl;Kreis Soest;4;4,0;25849;304;39;11,85
135549;Werl, KG St.Josef-Schule;Sonstige;Werl;Kreis Soest;1;1,0;25849;304;39;11,85
135550;Werl, KG Marienschule;Sonstige;Werl;Kreis Soest;1;1,0;25849;304;39;11,85
135562;Werl, KG Petrischule;Sonstige;Werl;Kreis Soest;6;6,0;25849;304;39;11,85
135586;Wickede, GG Melanchthonschule;Grundschulen;Wickede (Ruhr);Kreis Soest;2;2,0;25849;304;39;13,67
135598;Wickede, GG Engelhardschule;Grundschulen;Wickede (Ruhr);Kreis Soest;3;3,0;25849;304;39;13,67
135604;Kamen, GG Eichendorff;Grundschulen;Kamen;Kreis Unna;3;3,0;24163;396;10;11,81
135616;Kamen, GG Diesterweg;Grundschulen;Kamen;Kreis Unna;4;4,0;24163;396;10;11,81
135630;Kamen, GG (Verb.) Sdschule;Grundschulen;Kamen;Kreis Unna;3;3,0;24163;396;10;11,81
135653;Kamen, GG Astrid-Lindgren-Schule;Grundschulen;Kamen;Kreis Unna;3;3,0;24163;396;10;11,81
135665;Kamen, GG Friedrich-Ebert;Grundschulen;Kamen;Kreis Unna;6;6,0;24163;396;10;11,81
135677;Kamen, GG Jahn;Grundschulen;Kamen;Kreis Unna;2;2,0;24163;396;10;11,81
135690;Unna, GG Lnern;Grundschulen;Unna;Kreis Unna;1;1,0;24163;396;10;12,21
135707;Unna, GG Hemmerde;Grundschulen;Unna;Kreis Unna;1;1,0;24163;396;10;12,21
135720;Unna, GG Sonnenschule;Grundschulen;Unna;Kreis Unna;1;1,0;24163;396;10;12,21
135732;Unna, GG Schillerschule;Grundschulen;Unna;Kreis Unna;2;2,0;24163;396;10;12,21
135744;Unna, GG Grilloschule;Grundschulen;Unna;Kreis Unna;4;4,0;24163;396;10;12,21
135756;Unna, KG Katharinenschule;Sonstige;Unna;Kreis Unna;3;3,0;24163;396;10;11,85
135768;Unna, GG am Friedrichsborn;Grundschulen;Unna;Kreis Unna;6;6,0;24163;396;10;12,21
135781;Unna, GG Osterfeldschule;Grundschulen;Unna;Kreis Unna;1;1,0;24163;396;10;12,21
135793;Bergkamen, GG Gerhart-Hauptmann-Schule;Grundschulen;Bergkamen;Kreis Unna;7;7,0;24163;396;10;12,47
135823;Bergkamen, GG Schiller;Grundschulen;Bergkamen;Kreis Unna;2;2,0;24163;396;10;12,47
135835;Bergkamen, GG Freiherr-von-Ketteler;Grundschulen;Bergkamen;Kreis Unna;1;1,0;24163;396;10;12,47
135847;Bergkamen, GG Preinschule;Grundschulen;Bergkamen;Kreis Unna;4;4,0;24163;396;10;12,47
135859;Bergkamen, GG Jahn;Grundschulen;Bergkamen;Kreis Unna;2;2,0;24163;396;10;12,47
135860;Bergkamen, GG Overberger;Grundschulen;Bergkamen;Kreis Unna;1;1,0;24163;396;10;12,47
135872;Bergkamen, GG Pfalz;Grundschulen;Bergkamen;Kreis Unna;4;4,0;24163;396;10;12,47
135884;Frndenberg/Ruhr, GG Friedhofstr.;Grundschulen;Frndenberg/Ruhr;Kreis Unna;2;2,0;24163;396;10;12,49
135896;Frndenberg/Ruhr, KG Overbergschule;Sonstige;Frndenberg/Ruhr;Kreis Unna;2;2,0;24163;396;10;11,85
135902;Frndenberg/Ruhr, GG Sonnenbergschule;Grundschulen;Frndenberg/Ruhr;Kreis Unna;1;1,0;24163;396;10;12,49
135926;Bnen, GG Goetheschule;Grundschulen;Bnen;Kreis Unna;3;3,0;24163;396;10;12,49
135938;Bnen, GG Hellwegschule;Grundschulen;Bnen;Kreis Unna;3;3,0;24163;396;10;12,49
135951;Holzwickede, GG Nordschule;Grundschulen;Holzwickede;Kreis Unna;4;4,0;24163;396;10;10,0
135963;Holzwickede, GG Paul-Gerhardt-Schule;Grundschulen;Holzwickede;Kreis Unna;1;1,0;24163;396;10;10,0
135975;Holzwickede, KG Aloysiusschule;Sonstige;Holzwickede;Kreis Unna;5;5,0;24163;396;10;11,85
135987;Holzwickede, EG Dudenroth;Sonstige;Holzwickede;Kreis Unna;2;2,0;24163;396;10;11,85
135999;Hamm, GG Jahnschule;Grundschulen;Hamm;Stadt Hamm;6;6,0;26056;404;30;11,98
136001;Hamm, GG Schillerschule;Grundschulen;Hamm;Stadt Hamm;6;6,0;26056;404;30;11,98
136013;Hamm, GG Lessingschule;Grundschulen;Hamm;Stadt Hamm;5;5,0;26056;404;30;11,98
136025;Hamm, GG Selmigerheide;Grundschulen;Hamm;Stadt Hamm;2;2,0;26056;404;30;11,98
136037;Hamm, GG Carl-Orff-Schule;Grundschulen;Hamm;Stadt Hamm;1;1,0;26056;404;30;11,98
136050;Hamm, GG Im grnen Winkel;Grundschulen;Hamm;Stadt Hamm;1;1,0;26056;404;30;11,98
136062;Hamm, GG (Verb.) Maximilianschule;Grundschulen;Hamm;Stadt Hamm;2;2,0;26056;404;30;11,98
136074;Bad Berleburg, GG Burgfeld;Grundschulen;Bad Berleburg;Kreis Siegen-Wittgenstein;4;4,0;26737;276;9;12,82
136086;Bad Berleburg, GG Im Odeborntal;Grundschulen;Bad Berleburg;Kreis Siegen-Wittgenstein;2;2,0;26737;276;9;12,82
136098;Bad Laasphe, GG (Verb.) Bahnhofstraáe;Grundschulen;Bad Laasphe;Kreis Siegen-Wittgenstein;3;3,0;26737;276;9;12,62
136104;Bad Berleburg, GG Aue-Wingeshausen;Grundschulen;Bad Berleburg;Kreis Siegen-Wittgenstein;2;2,0;26737;276;9;12,82
136128;Bad Berleburg, GG (Verb.) Edertalschule;Grundschulen;Bad Berleburg;Kreis Siegen-Wittgenstein;1;1,0;26737;276;9;12,82
136153;Bad Berleburg, GG Unterm Heiligenberg;Grundschulen;Bad Berleburg;Kreis Siegen-Wittgenstein;1;1,0;26737;276;9;12,82
136189;Erndtebrck, GG Schulstr.;Grundschulen;Erndtebrck;Kreis Siegen-Wittgenstein;2;2,0;26737;276;9;12,49
136190;Bad Laasphe, GG Banfe;Grundschulen;Bad Laasphe;Kreis Siegen-Wittgenstein;2;2,0;26737;276;9;12,62
136207;Bad Laasphe, GG Feudingen;Grundschulen;Bad Laasphe;Kreis Siegen-Wittgenstein;1;1,0;26737;276;9;12,62
136281;Dsseldorf, GH Graf-Recke-Str.;Hauptschulen;Dsseldorf;Stadt Dsseldorf;7;7,0;25804;388;32;8,18
136323;Dsseldorf, KH Itterstr.;Sonstige;Dsseldorf;Stadt Dsseldorf;9;9,0;26092;361;41;11,85
136359;Dsseldorf, GH Dumont-Lindemann;Hauptschulen;Dsseldorf;Stadt Dsseldorf;8;8,0;25804;388;32;8,18
136384;Dsseldorf, GH Schule am Eller Forst;Hauptschulen;Dsseldorf;Stadt Dsseldorf;8;8,0;25804;388;32;8,18
136440;Dsseldorf, KH St.-Benedikt-Schule;Sonstige;Dsseldorf;Stadt Dsseldorf;8;8,0;26092;361;41;11,85
136505;Dsseldorf, GH Benrath;Hauptschulen;Dsseldorf;Stadt Dsseldorf;9;9,0;25804;388;32;8,18
136566;Dsseldorf, GH Rather Kreuzweg;Hauptschulen;Dsseldorf;Stadt Dsseldorf;9;9,0;25804;388;32;8,18
136967;Essen, KH Marienschule;Sonstige;Essen;Stadt Essen;8;8,0;26092;361;41;11,85
136980;Essen, GH an der Wchtlerstraáe;Hauptschulen;Essen;Stadt Essen;9;9,0;25804;388;32;9,44
137364;Essen, GH Bochold;Hauptschulen;Essen;Stadt Essen;9;9,0;25804;388;32;9,44
137674;Leverkusen, GH Theodor-Wuppermann;Hauptschulen;Leverkusen;Stadt Leverkusen;9;9,0;25804;388;32;7,65
137716;Mnchengladbach, KH Neuwerk;Sonstige;Mnchengladbach;Stadt Mnchengladbach;7;7,0;26092;361;41;11,85
137728;Mnchengladbach, KH Anna Schiller;Sonstige;Mnchengladbach;Stadt Mnchengladbach;5;5,0;26092;361;41;11,85
137807;Mnchengladbach, GH Heinrich-Lersch;Hauptschulen;Mnchengladbach;Stadt Mnchengladbach;9;9,0;25804;388;32;8,18
137947;Mlheim an der Ruhr, GH Sch.a.Hexbachtal;Hauptschulen;Mlheim a.d.Ruhr;Stadt Mlheim a.d.Ruhr;9;9,0;25804;388;32;8,18
138344;Mnchengladbach, GH Comenius-Schule;Hauptschulen;Mnchengladbach;Stadt Mnchengladbach;9;9,0;25804;388;32;8,18
138368;Mnchengladbach, GH Kirschhecke;Hauptschulen;Mnchengladbach;Stadt Mnchengladbach;9;9,0;25804;388;32;8,18
138393;Mnchengladbach, GH Dohr;Hauptschulen;Mnchengladbach;Stadt Mnchengladbach;8;8,0;25804;388;32;8,18
138538;Wuppertal, KH St.-Laurentius-Schule;Sonstige;Wuppertal;Stadt Wuppertal;6;6,0;26092;361;41;11,85
138540;Wuppertal, KH Bernhard-Letterhaus-Schule;Sonstige;Wuppertal;Stadt Wuppertal;7;7,0;26092;361;41;11,85
138629;Wuppertal, GH Helene-Weber-Schule;Hauptschulen;Wuppertal;Stadt Wuppertal;9;9,0;25804;388;32;9,46
138680;Wuppertal, GH Oberbarmen;Hauptschulen;Wuppertal;Stadt Wuppertal;9;9,0;25804;388;32;9,46
138708;Wuppertal, GH Barmen-Sdwest;Hauptschulen;Wuppertal;Stadt Wuppertal;9;9,0;25804;388;32;9,46
138848;Duisburg, GH Ludgerusstraáe;Hauptschulen;Duisburg;Stadt Duisburg;8;8,0;25804;388;32;7,14
139099;Velbert, GH Martin-Luther-King-Schule;Hauptschulen;Velbert;Kreis Mettmann;9;9,0;28195;487;11;8,12
139166;Erkrath, GH Carl-Fuhlrott-Schule;Hauptschulen;Erkrath;Kreis Mettmann;7;7,0;28195;487;11;6,67
139518;Korschenbroich, GH Korschenbroich;Hauptschulen;Korschenbroich;Rhein-Kreis Neuss;4;4,0;27956;455;43;7,2
139671;Schwalmtal, GH Schwalmtal;Hauptschulen;Schwalmtal;Kreis Viersen;4;4,0;26473;300;54;7,33
139701;Viersen, GH Max-von-der-Grn-Schule;Hauptschulen;Viersen;Kreis Viersen;7;7,0;26473;300;54;7,08
139828;Goch, GH Gustav-Adolf-Schule;Hauptschulen;Goch;Kreis Kleve;6;6,0;23865;317;135;8,14
139993;Moers, GH Justus-von-Liebig-Schule;Hauptschulen;Moers;Kreis Wesel;9;9,0;25299;463;33;5,44
140272;Rees, GH Rheinschule Rees;Hauptschulen;Rees;Kreis Kleve;3;3,0;23865;317;135;9,0
140387;Hckeswagen, GH Weststraáe;Hauptschulen;Hckeswagen;Oberbergischen Kreis;5;5,0;25804;388;32;8,18
140478;Leverkusen, KH Im Hederichsfeld;Sonstige;Leverkusen;Stadt Leverkusen;8;8,0;26092;361;41;11,85
140545;Bonn, GH Karl-Simrock-Schule;Hauptschulen;Bonn;Stadt Bonn;6;6,0;25804;388;32;8,79
140594;Bonn, GH August-Macke-Schule;Hauptschulen;Bonn;Stadt Bonn;7;7,0;25804;388;32;8,79
140673;Bonn, GH Johannes-Rau-Schule;Hauptschulen;Bonn;Stadt Bonn;9;9,0;25804;388;32;8,79
140685;Bonn, KH St.Hedwig-Schule;Sonstige;Bonn;Stadt Bonn;7;7,0;26092;361;41;11,85
140843;Kln, GH Kurt-Tucholsky-Schule;Hauptschulen;Kln;Stadt Kln;9;9,0;25804;388;32;8,18
140867;Kln, GH Bilderstckchen;Hauptschulen;Kln;Stadt Kln;8;8,0;25804;388;32;8,18
140879;Kln, GH Ursula-Kuhr-Schule;Hauptschulen;Kln;Stadt Kln;6;6,0;25804;388;32;8,18
140892;Kln, KH Adolph-Kolping-Schule;Sonstige;Kln;Stadt Kln;9;9,0;26092;361;41;11,85
140909;Kln, KH Groáer Griechenmarkt;Sonstige;Kln;Stadt Kln;7;7,0;26092;361;41;11,85
140960;Kln, GH Baadenberger Str.;Hauptschulen;Kln;Stadt Kln;8;8,0;25804;388;32;8,18
141021;Kln, KH Kath. Hauptschule am Rhein;Hauptschulen;Kln;Stadt Kln;7;7,0;25804;388;32;8,18
141070;Kln, GH Tiefentalstr.;Hauptschulen;Kln;Stadt Kln;9;9,0;25804;388;32;8,18
141082;Kln, GH Nelson-Mandela-Schule;Hauptschulen;Kln;Stadt Kln;9;9,0;25804;388;32;8,18
141161;Bedburg, GH Arnold-von-Harff-Schule;Hauptschulen;Bedburg;Rhein-Erft-Kreis;5;5,0;25647;475;20;13,6
141173;Bergheim, GH Erich Kstner;Hauptschulen;Bergheim;Rhein-Erft-Kreis;6;6,0;25647;475;20;10,0
141240;Kerpen, GH Mhlengraben;Hauptschulen;Kerpen;Rhein-Erft-Kreis;7;7,0;25647;475;20;8,85
141252;Kerpen, GH Adolf-Kolping-Schule;Hauptschulen;Kerpen;Rhein-Erft-Kreis;6;6,0;25647;475;20;8,85
141276;Erftstadt, GH Theodor-Heuss-Schule;Hauptschulen;Erftstadt;Rhein-Erft-Kreis;4;4,0;25647;475;20;8,14
141331;Bad Mnstereifel, GH Friedrich-Haass;Hauptschulen;Bad Mnstereifel;Kreis Euskirchen;3;3,0;24805;196;18;8,18
141367;Zlpich, GH Keltenweg;Hauptschulen;Zlpich;Kreis Euskirchen;3;3,0;24805;196;18;8,18
141392;Hellenthal, GH Kalberbenden;Hauptschulen;Hellenthal;Kreis Euskirchen;3;3,0;24805;196;18;10,0
141483;Brhl, GH Clemens-August-Schule;Hauptschulen;Brhl;Rhein-Erft-Kreis;7;7,0;25647;475;20;8,18
141513;Frechen, GH Herbertskaul;Hauptschulen;Frechen;Rhein-Erft-Kreis;7;7,0;25647;475;20;9,5
141549;Hrth, GH Kendenich;Hauptschulen;Hrth;Rhein-Erft-Kreis;5;5,0;25647;475;20;8,18
141628;Wesseling, GH Wilhelm-Busch-Schule;Hauptschulen;Wesseling;Rhein-Erft-Kreis;8;8,0;25647;475;20;8,75
141665;Bergneustadt, GH Goethestr.;Hauptschulen;Bergneustadt;Oberbergischen Kreis;8;8,0;25804;388;32;6,86
141847;Bergisch Gladbach, GH Im Kleefeld;Hauptschulen;Bergisch Gladbach;Rheinisch-Bergischen Kreis;7;7,0;25804;388;32;8,67
141860;Kln, GH Johann-Amos-Comenius;Hauptschulen;Kln;Stadt Kln;8;8,0;25804;388;32;8,18
141872;Kln, GH Kopernikusschule;Hauptschulen;Kln;Stadt Kln;9;9,0;25804;388;32;8,18
141902;Wipperfrth, GH Konrad-Adenauer-Schule;Hauptschulen;Wipperfrth;Oberbergischen Kreis;4;4,0;25804;388;32;8,18
141914;Lindlar, GH Wilhelm-Breidenbach-Weg;Hauptschulen;Lindlar;Oberbergischen Kreis;4;4,0;25804;388;32;5,33
142025;Sankt Augustin, GH Niederpleis;Hauptschulen;Sankt Augustin;Rhein-Sieg-Kreis;7;7,0;27167;605;50;8,22
142177;Meckenheim, GH Geschwister-Scholl-Schule;Hauptschulen;Meckenheim;Rhein-Sieg-Kreis;6;6,0;27167;605;50;8,43
142268;Troisdorf, GH Rupert-Neudeck-Schule;Hauptschulen;Troisdorf;Rhein-Sieg-Kreis;7;7,0;27167;605;50;7,83
142359;Aachen, GH Drimborn;Hauptschulen;Aachen;Stdteregion Aachen;8;8,0;25804;388;32;8,18
142426;Aachen, GH Aretzstr.;Hauptschulen;Aachen;Stdteregion Aachen;9;9,0;25804;388;32;8,18
142529;Eschweiler, GH Adam-Ries-Schule;Hauptschulen;Eschweiler;Stdteregion Aachen;7;7,0;25804;388;32;8,18
142797;Dren, GH Burgauer Allee;Hauptschulen;Dren;Kreis Dren;8;8,0;25804;388;32;8,18
142827;Dren, GH Matthias-Claudius-Schule;Hauptschulen;Dren;Kreis Dren;7;7,0;25804;388;32;8,18
142839;Inden, GH Goltstein-Schule Inden;Hauptschulen;Inden;Kreis Dren;4;4,0;25804;388;32;7,4
142967;Erkelenz, GH Zehnthofweg;Hauptschulen;Erkelenz;Kreis Heinsberg;5;5,0;23751;260;21;9,45
143054;Hckelhoven, GH In der Schlee;Hauptschulen;Hckelhoven;Kreis Heinsberg;5;5,0;23751;260;21;8,18
143170;Wegberg, GH Schule am Grenzlandring;Hauptschulen;Wegberg;Kreis Heinsberg;4;4,0;23751;260;21;9,4
143212;Bocholt, GH Hohe-Giethorst-Schule;Hauptschulen;Bocholt;Kreis Borken;6;6,0;26582;376;53;8,69
143224;Bocholt, KH Arnold-Janssen-Schule;Sonstige;Bocholt;Kreis Borken;4;4,0;26582;376;53;11,85
143273;Bottrop, GH Welheim;Hauptschulen;Bottrop;Stadt Bottrop;8;8,0;25804;388;32;5,8
143364;Gelsenkirchen, GH Am Dahlbusch;Hauptschulen;Gelsenkirchen;Stadt Gelsenkirchen;9;9,0;25804;388;32;9,94
143390;Gelsenkirchen, GH Emmastr.;Hauptschulen;Gelsenkirchen;Stadt Gelsenkirchen;9;9,0;25804;388;32;9,94
143418;Gelsenkirchen, GH Grillostraáe;Hauptschulen;Gelsenkirchen;Stadt Gelsenkirchen;9;9,0;25804;388;32;9,94
143492;Gelsenkirchen, GH Schwalbenstr.;Hauptschulen;Gelsenkirchen;Stadt Gelsenkirchen;8;8,0;25804;388;32;9,94
143662;Gladbeck, GH Erich-Fried;Hauptschulen;Gladbeck;Kreis Recklinghausen;9;9,0;23341;616;22;8,18
143777;Mnster, GH Waldschule Kinderhaus;Hauptschulen;Mnster;Stadt Mnster;6;6,0;25804;388;32;8,18
143996;Stadtlohn, GH Losbergschule;Hauptschulen;Stadtlohn;Kreis Borken;4;4,0;26582;376;53;7,67
144101;Ahlen, KH Overbergschule;Sonstige;Ahlen;Kreis Warendorf;7;7,0;27091;280;45;11,85
144174;Hamm, GH Martin-Luther;Hauptschulen;Hamm;Stadt Hamm;7;7,0;25804;388;32;7,1
144411;Coesfeld, GH Kreuz;Hauptschulen;Coesfeld;Kreis Coesfeld;3;3,0;27654;223;39;8,52
144447;Dlmen, KH Kardinal-von-Galen-Schule;Sonstige;Dlmen;Kreis Coesfeld;4;4,0;27654;223;39;11,85
144551;Hamm, GH Albert-Schweitzer-Schule;Hauptschulen;Hamm;Stadt Hamm;6;6,0;25804;388;32;7,1
144599;Senden, GH Edith-Stein-Schule;Hauptschulen;Senden;Kreis Coesfeld;4;4,0;27654;223;39;7,67
144800;Mnster, GH Hiltrup;Hauptschulen;Mnster;Stadt Mnster;6;6,0;25804;388;32;8,18
144836;Haltern, GH Joseph-Hennewig-Schule;Hauptschulen;Haltern am See;Kreis Recklinghausen;4;4,0;23341;616;22;8,86
144976;Oer-Erkenschwick, GH Paul-Gerhardt;Hauptschulen;Oer-Erkenschwick;Kreis Recklinghausen;6;6,0;23341;616;22;10,0
145130;Marl, KH Merkelheider Weg;Sonstige;Marl;Kreis Recklinghausen;8;8,0;23341;616;22;11,85
145233;Steinfurt, GH am Bagno;Hauptschulen;Steinfurt;Kreis Steinfurt;5;5,0;25795;453;45;6,53
145245;Emsdetten, GH Marienschule;Hauptschulen;Emsdetten;Kreis Steinfurt;5;5,0;25795;453;45;6,0
145403;Ochtrup, GH Lortzingstr.;Hauptschulen;Ochtrup;Kreis Steinfurt;5;5,0;25795;453;45;8,29
145464;Mettingen, GH Josef-Schule;Hauptschulen;Mettingen;Kreis Steinfurt;5;5,0;25795;453;45;5,67
145476;Recke, KH Dietrich-Bonhoeffer-Schule;Sonstige;Recke;Kreis Steinfurt;4;4,0;25795;453;45;11,85
145490;Hopsten, GH St.Georg;Hauptschulen;Hopsten;Kreis Steinfurt;2;2,0;25795;453;45;6,6
145506;Ibbenbren, GH Mettinger Straáe;Hauptschulen;Ibbenbren;Kreis Steinfurt;5;5,0;25795;453;45;8,18
145634;Everswinkel,GH (RS)Verbundsch.Alverskir.;Hauptschulen;Everswinkel;Kreis Warendorf;3;3,0;27091;280;45;15,25
146067;Detmold, GH Heidenoldendorf;Hauptschulen;Detmold;Kreis Lippe;5;5,0;24993;348;32;7,53
146547;Lemgo, GH Heinrich-Drake-Schule;Hauptschulen;Lemgo;Kreis Lippe;5;5,0;24993;348;32;6,75
146584;Bad Salzuflen, GH Lohfeld;Hauptschulen;Bad Salzuflen;Kreis Lippe;9;9,0;24993;348;32;7,38
147084;Hvelhof, GH Krollbachschule;Hauptschulen;Hvelhof;Kreis Paderborn;4;4,0;25097;312;27;8,18
147102;Paderborn, GH Mastbruchschule;Hauptschulen;Paderborn;Kreis Paderborn;7;7,0;25097;312;27;5,96
147370;Bochum, GH Werner-von-Siemens-Schule;Hauptschulen;Bochum;Stadt Bochum;5;5,0;25804;388;32;6,86
147709;Dortmund, GH Kley;Hauptschulen;Dortmund;Stadt Dortmund;8;8,0;25804;388;32;8,32
147801;Dortmund, GH Emscherschule Aplerbeck;Hauptschulen;Dortmund;Stadt Dortmund;6;6,0;25804;388;32;8,32
147898;Dortmund, GH Am Externberg;Hauptschulen;Dortmund;Stadt Dortmund;9;9,0;25804;388;32;8,32
147941;Dortmund, GH Scharnhorst;Hauptschulen;Dortmund;Stadt Dortmund;9;9,0;25804;388;32;8,32
147977;Dortmund, GH Schule am Hafen;Hauptschulen;Dortmund;Stadt Dortmund;9;9,0;25804;388;32;8,32
148015;Dortmund, GH Jeanette-Wolff-Schule;Hauptschulen;Dortmund;Stadt Dortmund;9;9,0;25804;388;32;8,32
148076;Dortmund, GH Konrad von der Mark Schule;Hauptschulen;Dortmund;Stadt Dortmund;9;9,0;25804;388;32;8,32
148143;Dortmund, KH Husenschule;Sonstige;Dortmund;Stadt Dortmund;6;6,0;26092;361;41;11,85
148192;Hagen, GH Ernst-Eversbusch-Schule;Hauptschulen;Hagen;Stadt Hagen;9;9,0;25804;388;32;8,35
148258;Hagen, GH Geschwister-Scholl-Schule;Hauptschulen;Hagen;Stadt Hagen;8;8,0;25804;388;32;8,35
148349;Hamm, GH Karlschule;Hauptschulen;Hamm;Stadt Hamm;9;9,0;25804;388;32;7,1
148350;Hamm, GH Anne-Frank-Schule;Hauptschulen;Hamm;Stadt Hamm;9;9,0;25804;388;32;7,1
148453;Herne, GH Hans-Tilkowski-Schule;Hauptschulen;Herne;Stadt Herne;5;5,0;25804;388;32;8,44
148519;Iserlohn, GH Martin-Luther;Hauptschulen;Iserlohn;Mrkischen Kreis;9;9,0;25804;388;32;8,0
148532;Lnen, GH ProfilSchuleLnen-Brambauer;Hauptschulen;Lnen;Kreis Unna;9;9,0;24163;396;10;8,18
148544;Lnen, GH Heinrich-Bussmann-Schule;Hauptschulen;Lnen;Kreis Unna;6;6,0;24163;396;10;8,18
148740;Bochum, GH Liselotte-Rauner-Schule;Hauptschulen;Bochum;Stadt Bochum;8;8,0;25804;388;32;6,86
148805;Witten, GH Freiligrath;Hauptschulen;Witten;Ennepe-Ruhr-Kreis;9;9,0;27150;324;6;8,17
148891;Plettenberg,GH Zeppelin-Teilst.ort Bddi;Hauptschulen;Plettenberg;Mrkischen Kreis;5;5,0;25804;388;32;7,22
149135;Arnsberg, KH Grimme;Sonstige;Arnsberg;Hochsauerlandkreis;6;6,0;27635;260;34;11,85
149172;Meschede, GH Konrad-Adenauer;Hauptschulen;Meschede;Hochsauerlandkreis;3;3,0;27635;260;34;6,93
149214;Sundern, GH Sundern;Hauptschulen;Sundern (Sauerland);Hochsauerlandkreis;4;4,0;27635;260;34;7,8
149408;Gevelsberg, GH Gevelsberg;Hauptschulen;Gevelsberg;Ennepe-Ruhr-Kreis;8;8,0;27150;324;6;8,83
149548;Sprockhvel, GH Mathilde-Anneke-Schule;Hauptschulen;Sprockhvel;Ennepe-Ruhr-Kreis;7;7,0;27150;324;6;8,18
149603;Iserlohn, GH Letmathe;Hauptschulen;Iserlohn;Mrkischen Kreis;4;4,0;25804;388;32;8,0
149792;Lippstadt, GH Kopernikusschule;Hauptschulen;Lippstadt;Kreis Soest;5;5,0;25849;304;39;6,6
149913;Eslohe, GH Christine-Koch;Hauptschulen;Eslohe (Sauerland);Hochsauerlandkreis;2;2,0;27635;260;34;10,4
149949;Meschede, KH St.Walburga-Schule;Sonstige;Bestwig;Hochsauerlandkreis;4;4,0;27635;260;34;11,85
149950;Schmallenberg, GH Schule am Wilzenberg;Hauptschulen;Schmallenberg;Hochsauerlandkreis;2;2,0;27635;260;34;7,8
150228;Siegen, GH Achenbacher Schule;Hauptschulen;Siegen;Kreis Siegen-Wittgenstein;6;6,0;26737;276;9;6,44
150447;Wilnsdorf, GH Dillenburger Str.;Hauptschulen;Wilnsdorf;Kreis Siegen-Wittgenstein;4;4,0;26737;276;9;5,71
150721;Bnen, GH Pestalozzischule;Hauptschulen;Bnen;Kreis Unna;5;5,0;24163;396;10;8,18
150733;Holzwickede, GH Josef-Reding-Schule;Hauptschulen;Holzwickede;Kreis Unna;5;5,0;24163;396;10;6,57
150782;Hamm, GH Erlenbachschule;Hauptschulen;Hamm;Stadt Hamm;5;5,0;25804;388;32;7,1
150800;Bad Berleburg,GH L.-zu-Sayn-Wittgenstein;Hauptschulen;Bad Berleburg;Kreis Siegen-Wittgenstein;2;2,0;26737;276;9;8,0
150850;Dsseldorf, GG Montessori;Grundschulen;Dsseldorf;Stadt Dsseldorf;4;4,0;26056;404;30;12,49
150861;Dsseldorf, GG Aloys-Odenthal-Schule;Grundschulen;Dsseldorf;Stadt Dsseldorf;2;2,0;26056;404;30;12,49
150885;Kln, GG Montessori ( Ferdinandstr. );Grundschulen;Kln;Stadt Kln;6;6,0;26056;404;30;12,49
150897;Kln, GG Rosenmaarschule;Grundschulen;Kln;Stadt Kln;2;2,0;26056;404;30;12,49
150903;Kln, GG Montessori ( Gilbachstr. );Grundschulen;Kln;Stadt Kln;1;1,0;26056;404;30;12,49
150927;Reichshof, GG Denklingen;Grundschulen;Reichshof;Oberbergischen Kreis;2;2,0;26056;404;30;11,29
150940;Reichshof, GG Eckenhagen;Grundschulen;Reichshof;Oberbergischen Kreis;2;2,0;26056;404;30;11,29
150952;Reichshof, GG Hunsheim;Grundschulen;Reichshof;Oberbergischen Kreis;3;3,0;26056;404;30;11,29
150988;Bad Honnef, GG Theodor-Weinz;Grundschulen;Bad Honnef;Rhein-Sieg-Kreis;3;3,0;27167;605;50;13,07
150990;Lohmar, GG Birk;Grundschulen;Lohmar;Rhein-Sieg-Kreis;1;1,0;27167;605;50;11,35
151002;Neunkirchen-Seel., GG Seelscheid;Grundschulen;Neunkirchen-Seelscheid;Rhein-Sieg-Kreis;2;2,0;27167;605;50;13,64
151040;Siegburg, GG Kaldauen;Grundschulen;Siegburg;Rhein-Sieg-Kreis;3;3,0;27167;605;50;11,43
151051;Troisdorf, GG Siegauenschule;Grundschulen;Troisdorf;Rhein-Sieg-Kreis;2;2,0;27167;605;50;12,44
151063;Wachtberg, KG (Verb.) Villip;Sonstige;Wachtberg;Rhein-Sieg-Kreis;1;1,0;27167;605;50;11,85
151087;Wachtberg, GG Drachenfelsschule;Grundschulen;Wachtberg;Rhein-Sieg-Kreis;2;2,0;27167;605;50;11,6
151105;Wachtberg, GG Adendorf;Grundschulen;Wachtberg;Rhein-Sieg-Kreis;2;2,0;27167;605;50;11,6
151117;Wachtberg, GG Berkum;Grundschulen;Wachtberg;Rhein-Sieg-Kreis;2;2,0;27167;605;50;11,6
151130;Windeck, GG Leuscheid;Grundschulen;Windeck;Rhein-Sieg-Kreis;2;2,0;27167;605;50;10,92
151142;Windeck, GG (Verb.) Ernst-Moritz-Roth;Grundschulen;Windeck;Rhein-Sieg-Kreis;2;2,0;27167;605;50;10,92
151166;Aachen, GG Montessori;Grundschulen;Aachen;Stdteregion Aachen;4;4,0;26056;404;30;12,49
151178;Dren, KG Echtz;Sonstige;Dren;Kreis Dren;1;1,0;26092;361;41;11,85
151191;Hrtgenwald, GG Gey;Grundschulen;Hrtgenwald;Kreis Dren;2;2,0;26056;404;30;12,49
151221;Hrtgenwald, GG (Verb.) Eifelfchse;Grundschulen;Hrtgenwald;Kreis Dren;2;2,0;26056;404;30;12,49
151245;Langerwehe, KG Martinusschule;Sonstige;Langerwehe;Kreis Dren;1;1,0;26092;361;41;11,85
151282;Vettweiá, GG (Verb.) Regenbogenschule;Grundschulen;Vettweiá;Kreis Dren;2;2,0;26056;404;30;12,49
151397;Ahlen, GG Lambertischule;Grundschulen;Ahlen;Kreis Warendorf;3;3,0;27091;280;45;12,65
151403;Bocholt, GG Biemenhorster;Grundschulen;Bocholt;Kreis Borken;3;3,0;26582;376;53;11,77
151415;Bocholt, GG Kreuzschule Mussum;Grundschulen;Bocholt;Kreis Borken;1;1,0;26582;376;53;11,77
151476;Haltern, KG (Verb.) Sythen-Lavesum;Sonstige;Haltern am See;Kreis Recklinghausen;1;1,0;23341;616;22;11,85
151488;Haltern, KG Lambertus;Sonstige;Haltern am See;Kreis Recklinghausen;1;1,0;23341;616;22;11,85
151490;Raesfeld, KG Silvesterschule Erle;Sonstige;Raesfeld;Kreis Borken;1;1,0;26582;376;53;11,85
151567;Lbbecke,GG Gehlenbeck-Nettelstedt Verb.;Grundschulen;Lbbecke;Kreis Minden-Lbbecke;2;2,0;26056;404;30;12,49
151622;Warstein, KG Johannesschule;Sonstige;Warstein;Kreis Soest;2;2,0;25849;304;39;11,85
151634;Warstein, KG St. Margaretha-Schule;Sonstige;Warstein;Kreis Soest;2;2,0;25849;304;39;11,85
151646;Iserlohn, GG Hennen;Grundschulen;Iserlohn;Mrkischen Kreis;1;1,0;26056;404;30;11,44
151658;Iserlohn, GG Kalthof;Grundschulen;Iserlohn;Mrkischen Kreis;5;5,0;26056;404;30;11,44
151660;Erwitte, KG Cyriakus;Sonstige;Erwitte;Kreis Soest;1;1,0;25849;304;39;11,85
158550;Dsseldorf, RS Werner-von-Siemens;Realschulen;Dsseldorf;Stadt Dsseldorf;4;4,0;25819;385;30;12,92
158574;Dsseldorf, RS Florastraáe;Realschulen;Dsseldorf;Stadt Dsseldorf;4;4,0;25819;385;30;12,92
158586;Dsseldorf,RS Justus-von-Liebig-Realsch.;Realschulen;Dsseldorf;Stadt Dsseldorf;4;4,0;25819;385;30;12,92
158598;Dsseldorf, RS Anne-Frank;Realschulen;Dsseldorf;Stadt Dsseldorf;7;7,0;25819;385;30;12,92
158604;Dsseldorf, RS Thomas-Edison;Realschulen;Dsseldorf;Stadt Dsseldorf;6;6,0;25819;385;30;12,92
158616;Dsseldorf, RS Toni-Turek;Realschulen;Dsseldorf;Stadt Dsseldorf;3;3,0;25819;385;30;12,92
158630;Dsseldorf, RS Freiherr-vom-Stein;Realschulen;Dsseldorf;Stadt Dsseldorf;6;6,0;25819;385;30;12,92
158641;Dsseldorf, RS Benrath;Realschulen;Dsseldorf;Stadt Dsseldorf;7;7,0;25819;385;30;12,92
158665;Dsseldorf, RS Friedrichstadt;Realschulen;Dsseldorf;Stadt Dsseldorf;6;6,0;25819;385;30;12,92
158689;Dsseldorf, RS Theodor-Litt;Realschulen;Dsseldorf;Stadt Dsseldorf;4;4,0;25819;385;30;12,92
158690;Dsseldorf, RS Benzenberg;Realschulen;Dsseldorf;Stadt Dsseldorf;6;6,0;25819;385;30;12,92
158707;Duisburg, RS Karl-Lehr;Realschulen;Duisburg;Stadt Duisburg;6;6,0;25819;385;30;13,1
158719;Duisburg, RS Gustav-Stresemann-Realsch.;Realschulen;Duisburg;Stadt Duisburg;6;6,0;25819;385;30;13,1
158744;Duisburg, RS Gustav-Heinemann-Schule;Realschulen;Duisburg;Stadt Duisburg;6;6,0;25819;385;30;13,1
158781;Essen, RS Albert-Einstein;Realschulen;Essen;Stadt Essen;2;2,0;25819;385;30;12,48
158811;Essen, RS Gertrud-Bumer;Realschulen;Essen;Stadt Essen;9;9,0;25819;385;30;12,48
158823;Essen, RS Elsa-Brndstrm;Realschulen;Essen;Stadt Essen;4;4,0;25819;385;30;12,48
158835;Essen, RS Franz-Dinnendahl-Realschule;Realschulen;Essen;Stadt Essen;6;6,0;25819;385;30;12,48
158847;Essen, RS Schloá Borbeck;Realschulen;Essen;Stadt Essen;6;6,0;25819;385;30;12,48
158859;Essen, RS Geschwister-Scholl;Realschulen;Essen;Stadt Essen;7;7,0;25819;385;30;12,48
158872;Essen, RS Helmut-Rahn-Realschule;Realschulen;Essen;Stadt Essen;9;9,0;25819;385;30;12,48
158884;Essen, RS Helene-Lange;Realschulen;Essen;Stadt Essen;6;6,0;25819;385;30;12,48
158896;Essen, RS Bertha-Krupp;Realschulen;Essen;Stadt Essen;8;8,0;25819;385;30;12,48
158902;Essen, RS Bertha-von-Suttner;Realschulen;Essen;Stadt Essen;8;8,0;25819;385;30;12,48
158940;Essen, RS Theodor Goldschmidt mit Aufbau;Realschulen;Essen;Stadt Essen;9;9,0;25819;385;30;12,48
158975;Krefeld, RS Horkesgath;Realschulen;Krefeld;Stadt Krefeld;6;6,0;25819;385;30;10,62
158999;Krefeld, RS Freiherr-vom-Stein;Realschulen;Krefeld;Stadt Krefeld;6;6,0;25819;385;30;10,62
159001;Krefeld, RS Albert-Schweitzer-Schule;Realschulen;Krefeld;Stadt Krefeld;9;9,0;25819;385;30;10,62
159037;Leverkusen, RS Montanus;Realschulen;Leverkusen;Stadt Leverkusen;4;4,0;25819;385;30;13,36
159049;Leverkusen, RS Am Stadtpark;Realschulen;Leverkusen;Stadt Leverkusen;7;7,0;25819;385;30;13,36
159050;Mnchengladbach, RS Volksgarten;Realschulen;Mnchengladbach;Stadt Mnchengladbach;8;8,0;25819;385;30;12,92
159062;Mnchengladbach, RS Geschwister-Scholl;Realschulen;Mnchengladbach;Stadt Mnchengladbach;6;6,0;25819;385;30;12,92
159086;Mlheim an der Ruhr, RS Stadtmitte;Realschulen;Mlheim a.d.Ruhr;Stadt Mlheim a.d.Ruhr;9;9,0;25819;385;30;12,92
159098;Mlheim an der Ruhr, RS Broich;Realschulen;Mlheim a.d.Ruhr;Stadt Mlheim a.d.Ruhr;4;4,0;25819;385;30;12,92
159104;Mlheim an der Ruhr,RS Mellinghofer Str.;Realschulen;Mlheim a.d.Ruhr;Stadt Mlheim a.d.Ruhr;5;5,0;25819;385;30;12,92
159141;Oberhausen, RS Anne-Frank;Realschulen;Oberhausen;Stadt Oberhausen;9;9,0;25819;385;30;14,08
159165;Oberhausen, RS Friedrich-Ebert-Schule;Realschulen;Oberhausen;Stadt Oberhausen;4;4,0;25819;385;30;14,08
159177;Oberhausen, RS Theodor-Heuss;Realschulen;Oberhausen;Stadt Oberhausen;5;5,0;25819;385;30;14,08
159189;Remscheid, RS Alexander-von-Humboldt;Realschulen;Remscheid;Stadt Remscheid;5;5,0;25819;385;30;13,45
159190;Remscheid, RS Albert-Schweitzer;Realschulen;Remscheid;Stadt Remscheid;4;4,0;25819;385;30;13,45
159207;Mnchengladbach, RS an der Niers;Realschulen;Mnchengladbach;Stadt Mnchengladbach;9;9,0;25819;385;30;12,92
159220;Solingen, RS Albert-Schweitzer-Schule;Realschulen;Solingen;Stadt Solingen;3;3,0;25819;385;30;12,69
159232;Solingen, RS Theodor-Heuss;Realschulen;Solingen;Stadt Solingen;5;5,0;25819;385;30;12,69
159244;Solingen, RS Vogelsang;Realschulen;Solingen;Stadt Solingen;5;5,0;25819;385;30;12,69
159256;Wuppertal, RS Hohenstein;Realschulen;Wuppertal;Stadt Wuppertal;9;9,0;25819;385;30;13,79
159270;Wuppertal, RS Neue Friedrichstr.;Realschulen;Wuppertal;Stadt Wuppertal;9;9,0;25819;385;30;13,79
159281;Wuppertal, RS Leimbacher Straáe;Realschulen;Wuppertal;Stadt Wuppertal;8;8,0;25819;385;30;13,79
159293;Wuppertal, RS Hermann-von-Helmholtz;Realschulen;Wuppertal;Stadt Wuppertal;8;8,0;25819;385;30;13,79
159300;Wuppertal, RS Vohwinkel;Realschulen;Wuppertal;Stadt Wuppertal;7;7,0;25819;385;30;13,79
159311;Wuppertal, RS Friedrich-Bayer;Realschulen;Wuppertal;Stadt Wuppertal;3;3,0;25819;385;30;13,79
159335;Dinslaken, RS Gustav-Heinemann;Realschulen;Dinslaken;Kreis Wesel;2;2,0;25299;463;33;11,36
159372;Heiligenhaus, RS Nordring;Realschulen;Heiligenhaus;Kreis Mettmann;4;4,0;28195;487;11;11,5
159414;Mettmann, RS Carl-Fuhlrott-Realschule;Realschulen;Mettmann;Kreis Mettmann;5;5,0;28195;487;11;13,74
159438;Ratingen, RS Friedrich-Ebert-Schule;Realschulen;Ratingen;Kreis Mettmann;5;5,0;28195;487;11;13,5
159463;Velbert, RS Kastanienallee;Realschulen;Velbert;Kreis Mettmann;6;6,0;28195;487;11;11,8
159487;Erkrath, RS Karlstr.;Realschulen;Erkrath;Kreis Mettmann;4;4,0;28195;487;11;14,0
159529;Grevenbroich, RS Diedrich-Uhlhorn;Realschulen;Grevenbroich;Rhein-Kreis Neuss;4;4,0;27956;455;43;12,33
159554;Kaarst, RS Halestr.;Realschulen;Kaarst;Rhein-Kreis Neuss;5;5,0;27956;455;43;12,71
159566;Mnchengladbach, RS Wickrath;Realschulen;Mnchengladbach;Stadt Mnchengladbach;4;4,0;25819;385;30;12,92
159580;Dormagen, RS Hackenbroich;Realschulen;Dormagen;Rhein-Kreis Neuss;4;4,0;27956;455;43;10,67
159591;Meerbusch, RS Osterath;Realschulen;Meerbusch;Rhein-Kreis Neuss;4;4,0;27956;455;43;11,75
159633;Nettetal, RS Kornblumenweg;Realschulen;Nettetal;Kreis Viersen;3;3,0;26473;300;54;12,78
159645;Schwalmtal, RS Janusz-Korczak;Realschulen;Schwalmtal;Kreis Viersen;2;2,0;26473;300;54;12,47
159669;Viersen, RS Johannes-Kepler-Schule;Realschulen;Viersen;Kreis Viersen;2;2,0;26473;300;54;13,13
159670;Viersen, RS An der Josefskirche;Realschulen;Viersen;Kreis Viersen;6;6,0;26473;300;54;13,13
159694;Goch, RS Leni-Valk;Realschulen;Goch;Kreis Kleve;3;3,0;23865;317;135;16,5
159773;Moers, RS Heinrich-Pattberg-Schule;Realschulen;Moers;Kreis Wesel;6;6,0;25299;463;33;10,58
159815;Rees, RS Westring;Realschulen;Rees;Kreis Kleve;2;2,0;23865;317;135;16,11
159839;Wesel, RS Konrad-Duden-Realschule;Realschulen;Wesel;Kreis Wesel;4;4,0;25299;463;33;11,52
159852;Hckeswagen, RS Klner Str.;Realschulen;Hckeswagen;Oberbergischen Kreis;1;1,0;25819;385;30;12,92
159876;Langenfeld, RS Kopernikus-Realschule;Realschulen;Langenfeld (Rhld.);Kreis Mettmann;3;3,0;28195;487;11;14,8
159918;Leverkusen, RS Theodor-Heuss;Realschulen;Leverkusen;Stadt Leverkusen;4;4,0;25819;385;30;13,36
159955;Bonn, RS Margot-Barnard-Realschule;Realschulen;Bonn;Stadt Bonn;5;5,0;25819;385;30;11,95
159967;Bonn, RS Beuel;Realschulen;Bonn;Stadt Bonn;6;6,0;25819;385;30;11,95
159980;Bonn, RS Emilie-Heyermann-Schule;Realschulen;Bonn;Stadt Bonn;3;3,0;25819;385;30;11,95
159992;Bonn, RS Freiherr-vom-Stein-Schule;Realschulen;Bonn;Stadt Bonn;6;6,0;25819;385;30;11,95
160027;Bonn, RS Gertrud-Bumer-Schule;Realschulen;Bonn;Stadt Bonn;7;7,0;25819;385;30;11,95
160064;Kln, RS Henry-Ford-Realschule;Realschulen;Kln;Stadt Kln;7;7,0;25819;385;30;12,92
160076;Kln, RS Geschwister-Scholl;Realschulen;Kln;Stadt Kln;5;5,0;25819;385;30;12,92
160090;Kln, RS Ferdinand-Lassalle-Realschule;Realschulen;Kln;Stadt Kln;8;8,0;25819;385;30;12,92
160106;Kln, RS Elly-Heuss-Knapp-Realschule;Realschulen;Kln;Stadt Kln;8;8,0;25819;385;30;12,92
160118;Kln, RS Im Hasental;Realschulen;Kln;Stadt Kln;8;8,0;25819;385;30;12,92
160120;Kln, RS Edith-Stein;Realschulen;Kln;Stadt Kln;5;5,0;25819;385;30;12,92
160131;Kln, RS Peter-Ustinov-Schule;Realschulen;Kln;Stadt Kln;6;6,0;25819;385;30;12,92
160179;Kln, RS Theodor-Heuss-Schule;Realschulen;Kln;Stadt Kln;6;6,0;25819;385;30;12,92
160180;Kln, RS Johann-Bendel-Schule;Realschulen;Kln;Stadt Kln;7;7,0;25819;385;30;12,92
160192;Kln, RS Albert-Schweitzer-Schule;Realschulen;Kln;Stadt Kln;9;9,0;25819;385;30;12,92
160209;Kln, RS Kthe-Kollwitz-Schule;Realschulen;Kln;Stadt Kln;6;6,0;25819;385;30;12,92
160210;Kln, RS Bertha-von-Suttner-Schule;Realschulen;Kln;Stadt Kln;5;5,0;25819;385;30;12,92
160222;Kln, RS Eichendorff-Schule;Realschulen;Kln;Stadt Kln;6;6,0;25819;385;30;12,92
160260;Kln, RS am Rhein;Realschulen;Kln;Stadt Kln;4;4,0;25819;385;30;12,92
160271;Bedburg, RS Goethestraáe;Realschulen;Bedburg;Rhein-Erft-Kreis;2;2,0;25647;475;20;15,57
160283;Bergheim, RS Geschwister-Scholl;Realschulen;Bergheim;Rhein-Erft-Kreis;6;6,0;25647;475;20;11,69
160295;Bergheim, RS Albert-Einstein-Realschule;Realschulen;Bergheim;Rhein-Erft-Kreis;5;5,0;25647;475;20;11,69
160313;Kerpen, RS Horrem-Sindorf;Realschulen;Kerpen;Rhein-Erft-Kreis;4;4,0;25647;475;20;16,0
160337;Erftstadt, RS Gottfried-Kinkel;Realschulen;Erftstadt;Rhein-Erft-Kreis;3;3,0;25647;475;20;12,38
160350;Euskirchen, RS Kaplan-Kellermann-Schule;Realschulen;Euskirchen;Kreis Euskirchen;5;5,0;24805;196;18;15,66
160386;Schleiden, RS Ruppenberg;Realschulen;Schleiden;Kreis Euskirchen;2;2,0;24805;196;18;21,38
160404;Brhl, RS Erich Kstner-Realschule;Realschulen;Brhl;Rhein-Erft-Kreis;4;4,0;25647;475;20;12,92
160416;Frechen, RS Allee zum Sportpark;Realschulen;Frechen;Rhein-Erft-Kreis;4;4,0;25647;475;20;13,86
160428;Hrth, RS Friedrich-Ebert;Realschulen;Hrth;Rhein-Erft-Kreis;3;3,0;25647;475;20;12,92
160430;Kln, RS Johann-Gutenberg-Schule;Realschulen;Kln;Stadt Kln;4;4,0;25819;385;30;12,92
160441;Wesseling, RS Albert-Einstein;Realschulen;Wesseling;Rhein-Erft-Kreis;6;6,0;25647;475;20;14,29
160453;Pulheim, RS Marion-Doenhoff-Realschule;Realschulen;Pulheim;Rhein-Erft-Kreis;2;2,0;25647;475;20;12,82
160465;Bergneustadt, RS Breiter Weg;Realschulen;Bergneustadt;Oberbergischen Kreis;3;3,0;25819;385;30;13,5
160477;Gummersbach, RS Am Hepel;Realschulen;Gummersbach;Oberbergischen Kreis;3;3,0;25819;385;30;14,55
160519;Waldbrl, RS Bohlenhagener Str.;Realschulen;Waldbrl;Oberbergischen Kreis;4;4,0;25819;385;30;12,92
160532;Bergisch Gladbach, RS Otto-Hahn;Realschulen;Bergisch Gladbach;Rheinisch-Bergischen Kreis;3;3,0;25819;385;30;13,62
160544;Bergisch Gladbach, RS Johannes-Gutenberg;Realschulen;Bergisch Gladbach;Rheinisch-Bergischen Kreis;3;3,0;25819;385;30;13,62
160556;Bergisch Gladbach, RS im Kleefeld;Realschulen;Bergisch Gladbach;Rheinisch-Bergischen Kreis;3;3,0;25819;385;30;13,62
160568;Kln, RS Wilhelm-Busch-Realschule;Realschulen;Kln;Stadt Kln;7;7,0;25819;385;30;12,92
160570;Kln, RS Max-Planck;Realschulen;Kln;Stadt Kln;7;7,0;25819;385;30;12,92
160581;Kln, RS Otto-Lilienthal-Schule;Realschulen;Kln;Stadt Kln;4;4,0;25819;385;30;12,92
160593;Wipperfrth, RS Hermann-Voss-Realschule;Realschulen;Wipperfrth;Oberbergischen Kreis;2;2,0;25819;385;30;12,92
160600;Lindlar, RS Schulzentrum;Realschulen;Lindlar;Oberbergischen Kreis;2;2,0;25819;385;30;15,5
160714;Siegburg, RS Alexander-von-Humboldt;Realschulen;Siegburg;Rhein-Sieg-Kreis;5;5,0;27167;605;50;10,43
160738;Troisdorf, RS Heimbachstr.;Realschulen;Troisdorf;Rhein-Sieg-Kreis;5;5,0;27167;605;50;10,6
160787;Aachen, RS Hugo-Junkers-Realschule;Realschulen;Aachen;Stdteregion Aachen;8;8,0;25819;385;30;12,92
160805;Aachen, RS Luise-Hensel;Realschulen;Aachen;Stdteregion Aachen;4;4,0;25819;385;30;12,92
160829;Alsdorf, RS im KuBiZ;Realschulen;Alsdorf;Stdteregion Aachen;4;4,0;25819;385;30;12,92
160830;Baesweiler, RS Setterich;Realschulen;Baesweiler;Stdteregion Aachen;5;5,0;25819;385;30;12,92
160842;Eschweiler, RS Patternhof;Realschulen;Eschweiler;Stdteregion Aachen;5;5,0;25819;385;30;12,92
160945;Dren, RS Bretzelnweg;Realschulen;Dren;Kreis Dren;5;5,0;25819;385;30;12,92
160957;Dren, RS Wernersstraáe;Realschulen;Dren;Kreis Dren;4;4,0;25819;385;30;12,92
160994;Erkelenz, RS Europaschule;Realschulen;Erkelenz;Kreis Heinsberg;3;3,0;23751;260;21;14,82
161019;Geilenkirchen, RS Gillesweg;Realschulen;Geilenkirchen;Kreis Heinsberg;4;4,0;23751;260;21;12,29
161032;Heinsberg, RS Im Klevchen;Realschulen;Heinsberg;Kreis Heinsberg;2;2,0;23751;260;21;15,41
161044;Hckelhoven, RS Schulzentrum Ratheim;Realschulen;Hckelhoven;Kreis Heinsberg;3;3,0;23751;260;21;12,92
161068;Wegberg, RS Edith-Stein;Realschulen;Wegberg;Kreis Heinsberg;2;2,0;23751;260;21;15,6
161070;Bocholt, RS Albert-Schweitzer-Schule;Realschulen;Bocholt;Kreis Borken;2;2,0;26582;376;53;12,0
161081;Bocholt, RS Israhel-van-Meckenem;Realschulen;Bocholt;Kreis Borken;2;2,0;26582;376;53;12,0
161093;Bottrop, RS Gustav-Heinemann;Realschulen;Bottrop;Stadt Bottrop;5;5,0;25819;385;30;13,71
161100;Bottrop, RS Marie-Curie;Realschulen;Bottrop;Stadt Bottrop;7;7,0;25819;385;30;13,71
161111;Gelsenkirchen, RS Gertrud-Bumer;Realschulen;Gelsenkirchen;Stadt Gelsenkirchen;9;9,0;25819;385;30;14,22
161123;Gelsenkirchen, RS Mhlenstr.;Realschulen;Gelsenkirchen;Stadt Gelsenkirchen;5;5,0;25819;385;30;14,22
161160;Gelsenkirchen, RS Lessing;Realschulen;Gelsenkirchen;Stadt Gelsenkirchen;9;9,0;25819;385;30;14,22
161196;Gladbeck, RS Anne-Frank;Realschulen;Gladbeck;Kreis Recklinghausen;4;4,0;23341;616;22;13,93
161202;Gladbeck, RS Werner-von-Siemens;Realschulen;Gladbeck;Kreis Recklinghausen;6;6,0;23341;616;22;13,93
161214;Mnster, RS Erich-Klausener-Schule;Realschulen;Mnster;Stadt Mnster;3;3,0;25819;385;30;12,92
161226;Mnster, RS Erna-de-Vries;Realschulen;Mnster;Stadt Mnster;6;6,0;25819;385;30;12,92
161240;Mnster, RS im Kreuzviertel;Realschulen;Mnster;Stadt Mnster;4;4,0;25819;385;30;12,92
161275;Recklinghausen, RS Otto-Burrmeister;Realschulen;Recklinghausen;Kreis Recklinghausen;6;6,0;23341;616;22;13,74
161305;Recklinghausen, RS Dietrich-Bonhoeffer;Realschulen;Recklinghausen;Kreis Recklinghausen;5;5,0;23341;616;22;13,74
161317;Gronau, RS Fridtjof-Nansen;Realschulen;Gronau (Westf.);Kreis Borken;5;5,0;26582;376;53;14,22
161329;Stadtlohn, RS Herta-Lebenstein;Realschulen;Stadtlohn;Kreis Borken;1;1,0;26582;376;53;14,08
161380;Hamm, RS Heessen;Realschulen;Hamm;Stadt Hamm;5;5,0;25819;385;30;13,69
161470;Coesfeld, RS Theodor-Heuss;Realschulen;Coesfeld;Kreis Coesfeld;2;2,0;27654;223;39;11,27
161482;Coesfeld, RS Freiherr-vom-Stein;Realschulen;Coesfeld;Kreis Coesfeld;1;1,0;27654;223;39;11,27
161548;Hamm, RS Bockum-Hvel;Realschulen;Hamm;Stadt Hamm;4;4,0;25819;385;30;13,69
161573;Senden, RS Geschwister-Scholl;Realschulen;Senden;Kreis Coesfeld;2;2,0;27654;223;39;9,67
161603;Greven, RS Anne-Frank;Realschulen;Greven;Kreis Steinfurt;3;3,0;25795;453;45;11,4
161639;Mnster, RS Johannes-Gutenberg;Realschulen;Mnster;Stadt Mnster;4;4,0;25819;385;30;12,92
161664;Haltern, RS Alexander-Lebenstein;Realschulen;Haltern am See;Kreis Recklinghausen;2;2,0;23341;616;22;13,08
161690;Datteln, RS Wiesenstr.;Realschulen;Datteln;Kreis Recklinghausen;5;5,0;23341;616;22;12,56
161706;Oer-Erkenschwick, RS Christoph-Stver;Realschulen;Oer-Erkenschwick;Kreis Recklinghausen;4;4,0;23341;616;22;16,83
161755;Marl, RS Ernst-Immel-Realschule;Realschulen;Marl;Kreis Recklinghausen;4;4,0;23341;616;22;15,43
161767;Waltrop, RS Ziegeleistr.;Realschulen;Waltrop;Kreis Recklinghausen;3;3,0;23341;616;22;13,3
161779;Steinfurt, RS am Buchenberg;Realschulen;Steinfurt;Kreis Steinfurt;2;2,0;25795;453;45;12,85
161780;Steinfurt, RS Tecklenburger Str.;Realschulen;Steinfurt;Kreis Steinfurt;2;2,0;25795;453;45;12,85
161792;Emsdetten, RS Kthe-Kollwitz-Schule;Realschulen;Emsdetten;Kreis Steinfurt;1;1,0;25795;453;45;10,44
161809;Emsdetten, RS Geschwister-Scholl-Schule;Realschulen;Emsdetten;Kreis Steinfurt;3;3,0;25795;453;45;10,44
161810;Rheine, RS Elsa-Brndstrm-Schule;Realschulen;Rheine;Kreis Steinfurt;3;3,0;25795;453;45;14,45
161846;Ochtrup, RS Lortzingstr.;Realschulen;Ochtrup;Kreis Steinfurt;2;2,0;25795;453;45;13,0
161925;Ibbenbren, RS Anne-Frank;Realschulen;Ibbenbren;Kreis Steinfurt;4;4,0;25795;453;45;12,92
161974;Bielefeld, RS Luisenschule;Realschulen;Bielefeld;Stadt Bielefeld;7;7,0;25819;385;30;10,73
161986;Bielefeld, RS Bosseschule;Realschulen;Bielefeld;Stadt Bielefeld;7;7,0;25819;385;30;10,73
161998;Bielefeld, RS Gertrud-Bumer;Realschulen;Bielefeld;Stadt Bielefeld;4;4,0;25819;385;30;10,73
162012;Bielefeld, RS Brackwede;Realschulen;Bielefeld;Stadt Bielefeld;8;8,0;25819;385;30;10,73
162024;Bielefeld, RS Senne;Realschulen;Bielefeld;Stadt Bielefeld;5;5,0;25819;385;30;10,73
162036;Bielefeld, RS Theodor-Heuss;Realschulen;Bielefeld;Stadt Bielefeld;5;5,0;25819;385;30;10,73
162048;Bielefeld, RS Heepen;Realschulen;Bielefeld;Stadt Bielefeld;5;5,0;25819;385;30;10,73
162050;Bielefeld, RS Jllenbeck;Realschulen;Bielefeld;Stadt Bielefeld;3;3,0;25819;385;30;10,73
162073;Lichtenau, RS Zur Krulsmhle;Realschulen;Lichtenau;Kreis Paderborn;1;1,0;25097;312;27;9,88
162115;Detmold, RS Heinrich-Drake;Realschulen;Detmold;Kreis Lippe;4;4,0;24993;348;32;12,12
162127;Detmold, RS I Hornsche Str.;Realschulen;Detmold;Kreis Lippe;2;2,0;24993;348;32;12,12
162139;Lage, RS Freiligrath-Schule;Realschulen;Lage;Kreis Lippe;4;4,0;24993;348;32;13,1
162164;Steinhagen, RS Laukshof;Realschulen;Steinhagen;Kreis Gtersloh;3;3,0;25819;385;30;10,67
162188;Bnde, RS Nord;Realschulen;Bnde;Kreis Herford;2;2,0;26420;252;11;12,92
162190;Herford, RS Geschwister-Scholl-Schule;Realschulen;Herford;Kreis Herford;3;3,0;26420;252;11;13,55
162206;Herford, RS Otto-Hahn-Schule;Realschulen;Herford;Kreis Herford;6;6,0;26420;252;11;13,55
162218;Herford, RS Ernst-Barlach-Realschule;Realschulen;Herford;Kreis Herford;5;5,0;26420;252;11;13,55
162220;Lhne, RS Herforder Straáe;Realschulen;Lhne;Kreis Herford;2;2,0;26420;252;11;12,92
162231;Lhne, RS Goethe;Realschulen;Lhne;Kreis Herford;3;3,0;26420;252;11;12,92
162292;Hxter, RS Hoffmann-von-Fallersleben;Realschulen;Hxter;Kreis Hxter;2;2,0;25819;385;30;12,92
162309;Nieheim, RS Peter-Hille-Schule;Realschulen;Nieheim;Kreis Hxter;1;1,0;25819;385;30;11,86
162310;Steinheim, RS Jahnstraáe;Realschulen;Steinheim;Kreis Hxter;2;2,0;25819;385;30;14,25
162322;Lemgo, RS Lemgo;Realschulen;Lemgo;Kreis Lippe;3;3,0;24993;348;32;11,62
162334;Bad Salzuflen,RS Eduard-Hoffmann-Realsch;Realschulen;Bad Salzuflen;Kreis Lippe;5;5,0;24993;348;32;11,89
162425;Minden, RS Kthe-Kollwitz;Realschulen;Minden;Kreis Minden-Lbbecke;6;6,0;25819;385;30;10,68
162437;Minden, RS Freiherr-von-Vincke-Schule;Realschulen;Minden;Kreis Minden-Lbbecke;5;5,0;25819;385;30;10,68
162450;Porta Westfalica, RS Hausberge;Realschulen;Porta Westfalica;Kreis Minden-Lbbecke;2;2,0;25819;385;30;12,62
162462;Bad Oeynhausen, RS Schulzentrum Nord;Realschulen;Bad Oeynhausen;Kreis Minden-Lbbecke;2;2,0;25819;385;30;13,19
162528;Hvelhof, RS Franz-Stock-Realschule;Realschulen;Hvelhof;Kreis Paderborn;1;1,0;25097;312;27;12,92
162530;Paderborn, RS Schloá Neuhaus;Realschulen;Paderborn;Kreis Paderborn;3;3,0;25097;312;27;12,93
162577;Gtersloh, RS Elly-Heuss-Knapp;Realschulen;Gtersloh;Kreis Gtersloh;5;5,0;25819;385;30;12,92
162589;Gtersloh, RS Geschwister-Scholl;Realschulen;Gtersloh;Kreis Gtersloh;5;5,0;25819;385;30;12,92
162607;Rheda-Wiedenbrck, RS Osterrath;Realschulen;Rheda-Wiedenbrck;Kreis Gtersloh;2;2,0;25819;385;30;12,92
162656;Bochum, RS Annette-von-Droste-Hlshoff;Realschulen;Bochum;Stadt Bochum;5;5,0;25819;385;30;12,5
162681;Bochum, RS Hans-Bckler;Realschulen;Bochum;Stadt Bochum;5;5,0;25819;385;30;12,5
162711;Bochum, RS Anne-Frank-Realschule;Realschulen;Bochum;Stadt Bochum;4;4,0;25819;385;30;12,5
162735;Castrop-Rauxel, RS Fridtjof-Nansen;Realschulen;Castrop-Rauxel;Kreis Recklinghausen;5;5,0;23341;616;22;13,36
162747;Dortmund, RS Wilhelm-Rntgen;Realschulen;Dortmund;Stadt Dortmund;6;6,0;25819;385;30;12,67
162760;Dortmund, RS Albrecht-Drer;Realschulen;Dortmund;Stadt Dortmund;4;4,0;25819;385;30;12,67
162784;Dortmund, RS Johann-Gutenberg-Schule;Realschulen;Dortmund;Stadt Dortmund;5;5,0;25819;385;30;12,67
162796;Dortmund, RS Ricarda-Huch;Realschulen;Dortmund;Stadt Dortmund;8;8,0;25819;385;30;12,67
162814;Dortmund, RS Gertrud-Bumer-Schule;Realschulen;Dortmund;Stadt Dortmund;9;9,0;25819;385;30;12,67
162826;Dortmund, RS Marie-Reinders;Realschulen;Dortmund;Stadt Dortmund;3;3,0;25819;385;30;12,67
162840;Dortmund, RS Robert-Koch;Realschulen;Dortmund;Stadt Dortmund;4;4,0;25819;385;30;12,67
162851;Dortmund, RS Albert-Schweitzer;Realschulen;Dortmund;Stadt Dortmund;6;6,0;25819;385;30;12,67
162863;Dortmund, RS Droste-Hlshoff-Schule;Realschulen;Dortmund;Stadt Dortmund;5;5,0;25819;385;30;12,67
162875;Dortmund, RS Theodor-Heuss;Realschulen;Dortmund;Stadt Dortmund;7;7,0;25819;385;30;12,67
162887;Dortmund, RS Max-Born-Realschule;Realschulen;Dortmund;Stadt Dortmund;4;4,0;25819;385;30;12,67
162899;Dortmund, RS Wilhelm-Busch;Realschulen;Dortmund;Stadt Dortmund;4;4,0;25819;385;30;12,67
162929;Hagen, RS Haspe;Realschulen;Hagen;Stadt Hagen;6;6,0;25819;385;30;14,16
162930;Hagen, RS Heinrich-Heine-Schule;Realschulen;Hagen;Stadt Hagen;7;7,0;25819;385;30;14,16
162980;Hamm, RS Friedrich-Ebert;Realschulen;Hamm;Stadt Hamm;7;7,0;25819;385;30;13,69
162991;Herne, RS Sodingen;Realschulen;Herne;Stadt Herne;4;4,0;25819;385;30;11,83
163004;Herne, RS Strnkede;Realschulen;Herne;Stadt Herne;6;6,0;25819;385;30;11,83
163028;Lnen, RS Altlnen;Realschulen;Lnen;Kreis Unna;4;4,0;24163;396;10;12,92
163030;Lnen, RS Brambauer;Realschulen;Lnen;Kreis Unna;4;4,0;24163;396;10;12,92
163041;Lnen, RS Ludwig-Uhland;Realschulen;Lnen;Kreis Unna;4;4,0;24163;396;10;12,92
163053;Herne, RS Crange;Realschulen;Herne;Stadt Herne;7;7,0;25819;385;30;11,83
163065;Herne, RS An der Burg;Realschulen;Herne;Stadt Herne;6;6,0;25819;385;30;11,83
163077;Bochum, RS Pestalozzi-Realschule;Realschulen;Bochum;Stadt Bochum;4;4,0;25819;385;30;12,5
163089;Bochum, RS Hntrop;Realschulen;Bochum;Stadt Bochum;6;6,0;25819;385;30;12,5
163090;Witten, RS Otto-Schott;Realschulen;Witten;Ennepe-Ruhr-Kreis;5;5,0;27150;324;6;12,39
163107;Witten, RS Adolf-Reichwein-Schule;Realschulen;Witten;Ennepe-Ruhr-Kreis;3;3,0;27150;324;6;12,39
163119;Plettenberg, RS Geschwister-Scholl;Realschulen;Plettenberg;Mrkischen Kreis;2;2,0;25819;385;30;17,0
163144;Ldenscheid, RS Theodor-Heuss;Realschulen;Ldenscheid;Mrkischen Kreis;5;5,0;25819;385;30;12,92
163156;Ldenscheid,RS Richard-Schirrmann-Schule;Realschulen;Ldenscheid;Mrkischen Kreis;6;6,0;25819;385;30;12,92
163211;Arnsberg, RS Hsten;Realschulen;Arnsberg;Hochsauerlandkreis;3;3,0;27635;260;34;13,31
163235;Balve, RS Am Krumpaul;Realschulen;Balve;Mrkischen Kreis;2;2,0;25819;385;30;15,67
163247;Sundern, RS Rotbuschweg;Realschulen;Sundern (Sauerland);Hochsauerlandkreis;2;2,0;27635;260;34;16,5
163314;Gevelsberg, RS Alte Geer;Realschulen;Gevelsberg;Ennepe-Ruhr-Kreis;3;3,0;27150;324;6;15,25
163326;Hattingen, RS Grnstraáe;Realschulen;Hattingen;Ennepe-Ruhr-Kreis;5;5,0;27150;324;6;13,2
163340;Schwelm, RS Dietrich-Bonhoeffer;Realschulen;Schwelm;Ennepe-Ruhr-Kreis;5;5,0;27150;324;6;17,14
163351;Hagen, RS Hohenlimburg;Realschulen;Hagen;Stadt Hagen;5;5,0;25819;385;30;14,16
163363;Iserlohn, RS Letmathe;Realschulen;Iserlohn;Mrkischen Kreis;1;1,0;25819;385;30;14,78
163375;Menden, RS Klosterstraáe;Realschulen;Menden (Sauerland);Mrkischen Kreis;3;3,0;25819;385;30;15,31
163405;Hemer, RS Hans-Prinzhorn-Realschule;Realschulen;Hemer;Mrkischen Kreis;4;4,0;25819;385;30;15,83
163430;Lippstadt, RS Drost-Rose;Realschulen;Lippstadt;Kreis Soest;3;3,0;25849;304;39;11,85
163442;Lippstadt, RS Edith-Stein-Schule;Realschulen;Lippstadt;Kreis Soest;4;4,0;25849;304;39;11,85
163454;Lippstadt, RS Graf-Bernhard-Schule;Realschulen;Lippstadt;Kreis Soest;1;1,0;25849;304;39;11,85
163480;Eslohe, RS Schulstr.;Realschulen;Eslohe (Sauerland);Hochsauerlandkreis;1;1,0;27635;260;34;14,5
163491;Schmallenberg, RS Erich Kstner;Realschulen;Schmallenberg;Hochsauerlandkreis;1;1,0;27635;260;34;11,29
163510;Meschede, RS August-Macke;Realschulen;Meschede;Hochsauerlandkreis;2;2,0;27635;260;34;15,82
163569;Lennestadt, RS Lessingschule;Realschulen;Lennestadt;Kreis Olpe;1;1,0;29108;134;9;11,17
163582;Siegen, RS Auf der Morgenrthe;Realschulen;Siegen;Kreis Siegen-Wittgenstein;4;4,0;26737;276;9;10,31
163600;Siegen, RS Am Oberen Schloss;Realschulen;Siegen;Kreis Siegen-Wittgenstein;7;7,0;26737;276;9;10,31
163648;Kreuztal, RS Ernst-Moritz-Arndt;Realschulen;Kreuztal;Kreis Siegen-Wittgenstein;3;3,0;26737;276;9;10,83
163685;Soest, RS Christian-Rohlfs-Schule;Realschulen;Soest;Kreis Soest;2;2,0;25849;304;39;13,33
163727;Bergkamen, RS Freiherr-vom-Stein;Realschulen;Bergkamen;Kreis Unna;4;4,0;24163;396;10;11,6
163739;Bergkamen, RS Oberaden;Realschulen;Bergkamen;Kreis Unna;4;4,0;24163;396;10;11,6
163740;Bnen, RS Humboldt;Realschulen;Bnen;Kreis Unna;3;3,0;24163;396;10;12,92
163764;Hamm, RS Mark;Realschulen;Hamm;Stadt Hamm;2;2,0;25819;385;30;13,69
163776;Bad Berleburg, RS Hermann-Bttger-Weg;Realschulen;Bad Berleburg;Kreis Siegen-Wittgenstein;1;1,0;26737;276;9;13,0
163790;Erndtebrck, RS Ederfeldstr.;Realschulen;Erndtebrck;Kreis Siegen-Wittgenstein;1;1,0;26737;276;9;12,92
164100;Dsseldorf, GE Dieter-Forte;Gesamtschulen;Dsseldorf;Stadt Dsseldorf;8;8,0;25995;407;35;10,36
164124;Leverkusen, GE Kthe-Kollwitz;Gesamtschulen;Leverkusen;Stadt Leverkusen;7;7,0;25995;407;35;10,0
164136;Mlheim an der Ruhr, GE Gustav-Heinemann;Gesamtschulen;Mlheim a.d.Ruhr;Stadt Mlheim a.d.Ruhr;5;5,0;25995;407;35;10,36
164148;Oberhausen, GE Osterfeld;Gesamtschulen;Oberhausen;Stadt Oberhausen;8;8,0;25995;407;35;10,73
164161;Kln, GE Rodenkirchen;Gesamtschulen;Kln;Stadt Kln;3;3,0;25995;407;35;10,36
164185;Gelsenkirchen, GE Berger Feld;Gesamtschulen;Gelsenkirchen;Stadt Gelsenkirchen;7;7,0;25995;407;35;9,67
164203;Bielefeld, GE Martin-Niemller;Gesamtschulen;Bielefeld;Stadt Bielefeld;8;8,0;25995;407;35;9,78
164239;Bochum, GE Erich Kstner;Gesamtschulen;Bochum;Stadt Bochum;4;4,0;25995;407;35;9,53
164240;Dortmund, GE Scharnhorst;Gesamtschulen;Dortmund;Stadt Dortmund;7;7,0;25995;407;35;10,08
164276;Kierspe, GE Otto-Ruhe-Str.;Gesamtschulen;Kierspe;Mrkischen Kreis;3;3,0;25995;407;35;10,29
164290;Frndenberg/Ruhr, GE Im Wiesengrund;Gesamtschulen;Frndenberg/Ruhr;Kreis Unna;3;3,0;24163;396;10;10,36
164318;Dsseldorf, Gym Goethe;Gymnasien;Dsseldorf;Stadt Dsseldorf;4;4,0;26019;395;34;11,23
164320;Dsseldorf, Gym Humboldt;Gymnasien;Dsseldorf;Stadt Dsseldorf;3;3,0;26019;395;34;11,23
164343;Dsseldorf, Gym Schloá Benrath;Gymnasien;Dsseldorf;Stadt Dsseldorf;5;5,0;26019;395;34;11,23
164355;Dsseldorf,Gym Annette v.Droste-Hlshoff;Gymnasien;Dsseldorf;Stadt Dsseldorf;2;2,0;26019;395;34;11,23
164379;Dsseldorf, Gym Marie-Curie;Gymnasien;Dsseldorf;Stadt Dsseldorf;2;2,0;26019;395;34;11,23
164392;Dsseldorf, Gym Cecilien, Europaschule;Gymnasien;Dsseldorf;Stadt Dsseldorf;2;2,0;26019;395;34;11,23
164409;Dsseldorf, Gym Koblenzer Str.;Gymnasien;Dsseldorf;Stadt Dsseldorf;4;4,0;26019;395;34;11,23
164434;Dsseldorf, Gym Comenius;Gymnasien;Dsseldorf;Stadt Dsseldorf;2;2,0;26019;395;34;11,23
164446;Dsseldorf, Gym Grres;Gymnasien;Dsseldorf;Stadt Dsseldorf;3;3,0;26019;395;34;11,23
164458;Dsseldorf, Gym Geschwister-Scholl;Gymnasien;Dsseldorf;Stadt Dsseldorf;3;3,0;26019;395;34;11,23
164471;Dsseldorf, Gym Leibniz-Montessori;Gymnasien;Dsseldorf;Stadt Dsseldorf;3;3,0;26019;395;34;11,23
164483;Dsseldorf, Gym Lessing;Gymnasien;Dsseldorf;Stadt Dsseldorf;5;5,0;26019;395;34;11,23
164495;Dsseldorf, Gym Max-Planck;Gymnasien;Dsseldorf;Stadt Dsseldorf;3;3,0;26019;395;34;11,23
164501;Dsseldorf, Gym Luisen;Gymnasien;Dsseldorf;Stadt Dsseldorf;4;4,0;26019;395;34;11,23
164513;Dsseldorf, Gym Gerresheim;Gymnasien;Dsseldorf;Stadt Dsseldorf;2;2,0;26019;395;34;11,23
164525;Dsseldorf, Gym Georg-Bchner-Gymnasium;Gymnasien;Dsseldorf;Stadt Dsseldorf;2;2,0;26019;395;34;11,23
164537;Dsseldorf, Gym Friedrich-Rckert-Gym;Gymnasien;Dsseldorf;Stadt Dsseldorf;4;4,0;26019;395;34;11,23
164549;Duisburg, Gym Landfermann;Gymnasien;Duisburg;Stadt Duisburg;4;4,0;26019;395;34;11,57
164586;Duisburg, Gym Steinbart;Gymnasien;Duisburg;Stadt Duisburg;3;3,0;26019;395;34;11,57
164604;Duisburg, Gym Mercator;Gymnasien;Duisburg;Stadt Duisburg;6;6,0;26019;395;34;11,57
164616;Duisburg, Gym Reinhard-u.-Max-Mannesmann;Gymnasien;Duisburg;Stadt Duisburg;2;2,0;26019;395;34;11,57
164665;Duisburg, Gym Max-Planck;Gymnasien;Duisburg;Stadt Duisburg;7;7,0;26019;395;34;11,57
164677;Duisburg, Gym Elly-Heuss-Knapp;Gymnasien;Duisburg;Stadt Duisburg;6;6,0;26019;395;34;11,57
164719;Essen, Gym Werden;Gymnasien;Essen;Stadt Essen;1;1,0;26019;395;34;11,54
164732;Essen, Gym Grashof;Gymnasien;Essen;Stadt Essen;1;1,0;26019;395;34;11,54
164744;Essen, Gym Mdchengymnasium Borbeck;Gymnasien;Essen;Stadt Essen;5;5,0;26019;395;34;11,54
164756;Essen, Gym Burg;Gymnasien;Essen;Stadt Essen;6;6,0;26019;395;34;11,54
164770;Essen, Gym Leibniz;Gymnasien;Essen;Stadt Essen;6;6,0;26019;395;34;11,54
164781;Essen, Gym Goethe;Gymnasien;Essen;Stadt Essen;1;1,0;26019;395;34;11,54
164800;Essen, Gym Helmholtz;Gymnasien;Essen;Stadt Essen;3;3,0;26019;395;34;11,54
164811;Essen, Gym Maria-Wchtler;Gymnasien;Essen;Stadt Essen;3;3,0;26019;395;34;11,54
164835;Essen, Gym UNESCO/ Aufbaugymnasium;Gymnasien;Essen;Stadt Essen;9;9,0;26019;395;34;11,54
164847;Essen, Gym Nord-Ost;Gymnasien;Essen;Stadt Essen;7;7,0;26019;395;34;11,54
164859;Essen, Gym Prinzenstr.;Gymnasien;Essen;Stadt Essen;5;5,0;26019;395;34;11,54
164872;Essen, Gym Carl-Humann;Gymnasien;Essen;Stadt Essen;3;3,0;26019;395;34;11,54
164884;Essen, Gym Alfred-Krupp-Schule;Gymnasien;Essen;Stadt Essen;8;8,0;26019;395;34;11,54
164902;Essen, Gym an der Wolfskuhle;Gymnasien;Essen;Stadt Essen;4;4,0;26019;395;34;11,54
164914;Krefeld, Gym Horkesgath;Gymnasien;Krefeld;Stadt Krefeld;4;4,0;26019;395;34;10,88
164926;Krefeld, Gym Fabritianum;Gymnasien;Krefeld;Stadt Krefeld;1;1,0;26019;395;34;10,88
164940;Krefeld, Gym Hannah-Arendt;Gymnasien;Krefeld;Stadt Krefeld;9;9,0;26019;395;34;10,88
164951;Krefeld, Gym am Stadtpark;Gymnasien;Krefeld;Stadt Krefeld;2;2,0;26019;395;34;10,88
164975;Krefeld, Gym Maria-Sibylla-Merian;Gymnasien;Krefeld;Stadt Krefeld;3;3,0;26019;395;34;10,88
164987;Krefeld, Gym Am Moltkeplatz;Gymnasien;Krefeld;Stadt Krefeld;3;3,0;26019;395;34;10,88
164999;Krefeld, Gym Ricarda-Huch;Gymnasien;Krefeld;Stadt Krefeld;3;3,0;26019;395;34;10,88
165001;Leverkusen, Gym Freiherr-vom-Stein;Gymnasien;Leverkusen;Stadt Leverkusen;2;2,0;26019;395;34;10,29
165013;Leverkusen, Gym Lise-Meitner;Gymnasien;Leverkusen;Stadt Leverkusen;4;4,0;26019;395;34;10,29
165049;Mnchengladbach, Gym Am Geroweiher;Gymnasien;Mnchengladbach;Stadt Mnchengladbach;3;3,0;26019;395;34;11,23
165050;Mnchengladbach, Gym Math., Naturw.;Gymnasien;Mnchengladbach;Stadt Mnchengladbach;5;5,0;26019;395;34;11,23
165062;Mnchengladbach, Gym Stift. Humanist.;Gymnasien;Mnchengladbach;Stadt Mnchengladbach;4;4,0;26019;395;34;11,23
165086;Mnchengladbach, Gym Rheindahlen;Gymnasien;Mnchengladbach;Stadt Mnchengladbach;2;2,0;26019;395;34;11,23
165098;Mlheim an der Ruhr, Gym Karl-Ziegler;Gymnasien;Mlheim a.d.Ruhr;Stadt Mlheim a.d.Ruhr;4;4,0;26019;395;34;11,23
165104;Mlheim an der Ruhr, Gym Luisenschule;Gymnasien;Mlheim a.d.Ruhr;Stadt Mlheim a.d.Ruhr;2;2,0;26019;395;34;11,23
165116;Mlheim an der Ruhr, Gym Broich;Gymnasien;Mlheim a.d.Ruhr;Stadt Mlheim a.d.Ruhr;2;2,0;26019;395;34;11,23
165128;Mlheim an der Ruhr, Gym Otto-Pankok;Gymnasien;Mlheim a.d.Ruhr;Stadt Mlheim a.d.Ruhr;3;3,0;26019;395;34;11,23
165130;Neuss, Gym Quirinus;Gymnasien;Neuss;Rhein-Kreis Neuss;4;4,0;27956;455;43;12,14
165141;Neuss, Gym Nelly-Sachs-Gymnasium;Gymnasien;Neuss;Rhein-Kreis Neuss;2;2,0;27956;455;43;12,14
165165;Neuss, Gym Alexander-von-Humboldt;Gymnasien;Neuss;Rhein-Kreis Neuss;4;4,0;27956;455;43;12,14
165189;Neuss, Gym Marie-Curie;Gymnasien;Neuss;Rhein-Kreis Neuss;5;5,0;27956;455;43;12,14
165190;Oberhausen, Gym Bertha-von-Suttner;Gymnasien;Oberhausen;Stadt Oberhausen;5;5,0;26019;395;34;11,99
165207;Oberhausen, Gym Heinrich-Heine;Gymnasien;Oberhausen;Stadt Oberhausen;6;6,0;26019;395;34;11,99
165219;Oberhausen, Gym Elsa-Brndstrm;Gymnasien;Oberhausen;Stadt Oberhausen;6;6,0;26019;395;34;11,99
165220;Oberhausen, Gym Sophie-Scholl;Gymnasien;Oberhausen;Stadt Oberhausen;3;3,0;26019;395;34;11,99
165244;Oberhausen, Gym Freiherr-vom-Stein;Gymnasien;Oberhausen;Stadt Oberhausen;2;2,0;26019;395;34;11,99
165256;Remscheid, Gym Leibniz-Gymnasium;Gymnasien;Remscheid;Stadt Remscheid;2;2,0;26019;395;34;11,49
165268;Remscheid, Gym Gertrud-Bumer;Gymnasien;Remscheid;Stadt Remscheid;2;2,0;26019;395;34;11,49
165270;Remscheid, Gym Emma-Herwegh;Gymnasien;Remscheid;Stadt Remscheid;4;4,0;26019;395;34;11,49
165281;Remscheid, Gym Rntgen;Gymnasien;Remscheid;Stadt Remscheid;2;2,0;26019;395;34;11,49
165293;Mnchengladbach, Gym Hugo-Junkers;Gymnasien;Mnchengladbach;Stadt Mnchengladbach;5;5,0;26019;395;34;11,23
165300;Mnchengladbach, Gym an der Gartenstraáe;Gymnasien;Mnchengladbach;Stadt Mnchengladbach;4;4,0;26019;395;34;11,23
165311;Mnchengladbach, Gym Odenkirchen;Gymnasien;Mnchengladbach;Stadt Mnchengladbach;4;4,0;26019;395;34;11,23
165335;Solingen, Gym Humboldt;Gymnasien;Solingen;Stadt Solingen;2;2,0;26019;395;34;11,61
165347;Solingen, Gym Schwertstraáe;Gymnasien;Solingen;Stadt Solingen;3;3,0;26019;395;34;11,61
165359;Solingen, Gym August-Dicke;Gymnasien;Solingen;Stadt Solingen;3;3,0;26019;395;34;11,61
165360;Solingen, Gym Vogelsang;Gymnasien;Solingen;Stadt Solingen;3;3,0;26019;395;34;11,61
165372;Wuppertal, Gym Bayreuther Str.;Gymnasien;Wuppertal;Stadt Wuppertal;4;4,0;26019;395;34;10,67
165384;Wuppertal, Gym Carl-Fuhlrott;Gymnasien;Wuppertal;Stadt Wuppertal;2;2,0;26019;395;34;10,67
165402;Wuppertal, Gym Carl-Duisberg;Gymnasien;Wuppertal;Stadt Wuppertal;5;5,0;26019;395;34;10,67
165414;Wuppertal, Gym Vohwinkel;Gymnasien;Wuppertal;Stadt Wuppertal;4;4,0;26019;395;34;10,67
165438;Wuppertal, Gym Wilhelm-Drpfeld-Gym;Gymnasien;Wuppertal;Stadt Wuppertal;4;4,0;26019;395;34;10,67
165451;Wuppertal, Gym Am Kothen;Gymnasien;Wuppertal;Stadt Wuppertal;4;4,0;26019;395;34;10,67
165463;Wuppertal, Gym Johannes Rau;Gymnasien;Wuppertal;Stadt Wuppertal;8;8,0;26019;395;34;10,67
165475;Wuppertal, Gym Sedanstr.;Gymnasien;Wuppertal;Stadt Wuppertal;6;6,0;26019;395;34;10,67
165487;Dinslaken, Gym Otto-Hahn;Gymnasien;Dinslaken;Kreis Wesel;2;2,0;25299;463;33;13,09
165505;Dinslaken, Gym Theodor-Heuss;Gymnasien;Dinslaken;Kreis Wesel;2;2,0;25299;463;33;13,09
165517;Duisburg, Gym Kopernikus;Gymnasien;Duisburg;Stadt Duisburg;4;4,0;26019;395;34;11,57
165529;Voerde, Gym Am Hallenbad;Gymnasien;Voerde (Niederrhein);Kreis Wesel;1;1,0;25299;463;33;11,14
165530;Haan, Gym Adlerstr.;Gymnasien;Haan;Kreis Mettmann;2;2,0;28195;487;11;10,62
165542;Heiligenhaus, Gym Immanuel-Kant;Gymnasien;Heiligenhaus;Kreis Mettmann;2;2,0;28195;487;11;12,0
165554;Hilden, Gym Helmholtz;Gymnasien;Hilden;Kreis Mettmann;3;3,0;28195;487;11;10,93
165578;Essen, Gym Theodor-Heuss;Gymnasien;Essen;Stadt Essen;1;1,0;26019;395;34;11,54
165580;Velbert, Gym Langenberg;Gymnasien;Velbert;Kreis Mettmann;2;2,0;28195;487;11;11,27
165591;Mettmann, Gym Konrad-Heresbach;Gymnasien;Mettmann;Kreis Mettmann;2;2,0;28195;487;11;11,21
165608;Ratingen, Gym C.F. von Weizscker;Gymnasien;Ratingen;Kreis Mettmann;3;3,0;28195;487;11;11,34
165621;Velbert, Gym Nikolaus-Ehlen;Gymnasien;Velbert;Kreis Mettmann;3;3,0;28195;487;11;11,27
165633;Velbert, Gym Geschwister-Scholl;Gymnasien;Velbert;Kreis Mettmann;3;3,0;28195;487;11;11,27
165645;Wlfrath, Gym Kastanienallee;Gymnasien;Wlfrath;Kreis Mettmann;2;2,0;28195;487;11;11,23
165657;Erkrath, Gym am Neandertal;Gymnasien;Erkrath;Kreis Mettmann;1;1,0;28195;487;11;9,71
165669;Erkrath, Gym Hochdahl;Gymnasien;Dsseldorf;Stadt Dsseldorf;2;2,0;26019;395;34;11,23
165670;Mettmann, Gym Heinrich-Heine;Gymnasien;Mettmann;Kreis Mettmann;2;2,0;28195;487;11;11,21
165682;Geldern, Gym Friedrich-Spee-Gymnasium;Gymnasien;Geldern;Kreis Kleve;1;1,0;23865;317;135;11,58
165694;Geldern, Gym Lise-Meitner;Gymnasien;Geldern;Kreis Kleve;2;2,0;23865;317;135;11,58
165700;Kevelaer, Gym Kardinal-von-Galen;Gymnasien;Kevelaer;Kreis Kleve;2;2,0;23865;317;135;13,6
165712;Grevenbroich, Gym Erasmus-Gymnasium;Gymnasien;Grevenbroich;Rhein-Kreis Neuss;2;2,0;27956;455;43;10,97
165724;Grevenbroich, Gym Pascal-Gymnasium;Gymnasien;Grevenbroich;Rhein-Kreis Neuss;2;2,0;27956;455;43;10,97
165736;Kaarst, Gym Albert-Einstein;Gymnasien;Kaarst;Rhein-Kreis Neuss;2;2,0;27956;455;43;12,24
165748;Dormagen, Gym Bettina-von-Arnim;Gymnasien;Dormagen;Rhein-Kreis Neuss;3;3,0;27956;455;43;11,46
165750;Meerbusch, Gym Mnkesweg;Gymnasien;Meerbusch;Rhein-Kreis Neuss;2;2,0;27956;455;43;12,7
165761;Meerbusch, Gym Matare, Europaschule;Gymnasien;Meerbusch;Rhein-Kreis Neuss;2;2,0;27956;455;43;12,7
165785;Neuss, Gym Norf;Gymnasien;Neuss;Rhein-Kreis Neuss;2;2,0;27956;455;43;12,14
165803;Kempen, Gym Thomaeum;Gymnasien;Kempen;Kreis Viersen;1;1,0;26473;300;54;10,5
165815;Kempen, Gym Luise-von-Duesberg;Gymnasien;Kempen;Kreis Viersen;2;2,0;26473;300;54;10,5
165827;Nettetal, Gym Werner-Jaeger;Gymnasien;Nettetal;Kreis Viersen;1;1,0;26473;300;54;14,09
165839;Schwalmtal, Gym St.Wolfhelm;Gymnasien;Schwalmtal;Kreis Viersen;1;1,0;26473;300;54;11,36
165852;Viersen, Gym Erasmus-von-Rotterdam;Gymnasien;Viersen;Kreis Viersen;3;3,0;26473;300;54;11,58
165876;Viersen, Gym Clara-Schumann-Gymnasium;Gymnasien;Viersen;Kreis Viersen;4;4,0;26473;300;54;11,58
165906;Goch, Gym Hubert-Houben-Str.;Gymnasien;Goch;Kreis Kleve;3;3,0;23865;317;135;12,65
165920;Kalkar, Gym Jan-Joest;Gymnasien;Kalkar;Kreis Kleve;1;1,0;23865;317;135;10,09
165931;Kleve, Gym Freiherr-vom-Stein;Gymnasien;Kleve;Kreis Kleve;3;3,0;23865;317;135;11,34
165955;Kleve, Gym Konrad-Adenauer;Gymnasien;Kleve;Kreis Kleve;3;3,0;23865;317;135;11,34
165979;Duisburg, Gym Franz-Haniel;Gymnasien;Duisburg;Stadt Duisburg;4;4,0;26019;395;34;11,57
165980;Kamp-Lintfort, Gym Georg-Forster;Gymnasien;Kamp-Lintfort;Kreis Wesel;3;3,0;25299;463;33;10,79
165992;Moers, Gym Grafschafter;Gymnasien;Moers;Kreis Wesel;4;4,0;25299;463;33;11,43
166005;Moers, Gym Adolfinum;Gymnasien;Moers;Kreis Wesel;2;2,0;25299;463;33;11,43
166017;Moers, Gym in den Filder Benden;Gymnasien;Moers;Kreis Wesel;2;2,0;25299;463;33;11,43
166029;Rheinberg, Gym Amplonius;Gymnasien;Rheinberg;Kreis Wesel;1;1,0;25299;463;33;11,29
166030;Duisburg, Gym Krupp;Gymnasien;Duisburg;Stadt Duisburg;5;5,0;26019;395;34;11,57
166054;Xanten, Gym Stiftsgymnasium;Gymnasien;Xanten;Kreis Wesel;1;1,0;25299;463;33;11,36
166066;Neukirchen-Vluyn, Gym Julius-Stursberg;Gymnasien;Neukirchen-Vluyn;Kreis Wesel;1;1,0;25299;463;33;11,57
166078;Moers, Gym Rheinkamp, Europaschule;Gymnasien;Moers;Kreis Wesel;3;3,0;25299;463;33;11,43
166080;Duisburg, Gym Albert-Einstein;Gymnasien;Duisburg;Stadt Duisburg;2;2,0;26019;395;34;11,57
166091;Emmerich am Rhein, Gym Willibrord;Gymnasien;Emmerich am Rhein;Kreis Kleve;3;3,0;23865;317;135;9,43
166110;Wesel, Gym Andreas-Vesalius;Gymnasien;Wesel;Kreis Wesel;2;2,0;25299;463;33;11,88
166121;Wesel, Gym Konrad-Duden;Gymnasien;Wesel;Kreis Wesel;2;2,0;25299;463;33;11,88
166133;Rees, Gym Aspel;Gymnasien;Rees;Kreis Kleve;1;1,0;23865;317;135;10,42
166145;Langenfeld, Gym Konrad-Adenauer;Gymnasien;Langenfeld (Rhld.);Kreis Mettmann;2;2,0;28195;487;11;11,78
166157;Leichlingen, Gym Am Hammer;Gymnasien;Leichlingen (Rhld.);Rheinisch-Bergischen Kreis;1;1,0;26019;395;34;10,83
166169;Monheim, Gym Otto-Hahn;Gymnasien;Monheim am Rhein;Kreis Mettmann;2;2,0;28195;487;11;13,86
166194;Leverkusen, Gym Landrat-Lucas;Gymnasien;Leverkusen;Stadt Leverkusen;3;3,0;26019;395;34;10,29
166200;Leverkusen, Gym Werner-Heisenberg;Gymnasien;Leverkusen;Stadt Leverkusen;3;3,0;26019;395;34;10,29
166212;Radevormwald, Gym Theodor-Heuss;Gymnasien;Radevormwald;Oberbergischen Kreis;2;2,0;26019;395;34;12,8
166224;Wermelskirchen, Gym Stockhauser Str.;Gymnasien;Wermelskirchen;Rheinisch-Bergischen Kreis;2;2,0;26019;395;34;11,88
166236;Bonn, Gym Beethoven;Gymnasien;Bonn;Stadt Bonn;2;2,0;26019;395;34;11,26
166250;Bonn, Gym Ernst-Moritz-Arndt;Gymnasien;Bonn;Stadt Bonn;2;2,0;26019;395;34;11,26
166315;Bonn, Gym Carl-von-Ossietzky;Gymnasien;Bonn;Stadt Bonn;2;2,0;26019;395;34;11,26
166340;Bonn, Gym Clara-Schumann;Gymnasien;Bonn;Stadt Bonn;2;2,0;26019;395;34;11,26
166352;Bonn, Gym Hardtberg;Gymnasien;Bonn;Stadt Bonn;2;2,0;26019;395;34;11,26
166364;Bonn, Gym Friedrich-Ebert;Gymnasien;Bonn;Stadt Bonn;3;3,0;26019;395;34;11,26
166376;Bonn, Gym Helmholtz-Gymnasium;Gymnasien;Bonn;Stadt Bonn;3;3,0;26019;395;34;11,26
166388;Bonn, Gym Nicolaus-Cusanus;Gymnasien;Bonn;Stadt Bonn;6;6,0;26019;395;34;11,26
166406;Bonn, Gym Tannenbusch;Gymnasien;Bonn;Stadt Bonn;4;4,0;26019;395;34;11,26
166420;Bonn, Gym Konrad-Adenauer;Gymnasien;Bonn;Stadt Bonn;3;3,0;26019;395;34;11,26
166443;Kln, Gym Leonardo-da-Vinci;Gymnasien;Kln;Stadt Kln;2;2,0;26019;395;34;11,23
166455;Kln, Gym Rhein-Gymnasium;Gymnasien;Kln;Stadt Kln;3;3,0;26019;395;34;11,23
166479;Kln, Gym Apostel-Gymnasium;Gymnasien;Kln;Stadt Kln;1;1,0;26019;395;34;11,23
166480;Kln, Gym Montessori;Gymnasien;Kln;Stadt Kln;3;3,0;26019;395;34;11,23
166492;Kln, Gym Knigin-Luise;Gymnasien;Kln;Stadt Kln;2;2,0;26019;395;34;11,23
166546;Kln, Gym Erich Kstner;Gymnasien;Kln;Stadt Kln;2;2,0;26019;395;34;11,23
166558;Kln, Gym Thusneldastraáe;Gymnasien;Kln;Stadt Kln;4;4,0;26019;395;34;11,23
166571;Kln, Gym Deutzer Gymnasium Schaurtestr.;Gymnasien;Kln;Stadt Kln;3;3,0;26019;395;34;11,23
166583;Kln, Gym Genoveva-Gymnasium;Gymnasien;Kln;Stadt Kln;7;7,0;26019;395;34;11,23
166595;Kln, Gym Kaiserin-Augusta-Schule;Gymnasien;Kln;Stadt Kln;2;2,0;26019;395;34;11,23
166601;Kln, Gym Kreuzgasse;Gymnasien;Kln;Stadt Kln;2;2,0;26019;395;34;11,23
166613;Kln, Gym Friedrich-Wilhelm;Gymnasien;Kln;Stadt Kln;2;2,0;26019;395;34;11,23
166625;Kln, Gym Hlderlin-Gymnasium;Gymnasien;Kln;Stadt Kln;4;4,0;26019;395;34;11,23
166637;Kln, Gym Hansa;Gymnasien;Kln;Stadt Kln;2;2,0;26019;395;34;11,23
166649;Kln, Gym Humboldt-Gymnasium;Gymnasien;Kln;Stadt Kln;2;2,0;26019;395;34;11,23
166650;Kln, Gym Kaiserin-Theophanu-Schule;Gymnasien;Kln;Stadt Kln;4;4,0;26019;395;34;11,23
166662;Kln, Gym Albertus-Magnus-Gymnasium;Gymnasien;Kln;Stadt Kln;3;3,0;26019;395;34;11,23
166686;Kln, Gym Johann-Gottfried-Herder;Gymnasien;Kln;Stadt Kln;4;4,0;26019;395;34;11,23
166698;Kln, Gym Dreiknigs;Gymnasien;Kln;Stadt Kln;4;4,0;26019;395;34;11,23
166716;Kln, Gym Hildegard-von-Bingen-Gymnasium;Gymnasien;Kln;Stadt Kln;2;2,0;26019;395;34;11,23
166728;Kln, Gym Schiller-Gymnasium;Gymnasien;Kln;Stadt Kln;1;1,0;26019;395;34;11,23
166730;Kln, Gym Elisabeth-von-Thringen;Gymnasien;Kln;Stadt Kln;1;1,0;26019;395;34;11,23
166741;Kerpen, Gym Europagymnasium;Gymnasien;Kerpen;Rhein-Erft-Kreis;2;2,0;25647;475;20;11,47
166753;Bedburg, Gym Silverberg-Gymnasium;Gymnasien;Bedburg;Rhein-Erft-Kreis;2;2,0;25647;475;20;13,23
166765;Bergheim, Gym Erftgymnasium;Gymnasien;Bergheim;Rhein-Erft-Kreis;3;3,0;25647;475;20;12,43
166777;Bergheim, Gym Gutenberg;Gymnasien;Bergheim;Rhein-Erft-Kreis;3;3,0;25647;475;20;12,43
166789;Erftstadt, Gym Lechenich;Gymnasien;Erftstadt;Rhein-Erft-Kreis;1;1,0;25647;475;20;11,04
166790;Euskirchen, Gym Marienschule;Gymnasien;Euskirchen;Kreis Euskirchen;2;2,0;24805;196;18;11,74
166807;Euskirchen, Gym Emil-Fischer;Gymnasien;Euskirchen;Kreis Euskirchen;3;3,0;24805;196;18;11,74
166820;Bad Mnstereifel, Gym St.Michael;Gymnasien;Bad Mnstereifel;Kreis Euskirchen;1;1,0;24805;196;18;11,23
166832;Zlpich, Gym Franken;Gymnasien;Zlpich;Kreis Euskirchen;2;2,0;24805;196;18;11,23
166856;Mechernich, Gym Am Turmhof;Gymnasien;Mechernich;Kreis Euskirchen;1;1,0;24805;196;18;9,45
166868;Schleiden, Gym. Johannes-Sturmius;Gymnasien;Schleiden;Kreis Euskirchen;1;1,0;24805;196;18;11,84
166881;Brhl, Gym Max-Ernst;Gymnasien;Brhl;Rhein-Erft-Kreis;2;2,0;25647;475;20;11,23
166900;Frechen, Gym Rotdornweg;Gymnasien;Frechen;Rhein-Erft-Kreis;2;2,0;25647;475;20;11,35
166911;Hrth, Gym Ernst-Mach;Gymnasien;Hrth;Rhein-Erft-Kreis;2;2,0;25647;475;20;11,23
166923;Kln, Gym Georg-Bchner;Gymnasien;Kln;Stadt Kln;2;2,0;26019;395;34;11,23
166935;Kln, Gym Rodenkirchen;Gymnasien;Kln;Stadt Kln;1;1,0;26019;395;34;11,23
166947;Wesseling, Gym Kthe-Kollwitz;Gymnasien;Wesseling;Rhein-Erft-Kreis;5;5,0;25647;475;20;12,62
166959;Pulheim, Gym Geschwister-Scholl;Gymnasien;Pulheim;Rhein-Erft-Kreis;1;1,0;25647;475;20;9,92
166960;Bergneustadt, Gym Wllenweberschule;Gymnasien;Bergneustadt;Oberbergischen Kreis;1;1,0;26019;395;34;11,22
166996;Waldbrl, Gym Hollenberg;Gymnasien;Waldbrl;Oberbergischen Kreis;1;1,0;26019;395;34;11,23
167009;Wiehl, Gym Dietrich-Bonhoeffer;Gymnasien;Wiehl;Oberbergischen Kreis;1;1,0;26019;395;34;12,4
167010;Bergisch Gladbach, Gym Albertus-Magnus;Gymnasien;Bergisch Gladbach;Rheinisch-Bergischen Kreis;2;2,0;26019;395;34;10,36
167022;Bergisch Gladbach, Gym Otto-Hahn-Schule;Gymnasien;Bergisch Gladbach;Rheinisch-Bergischen Kreis;2;2,0;26019;395;34;10,36
167034;Bergisch Gladbach, Gym Dietr.-Bonhoeffer;Gymnasien;Bergisch Gladbach;Rheinisch-Bergischen Kreis;2;2,0;26019;395;34;10,36
167046;Bergisch Gladbach, Gym Nicolaus-Cusanus;Gymnasien;Bergisch Gladbach;Rheinisch-Bergischen Kreis;3;3,0;26019;395;34;10,36
167058;Kln, Gym Maximilian-Kolbe-Gymnasium;Gymnasien;Kln;Stadt Kln;4;4,0;26019;395;34;11,23
167060;Kln, Gym Stadt/Porz;Gymnasien;Kln;Stadt Kln;5;5,0;26019;395;34;11,23
167083;Wipperfrth, Gym Engelbert-von-Berg;Gymnasien;Wipperfrth;Oberbergischen Kreis;1;1,0;26019;395;34;11,23
167095;Rsrath, Gym Freiherr-vom-Stein;Gymnasien;Rsrath;Rheinisch-Bergischen Kreis;2;2,0;26019;395;34;11,23
167101;Engelskirchen, Gym Aggertal-Gymnasium;Gymnasien;Engelskirchen;Oberbergischen Kreis;1;1,0;26019;395;34;10,62
167113;Sankt Augustin, Gym Rhein-Sieg;Gymnasien;Sankt Augustin;Rhein-Sieg-Kreis;2;2,0;27167;605;50;11,12
167137;Eitorf, Gym Siegtal;Gymnasien;Eitorf;Rhein-Sieg-Kreis;2;2,0;27167;605;50;8,69
167149;Hennef, Gym Fritz-Jacobi-Str.;Gymnasien;Hennef (Sieg);Rhein-Sieg-Kreis;2;2,0;27167;605;50;10,1
167150;Bad Honnef, Gym Siebengebirgsgymnasium;Gymnasien;Bad Honnef;Rhein-Sieg-Kreis;2;2,0;27167;605;50;10,96
167186;Knigswinter, Gym am Oelberg;Gymnasien;Knigswinter;Rhein-Sieg-Kreis;2;2,0;27167;605;50;11,23
167198;Meckenheim, Gym Konrad-Adenauer;Gymnasien;Meckenheim;Rhein-Sieg-Kreis;2;2,0;27167;605;50;11,54
167216;Rheinbach, Gym Knigsberger Str.;Gymnasien;Rheinbach;Rhein-Sieg-Kreis;1;1,0;27167;605;50;11,83
167241;Siegburg, Gym Anno-Gymnasium;Gymnasien;Siegburg;Rhein-Sieg-Kreis;2;2,0;27167;605;50;10,13
167253;Siegburg, Gym Alleestraáe;Gymnasien;Siegburg;Rhein-Sieg-Kreis;3;3,0;27167;605;50;10,13
167265;Troisdorf, Gym Zum Altenforst;Gymnasien;Troisdorf;Rhein-Sieg-Kreis;3;3,0;27167;605;50;10,0
167277;Troisdorf, Gym Heinrich-Bll;Gymnasien;Troisdorf;Rhein-Sieg-Kreis;2;2,0;27167;605;50;10,0
167290;Aachen, Gym Kaiser-Karls;Gymnasien;Aachen;Stdteregion Aachen;3;3,0;26019;395;34;11,23
167319;Aachen, Gym Rhein-Maas;Gymnasien;Aachen;Stdteregion Aachen;3;3,0;26019;395;34;11,23
167320;Aachen, Gym Anne-Frank;Gymnasien;Aachen;Stdteregion Aachen;2;2,0;26019;395;34;11,23
167332;Aachen, Gym Couven;Gymnasien;Aachen;Stdteregion Aachen;4;4,0;26019;395;34;11,23
167356;Aachen, Gym Einhard;Gymnasien;Aachen;Stdteregion Aachen;3;3,0;26019;395;34;11,23
167368;Aachen, Gym St.Leonhard;Gymnasien;Aachen;Stdteregion Aachen;3;3,0;26019;395;34;11,23
167381;Aachen, Gym Geschwister-Scholl;Gymnasien;Aachen;Stdteregion Aachen;7;7,0;26019;395;34;11,23
167393;Aachen, Gym Inda;Gymnasien;Aachen;Stdteregion Aachen;2;2,0;26019;395;34;11,23
167400;Alsdorf, Gym Alsdorf;Gymnasien;Alsdorf;Stdteregion Aachen;3;3,0;26019;395;34;11,23
167411;Baesweiler, Gym Otto-Hahn-Str.;Gymnasien;Baesweiler;Stdteregion Aachen;3;3,0;26019;395;34;11,23
167435;Eschweiler, Gym Peter-Paul-Str.;Gymnasien;Eschweiler;Stdteregion Aachen;4;4,0;26019;395;34;11,23
167447;Herzogenrath, Gym Bardenberger Str.;Gymnasien;Herzogenrath;Stdteregion Aachen;2;2,0;26019;395;34;11,23
167459;Monschau, Gym St. Michael;Gymnasien;Monschau;Stdteregion Aachen;2;2,0;26019;395;34;11,23
167460;Stolberg, Gym Ritzefeld;Gymnasien;Stolberg (Rhld.);Stdteregion Aachen;3;3,0;26019;395;34;11,23
167472;Stolberg, Gym Goethe;Gymnasien;Stolberg (Rhld.);Stdteregion Aachen;3;3,0;26019;395;34;11,23
167484;Wrselen, Gym Klosterstraáe;Gymnasien;Wrselen;Stdteregion Aachen;3;3,0;26019;395;34;11,23
167526;Dren, Gym Rurtal;Gymnasien;Dren;Kreis Dren;3;3,0;26019;395;34;11,23
167538;Dren, Gym Burgau;Gymnasien;Dren;Kreis Dren;3;3,0;26019;395;34;11,23
167540;Dren, Gym am Wirteltor;Gymnasien;Dren;Kreis Dren;4;4,0;26019;395;34;11,23
167587;Jlich, Gym Zitadelle;Gymnasien;Jlich;Kreis Dren;2;2,0;26019;395;34;11,23
167599;Erkelenz, Gym Cornelius-Burgh-Gymnasium;Gymnasien;Erkelenz;Kreis Heinsberg;2;2,0;23751;260;21;12,06
167605;Erkelenz, Gym Cusanus;Gymnasien;Erkelenz;Kreis Heinsberg;2;2,0;23751;260;21;12,06
167630;Heinsberg, Gym Kreisgymnasium;Gymnasien;Heinsberg;Kreis Heinsberg;2;2,0;23751;260;21;11,7
167642;Hckelhoven, Gym Hartlepooler Str.;Gymnasien;Hckelhoven;Kreis Heinsberg;2;2,0;23751;260;21;11,23
167654;bach-Palenberg, Gym Carolus-Magnus;Gymnasien;bach-Palenberg;Kreis Heinsberg;3;3,0;23751;260;21;11,23
167678;Bocholt, Gym St.-Georg-Gymnasium Bocholt;Gymnasien;Bocholt;Kreis Borken;2;2,0;26582;376;53;11,88
167680;Bocholt, Gym Marien;Gymnasien;Bocholt;Kreis Borken;3;3,0;26582;376;53;11,88
167691;Bottrop, Gym Josef-Albers;Gymnasien;Bottrop;Stadt Bottrop;3;3,0;26019;395;34;11,77
167708;Bottrop, Gym Heinrich-Heine;Gymnasien;Bottrop;Stadt Bottrop;2;2,0;26019;395;34;11,77
167710;Bottrop, Gym Vestisches;Gymnasien;Bottrop;Stadt Bottrop;1;1,0;26019;395;34;11,77
167721;Gelsenkirchen, Gym Leibniz;Gymnasien;Gelsenkirchen;Stadt Gelsenkirchen;4;4,0;26019;395;34;10,58
167733;Gelsenkirchen, Gym Carl-Friedrich-Gauá;Gymnasien;Gelsenkirchen;Stadt Gelsenkirchen;6;6,0;26019;395;34;10,58
167745;Gelsenkirchen, Gym Max-Planck;Gymnasien;Gelsenkirchen;Stadt Gelsenkirchen;3;3,0;26019;395;34;10,58
167757;Gelsenkirchen, Gym von-Droste-Hlshoff;Gymnasien;Gelsenkirchen;Stadt Gelsenkirchen;3;3,0;26019;395;34;10,58
167770;Gelsenkirchen, Gym Ricarda-Huch;Gymnasien;Gelsenkirchen;Stadt Gelsenkirchen;7;7,0;26019;395;34;10,58
167782;Gelsenkirchen, Gym Grillo;Gymnasien;Gelsenkirchen;Stadt Gelsenkirchen;8;8,0;26019;395;34;10,58
167794;Gelsenkirchen, Gym Schalker;Gymnasien;Gelsenkirchen;Stadt Gelsenkirchen;9;9,0;26019;395;34;10,58
167800;Gladbeck, Gym Riesener-Gymnasium;Gymnasien;Gladbeck;Kreis Recklinghausen;4;4,0;23341;616;22;10,62
167812;Gladbeck, Gym Rats;Gymnasien;Gladbeck;Kreis Recklinghausen;3;3,0;23341;616;22;10,62
167824;Gladbeck, Gym Heisenberg;Gymnasien;Gladbeck;Kreis Recklinghausen;3;3,0;23341;616;22;10,62
167836;Mnster, Gym Annette-von-Droste-Hlshoff;Gymnasien;Mnster;Stadt Mnster;2;2,0;26019;395;34;11,23
167848;Mnster, Gym Schiller-Gymnasium;Gymnasien;Mnster;Stadt Mnster;2;2,0;26019;395;34;11,23
167850;Mnster, Gym Paulinum;Gymnasien;Mnster;Stadt Mnster;2;2,0;26019;395;34;11,23
167861;Mnster, Gym Ratsgymnasium;Gymnasien;Mnster;Stadt Mnster;2;2,0;26019;395;34;11,23
167873;Mnster, Gym Johann-Conrad-Schlaun;Gymnasien;Mnster;Stadt Mnster;3;3,0;26019;395;34;11,23
167885;Mnster, Gym Pascalgymnasium;Gymnasien;Mnster;Stadt Mnster;2;2,0;26019;395;34;11,23
167897;Mnster, Gym Wilhelm-Hittorf;Gymnasien;Mnster;Stadt Mnster;2;2,0;26019;395;34;11,23
167915;Mnster, Gym Freiherr-vom-Stein;Gymnasien;Mnster;Stadt Mnster;2;2,0;26019;395;34;11,23
167927;Recklinghausen, Gym Marie-Curie;Gymnasien;Recklinghausen;Kreis Recklinghausen;3;3,0;23341;616;22;10,93
167939;Recklinghausen, Gym Hittorf;Gymnasien;Recklinghausen;Kreis Recklinghausen;3;3,0;23341;616;22;10,93
167940;Recklinghausen, Gym Theodor-Heuss;Gymnasien;Recklinghausen;Kreis Recklinghausen;5;5,0;23341;616;22;10,93
167952;Recklinghausen, Gym Petrinum;Gymnasien;Recklinghausen;Kreis Recklinghausen;2;2,0;23341;616;22;10,93
167988;Ahaus, Gym Alexander-Hegius;Gymnasien;Ahaus;Kreis Borken;2;2,0;26582;376;53;10,88
167990;Gronau, Gym Werner-von-Siemens;Gymnasien;Gronau (Westf.);Kreis Borken;3;3,0;26582;376;53;10,69
168002;Vreden, Gym Georgianum;Gymnasien;Vreden;Kreis Borken;2;2,0;26582;376;53;11,5
168026;Ahlen, Gym Bruno-Wagler-Weg;Gymnasien;Ahlen;Kreis Warendorf;4;4,0;27091;280;45;11,48
168038;Beckum, Gym Albertus-Magnus;Gymnasien;Beckum;Kreis Warendorf;2;2,0;27091;280;45;10,04
168051;Beckum, Gym Kopernikus;Gymnasien;Beckum;Kreis Warendorf;2;2,0;27091;280;45;10,04
168075;Oelde, Gym Thomas-Morus;Gymnasien;Oelde;Kreis Warendorf;2;2,0;27091;280;45;11,73
168087;Borken, Gym Remigianum;Gymnasien;Borken;Kreis Borken;2;2,0;26582;376;53;11,69
168129;Coesfeld, Gym Heriburg;Gymnasien;Coesfeld;Kreis Coesfeld;1;1,0;27654;223;39;10,38
168130;Coesfeld, Gym Nepomucenum;Gymnasien;Coesfeld;Kreis Coesfeld;1;1,0;27654;223;39;10,38
168142;Dlmen, Gym Clemens-Brentano;Gymnasien;Dlmen;Kreis Coesfeld;2;2,0;27654;223;39;11,23
168178;Werne, Gym Anne-Frank;Gymnasien;Werne;Kreis Unna;2;2,0;24163;396;10;11,92
168180;Lnen, Gym Altlnen;Gymnasien;Lnen;Kreis Unna;3;3,0;24163;396;10;11,23
168191;Ldinghausen, Gym St.Antonius;Gymnasien;Ldinghausen;Kreis Coesfeld;1;1,0;27654;223;39;11,23
168210;Greven, Gym Augustinianum;Gymnasien;Greven;Kreis Steinfurt;2;2,0;25795;453;45;11,25
168245;Mnster, Gym Wolbeck;Gymnasien;Mnster;Stadt Mnster;2;2,0;26019;395;34;11,23
168257;Haltern, Gym Joseph-Knig;Gymnasien;Haltern am See;Kreis Recklinghausen;1;1,0;23341;616;22;10,89
168269;Herten, Gym Stdt. Gymnasium Herten;Gymnasien;Herten;Kreis Recklinghausen;4;4,0;23341;616;22;10,53
168270;Datteln, Gym Comenius;Gymnasien;Datteln;Kreis Recklinghausen;4;4,0;23341;616;22;10,07
168282;Dorsten, Gym Petrinum;Gymnasien;Dorsten;Kreis Recklinghausen;2;2,0;23341;616;22;12,45
168312;Marl, Gym Im Loekamp;Gymnasien;Marl;Kreis Recklinghausen;4;4,0;23341;616;22;11,14
168336;Waltrop, Gym Theodor-Heuss;Gymnasien;Waltrop;Kreis Recklinghausen;2;2,0;23341;616;22;13,15
168348;Steinfurt, Gym Borghorst;Gymnasien;Steinfurt;Kreis Steinfurt;2;2,0;25795;453;45;10,22
168350;Steinfurt, Gym Arnoldinum Europaschule;Gymnasien;Steinfurt;Kreis Steinfurt;2;2,0;25795;453;45;10,22
168361;Emsdetten, Gym Martinum;Gymnasien;Emsdetten;Kreis Steinfurt;2;2,0;25795;453;45;9,56
168373;Rheine, Gym Dionysianum;Gymnasien;Rheine;Kreis Steinfurt;2;2,0;25795;453;45;9,78
168385;Rheine, Gym Emsland;Gymnasien;Rheine;Kreis Steinfurt;3;3,0;25795;453;45;9,78
168397;Rheine, Gym Kopernikus;Gymnasien;Rheine;Kreis Steinfurt;3;3,0;25795;453;45;9,78
168415;Ochtrup, Gym Ochtrup;Gymnasien;Ochtrup;Kreis Steinfurt;2;2,0;25795;453;45;10,31
168427;Lengerich, Gym Hannah-Arendt;Gymnasien;Lengerich;Kreis Steinfurt;3;3,0;25795;453;45;9,73
168452;Ibbenbren, Gym Johannes-Kepler;Gymnasien;Ibbenbren;Kreis Steinfurt;1;1,0;25795;453;45;11,23
168464;Ibbenbren, Gym Goethe, Europa-Schule;Gymnasien;Ibbenbren;Kreis Steinfurt;1;1,0;25795;453;45;11,23
168476;Tecklenburg, Gym Graf-Adolf;Gymnasien;Tecklenburg;Kreis Steinfurt;1;1,0;25795;453;45;9,92
168490;Warendorf, Gym Laurentianum;Gymnasien;Warendorf;Kreis Warendorf;1;1,0;27091;280;45;10,7
168506;Warendorf, Gym Marien;Gymnasien;Warendorf;Kreis Warendorf;1;1,0;27091;280;45;10,7
168520;Bielefeld, Gym Cecilien;Gymnasien;Bielefeld;Stadt Bielefeld;4;4,0;26019;395;34;11,18
168531;Bielefeld, Gym Ratsgymnasium;Gymnasien;Bielefeld;Stadt Bielefeld;2;2,0;26019;395;34;11,18
168543;Bielefeld, Gym Helmholtz;Gymnasien;Bielefeld;Stadt Bielefeld;3;3,0;26019;395;34;11,18
168555;Bielefeld, Gym am Waldhof;Gymnasien;Bielefeld;Stadt Bielefeld;2;2,0;26019;395;34;11,18
168579;Bielefeld, Gym Max-Planck;Gymnasien;Bielefeld;Stadt Bielefeld;3;3,0;26019;395;34;11,18
168580;Bielefeld, Gym Brackweder;Gymnasien;Bielefeld;Stadt Bielefeld;4;4,0;26019;395;34;11,18
168622;Bielefeld, Gym Heepen;Gymnasien;Bielefeld;Stadt Bielefeld;3;3,0;26019;395;34;11,18
168658;Blomberg, Gym Hermann-Vchting;Gymnasien;Blomberg;Kreis Lippe;1;1,0;24993;348;32;10,33
168660;Detmold, Gym Martin-Luther-Str.;Gymnasien;Detmold;Kreis Lippe;2;2,0;24993;348;32;11,24
168683;Detmold, Gym Leopoldinum;Gymnasien;Detmold;Kreis Lippe;2;2,0;24993;348;32;11,24
168695;Detmold, Gym Christian-Dietrich-Grabbe;Gymnasien;Detmold;Kreis Lippe;2;2,0;24993;348;32;11,24
168701;Lage, Gym Gebrder Humboldt;Gymnasien;Lage;Kreis Lippe;3;3,0;24993;348;32;11,4
168713;Halle, Gym Kreis;Gymnasien;Halle (Westf.);Kreis Gtersloh;2;2,0;26019;395;34;10,43
168749;Bnde, Gym am Markt;Gymnasien;Bnde;Kreis Herford;2;2,0;26420;252;11;11,23
168750;Bnde, Gym Freiherr-vom-Stein;Gymnasien;Bnde;Kreis Herford;1;1,0;26420;252;11;11,23
168762;Enger, Gym Widukind;Gymnasien;Enger;Kreis Herford;1;1,0;26420;252;11;11,0
168774;Herford, Gym Ravensberger;Gymnasien;Herford;Kreis Herford;2;2,0;26420;252;11;11,23
168786;Herford, Gym Knigin-Mathilde;Gymnasien;Herford;Kreis Herford;2;2,0;26420;252;11;11,23
168798;Herford, Gym Friedrichs;Gymnasien;Herford;Kreis Herford;2;2,0;26420;252;11;11,23
168804;Lhne, Gym Albert-Schweitzer-Str.;Gymnasien;Lhne;Kreis Herford;2;2,0;26420;252;11;11,23
168816;Vlotho, Gym Weser;Gymnasien;Vlotho;Kreis Herford;1;1,0;26420;252;11;9,83
168865;Hxter, Gym Knig-Wilhelm;Gymnasien;Hxter;Kreis Hxter;2;2,0;26019;395;34;11,23
168877;Barntrup, Gym Groáe Twete;Gymnasien;Barntrup;Kreis Lippe;2;2,0;24993;348;32;9,5
168889;Lemgo, Gym Marianne-Weber-Gymnasium;Gymnasien;Lemgo;Kreis Lippe;2;2,0;24993;348;32;10,4
168890;Lemgo, Gym Engelbert-Kaempfer;Gymnasien;Lemgo;Kreis Lippe;2;2,0;24993;348;32;10,4
168907;Oerlinghausen, Gym Niklas-Luhmann;Gymnasien;Oerlinghausen;Kreis Lippe;1;1,0;24993;348;32;13,36
168920;Bad Salzuflen, Gym Rudolph-Brandes;Gymnasien;Bad Salzuflen;Kreis Lippe;3;3,0;24993;348;32;13,67
168932;Lbbecke, Gym Wittekind-Gymnasium;Gymnasien;Lbbecke;Kreis Minden-Lbbecke;2;2,0;26019;395;34;11,23
168956;Minden, Gym Herder u.Caroline v.Humboldt;Gymnasien;Minden;Kreis Minden-Lbbecke;3;3,0;26019;395;34;11,18
168970;Minden, Gym Besselgymnasium;Gymnasien;Minden;Kreis Minden-Lbbecke;3;3,0;26019;395;34;11,18
168981;Minden, Gym Rats;Gymnasien;Minden;Kreis Minden-Lbbecke;3;3,0;26019;395;34;11,18
168993;Bad Oeynhausen, Gym Immanuel-Kant;Gymnasien;Bad Oeynhausen;Kreis Minden-Lbbecke;2;2,0;26019;395;34;12,17
169006;Petershagen, Gym Hauptstr.;Gymnasien;Petershagen;Kreis Minden-Lbbecke;1;1,0;26019;395;34;12,27
169018;Paderborn, Gym Goerdeler-Gymnasium;Gymnasien;Paderborn;Kreis Paderborn;2;2,0;25097;312;27;11,24
169020;Paderborn, Gym Pelizaeus;Gymnasien;Paderborn;Kreis Paderborn;2;2,0;25097;312;27;11,24
169031;Paderborn, Gym Reismann;Gymnasien;Paderborn;Kreis Paderborn;3;3,0;25097;312;27;11,24
169055;Paderborn, Gym Theodorianum;Gymnasien;Paderborn;Kreis Paderborn;2;2,0;25097;312;27;11,24
169067;Warburg, Gym Marianum;Gymnasien;Warburg;Kreis Hxter;1;1,0;26019;395;34;12,72
169079;Warburg, Gym Hffert;Gymnasien;Warburg;Kreis Hxter;1;1,0;26019;395;34;12,72
169109;Gtersloh, Gym Schulstr.;Gymnasien;Gtersloh;Kreis Gtersloh;3;3,0;26019;395;34;11,23
169110;Rheda-Wiedenbrck, Gym Rats;Gymnasien;Rheda-Wiedenbrck;Kreis Gtersloh;2;2,0;26019;395;34;11,23
169122;Rheda-Wiedenbrck, Gym Einstein;Gymnasien;Rheda-Wiedenbrck;Kreis Gtersloh;3;3,0;26019;395;34;11,23
169134;Rietberg, Gym Nepomucenum;Gymnasien;Rietberg;Kreis Gtersloh;1;1,0;26019;395;34;10,11
169158;Bochum, Gym Hildegardis-Gymnasium;Gymnasien;Bochum;Stadt Bochum;3;3,0;26019;395;34;11,69
169160;Bochum, Gym Graf-Engelbert-Gymnasium;Gymnasien;Bochum;Stadt Bochum;2;2,0;26019;395;34;11,69
169171;Bochum, Gym Schiller;Gymnasien;Bochum;Stadt Bochum;1;1,0;26019;395;34;11,69
169183;Bochum, Gym Lessing-Gymnasium;Gymnasien;Bochum;Stadt Bochum;3;3,0;26019;395;34;11,69
169213;Bochum, Gym Goethe;Gymnasien;Bochum;Stadt Bochum;3;3,0;26019;395;34;11,69
169225;Bochum, Gym Theodor-Krner;Gymnasien;Bochum;Stadt Bochum;1;1,0;26019;395;34;11,69
169237;Bochum, Gym Heinrich-v.-Kleist-Gymnasium;Gymnasien;Bochum;Stadt Bochum;3;3,0;26019;395;34;11,69
169249;Castrop-Rauxel, Gym Ernst-Barlach;Gymnasien;Castrop-Rauxel;Kreis Recklinghausen;3;3,0;23341;616;22;11,23
169250;Castrop-Rauxel, Gym Adalbert-Stifter;Gymnasien;Castrop-Rauxel;Kreis Recklinghausen;3;3,0;23341;616;22;11,23
169274;Dortmund, Gym Bert-Brecht-Gymnasium;Gymnasien;Dortmund;Stadt Dortmund;3;3,0;26019;395;34;11,11
169286;Dortmund, Gym Heisenberg;Gymnasien;Dortmund;Stadt Dortmund;5;5,0;26019;395;34;11,11
169298;Dortmund, Gym Immanuel-Kant;Gymnasien;Dortmund;Stadt Dortmund;3;3,0;26019;395;34;11,11
169304;Dortmund, Gym Max-Planck-Gymnasium;Gymnasien;Dortmund;Stadt Dortmund;2;2,0;26019;395;34;11,11
169328;Dortmund, Gym Helene-Lange;Gymnasien;Dortmund;Stadt Dortmund;2;2,0;26019;395;34;11,11
169330;Dortmund, Gym Kthe-Kollwitz;Gymnasien;Dortmund;Stadt Dortmund;3;3,0;26019;395;34;11,11
169341;Dortmund, Gym Stadtgymnasium Dortmund;Gymnasien;Dortmund;Stadt Dortmund;6;6,0;26019;395;34;11,11
169353;Dortmund, Gym Reinoldus u. Schiller;Gymnasien;Dortmund;Stadt Dortmund;4;4,0;26019;395;34;11,11
169390;Dortmund, Gym Schweizer Allee;Gymnasien;Dortmund;Stadt Dortmund;2;2,0;26019;395;34;11,11
169407;Dortmund, Gym Leibniz;Gymnasien;Dortmund;Stadt Dortmund;3;3,0;26019;395;34;11,11
169419;Dortmund, Gym Goethe;Gymnasien;Dortmund;Stadt Dortmund;3;3,0;26019;395;34;11,11
169420;Dortmund, Gym Helmholtz;Gymnasien;Dortmund;Stadt Dortmund;8;8,0;26019;395;34;11,11
169456;Dortmund, Gym Phoenix;Gymnasien;Dortmund;Stadt Dortmund;3;3,0;26019;395;34;11,11
169468;Hagen, Gym Fichte;Gymnasien;Hagen;Stadt Hagen;4;4,0;26019;395;34;10,9
169470;Hagen, Gym Albrecht-Drer;Gymnasien;Hagen;Stadt Hagen;3;3,0;26019;395;34;10,9
169481;Hagen, Gym Theodor-Heuss;Gymnasien;Hagen;Stadt Hagen;3;3,0;26019;395;34;10,9
169511;Hagen, Gym Christian-Rohlfs;Gymnasien;Hagen;Stadt Hagen;5;5,0;26019;395;34;10,9
169523;Hagen, Gym Ricarda-Huch;Gymnasien;Hagen;Stadt Hagen;5;5,0;26019;395;34;10,9
169559;Hamm, Gym Galilei;Gymnasien;Hamm;Stadt Hamm;4;4,0;26019;395;34;10,23
169560;Hamm, Gym Beisenkamp-Gymnasium;Gymnasien;Hamm;Stadt Hamm;2;2,0;26019;395;34;10,23
169572;Hamm, Gym Hammonense;Gymnasien;Hamm;Stadt Hamm;2;2,0;26019;395;34;10,23
169584;Hamm, Gym Mrkisches;Gymnasien;Hamm;Stadt Hamm;4;4,0;26019;395;34;10,23
169596;Hamm, Gym Freiherr-vom-Stein;Gymnasien;Hamm;Stadt Hamm;1;1,0;26019;395;34;10,23
169602;Herne, Gym Haranni;Gymnasien;Herne;Stadt Herne;5;5,0;26019;395;34;11,41
169614;Herne, Gym Pestalozzi;Gymnasien;Herne;Stadt Herne;5;5,0;26019;395;34;11,41
169626;Herne, Gym Otto-Hahn;Gymnasien;Herne;Stadt Herne;3;3,0;26019;395;34;11,41
169638;Iserlohn, Gym Mrkisches;Gymnasien;Iserlohn;Mrkischen Kreis;2;2,0;26019;395;34;10,81
169640;Iserlohn, Gym An der Stenner;Gymnasien;Iserlohn;Mrkischen Kreis;4;4,0;26019;395;34;10,81
169663;Lnen, Gym Freiherr-vom-Stein;Gymnasien;Lnen;Kreis Unna;3;3,0;24163;396;10;11,23
169675;Herne, Gym Wanne;Gymnasien;Herne;Stadt Herne;5;5,0;26019;395;34;11,41
169687;Herne, Gym Eickel;Gymnasien;Herne;Stadt Herne;3;3,0;26019;395;34;11,41
169699;Bochum, Gym Mrkisches Gymnasium;Gymnasien;Bochum;Stadt Bochum;4;4,0;26019;395;34;11,69
169705;Bochum, Gym Hellweg Europaschule;Gymnasien;Bochum;Stadt Bochum;3;3,0;26019;395;34;11,69
169717;Witten, Gym Schiller;Gymnasien;Witten;Ennepe-Ruhr-Kreis;2;2,0;27150;324;6;11,66
169729;Witten, Gym Ruhr;Gymnasien;Witten;Ennepe-Ruhr-Kreis;2;2,0;27150;324;6;11,66
169730;Witten, Gym Albert-Martmller;Gymnasien;Witten;Ennepe-Ruhr-Kreis;2;2,0;27150;324;6;11,66
169754;Altena, Gym Burggymnasium;Gymnasien;Altena;Mrkischen Kreis;3;3,0;26019;395;34;10,07
169766;Plettenberg, Gym Albert-Schweitzer;Gymnasien;Plettenberg;Mrkischen Kreis;2;2,0;26019;395;34;11,92
169778;Halver, Gym Anne-Frank;Gymnasien;Halver;Mrkischen Kreis;2;2,0;26019;395;34;11,07
169780;Ldenscheid, Gym Bergstadt;Gymnasien;Ldenscheid;Mrkischen Kreis;3;3,0;26019;395;34;11,23
169791;Ldenscheid, Gym Geschwister-Scholl;Gymnasien;Ldenscheid;Mrkischen Kreis;3;3,0;26019;395;34;11,23
169808;Ldenscheid, Gym Zeppelin-Gymnasium;Gymnasien;Ldenscheid;Mrkischen Kreis;4;4,0;26019;395;34;11,23
169833;Arnsberg, Gym Laurentianum;Gymnasien;Arnsberg;Hochsauerlandkreis;3;3,0;27635;260;34;11,31
169894;Sundern, Gym Berliner Str.;Gymnasien;Sundern (Sauerland);Hochsauerlandkreis;1;1,0;27635;260;34;11,58
169900;Warstein, Gym Europa-Gymnasium;Gymnasien;Warstein;Kreis Soest;2;2,0;25849;304;39;12,45
169912;Brilon, Gym Petrinum;Gymnasien;Brilon;Hochsauerlandkreis;1;1,0;27635;260;34;10,17
169924;Winterberg, Gym Geschwister-Scholl;Gymnasien;Winterberg;Hochsauerlandkreis;1;1,0;27635;260;34;11,08
169948;Marsberg, Gym Carolus-Magnus;Gymnasien;Marsberg;Hochsauerlandkreis;1;1,0;27635;260;34;11,38
169950;Ennepetal, Gym Reichenbach;Gymnasien;Ennepetal;Ennepe-Ruhr-Kreis;3;3,0;27150;324;6;9,69
169961;Gevelsberg, Gym Gevelsberg;Gymnasien;Gevelsberg;Ennepe-Ruhr-Kreis;2;2,0;27150;324;6;11,62
169973;Hattingen, Gym Schulzentrum Holthausen;Gymnasien;Hattingen;Ennepe-Ruhr-Kreis;2;2,0;27150;324;6;12,28
169985;Hattingen, Gym Waldstraáe;Gymnasien;Hattingen;Ennepe-Ruhr-Kreis;3;3,0;27150;324;6;12,28
169997;Herdecke, Gym Friedrich-Harkort-Schule;Gymnasien;Herdecke;Ennepe-Ruhr-Kreis;1;1,0;27150;324;6;12,92
170008;Schwelm, Gym Mrkisches;Gymnasien;Schwelm;Ennepe-Ruhr-Kreis;3;3,0;27150;324;6;12,0
170010;Wetter, Gym Geschwister-Scholl;Gymnasien;Wetter (Ruhr);Ennepe-Ruhr-Kreis;1;1,0;27150;324;6;9,87
170021;Hagen, Gym Hohenlimburg;Gymnasien;Hagen;Stadt Hagen;3;3,0;26019;395;34;10,9
170033;Iserlohn, Gym Letmathe;Gymnasien;Iserlohn;Mrkischen Kreis;1;1,0;26019;395;34;10,81
170070;Schwerte, Gym Friedrich-Bhrens;Gymnasien;Schwerte;Kreis Unna;2;2,0;24163;396;10;12,54
170082;Schwerte, Gym Ruhrtal;Gymnasien;Schwerte;Kreis Unna;2;2,0;24163;396;10;12,54
170094;Hemer, Gym Friedrich-Leopold-Woeste;Gymnasien;Hemer;Mrkischen Kreis;2;2,0;26019;395;34;10,67
170112;Geseke, Gym Antonianum;Gymnasien;Geseke;Kreis Soest;1;1,0;25849;304;39;11,45
170148;Lippstadt, Gym Europaschule Ostendorf;Gymnasien;Lippstadt;Kreis Soest;3;3,0;25849;304;39;12,62
170150;Erwitte, Gym Glasmerweg;Gymnasien;Erwitte;Kreis Soest;2;2,0;25849;304;39;10,5
170173;Rthen, Gym Friedrich-Spee;Gymnasien;Rthen;Kreis Soest;1;1,0;25849;304;39;11,23
170197;Meschede, Gym Schederweg;Gymnasien;Meschede;Hochsauerlandkreis;2;2,0;27635;260;34;12,27
170215;Schmallenberg, Gym Obringhauser Straáe;Gymnasien;Schmallenberg;Hochsauerlandkreis;1;1,0;27635;260;34;10,5
170239;Attendorn, Gym Rivius;Gymnasien;Attendorn;Kreis Olpe;2;2,0;29108;134;9;9,91
170240;Lennestadt, Gym Am Biertappen;Gymnasien;Lennestadt;Kreis Olpe;2;2,0;29108;134;9;12,36
170276;Olpe, Gym Seminarstr.;Gymnasien;Olpe;Kreis Olpe;1;1,0;29108;134;9;11,45
170306;Siegen, Gym Auf der Morgenrthe;Gymnasien;Siegen;Kreis Siegen-Wittgenstein;2;2,0;26737;276;9;11,42
170320;Siegen, Gym Frst-Johann-Moritz;Gymnasien;Siegen;Kreis Siegen-Wittgenstein;3;3,0;26737;276;9;11,42
170331;Siegen, Gym Am Lhrtor;Gymnasien;Siegen;Kreis Siegen-Wittgenstein;2;2,0;26737;276;9;11,42
170343;Siegen, Gym Peter-Paul-Rubens;Gymnasien;Siegen;Kreis Siegen-Wittgenstein;6;6,0;26737;276;9;11,42
170367;Kreuztal, Gym Zum Erbstollen;Gymnasien;Kreuztal;Kreis Siegen-Wittgenstein;2;2,0;26737;276;9;12,91
170379;Neunkirchen, Gym Dietrich-Bonhoeffer;Gymnasien;Neunkirchen;Kreis Siegen-Wittgenstein;1;1,0;26737;276;9;10,58
170380;Soest, Gym Europaschule Aldegrever;Gymnasien;Soest;Kreis Soest;2;2,0;25849;304;39;11,48
170392;Soest, Gym Conrad-von-Soest;Gymnasien;Soest;Kreis Soest;1;1,0;25849;304;39;11,48
170409;Soest, Gym Archi;Gymnasien;Soest;Kreis Soest;1;1,0;25849;304;39;11,48
170410;Werl, Gym Marien;Gymnasien;Werl;Kreis Soest;2;2,0;25849;304;39;10,9
170434;Kamen, Gym Hammer Str.;Gymnasien;Kamen;Kreis Unna;2;2,0;24163;396;10;11,27
170446;Unna, Gym Geschwister-Scholl;Gymnasien;Unna;Kreis Unna;3;3,0;24163;396;10;11,41
170458;Unna, Gym Ernst-Barlach;Gymnasien;Unna;Kreis Unna;1;1,0;24163;396;10;11,41
170460;Unna, Gym Pestalozzi;Gymnasien;Unna;Kreis Unna;2;2,0;24163;396;10;11,41
170471;Bergkamen, Gym Hubert-Biernat-Str.;Gymnasien;Bergkamen;Kreis Unna;3;3,0;24163;396;10;10,5
170483;Bad Berleburg, Gym Johannes-Althusius;Gymnasien;Bad Berleburg;Kreis Siegen-Wittgenstein;1;1,0;26737;276;9;10,89
170501;Bad Laasphe, Gym Steinackerstr.;Gymnasien;Bad Laasphe;Kreis Siegen-Wittgenstein;2;2,0;26737;276;9;11,38
183003;Duisburg, GG (Verb.) Lauenburger Allee;Grundschulen;Duisburg;Stadt Duisburg;2;2,0;26056;404;30;13,3
183027;Knigswinter, GG Longenburgschule;Grundschulen;Knigswinter;Rhein-Sieg-Kreis;6;6,0;27167;605;50;12,49
183040;Kln, Gym Lessing-Gymnasium;Gymnasien;Kln;Stadt Kln;2;2,0;26019;395;34;11,23
183076;Essen, GE Bockmhle;Gesamtschulen;Essen;Stadt Essen;9;9,0;25995;407;35;10,02
183088;Dsseldorf, RS Carl-Benz-Realschule;Realschulen;Dsseldorf;Stadt Dsseldorf;5;5,0;25819;385;30;12,92
183118;Neunkirchen-Seel., GG Ritter-Gttscheid;Grundschulen;Neunkirchen-Seelscheid;Rhein-Sieg-Kreis;3;3,0;27167;605;50;13,64
183167;Dortmund, Gym Heinrich-Heine;Gymnasien;Dortmund;Stadt Dortmund;4;4,0;26019;395;34;11,11
183246;Erkrath, RS Hochdahl;Realschulen;Dsseldorf;Stadt Dsseldorf;3;3,0;25819;385;30;12,92
183260;Iserlohn, RS am Hemberg;Realschulen;Iserlohn;Mrkischen Kreis;5;5,0;25819;385;30;14,78
183271;Ratingen, GG Erich Kstner-Schule;Grundschulen;Ratingen;Kreis Mettmann;8;8,0;28195;487;11;10,68
183283;Paderborn, Gym Schloá Neuhaus;Gymnasien;Paderborn;Kreis Paderborn;2;2,0;25097;312;27;11,24
183301;Mnster, RS Geschwister-Scholl;Realschulen;Mnster;Stadt Mnster;5;5,0;25819;385;30;12,92
183313;Bielefeld, GG Bltmannshofschule;Grundschulen;Bielefeld;Stadt Bielefeld;4;4,0;26056;404;30;11,19
183337;Aachen, GG (Verb.) Richterich;Grundschulen;Aachen;Stdteregion Aachen;3;3,0;26056;404;30;12,49
183349;Kln, GG Riphahnstr.;Grundschulen;Kln;Stadt Kln;9;9,0;26056;404;30;12,49
183350;Bergisch Gladbach, GG Kippekausen;Grundschulen;Bergisch Gladbach;Rheinisch-Bergischen Kreis;2;2,0;26056;404;30;11,19
183386;Gelsenkirchen, GG Nordsternschule;Grundschulen;Gelsenkirchen;Stadt Gelsenkirchen;8;8,0;26056;404;30;14,21
183416;Herzogenrath, GG Kohlscheid-Mitte;Grundschulen;Herzogenrath;Stdteregion Aachen;4;4,0;26056;404;30;12,49
183430;Waldbrl, GG Hermesdorf;Grundschulen;Waldbrl;Oberbergischen Kreis;2;2,0;26056;404;30;12,49
183465;Heek, KG Alexander-Hegius;Sonstige;Heek;Kreis Borken;2;2,0;26582;376;53;11,85
183477;Heek, KG Bischof-Martin Nienborg;Sonstige;Heek;Kreis Borken;2;2,0;26582;376;53;11,85
183519;Bottrop, GG Ludgerusschule;Grundschulen;Bottrop;Stadt Bottrop;2;2,0;26056;404;30;11,96
183520;Bottrop, GG Vonderort;Grundschulen;Bottrop;Stadt Bottrop;3;3,0;26056;404;30;11,96
183532;Ratingen, Gym Kopernikus;Gymnasien;Ratingen;Kreis Mettmann;2;2,0;28195;487;11;11,34
183568;Bocholt, Gym Euregio-Gymnasium;Gymnasien;Bocholt;Kreis Borken;2;2,0;26582;376;53;11,88
183623;Recklinghausen, GG Kohlkamp;Grundschulen;Recklinghausen;Kreis Recklinghausen;2;2,0;23341;616;22;13,2
183635;Dsseldorf, GG Montessori Grundschule;Grundschulen;Dsseldorf;Stadt Dsseldorf;3;3,0;26056;404;30;12,49
183684;Mnster, Gym Geschwister-Scholl;Gymnasien;Mnster;Stadt Mnster;4;4,0;26019;395;34;11,23
183714;Steinheim, Gym Stettiner Str.;Gymnasien;Steinheim;Kreis Hxter;1;1,0;26019;395;34;10,67
183726;Kln, GE Holweide;Gesamtschulen;Kln;Stadt Kln;6;6,0;25995;407;35;10,36
183738;Bergisch Gladbach, GE Paffrath;Gesamtschulen;Bergisch Gladbach;Rheinisch-Bergischen Kreis;4;4,0;25995;407;35;9,3
183740;Sankt Augustin, Gym Albert-Einstein;Gymnasien;Sankt Augustin;Rhein-Sieg-Kreis;2;2,0;27167;605;50;11,12
183775;Niederkassel, Gym Kopernikus-Gymnasium;Gymnasien;Niederkassel;Rhein-Sieg-Kreis;2;2,0;27167;605;50;11,13
183787;Dormagen, Gym Leibniz;Gymnasien;Dormagen;Rhein-Kreis Neuss;2;2,0;27956;455;43;11,46
183830;Brhl, GG Astrid-Lindgren;Grundschulen;Brhl;Rhein-Erft-Kreis;3;3,0;25647;475;20;12,49
183842;Dortmund, GG Buscheischule;Grundschulen;Dortmund;Stadt Dortmund;8;8,0;26056;404;30;12,17
183854;Kln, GH Gustav-Heinemann-Schule;Hauptschulen;Kln;Stadt Kln;9;9,0;25804;388;32;8,18
183880;Neuss, GG Gebrder Grimm Schule;Grundschulen;Neuss;Rhein-Kreis Neuss;7;7,0;27956;455;43;13,02
183891;Haan, GG Bollenberg;Grundschulen;Haan;Kreis Mettmann;6;6,0;28195;487;11;13,47
183910;Pulheim, Gym Abtei;Gymnasien;Pulheim;Rhein-Erft-Kreis;1;1,0;25647;475;20;9,92
183921;Oberhausen, GG Schwarze Heide;Grundschulen;Oberhausen;Stadt Oberhausen;4;4,0;26056;404;30;12,54
183957;Dlmen, RS Hermann-Leeser-Schule;Realschulen;Dlmen;Kreis Coesfeld;3;3,0;27654;223;39;12,92
183970;Attendorn, GG (Verb.) Attandara-Schule;Grundschulen;Attendorn;Kreis Olpe;5;5,0;29108;134;9;14,07
184019;Hagen, GE Fritz-Steinhoff-Schule;Gesamtschulen;Hagen;Stadt Hagen;6;6,0;25995;407;35;10,4
184093;Porta Westfalica,GG (Verb) Neesen-Klein.;Grundschulen;Porta Westfalica;Kreis Minden-Lbbecke;2;2,0;26056;404;30;11,87
184100;Witten, GG Pferdebach;Grundschulen;Witten;Ennepe-Ruhr-Kreis;3;3,0;27150;324;6;12,04
184111;Remscheid, GG Hackenberg;Grundschulen;Remscheid;Stadt Remscheid;4;4,0;26056;404;30;12,54
184159;Overath, Gym Paul-Klee;Gymnasien;Overath;Rheinisch-Bergischen Kreis;1;1,0;26019;395;34;11,44
184160;Wachtberg, GH Wachtberg;Hauptschulen;Wachtberg;Rhein-Sieg-Kreis;5;5,0;27167;605;50;8,57
184184;Kln, GG Clarenhofschule;Grundschulen;Kln;Stadt Kln;6;6,0;26056;404;30;12,49
184238;Neukirchen-Vluyn, GG Antoniusschule;Grundschulen;Neukirchen-Vluyn;Kreis Wesel;4;4,0;25299;463;33;13,53
184240;Bonn, RS Hardtberg;Realschulen;Bonn;Stadt Bonn;6;6,0;25819;385;30;11,95
184287;Kln, GE Heinrich-Bll-Schule;Gesamtschulen;Kln;Stadt Kln;6;6,0;25995;407;35;10,36
184342;Dorsten, GE Wulfen;Gesamtschulen;Dorsten;Kreis Recklinghausen;3;3,0;23341;616;22;9,64
184380;Gladbeck, GE Ingeborg-Drewitz;Gesamtschulen;Gladbeck;Kreis Recklinghausen;8;8,0;23341;616;22;9,09
184457;Wilnsdorf, RS Wilnsdorf;Realschulen;Wilnsdorf;Kreis Siegen-Wittgenstein;1;1,0;26737;276;9;11,12
184500;Bergisch Gladbach, RS Herkenrath;Realschulen;Bergisch Gladbach;Rheinisch-Bergischen Kreis;3;3,0;25819;385;30;13,62
184550;Erftstadt, RS Dr.-J.-Fieger-Str.;Realschulen;Erftstadt;Rhein-Erft-Kreis;2;2,0;25647;475;20;12,38
184615;Bad Salzuflen, RS Aspe;Realschulen;Bad Salzuflen;Kreis Lippe;3;3,0;24993;348;32;11,89
184640;Essen, Gym berruhr;Gymnasien;Essen;Stadt Essen;3;3,0;26019;395;34;11,54
184652;Beverungen, Gym Birkenstraáe;Gymnasien;Beverungen;Kreis Hxter;2;2,0;26019;395;34;9,7
184664;Bergisch Gladbach, Gym Herkenrath;Gymnasien;Bergisch Gladbach;Rheinisch-Bergischen Kreis;2;2,0;26019;395;34;10,36
184676;Mnster, Gym Immanuel-Kant;Gymnasien;Mnster;Stadt Mnster;2;2,0;26019;395;34;11,23
184688;Mnchengladbach, Gym Franz-Meyers;Gymnasien;Mnchengladbach;Stadt Mnchengladbach;2;2,0;26019;395;34;11,23
184690;Erftstadt, Gym Ville-Gymnasium;Gymnasien;Erftstadt;Rhein-Erft-Kreis;2;2,0;25647;475;20;11,04
184706;Hrth, Gym Albert-Schweitzer;Gymnasien;Hrth;Rhein-Erft-Kreis;2;2,0;25647;475;20;11,23
184731;Kaarst, Gym Georg-Bchner;Gymnasien;Kaarst;Rhein-Kreis Neuss;2;2,0;27956;455;43;12,24
184743;Solingen, GG Uhlandstr.;Grundschulen;Solingen;Stadt Solingen;2;2,0;26056;404;30;10,8
184846;Wrselen, GG Friedrichstr.;Grundschulen;Wrselen;Stdteregion Aachen;6;6,0;26056;404;30;12,49
184858;Kln, Gym Heinrich-Heine-Gymnasium;Gymnasien;Kln;Stadt Kln;4;4,0;26019;395;34;11,23
184860;Bochum, GG Waldschule;Grundschulen;Bochum;Stadt Bochum;7;7,0;26056;404;30;13,27
184883;Bielefeld, GE Laborschule d. Landes NRW;Gesamtschulen;Bielefeld;Stadt Bielefeld;3;3,0;25995;407;35;9,78
184895;Bonn, GG Om Berg;Grundschulen;Bonn;Stadt Bonn;4;4,0;26056;404;30;11,23
184913;Kln, GE Lise-Meitner-Gesamtschule;Gesamtschulen;Kln;Stadt Kln;7;7,0;25995;407;35;10,36
184925;Meerbusch, GG Theodor-Fliedner-Schule;Grundschulen;Meerbusch;Rhein-Kreis Neuss;2;2,0;27956;455;43;12,7
184937;Kln, GE Willy-Brandt-Gesamtschule;Gesamtschulen;Kln;Stadt Kln;6;6,0;25995;407;35;10,36
184949;Kaarst, GG Stakerseite;Grundschulen;Kaarst;Rhein-Kreis Neuss;5;5,0;27956;455;43;14,32
184950;Hilden, GG (Verb.) Im Kalstert;Grundschulen;Hilden;Kreis Mettmann;3;3,0;28195;487;11;12,53
184974;Mnster, GG Kinderhaus-West;Grundschulen;Mnster;Stadt Mnster;8;8,0;26056;404;30;12,49
184986;Recklinghausen, GG Im Hinsberg;Grundschulen;Recklinghausen;Kreis Recklinghausen;8;8,0;23341;616;22;13,2
185000;Ldenscheid, GG Parkstraáe;Grundschulen;Ldenscheid;Mrkischen Kreis;3;3,0;26056;404;30;12,49
185012;Wuppertal, GG Haarhausen;Grundschulen;Wuppertal;Stadt Wuppertal;6;6,0;26056;404;30;12,15
185024;Bergheim, GG Gudrun Pausewang;Grundschulen;Bergheim;Rhein-Erft-Kreis;7;7,0;25647;475;20;12,69
185048;Arnsberg, GG Mggenberg/Rusch;Grundschulen;Arnsberg;Hochsauerlandkreis;4;4,0;27635;260;34;12,49
185176;Kln, GE Europaschule Zollstock;Gesamtschulen;Kln;Stadt Kln;5;5,0;25995;407;35;10,36
185188;Herten, GE Rosa-Parks-Schule;Gesamtschulen;Herten;Kreis Recklinghausen;8;8,0;23341;616;22;10,05
185190;Marl, GE Willy-Brandt;Gesamtschulen;Marl;Kreis Recklinghausen;6;6,0;23341;616;22;10,63
185218;Wuppertal, RS Max-Planck-Realschule;Realschulen;Wuppertal;Stadt Wuppertal;8;8,0;25819;385;30;13,79
185220;Mnster, RS Wolbeck;Realschulen;Mnster;Stadt Mnster;4;4,0;25819;385;30;12,92
185231;Mlheim an der Ruhr,GG am Krhenbschken;Grundschulen;Mlheim a.d.Ruhr;Stadt Mlheim a.d.Ruhr;2;2,0;26056;404;30;12,49
185243;Duisburg, GG (Verb.) Im Reimel;Grundschulen;Duisburg;Stadt Duisburg;2;2,0;26056;404;30;13,3
185255;Kln, Gym Heinrich-Mann-Gymnasium;Gymnasien;Kln;Stadt Kln;5;5,0;26019;395;34;11,23
185267;Duisburg, GE Sd;Gesamtschulen;Duisburg;Stadt Duisburg;3;3,0;25995;407;35;10,79
185279;Hagen, GG Boloh;Grundschulen;Hagen;Stadt Hagen;5;5,0;26056;404;30;12,25
185310;Bonn, GE Beuel;Gesamtschulen;Bonn;Stadt Bonn;3;3,0;25995;407;35;9,1
185322;Mlheim an der Ruhr, Gym Heiáen;Gymnasien;Mlheim a.d.Ruhr;Stadt Mlheim a.d.Ruhr;2;2,0;26019;395;34;11,23
185346;Telgte, GG Don-Bosco-Schule;Grundschulen;Telgte;Kreis Warendorf;1;1,0;27091;280;45;12,13
185360;Wegberg, Gym Maximilian-Kolbe;Gymnasien;Wegberg;Kreis Heinsberg;1;1,0;23751;260;21;10,82
185413;Kln, GG Merianstr. I;Grundschulen;Kln;Stadt Kln;9;9,0;26056;404;30;12,49
185425;Kln, GG Soldiner Straáe;Grundschulen;Kln;Stadt Kln;6;6,0;26056;404;30;12,49
185437;Kln, Gym Kln-Pesch;Gymnasien;Kln;Stadt Kln;2;2,0;26019;395;34;11,23
185449;Wuppertal, GG Kllenhahn;Grundschulen;Wuppertal;Stadt Wuppertal;3;3,0;26056;404;30;12,15
185450;Wuppertal, GG Birkenhhe;Grundschulen;Wuppertal;Stadt Wuppertal;3;3,0;26056;404;30;12,15
185462;Senden, GG Bsensell;Grundschulen;Senden;Kreis Coesfeld;1;1,0;27654;223;39;11,31
185486;Voerde, GG Erich Kstner Schule;Grundschulen;Voerde (Niederrhein);Kreis Wesel;4;4,0;25299;463;33;13,0
185528;Bergheim, GG Astrid-Lindgren;Grundschulen;Bergheim;Rhein-Erft-Kreis;9;9,0;25647;475;20;12,69
185541;Halle, GG Lindenschule;Grundschulen;Halle (Westf.);Kreis Gtersloh;3;3,0;26056;404;30;10,06
185553;Gelsenkirchen, GG Drmannsweg;Grundschulen;Gelsenkirchen;Stadt Gelsenkirchen;9;9,0;26056;404;30;14,21
185607;Korschenbroich, Gym Don-Bosco-Str.;Gymnasien;Korschenbroich;Rhein-Kreis Neuss;1;1,0;27956;455;43;11,88
185619;Rhede, KG Piusschule;Sonstige;Rhede;Kreis Borken;1;1,0;26582;376;53;11,85
185681;Bonn, GG Medinghoven;Grundschulen;Bonn;Stadt Bonn;9;9,0;26056;404;30;11,23
185711;Bnde, RS Mitte;Realschulen;Bnde;Kreis Herford;3;3,0;26420;252;11;12,92
185747;Ibbenbren, GG Mauritiusschule;Grundschulen;Ibbenbren;Kreis Steinfurt;5;5,0;25795;453;45;12,49
185759;Ibbenbren, GG Ludwig;Grundschulen;Ibbenbren;Kreis Steinfurt;5;5,0;25795;453;45;12,49
185760;Kerpen, GG Mhlenfeld;Grundschulen;Kerpen;Rhein-Erft-Kreis;5;5,0;25647;475;20;14,02
185772;Wuppertal, GE Erich-Fried-Gesamtschule;Gesamtschulen;Wuppertal;Stadt Wuppertal;3;3,0;25995;407;35;10,19
185802;Meckenheim, RS Theodor-Heuss-Schule;Realschulen;Meckenheim;Rhein-Sieg-Kreis;3;3,0;27167;605;50;12,56
185814;Hagen, GG Geweke;Grundschulen;Hagen;Stadt Hagen;6;6,0;26056;404;30;12,25
185851;Ldenscheid, GH Stadtpark;Hauptschulen;Ldenscheid;Mrkischen Kreis;8;8,0;25804;388;32;8,18
185863;Herdecke, RS Am Bleichstein;Realschulen;Herdecke;Ennepe-Ruhr-Kreis;3;3,0;27150;324;6;12,57
185875;Ahaus, RS Anne-Frank-Schule;Realschulen;Ahaus;Kreis Borken;2;2,0;26582;376;53;11,8
185929;Dorsten, GG an der Talaue;Grundschulen;Dorsten;Kreis Recklinghausen;5;5,0;23341;616;22;12,66
186004;Verl, Gym St.-Anna-Straáe;Gymnasien;Verl;Kreis Gtersloh;1;1,0;26019;395;34;11,22
186016;Ratingen, Gym Dietrich-Bonhoeffer;Gymnasien;Ratingen;Kreis Mettmann;4;4,0;28195;487;11;11,34
186090;Meckenheim, GG Merl;Grundschulen;Meckenheim;Rhein-Sieg-Kreis;6;6,0;27167;605;50;11,83
186107;Hamm, GG Gebrder-Grimm-Schule;Grundschulen;Hamm;Stadt Hamm;3;3,0;26056;404;30;11,98
186119;Lnen, GG Auf dem Kelm;Grundschulen;Lnen;Kreis Unna;6;6,0;24163;396;10;12,49
186120;Herford, GG Obering;Grundschulen;Herford;Kreis Herford;7;7,0;26420;252;11;11,64
186259;Mnchengladbach, GG Montessori;Grundschulen;Mnchengladbach;Stadt Mnchengladbach;4;4,0;26056;404;30;12,49
186284;Duisburg, GG Astrid-Lindgren-Schule;Grundschulen;Duisburg;Stadt Duisburg;4;4,0;26056;404;30;13,3
186375;Leopoldshhe, GE Felix-Fechenbach;Gesamtschulen;Leopoldshhe;Kreis Lippe;1;1,0;24993;348;32;10,36
186430;Paderborn, RS In der Sdstadt;Realschulen;Paderborn;Kreis Paderborn;6;6,0;25097;312;27;12,93
186442;Bad Oeynhausen, RS Schulzentrum Sd;Realschulen;Bad Oeynhausen;Kreis Minden-Lbbecke;2;2,0;25819;385;30;13,19
186508;Schwerte, GG Albert-Schweitzer-Schule;Grundschulen;Schwerte;Kreis Unna;4;4,0;24163;396;10;11,48
186545;Recklinghausen, GG (Verb) Gebrder-Grimm;Grundschulen;Recklinghausen;Kreis Recklinghausen;5;5,0;23341;616;22;13,2
186557;Gevelsberg, GG Vogelsang;Grundschulen;Gevelsberg;Ennepe-Ruhr-Kreis;8;8,0;27150;324;6;12,45
186612;Ratingen, GG Astrid-Lindgren-Schule;Grundschulen;Ratingen;Kreis Mettmann;8;8,0;28195;487;11;10,68
186636;Kln, GG Maria-Montessori;Grundschulen;Kln;Stadt Kln;5;5,0;26056;404;30;12,49
186685;Herne, GG Schillerschule;Grundschulen;Herne;Stadt Herne;5;5,0;26056;404;30;13,48
186740;Herne, GE Wanne-Eickel;Gesamtschulen;Herne;Stadt Herne;9;9,0;25995;407;35;9,85
186831;Porta Westfalica, Gym Hoppenstr.;Gymnasien;Porta Westfalica;Kreis Minden-Lbbecke;1;1,0;26019;395;34;12,67
186909;Paderborn, GG Comeniusschule Elsen;Grundschulen;Paderborn;Kreis Paderborn;3;3,0;25097;312;27;11,57
186960;Ratingen, RS Kthe-Kollwitz-Schule;Realschulen;Ratingen;Kreis Mettmann;5;5,0;28195;487;11;13,5
187008;Gladbeck, RS Erich-Kstner;Realschulen;Gladbeck;Kreis Recklinghausen;5;5,0;23341;616;22;13,93
187010;Ahlen, GG Don-Bosco-Schule;Grundschulen;Ahlen;Kreis Warendorf;2;2,0;27091;280;45;12,65
187021;Niederkassel, RS Alfred-Delp;Realschulen;Niederkassel;Rhein-Sieg-Kreis;3;3,0;27167;605;50;11,62
187070;Remscheid, GH Hackenberg;Hauptschulen;Remscheid;Stadt Remscheid;6;6,0;25804;388;32;8,6
187215;Oer-Erkenschwick, Gym Willy-Brandt;Gymnasien;Oer-Erkenschwick;Kreis Recklinghausen;2;2,0;23341;616;22;10,0
187288;Unna, RS Hellweg;Realschulen;Unna;Kreis Unna;2;2,0;24163;396;10;13,74
187306;Sankt Augustin, RS Niederpleis;Realschulen;Sankt Augustin;Rhein-Sieg-Kreis;3;3,0;27167;605;50;10,33
187343;Unna, GG Liedbachschule;Grundschulen;Unna;Kreis Unna;1;1,0;24163;396;10;12,21
187367;bach-Palenberg, RS Comeniusstr.;Realschulen;bach-Palenberg;Kreis Heinsberg;2;2,0;23751;260;21;12,92
187598;Ldenscheid, GG Tinsberger;Grundschulen;Ldenscheid;Mrkischen Kreis;9;9,0;26056;404;30;12,49
187744;Heimbach, GG Schnblick;Grundschulen;Heimbach;Kreis Dren;3;3,0;26056;404;30;18,5
187770;Essen, GE Gustav-Heinemann-Gesamtschule;Gesamtschulen;Essen;Stadt Essen;8;8,0;25995;407;35;10,02
187781;Oberhausen, GE Heinrich-Bll;Gesamtschulen;Oberhausen;Stadt Oberhausen;4;4,0;25995;407;35;10,73
187793;Duisburg, GE Gottfried-Wilhelm-Leibniz;Gesamtschulen;Duisburg;Stadt Duisburg;5;5,0;25995;407;35;10,79
187811;Hllhorst, GG (Verb.) Am Wiehengebirge;Grundschulen;Hllhorst;Kreis Minden-Lbbecke;3;3,0;26056;404;30;12,49
187902;Kln, GE Max-Ernst-Gesamtschule;Gesamtschulen;Kln;Stadt Kln;5;5,0;25995;407;35;10,36
188098;Gelsenkirchen, GE Ueckendorf;Gesamtschulen;Gelsenkirchen;Stadt Gelsenkirchen;9;9,0;25995;407;35;9,67
188128;Bielefeld, GE Friedrich Wilhelm Murnau;Gesamtschulen;Bielefeld;Stadt Bielefeld;7;7,0;25995;407;35;9,78
188130;Sankt Augustin, GG am Pleiser Wald;Grundschulen;Sankt Augustin;Rhein-Sieg-Kreis;3;3,0;27167;605;50;11,81
188141;Witten, GE Holzkamp;Gesamtschulen;Witten;Ennepe-Ruhr-Kreis;4;4,0;27150;324;6;9,98
188153;Witten, GE Hardenstein;Gesamtschulen;Witten;Ennepe-Ruhr-Kreis;3;3,0;27150;324;6;9,98
188165;Kln, GE Katharina-Henoth-Schule;Gesamtschulen;Kln;Stadt Kln;9;9,0;25995;407;35;10,36
188177;Duisburg, GE Heinrich-Heine-Schule;Gesamtschulen;Duisburg;Stadt Duisburg;6;6,0;25995;407;35;10,79
188189;Mlheim an der Ruhr, GE Saarn;Gesamtschulen;Mlheim a.d.Ruhr;Stadt Mlheim a.d.Ruhr;7;7,0;25995;407;35;10,36
188190;Castrop-Rauxel, GE Willy-Brandt;Gesamtschulen;Castrop-Rauxel;Kreis Recklinghausen;6;6,0;23341;616;22;11,62
188207;Dortmund, GE Heinrich-Bll;Gesamtschulen;Dortmund;Stadt Dortmund;6;6,0;25995;407;35;10,08
188219;Dortmund, GE Geschwister-Scholl;Gesamtschulen;Dortmund;Stadt Dortmund;4;4,0;25995;407;35;10,08
188220;Dortmund, GE Anne-Frank-Schule;Gesamtschulen;Dortmund;Stadt Dortmund;9;9,0;25995;407;35;10,08
188232;Dsseldorf, GE Heinrich-Heine-Gesamtsch.;Gesamtschulen;Dsseldorf;Stadt Dsseldorf;7;7,0;25995;407;35;10,36
188268;Aachen, GG Montessori-Schule;Grundschulen;Aachen;Stdteregion Aachen;8;8,0;26056;404;30;12,49
188293;Monheim, GE Peter-Ustinov;Gesamtschulen;Monheim am Rhein;Kreis Mettmann;4;4,0;28195;487;11;11,48
188300;Solingen, GE Alexander-Coppel;Gesamtschulen;Solingen;Stadt Solingen;6;6,0;25995;407;35;9,85
188311;Bochum, GE Heinrich-Bll-Schule;Gesamtschulen;Bochum;Stadt Bochum;5;5,0;25995;407;35;9,53
188499;Duisburg, GE Mitte;Gesamtschulen;Duisburg;Stadt Duisburg;5;5,0;25995;407;35;10,79
188517;Lnen, GE Geschwister-Scholl-Schule;Gesamtschulen;Lnen;Kreis Unna;4;4,0;24163;396;10;10,36
188554;Mnster, GH Wolbeck;Hauptschulen;Mnster;Stadt Mnster;7;7,0;25804;388;32;8,18
188578;Soest, GG Georgschule;Grundschulen;Soest;Kreis Soest;2;2,0;25849;304;39;13,09
188669;Wuppertal, GE Else Lasker-Schler;Gesamtschulen;Wuppertal;Stadt Wuppertal;8;8,0;25995;407;35;10,19
188700;Dortmund, GE Gartenstadt;Gesamtschulen;Dortmund;Stadt Dortmund;8;8,0;25995;407;35;10,08
188712;Moers, GE Geschwister-Scholl;Gesamtschulen;Moers;Kreis Wesel;6;6,0;25299;463;33;10,7
188736;Gelsenkirchen, GE Horst;Gesamtschulen;Gelsenkirchen;Stadt Gelsenkirchen;8;8,0;25995;407;35;9,67
188748;Herne, GE Mont-Cenis;Gesamtschulen;Herne;Stadt Herne;7;7,0;25995;407;35;9,85
188803;Recklinghausen, GE Kthe-Kollwitz;Gesamtschulen;Recklinghausen;Kreis Recklinghausen;8;8,0;23341;616;22;9,97
188827;Dortmund, GE Gustav-Heinemann;Gesamtschulen;Dortmund;Stadt Dortmund;8;8,0;25995;407;35;10,08
188839;Gtersloh, GE Anne-Frank-Schule;Gesamtschulen;Gtersloh;Kreis Gtersloh;6;6,0;25995;407;35;10,36
188864;Aachen, GG Gut Kullen;Grundschulen;Aachen;Stdteregion Aachen;4;4,0;26056;404;30;12,49
188876;Marl, GE Martin-Luther-King;Gesamtschulen;Marl;Kreis Recklinghausen;6;6,0;23341;616;22;10,63
188888;Dinslaken, GE Ernst-Barlach;Gesamtschulen;Dinslaken;Kreis Wesel;4;4,0;25299;463;33;9,46
188890;Solingen, GE Geschwister-Scholl-Schule;Gesamtschulen;Solingen;Stadt Solingen;5;5,0;25995;407;35;9,85
189017;Bottrop, GE Janusz-Korczak;Gesamtschulen;Bottrop;Stadt Bottrop;8;8,0;25995;407;35;9,7
189066;Wuppertal, GE Pina-Bausch;Gesamtschulen;Wuppertal;Stadt Wuppertal;4;4,0;25995;407;35;10,19
189078;Mlheim an der Ruhr, GE Willy-Brandt;Gesamtschulen;Mlheim a.d.Ruhr;Stadt Mlheim a.d.Ruhr;8;8,0;25995;407;35;10,36
189080;Essen, GE Frida-Levy-Gesamtschule;Gesamtschulen;Essen;Stadt Essen;9;9,0;25995;407;35;10,02
189108;Detmold, GE Geschwister-Scholl;Gesamtschulen;Detmold;Kreis Lippe;5;5,0;24993;348;32;10,22
189110;Aachen, GE Heinrich-Heine-Schule;Gesamtschulen;Aachen;Stdteregion Aachen;6;6,0;25995;407;35;10,36
189121;Minden, GE Kurt-Tucholsky;Gesamtschulen;Minden;Kreis Minden-Lbbecke;8;8,0;25995;407;35;11,37
189133;Unna, GE Peter-Weiss;Gesamtschulen;Unna;Kreis Unna;4;4,0;24163;396;10;9,9
189145;Mnchengladbach, GE Espenstraáe;Gesamtschulen;Mnchengladbach;Stadt Mnchengladbach;9;9,0;25995;407;35;10,36
189169;Kln, GG Zwirnerstraáe;Grundschulen;Kln;Stadt Kln;3;3,0;26056;404;30;12,49
189170;Hagen, GE Haspe;Gesamtschulen;Hagen;Stadt Hagen;6;6,0;25995;407;35;10,4
189194;Tnisvorst, Gym Michael-Ende-Gymnasium;Gymnasien;Tnisvorst;Kreis Viersen;2;2,0;26473;300;54;11,23
189250;Hamm, GE Friedens;Gesamtschulen;Hamm;Stadt Hamm;5;5,0;25995;407;35;9,8
189261;Duisburg, GE Meiderich;Gesamtschulen;Duisburg;Stadt Duisburg;9;9,0;25995;407;35;10,79
189273;Krefeld, GE Kaiserplatz;Gesamtschulen;Krefeld;Stadt Krefeld;8;8,0;25995;407;35;10,95
189285;Remscheid, GE Albert-Einstein-Schule;Gesamtschulen;Remscheid;Stadt Remscheid;8;8,0;25995;407;35;10,51
189297;Velbert, GE Mitte;Gesamtschulen;Velbert;Kreis Mettmann;6;6,0;28195;487;11;10,05
189303;Wesel, GE Am Lauerhaas;Gesamtschulen;Wesel;Kreis Wesel;4;4,0;25299;463;33;10,54
189315;Hiddenhausen, GE Olof-Palme;Gesamtschulen;Hiddenhausen;Kreis Herford;2;2,0;26420;252;11;9,29
189339;Herne, GE Erich-Fried;Gesamtschulen;Herne;Stadt Herne;6;6,0;25995;407;35;9,85
189390;Langerwehe, GE Josef-Schwarz-Straáe;Gesamtschulen;Langerwehe;Kreis Dren;2;2,0;25995;407;35;11,8
189406;Leverkusen, GE Schlebusch;Gesamtschulen;Leverkusen;Stadt Leverkusen;4;4,0;25995;407;35;10,0
189480;Dormagen, GE Bertha-von-Suttner;Gesamtschulen;Dormagen;Rhein-Kreis Neuss;2;2,0;27956;455;43;11,33
189509;Herford, GE Salzufler Str.;Gesamtschulen;Herford;Kreis Herford;7;7,0;26420;252;11;10,17
189522;Dren, GE Heinrich-Bll;Gesamtschulen;Dren;Kreis Dren;8;8,0;25995;407;35;10,36
189534;Paderborn, GG Auf der Lieth;Grundschulen;Paderborn;Kreis Paderborn;5;5,0;25097;312;27;11,57
189558;Sprockhvel, GE Wilhelm-Kraft;Gesamtschulen;Sprockhvel;Ennepe-Ruhr-Kreis;4;4,0;27150;324;6;10,36
189560;Ldenscheid, GE Adolf-Reichwein;Gesamtschulen;Ldenscheid;Mrkischen Kreis;7;7,0;25995;407;35;10,36
189571;Iserlohn, GE Iserlohn;Gesamtschulen;Iserlohn;Mrkischen Kreis;5;5,0;25995;407;35;10,05
189583;Duisburg, GE Walsum;Gesamtschulen;Duisburg;Stadt Duisburg;5;5,0;25995;407;35;10,79
189595;Duisburg, GE Erich Kstner;Gesamtschulen;Duisburg;Stadt Duisburg;8;8,0;25995;407;35;10,79
189601;Ratingen, GE Martin-Luther-King;Gesamtschulen;Ratingen;Kreis Mettmann;6;6,0;28195;487;11;10,76
189637;Gtersloh, GG Nordhorn;Grundschulen;Gtersloh;Kreis Gtersloh;4;4,0;26056;404;30;12,49
189686;Waldbrl, GE Hhenweg;Gesamtschulen;Waldbrl;Oberbergischen Kreis;2;2,0;25995;407;35;10,36
189698;Gummersbach, GE Derschlag;Gesamtschulen;Gummersbach;Oberbergischen Kreis;5;5,0;25995;407;35;10,0
189730;Gelsenkirchen, GE Buer-Mitte;Gesamtschulen;Gelsenkirchen;Stadt Gelsenkirchen;6;6,0;25995;407;35;9,67
189807;Hamm, GE Sophie-Scholl-Schule;Gesamtschulen;Hamm;Stadt Hamm;5;5,0;25995;407;35;9,8
189819;Dsseldorf, GE Hulda-Pankok-Schule;Gesamtschulen;Dsseldorf;Stadt Dsseldorf;4;4,0;25995;407;35;10,36
189820;Essen, GE Erich-Kstner-Schule;Gesamtschulen;Essen;Stadt Essen;8;8,0;25995;407;35;10,02
189832;Mnchengladbach, GE Volksgarten;Gesamtschulen;Mnchengladbach;Stadt Mnchengladbach;8;8,0;25995;407;35;10,36
189844;Oberhausen, GE Fasia-Jansen-Gesamtschule;Gesamtschulen;Oberhausen;Stadt Oberhausen;9;9,0;25995;407;35;10,73
189856;Wuppertal, GE Langerfeld;Gesamtschulen;Wuppertal;Stadt Wuppertal;7;7,0;25995;407;35;10,19
189868;Neuss, GE Janusz-Korczak;Gesamtschulen;Neuss;Rhein-Kreis Neuss;5;5,0;27956;455;43;11,14
189870;Moers, GE Anne-Frank;Gesamtschulen;Moers;Kreis Wesel;5;5,0;25299;463;33;10,7
189881;Kempen, GG Regenbogenschule;Grundschulen;Kempen;Kreis Viersen;2;2,0;26473;300;54;13,42
189911;Saerbeck, GE Maximilian-Kolbe;Gesamtschulen;Saerbeck;Kreis Steinfurt;2;2,0;25795;453;45;8,57
189923;Ahlen, GE Fritz-Winter-Gesamtschule;Gesamtschulen;Ahlen;Kreis Warendorf;5;5,0;27091;280;45;9,78
189935;Bochum, GE Willy-Brandt;Gesamtschulen;Bochum;Stadt Bochum;7;7,0;25995;407;35;9,53
189947;Bochum, GE Maria Sibylla Merian Schule;Gesamtschulen;Bochum;Stadt Bochum;6;6,0;25995;407;35;9,53
189959;Dren, GE Anne-Frank;Gesamtschulen;Dren;Kreis Dren;5;5,0;25995;407;35;10,36
189960;Dortmund, GE Brnninghausen;Gesamtschulen;Dortmund;Stadt Dortmund;3;3,0;25995;407;35;10,08
189984;Hagen, GE Eilpe;Gesamtschulen;Hagen;Stadt Hagen;5;5,0;25995;407;35;10,4
189996;Bielefeld, GE GesamtSchule Quelle;Gesamtschulen;Bielefeld;Stadt Bielefeld;3;3,0;25995;407;35;9,78
190007;Hattingen, GE Marxstr.;Gesamtschulen;Hattingen;Ennepe-Ruhr-Kreis;3;3,0;27150;324;6;12,11
190019;Siegen, GE Bertha-v.-Suttner-Gesamtschul;Gesamtschulen;Siegen;Kreis Siegen-Wittgenstein;5;5,0;26737;276;9;9,31
190020;Krefeld, GE Robert-Jungk-Gesamtschule;Gesamtschulen;Krefeld;Stadt Krefeld;4;4,0;25995;407;35;10,95
190032;Bergkamen, GE Willy-Brandt-Gesamtschule;Gesamtschulen;Bergkamen;Kreis Unna;5;5,0;24163;396;10;9,38
190070;Eschweiler, GE Waldschule;Gesamtschulen;Eschweiler;Stdteregion Aachen;5;5,0;25995;407;35;10,36
190081;Hllhorst, GE Osterstraáe;Gesamtschulen;Hllhorst;Kreis Minden-Lbbecke;1;1,0;25995;407;35;10,36
190093;Troisdorf, GE Europaschule Troisdorf;Gesamtschulen;Troisdorf;Rhein-Sieg-Kreis;4;4,0;27167;605;50;10,71
190100;Kln, GG Irisweg;Grundschulen;Kln;Stadt Kln;5;5,0;26056;404;30;12,49
190111;Wiehl, GG Oberwiehl;Grundschulen;Wiehl;Oberbergischen Kreis;2;2,0;26056;404;30;14,06
190160;Bochum, GG Astrid-Lindgren;Grundschulen;Bochum;Stadt Bochum;1;1,0;26056;404;30;13,27
190238;Bornheim, GE Europaschule;Gesamtschulen;Bornheim;Rhein-Sieg-Kreis;2;2,0;27167;605;50;9,69
190240;Aachen, GG Montessori Grundschule;Grundschulen;Aachen;Stdteregion Aachen;6;6,0;26056;404;30;12,49
190251;Alsdorf, GE Gustav-Heinemann-Schule;Gesamtschulen;Alsdorf;Stdteregion Aachen;5;5,0;25995;407;35;10,36
190263;Bnde, GE Erich Kstner-Gesamtschule;Gesamtschulen;Bnde;Kreis Herford;3;3,0;26420;252;11;10,36
190275;Selm, Gym Campus;Gymnasien;Selm;Kreis Unna;3;3,0;24163;396;10;11,27
190287;Lhne, GE Bertolt-Brecht;Gesamtschulen;Lhne;Kreis Herford;4;4,0;26420;252;11;10,36
190299;Kln, GG Mngersdorf;Grundschulen;Kln;Stadt Kln;2;2,0;26056;404;30;12,49
190317;Schermbeck, GE Schloástr.;Gesamtschulen;Schermbeck;Kreis Wesel;2;2,0;25299;463;33;10,76
190330;Spenge, GE Regenbogen;Gesamtschulen;Spenge;Kreis Herford;3;3,0;26420;252;11;10,56
190354;Hille, GE (Gym) Von Oeynhausen Straáe;Gymnasien;Hille;Kreis Minden-Lbbecke;1;1,0;26019;395;34;11,23
190378;Rdinghausen, GE An der Stertwelle;Gesamtschulen;Rdinghausen;Kreis Herford;2;2,0;26420;252;11;10,36
190391;Overath, GG Vilkerath;Grundschulen;Overath;Rheinisch-Bergischen Kreis;4;4,0;26056;404;30;10,43
190410;Rheine, GE Euregio-Schule;Gesamtschulen;Rheine;Kreis Steinfurt;4;4,0;25795;453;45;10,63
190470;Siegburg, GG (Verb.) Hans-Alfred-Keller;Grundschulen;Siegburg;Rhein-Sieg-Kreis;5;5,0;27167;605;50;11,43
190482;Korschenbroich, RS Dionysiusstr.;Realschulen;Korschenbroich;Rhein-Kreis Neuss;2;2,0;27956;455;43;14,0
190524;Recklinghausen, GE Wolfgang-Borchert;Gesamtschulen;Recklinghausen;Kreis Recklinghausen;7;7,0;23341;616;22;9,97
190615;Netphen, Gym Haardtstraáe;Gymnasien;Netphen;Kreis Siegen-Wittgenstein;1;1,0;26737;276;9;10,29
190639;Wilnsdorf, Gym Hoheroth;Gymnasien;Wilnsdorf;Kreis Siegen-Wittgenstein;1;1,0;26737;276;9;12,08
190652;Nordwalde, GE Kardinal-von-Galen;Gesamtschulen;Nordwalde;Kreis Steinfurt;3;3,0;25795;453;45;9,19
190664;Wassenberg, GE Betty-Reis;Gesamtschulen;Wassenberg;Kreis Heinsberg;3;3,0;23751;260;21;12,15
190676;Werdohl, GE Albert-Einstein;Gesamtschulen;Werdohl;Mrkischen Kreis;4;4,0;25995;407;35;10,07
190688;Aachen, GE Brand;Gesamtschulen;Aachen;Stdteregion Aachen;5;5,0;25995;407;35;10,36
190706;Marienheide, GE Pestalozzistr.;Gesamtschulen;Marienheide;Oberbergischen Kreis;2;2,0;25995;407;35;9,17
190718;Brggen, GE Brggen;Gesamtschulen;Brggen;Kreis Viersen;2;2,0;26473;300;54;10,36
190720;Meerbusch, GE Maria-Montessori;Gesamtschulen;Meerbusch;Rhein-Kreis Neuss;3;3,0;27956;455;43;10,65
190731;Altena, GG (Verb.) Altena;Grundschulen;Altena;Mrkischen Kreis;4;4,0;26056;404;30;12,5
190743;Havixbeck, GE Anne Frank;Gesamtschulen;Havixbeck;Kreis Coesfeld;2;2,0;27654;223;39;11,44
190780;Siegburg, GG Adolf-Kolping-Schule;Grundschulen;Siegburg;Rhein-Sieg-Kreis;4;4,0;27167;605;50;11,43
190809;Paderborn, GE Elsen;Gesamtschulen;Paderborn;Kreis Paderborn;4;4,0;25097;312;27;9,21
190810;Nottuln, Gym Rupert-Neudeck;Gymnasien;Nottuln;Kreis Coesfeld;2;2,0;27654;223;39;9,6
190846;Bottrop, GE Willy-Brandt;Gesamtschulen;Bottrop;Stadt Bottrop;5;5,0;25995;407;35;9,7
190860;Bielefeld, GG Labor;Grundschulen;Bielefeld;Stadt Bielefeld;2;2,0;26056;404;30;11,19
190871;Viersen, GE Anne-Frank-Schule;Gesamtschulen;Viersen;Kreis Viersen;4;4,0;26473;300;54;10,72
190895;Essen, GE Nord;Gesamtschulen;Essen;Stadt Essen;9;9,0;25995;407;35;10,02
190913;Solingen, GE Friedrich-Albert-Lange;Gesamtschulen;Solingen;Stadt Solingen;2;2,0;25995;407;35;9,85
190949;Krten, GE Olpener Straáe;Gesamtschulen;Krten;Rheinisch-Bergischen Kreis;2;2,0;25995;407;35;10,36
190974;Bergisch Gladbach, GG Bensberg;Grundschulen;Bergisch Gladbach;Rheinisch-Bergischen Kreis;4;4,0;26056;404;30;11,19
190986;Lnen, GE Kthe-Kollwitz;Gesamtschulen;Lnen;Kreis Unna;5;5,0;24163;396;10;10,36
190998;Mnchengladbach, GE Hardt;Gesamtschulen;Mnchengladbach;Stadt Mnchengladbach;3;3,0;25995;407;35;10,36
191000;Langenfeld, GE Bettine-von-Arnim;Gesamtschulen;Langenfeld (Rhld.);Kreis Mettmann;4;4,0;28195;487;11;9,72
191012;Remscheid, GE Sophie-Scholl;Gesamtschulen;Remscheid;Stadt Remscheid;3;3,0;25995;407;35;10,51
191024;Krefeld, GE Kurt-Tucholsky;Gesamtschulen;Krefeld;Stadt Krefeld;9;9,0;25995;407;35;10,95
191036;Siegen, GE Eiserfeld;Gesamtschulen;Siegen;Kreis Siegen-Wittgenstein;3;3,0;26737;276;9;9,31
191085;Bren, KG Steinhausen;Sonstige;Bren;Kreis Paderborn;2;2,0;25097;312;27;11,85
191139;Dinslaken, Gym Gustav-Heinemann;Gymnasien;Dinslaken;Kreis Wesel;2;2,0;25299;463;33;13,09
191140;Lohmar, Gym Donrather Dreieck;Gymnasien;Lohmar;Rhein-Sieg-Kreis;2;2,0;27167;605;50;12,0
191188;Geilenkirchen, GE Anita-Lichtenstein;Gesamtschulen;Geilenkirchen;Kreis Heinsberg;3;3,0;23751;260;21;10,44
191190;Schwerte, GE Gnsewinkel;Gesamtschulen;Schwerte;Kreis Unna;3;3,0;24163;396;10;10,7
191206;Dinslaken, GG Hhnerheide;Grundschulen;Dinslaken;Kreis Wesel;2;2,0;25299;463;33;11,83
191218;Selm, GG Overbergschule;Grundschulen;Selm;Kreis Unna;4;4,0;24163;396;10;12,87
191231;Unna, GE Werner-von-Siemens;Gesamtschulen;Unna;Kreis Unna;4;4,0;24163;396;10;9,9
191243;bach-Palenberg, GE Willy-Brandt;Gesamtschulen;bach-Palenberg;Kreis Heinsberg;3;3,0;23751;260;21;10,36
191267;Bonn, GG Till-Eulenspiegel-Schule;Grundschulen;Bonn;Stadt Bonn;4;4,0;26056;404;30;11,23
191310;Olfen, GE Wolfhelmschule Olfen-Datteln;Gesamtschulen;Olfen;Kreis Coesfeld;3;3,0;27654;223;39;11,9
191322;Waltrop, GE Brockenscheidter Str.;Gesamtschulen;Waltrop;Kreis Recklinghausen;4;4,0;23341;616;22;9,58
191334;Essen, GE Borbeck;Gesamtschulen;Essen;Stadt Essen;5;5,0;25995;407;35;10,02
191358;Senden, Gym Joseph-Haydn;Gymnasien;Senden;Kreis Coesfeld;1;1,0;27654;223;39;10,42
191383;Herzogenrath, GE Europaschule;Gesamtschulen;Herzogenrath;Stdteregion Aachen;4;4,0;25995;407;35;10,36
191395;Duisburg, GE Theodor-Knig;Gesamtschulen;Duisburg;Stadt Duisburg;8;8,0;25995;407;35;10,79
191401;Bonn, GE Elisabeth-Selbert-Gesamtschule;Gesamtschulen;Bonn;Stadt Bonn;7;7,0;25995;407;35;9,1
191425;Recklinghausen, Gym Freiherr-vom-Stein;Gymnasien;Recklinghausen;Kreis Recklinghausen;4;4,0;23341;616;22;10,93
191449;Hckeswagen, GG Wiehagen;Grundschulen;Hckeswagen;Oberbergischen Kreis;4;4,0;26056;404;30;12,49
191474;Duisburg, GE Emschertal;Gesamtschulen;Duisburg;Stadt Duisburg;6;6,0;25995;407;35;10,79
191486;Neuss, GE an der Erft;Gesamtschulen;Neuss;Rhein-Kreis Neuss;4;4,0;27956;455;43;11,14
191504;Grevenbroich,GE Kthe-Kollwitz-Gesamtsch;Gesamtschulen;Grevenbroich;Rhein-Kreis Neuss;4;4,0;27956;455;43;11,22
191553;Kamp-Lintfort, GE UNESCO-Schule;Gesamtschulen;Kamp-Lintfort;Kreis Wesel;3;3,0;25299;463;33;10,64
191589;Harsewinkel, Gym Dechant-Budde-Weg;Gymnasien;Harsewinkel;Kreis Gtersloh;2;2,0;26019;395;34;11,62
191590;Bonn, GG Brser Berg;Grundschulen;Bonn;Stadt Bonn;5;5,0;26056;404;30;11,23
191644;Willich, GE Robert-Schuman;Gesamtschulen;Willich;Kreis Viersen;2;2,0;26473;300;54;10,89
191668;Nettetal, GE Von-Waldois-Str.;Gesamtschulen;Nettetal;Kreis Viersen;2;2,0;26473;300;54;10,59
191693;Nmbrecht, Gym Homburgisches Gymnasium;Gymnasien;Nmbrecht;Oberbergischen Kreis;2;2,0;26019;395;34;11,23
191711;Odenthal, Gym Bergisch Gladbacher Straáe;Gymnasien;Odenthal;Rheinisch-Bergischen Kreis;1;1,0;26019;395;34;12,07
191723;Herdecke, GG Werner Richard;Grundschulen;Herdecke;Ennepe-Ruhr-Kreis;3;3,0;27150;324;6;12,08
191735;Erkrath, GG (Verb.) Regenbogenschule;Grundschulen;Erkrath;Kreis Mettmann;5;5,0;28195;487;11;11,79
191802;Augustdorf, GG auf der Insel;Grundschulen;Augustdorf;Kreis Lippe;2;2,0;24993;348;32;11,3
191826;Kreuztal, GE Clara-Schumann-Schule;Gesamtschulen;Kreuztal;Kreis Siegen-Wittgenstein;5;5,0;26737;276;9;9,37
191851;Merzenich, GE Schulstraáe;Gesamtschulen;Merzenich;Kreis Dren;2;2,0;25995;407;35;12,22
191863;Dsseldorf, GE Joseph-Beuys;Gesamtschulen;Dsseldorf;Stadt Dsseldorf;8;8,0;25995;407;35;10,36
191875;Recklinghausen, GE Suderwich;Gesamtschulen;Recklinghausen;Kreis Recklinghausen;4;4,0;23341;616;22;9,97
191905;Dormagen, GG (Verb.) Friedensschule;Grundschulen;Dormagen;Rhein-Kreis Neuss;2;2,0;27956;455;43;10,14
191917;Heiligenhaus, GE Hlsbecker Straáe;Gesamtschulen;Heiligenhaus;Kreis Mettmann;3;3,0;28195;487;11;10,88
191929;Weilerswist, GE Martin-Luther-Str.;Gesamtschulen;Weilerswist;Kreis Euskirchen;2;2,0;24805;196;18;10,77
191930;Reichshof, GE Reichshof;Gesamtschulen;Reichshof;Oberbergischen Kreis;2;2,0;25995;407;35;11,44
191942;Kerpen, GE Willy-Brandt;Gesamtschulen;Kerpen;Rhein-Erft-Kreis;4;4,0;25647;475;20;10,13
191980;Gelsenkirchen, RS Mulvany-Realschule;Realschulen;Gelsenkirchen;Stadt Gelsenkirchen;8;8,0;25819;385;30;14,22
192030;Goch, GG Arnold-Janssen;Grundschulen;Goch;Kreis Kleve;6;6,0;23865;317;135;14,0
192041;Moers, GG Regenbogenschule Meerfeld;Grundschulen;Moers;Kreis Wesel;2;2,0;25299;463;33;13,05
192053;Straelen, Gym Fontanestraáe;Gymnasien;Straelen;Kreis Kleve;1;1,0;23865;317;135;9,33
192089;Mnster, GG am Kinderbach;Grundschulen;Mnster;Stadt Mnster;5;5,0;26056;404;30;12,49
192090;Kreuzau, Gym Am Wassergarten;Gymnasien;Kreuzau;Kreis Dren;1;1,0;26019;395;34;11,27
192119;Bergheim, GE Herbergerstr.;Gesamtschulen;Bergheim;Rhein-Erft-Kreis;6;6,0;25647;475;20;10,55
192132;Paderborn, GE Friedrich-Spee;Gesamtschulen;Paderborn;Kreis Paderborn;5;5,0;25097;312;27;9,21
192144;Nordkirchen, GE Johann-Conrad-Schlaun;Gesamtschulen;Nordkirchen;Kreis Coesfeld;1;1,0;27654;223;39;9,95
192156;Borken, RS Maria-Sibylla-Merian;Realschulen;Borken;Kreis Borken;2;2,0;26582;376;53;12,89
192168;Holzwickede, Gym Clara-Schumann;Gymnasien;Holzwickede;Kreis Unna;2;2,0;24163;396;10;9,57
192170;Lbbecke, GG Regenbogen;Grundschulen;Lbbecke;Kreis Minden-Lbbecke;4;4,0;26056;404;30;12,49
192193;Duisburg, GE Lise-Meitner;Gesamtschulen;Duisburg;Stadt Duisburg;5;5,0;25995;407;35;10,79
192211;Duisburg, GE Aletta-Haniel-Gesamtschule;Gesamtschulen;Duisburg;Stadt Duisburg;6;6,0;25995;407;35;10,79
192223;Herten, RS Willy-Brandt-Schule;Realschulen;Herten;Kreis Recklinghausen;6;6,0;23341;616;22;15,0
192272;Tnisvorst, GG St. Tnis Hlser Straáe;Grundschulen;Tnisvorst;Kreis Viersen;3;3,0;26473;300;54;12,49
192296;Dortmund, GG Kleine Kielstraáe;Grundschulen;Dortmund;Stadt Dortmund;9;9,0;26056;404;30;12,17
192302;Velbert, GG Mitte;Grundschulen;Velbert;Kreis Mettmann;5;5,0;28195;487;11;11,07
192326;Telgte, Gym Maria-Sibylla-Merian;Gymnasien;Telgte;Kreis Warendorf;1;1,0;27091;280;45;10,29
192340;Nottuln, KG Astrid-Lindgren-Schule;Sonstige;Nottuln;Kreis Coesfeld;3;3,0;27654;223;39;11,85
192399;Lbbecke, GG Astrid-Lindgren;Grundschulen;Lbbecke;Kreis Minden-Lbbecke;3;3,0;26056;404;30;12,49
192405;Duisburg, GE Herbert-Grillo;Gesamtschulen;Duisburg;Stadt Duisburg;9;9,0;25995;407;35;10,79
192429;Soest, GG Astrid-Lindgren-Schule;Grundschulen;Soest;Kreis Soest;8;8,0;25849;304;39;13,09
192491;Rahden, Gym Freiherr-vom-Stein-Str.;Gymnasien;Rahden (Westf.);Kreis Minden-Lbbecke;1;1,0;26019;395;34;11,23
192600;Horn-Bad Meinberg, Gym Sdholzweg;Gymnasien;Horn-Bad Meinberg;Kreis Lippe;2;2,0;24993;348;32;10,42
192624;Lemgo, GE Karla-Raveh;Gesamtschulen;Lemgo;Kreis Lippe;2;2,0;24993;348;32;11,26
192650;Harsewinkel, GG Lwenzahnschule;Grundschulen;Harsewinkel;Kreis Gtersloh;3;3,0;26056;404;30;13,69
192661;Enger, RS Ringstr.;Realschulen;Enger;Kreis Herford;1;1,0;26420;252;11;15,45
192673;Iserlohn, GG Auf der Emst;Grundschulen;Iserlohn;Mrkischen Kreis;3;3,0;26056;404;30;11,44
192685;Porta Westfalica, GE Bruchstr.;Gesamtschulen;Porta Westfalica;Kreis Minden-Lbbecke;4;4,0;25995;407;35;10,61
192715;Gtersloh, GG Heidewald;Grundschulen;Gtersloh;Kreis Gtersloh;3;3,0;26056;404;30;12,49
192739;Borgholzhausen, GE Peter-A.-Bckstiegel;Gesamtschulen;Borgholzhausen;Kreis Gtersloh;2;2,0;25995;407;35;9,67
192740;Paderborn, GG Kaukenberg;Grundschulen;Paderborn;Kreis Paderborn;7;7,0;25097;312;27;11,57
192752;Stadtlohn, Gym Geschwister-Scholl;Gymnasien;Stadtlohn;Kreis Borken;1;1,0;26582;376;53;11,21
192776;Soest, GE Hannah-Arendt;Gesamtschulen;Soest;Kreis Soest;4;4,0;25849;304;39;9,67
192806;Wuppertal, GE Barmen;Gesamtschulen;Wuppertal;Stadt Wuppertal;6;6,0;25995;407;35;10,19
192818;Radevormwald, GG Stadt;Grundschulen;Radevormwald;Oberbergischen Kreis;4;4,0;26056;404;30;13,5
192820;Dortmund, GE Martin-Luther-King;Gesamtschulen;Dortmund;Stadt Dortmund;7;7,0;25995;407;35;10,08
192831;Augustdorf, RS Akazienstr.;Realschulen;Augustdorf;Kreis Lippe;2;2,0;24993;348;32;14,0
192867;Leichlingen, GG Bennert;Grundschulen;Leichlingen (Rhld.);Rheinisch-Bergischen Kreis;1;1,0;26056;404;30;12,06
192879;Essen, GG am Wasserturm;Grundschulen;Essen;Stadt Essen;9;9,0;26056;404;30;13,58
192880;Kerpen, GG Rathausschule;Grundschulen;Kerpen;Rhein-Erft-Kreis;4;4,0;25647;475;20;14,02
192892;Essen, GG Emscherschule;Grundschulen;Essen;Stadt Essen;6;6,0;26056;404;30;13,58
193010;Recklinghausen, RS Bernard Overberg;Realschulen;Recklinghausen;Kreis Recklinghausen;6;6,0;23341;616;22;13,74
193033;Moers, GE Hermann-Runge;Gesamtschulen;Moers;Kreis Wesel;3;3,0;25299;463;33;10,7
193070;Ostbevern, KG Franz-von-Assisi;Sonstige;Ostbevern;Kreis Warendorf;3;3,0;27091;280;45;11,85
193082;Krefeld, GG Regenbogen;Grundschulen;Krefeld;Stadt Krefeld;7;7,0;26056;404;30;12,22
193112;Menden, GG Anne-Frank-Schule;Grundschulen;Menden (Sauerland);Mrkischen Kreis;9;9,0;26056;404;30;12,28
193136;Bielefeld, GG Am Waldschlsschen;Grundschulen;Bielefeld;Stadt Bielefeld;3;3,0;26056;404;30;11,19
193148;Dlmen, GG Dernekamp;Grundschulen;Dlmen;Kreis Coesfeld;2;2,0;27654;223;39;12,49
193150;Gummersbach, RS Steinberg;Realschulen;Gummersbach;Oberbergischen Kreis;2;2,0;25819;385;30;14,55
193161;Ldenscheid, GG Erwin-Welke-Schule;Grundschulen;Ldenscheid;Mrkischen Kreis;3;3,0;26056;404;30;12,49
193173;Herzogenrath, GG Dietrich-Bonhoeffer;Grundschulen;Herzogenrath;Stdteregion Aachen;4;4,0;26056;404;30;12,49
193197;Steinhagen, GG Laukshof;Grundschulen;Steinhagen;Kreis Gtersloh;4;4,0;26056;404;30;11,37
193227;Brhl, GE Otto-Wels-Str.;Gesamtschulen;Brhl;Rhein-Erft-Kreis;4;4,0;25647;475;20;10,36
193240;Hennef, GE Hennef-Meiersheide;Gesamtschulen;Hennef (Sieg);Rhein-Sieg-Kreis;2;2,0;27167;605;50;9,96
193252;Duisburg, GE Globus am Dellplatz;Gesamtschulen;Duisburg;Stadt Duisburg;9;9,0;25995;407;35;10,79
193306;Tnisvorst, GG Corneliusstr.;Grundschulen;Tnisvorst;Kreis Viersen;3;3,0;26473;300;54;12,49
193355;Mnchengladbach, GE Rheydt-Mlfort;Gesamtschulen;Mnchengladbach;Stadt Mnchengladbach;6;6,0;25995;407;35;10,36
193367;Bergisch Gladbach, GG Paffrath;Grundschulen;Bergisch Gladbach;Rheinisch-Bergischen Kreis;4;4,0;26056;404;30;11,19
193379;Oberhausen, GE Weierheide;Gesamtschulen;Oberhausen;Stadt Oberhausen;4;4,0;25995;407;35;10,73
193410;Kleve, RS Karl Kisters;Realschulen;Kleve;Kreis Kleve;5;5,0;23865;317;135;14,1
193422;Schloá Holte-Stukenbrock, GG Pollhans;Grundschulen;Schloss Holte-Stukenbrock;Kreis Gtersloh;4;4,0;26056;404;30;12,65
193458;Aachen, GE Maria-Montessori;Gesamtschulen;Aachen;Stdteregion Aachen;6;6,0;25995;407;35;10,36
193483;Werl, KG Norbertschule;Sonstige;Werl;Kreis Soest;5;5,0;25849;304;39;11,85
193495;Bielefeld, GE Rosenhhe;Gesamtschulen;Bielefeld;Stadt Bielefeld;7;7,0;25995;407;35;9,78
193501;Essen, GE Holsterhausen;Gesamtschulen;Essen;Stadt Essen;5;5,0;25995;407;35;10,02
193513;Lindlar, Gym Voábrucher Str.;Gymnasien;Lindlar;Oberbergischen Kreis;1;1,0;26019;395;34;9,83
193525;Kerpen, GG Trnich;Grundschulen;Kerpen;Rhein-Erft-Kreis;4;4,0;25647;475;20;14,02
193537;Paderborn, RS Lise-Meitner;Realschulen;Paderborn;Kreis Paderborn;2;2,0;25097;312;27;12,93
193549;Windeck, GG Bodenberg-Schule;Grundschulen;Windeck;Rhein-Sieg-Kreis;1;1,0;27167;605;50;10,92
193550;Willich, Gym Lise-Meitner;Gymnasien;Willich;Kreis Viersen;1;1,0;26473;300;54;11,0
193574;Meinerzhagen, GG Am Kohlberg;Grundschulen;Meinerzhagen;Mrkischen Kreis;4;4,0;26056;404;30;13,75
193586;Goch, GE Mittelkreis;Gesamtschulen;Goch;Kreis Kleve;2;2,0;23865;317;135;12,0
193598;Burbach, GG (Verb.) Hickengrund;Grundschulen;Burbach;Kreis Siegen-Wittgenstein;3;3,0;26737;276;9;12,1
193630;Gtersloh, GE Janusz-Korczak;Gesamtschulen;Gtersloh;Kreis Gtersloh;3;3,0;25995;407;35;10,36
193641;Dortmund, GE Europaschule;Gesamtschulen;Dortmund;Stadt Dortmund;4;4,0;25995;407;35;10,08
193665;Dlmen, Gym Annette-von-Droste-Hlshoff;Gymnasien;Dlmen;Kreis Coesfeld;1;1,0;27654;223;39;11,23
193689;Steinfurt, GG Heinrich-Neuy;Grundschulen;Steinfurt;Kreis Steinfurt;3;3,0;25795;453;45;12,65
193719;Duisburg, RS Fahrn;Realschulen;Duisburg;Stadt Duisburg;5;5,0;25819;385;30;13,1
193720;Schloá Holte-Stukenbrock,GG Verb.Graut/E;Grundschulen;Schloss Holte-Stukenbrock;Kreis Gtersloh;1;1,0;26056;404;30;12,65
193744;Hnxe, GE In den Elsen;Gesamtschulen;Hnxe;Kreis Wesel;1;1,0;25299;463;33;10,36
193770;Dsseldorf, RS Georg-Schulhoff;Realschulen;Dsseldorf;Stadt Dsseldorf;3;3,0;25819;385;30;12,92
193781;Euskirchen, GG Weststadt;Grundschulen;Euskirchen;Kreis Euskirchen;5;5,0;24805;196;18;12,47
193793;Delbrck, KG St. Marien-Schule;Sonstige;Delbrck;Kreis Paderborn;3;3,0;25097;312;27;11,85
193811;Bonn, GE Bertolt-Brecht-Gesamtschule;Gesamtschulen;Bonn;Stadt Bonn;6;6,0;25995;407;35;9,1
193835;Mechernich, GG Mechernich-Satzvey;Grundschulen;Mechernich;Kreis Euskirchen;1;1,0;24805;196;18;11,37
193847;Mnster, GG Mosaik-Schule;Grundschulen;Mnster;Stadt Mnster;4;4,0;26056;404;30;12,49
193872;Bad Oeynhausen, GE Europaschule;Gesamtschulen;Bad Oeynhausen;Kreis Minden-Lbbecke;5;5,0;25995;407;35;10,94
193914;Jchen, Gym Jchen;Gymnasien;Jchen;Rhein-Kreis Neuss;2;2,0;27956;455;43;11,23
193938;Dortmund, RS Albert-Einstein;Realschulen;Dortmund;Stadt Dortmund;5;5,0;25819;385;30;12,67
193951;Geldern, RS An der Fleuth;Realschulen;Geldern;Kreis Kleve;2;2,0;23865;317;135;14,64
193963;Kalkar, RS Kalkar;Realschulen;Kalkar;Kreis Kleve;2;2,0;23865;317;135;12,0
193975;Aachen, GG Brander Feld;Grundschulen;Aachen;Stdteregion Aachen;4;4,0;26056;404;30;12,49
193987;Troisdorf, GG Sternenschule;Grundschulen;Troisdorf;Rhein-Sieg-Kreis;2;2,0;27167;605;50;12,44
194025;Delbrck, Gym Marktstr.;Gymnasien;Delbrck;Kreis Paderborn;2;2,0;25097;312;27;11,23
194049;Lage, GG Hardissen;Grundschulen;Lage;Kreis Lippe;4;4,0;24993;348;32;12,03
194050;Bad Mnstereifel, RS Trierer Str.;Realschulen;Bad Mnstereifel;Kreis Euskirchen;2;2,0;24805;196;18;12,92
194062;Bren, GG Lindenhof;Grundschulen;Bren;Kreis Paderborn;2;2,0;25097;312;27;12,49
194086;Willich, GG Plutoweg;Grundschulen;Willich;Kreis Viersen;3;3,0;26473;300;54;12,93
194098;Hennef, GG Siegtal;Grundschulen;Hennef (Sieg);Rhein-Sieg-Kreis;2;2,0;27167;605;50;12,65
194130;Bnen, Gym Marie-Curie;Gymnasien;Bnen;Kreis Unna;2;2,0;24163;396;10;11,23
194141;Witten, RS Helene-Lohmann-Realschule;Realschulen;Witten;Ennepe-Ruhr-Kreis;3;3,0;27150;324;6;12,39
194153;Alsdorf, RS Marienschule;Realschulen;Alsdorf;Stdteregion Aachen;3;3,0;25819;385;30;12,92
194177;Hamm, RS Konrad-Adenauer-Realschule;Realschulen;Hamm;Stadt Hamm;1;1,0;25819;385;30;13,69
194189;Sassenberg, KG St.-Nikolaus;Sonstige;Sassenberg;Kreis Warendorf;2;2,0;27091;280;45;11,85
194219;Steinhagen, Gym Am Cronsbach;Gymnasien;Steinhagen;Kreis Gtersloh;1;1,0;26019;395;34;9,17
194232;Bornheim, Gym Alexander-von-Humboldt;Gymnasien;Bornheim;Rhein-Sieg-Kreis;2;2,0;27167;605;50;13,0
194244;Bocholt, GG Annette-von-Droste-Hlshoff;Grundschulen;Bocholt;Kreis Borken;5;5,0;26582;376;53;11,77
194256;Schloá Holte-Stukenbrock, Gym Holter Str;Gymnasien;Schloss Holte-Stukenbrock;Kreis Gtersloh;1;1,0;26019;395;34;11,18
194268;Mnster, GH Coerde;Hauptschulen;Mnster;Stadt Mnster;8;8,0;25804;388;32;8,18
194293;Neuss, RS Rita-Sssmuth-Realschule;Realschulen;Neuss;Rhein-Kreis Neuss;3;3,0;27956;455;43;12,86
194311;Borchen, KG Am Sonnenberg;Sonstige;Borchen;Kreis Paderborn;1;1,0;25097;312;27;11,85
194438;Weeze, KG Marienwasser;Sonstige;Weeze;Kreis Kleve;5;5,0;23865;317;135;11,85
194451;Bottrop, RS August-Everding;Realschulen;Bottrop;Stadt Bottrop;3;3,0;25819;385;30;13,71
194487;Kamen, GE Gutenbergstraáe;Gesamtschulen;Kamen;Kreis Unna;4;4,0;24163;396;10;9,74
194530;Hagen, RS Halden;Realschulen;Hagen;Stadt Hagen;4;4,0;25819;385;30;14,16
194566;Kamen, GH Schule am Koppelteich;Hauptschulen;Kamen;Kreis Unna;8;8,0;24163;396;10;8,57
194578;Kamen, RS Fridtjof-Nansen;Realschulen;Kamen;Kreis Unna;4;4,0;24163;396;10;11,75
194657;Olpe, KG Auf dem Gallenberg;Sonstige;Olpe;Kreis Olpe;2;2,0;29108;134;9;11,85
194670;Arnsberg, Gym Franz-Stock;Gymnasien;Arnsberg;Hochsauerlandkreis;2;2,0;27635;260;34;11,31
194682;Zlpich, RS Karl-von-Lutzenberger;Realschulen;Zlpich;Kreis Euskirchen;1;1,0;24805;196;18;12,92
194694;Warstein, GG Westerberg;Grundschulen;Warstein;Kreis Soest;3;3,0;25849;304;39;14,42
194839;Hilchenbach, RS Carl-Kraemer;Realschulen;Hilchenbach;Kreis Siegen-Wittgenstein;2;2,0;26737;276;9;9,38
194864;Mnchengladbach, GE Hans-Jonas Neuwerk;Gesamtschulen;Mnchengladbach;Stadt Mnchengladbach;6;6,0;25995;407;35;10,36
194876;Lindlar, GG West;Grundschulen;Lindlar;Oberbergischen Kreis;3;3,0;26056;404;30;13,46
194888;Neukirchen-Vluyn,GG Fried.-Hundertwasser;Grundschulen;Neukirchen-Vluyn;Kreis Wesel;1;1,0;25299;463;33;13,53
194906;Essen, RS Essen-berruhr;Realschulen;Essen;Stadt Essen;3;3,0;25819;385;30;12,48
194918;Krefeld, GG (Verb.) Krhenfeld;Grundschulen;Krefeld;Stadt Krefeld;6;6,0;26056;404;30;12,22
194967;Dormagen, GG Friedrich-von-Saarwerden;Grundschulen;Dormagen;Rhein-Kreis Neuss;2;2,0;27956;455;43;10,14
195029;Neunkirchen-Seel., GG Wolperath-Schnau;Grundschulen;Neunkirchen-Seelscheid;Rhein-Sieg-Kreis;2;2,0;27167;605;50;13,64
195078;Monheim, GG am Lerchenweg;Grundschulen;Monheim am Rhein;Kreis Mettmann;5;5,0;28195;487;11;10,94
195200;Tnisvorst, GG Vorst;Grundschulen;Tnisvorst;Kreis Viersen;1;1,0;26473;300;54;12,49
195236;Essen, GG Regenbogenschule;Grundschulen;Essen;Stadt Essen;6;6,0;26056;404;30;13,58
195250;Kln, GG Olympia-Schule;Grundschulen;Kln;Stadt Kln;4;4,0;26056;404;30;12,49
195261;Ennigerloh, GG (Verb.) Mosaikschule;Grundschulen;Ennigerloh;Kreis Warendorf;3;3,0;27091;280;45;12,91
195340;Neuss, GG Kyburg;Grundschulen;Neuss;Rhein-Kreis Neuss;6;6,0;27956;455;43;13,02
195467;Essen, GG Sternschule;Grundschulen;Essen;Stadt Essen;6;6,0;26056;404;30;13,58
195546;Gelsenkirchen, GG Sternschule;Grundschulen;Gelsenkirchen;Stadt Gelsenkirchen;8;8,0;26056;404;30;14,21
195558;Gelsenkirchen, GG Georgstraáe;Grundschulen;Gelsenkirchen;Stadt Gelsenkirchen;7;7,0;26056;404;30;14,21
195560;Espelkamp, GG (Verb.) Espelkamp;Grundschulen;Espelkamp;Kreis Minden-Lbbecke;2;2,0;26056;404;30;13,39
195650;Morsbach, GG (Verb.) Amitola;Grundschulen;Morsbach;Oberbergischen Kreis;2;2,0;26056;404;30;17,75
195686;Rietberg, GG Emsschule;Grundschulen;Rietberg;Kreis Gtersloh;3;3,0;26056;404;30;11,4
195704;Hemer, GE Europaschule am Friedenspark;Gesamtschulen;Hemer;Mrkischen Kreis;3;3,0;25995;407;35;10,75
195728;Bonn, GE Marie-Kahle-Gesamtschule;Gesamtschulen;Bonn;Stadt Bonn;4;4,0;25995;407;35;9,1
195832;Marl, Gym Alb. Schweitzer/Geschw. Scholl;Gymnasien;Marl;Kreis Recklinghausen;4;4,0;23341;616;22;11,14
195911;Bad Salzuflen, GE Schulzentrum Aspe;Gesamtschulen;Bad Salzuflen;Kreis Lippe;5;5,0;24993;348;32;9,57
195947;Bochum, Gym Neues Gymnasium;Gymnasien;Bochum;Stadt Bochum;2;2,0;26019;395;34;11,69
195959;Kln, GE Carl-von-Ossietzky;Gesamtschulen;Kln;Stadt Kln;4;4,0;25995;407;35;10,36
195960;Lippstadt, GE Ulmenstraáe;Gesamtschulen;Lippstadt;Kreis Soest;3;3,0;25849;304;39;9,83
196034;Steinheim, GG Hospitalstraáe;Grundschulen;Steinheim;Kreis Hxter;3;3,0;26056;404;30;13,43
196174;Neuss, GE Nordstadt;Gesamtschulen;Neuss;Rhein-Kreis Neuss;8;8,0;27956;455;43;11,14
196186;Mnchengladbach, GE Theo-Hespers;Gesamtschulen;Mnchengladbach;Stadt Mnchengladbach;6;6,0;25995;407;35;10,36
196228;Hckelhoven, GE Leonardo da Vinci;Gesamtschulen;Hckelhoven;Kreis Heinsberg;4;4,0;23751;260;21;10,36
196241;Viersen, GG Rahser;Grundschulen;Viersen;Kreis Viersen;4;4,0;26473;300;54;13,3
196289;Bonn, GE BONNS FNFTE;Gesamtschulen;Bonn;Stadt Bonn;4;4,0;25995;407;35;9,1
196290;Aachen, GE Sandkaulstraáe;Gesamtschulen;Aachen;Stdteregion Aachen;5;5,0;25995;407;35;10,36
196423;Sankt Augustin, GE Fritz-Bauer;Gesamtschulen;Sankt Augustin;Rhein-Sieg-Kreis;4;4,0;27167;605;50;10,41
196435;Bochum, GG Wilbergschule;Grundschulen;Bochum;Stadt Bochum;5;5,0;26056;404;30;13,27
196447;Bochum, GG Gertrudisschule;Grundschulen;Bochum;Stadt Bochum;8;8,0;26056;404;30;13,27
196484;Salzkotten, GE Upsprunger Straáe;Gesamtschulen;Salzkotten;Kreis Paderborn;2;2,0;25097;312;27;9,05
196540;Herne, GG am Jrgens Hof;Grundschulen;Herne;Stadt Herne;6;6,0;26056;404;30;13,48
196551;Essen, GG Haarzopf;Grundschulen;Essen;Stadt Essen;2;2,0;26056;404;30;13,58
196563;Essen, GG berruhr;Grundschulen;Essen;Stadt Essen;4;4,0;26056;404;30;13,58
196642;Grefrath, GG Burgweg;Grundschulen;Grefrath;Kreis Viersen;2;2,0;26473;300;54;11,33
196654;Greven, GE Teichstraáe;Gesamtschulen;Greven;Kreis Steinfurt;4;4,0;25795;453;45;9,71
196666;Ibbenbren, GE Erna-de-Vries;Gesamtschulen;Ibbenbren;Kreis Steinfurt;3;3,0;25795;453;45;10,36
196680;Wesel, GG Innenstadt;Grundschulen;Wesel;Kreis Wesel;7;7,0;25299;463;33;12,7
196691;Wesel, GG Feldmark;Grundschulen;Wesel;Kreis Wesel;5;5,0;25299;463;33;12,7
196708;Eitorf, SK Schule an der Sieg;Sekundarschulen;Eitorf;Rhein-Sieg-Kreis;5;5,0;27167;605;50;8,44
196710;Troisdorf, GE Gertrud-Koch;Gesamtschulen;Troisdorf;Rhein-Sieg-Kreis;4;4,0;27167;605;50;10,71
196721;Stolberg, GE Sperberweg;Gesamtschulen;Stolberg (Rhld.);Stdteregion Aachen;5;5,0;25995;407;35;10,36
196745;Gangelt, GE Gangelt/Selfkant;Gesamtschulen;Gangelt;Kreis Heinsberg;2;2,0;23751;260;21;11,8
196757;Kleve, GE am Forstgarten;Gesamtschulen;Kleve;Kreis Kleve;5;5,0;23865;317;135;11,15
196770;Straelen, SK Fontanestraáe;Sekundarschulen;Straelen;Kreis Kleve;2;2,0;23865;317;135;8,55
196794;Willich, GE Leonardo-da-Vinci;Gesamtschulen;Willich;Kreis Viersen;3;3,0;26473;300;54;10,89
196800;Kamp-Lintfort, SK Europaschule;Sekundarschulen;Kamp-Lintfort;Kreis Wesel;5;5,0;25299;463;33;7,67
196812;Lbbecke, SK Stadtschule;Sekundarschulen;Lbbecke;Kreis Minden-Lbbecke;3;3,0;26330;337;34;9,19
196824;Harsewinkel, GE Tecklenburger Weg;Gesamtschulen;Harsewinkel;Kreis Gtersloh;3;3,0;25995;407;35;11,95
196836;Alpen, SK Frst-Bentheim-Straáe;Sekundarschulen;Alpen;Kreis Wesel;2;2,0;25299;463;33;8,75
196848;Vlotho, SK Weser-Sekundarschule;Sekundarschulen;Vlotho;Kreis Herford;3;3,0;26420;252;11;8,5
196850;Extertal, SK Nordlippe;Sekundarschulen;Extertal;Kreis Lippe;4;4,0;24993;348;32;8,5
196861;Paderborn, GE Heinz-Nixdorf-Gesamtschule;Gesamtschulen;Paderborn;Kreis Paderborn;5;5,0;25097;312;27;9,21
196873;Borchen, SK Schule an der Altenau;Sekundarschulen;Borchen;Kreis Paderborn;2;2,0;25097;312;27;8,0
196885;Herzebrock-Clarholz, GE Von-Zumbusch;Gesamtschulen;Herzebrock-Clarholz;Kreis Gtersloh;3;3,0;25995;407;35;11,62
196915;Ennigerloh, GE Rosa Parks;Gesamtschulen;Ennigerloh;Kreis Warendorf;4;4,0;27091;280;45;10,61
196927;Oerlinghausen, SK Heinz-Sielmann-Schule;Sekundarschulen;Oerlinghausen;Kreis Lippe;3;3,0;24993;348;32;9,73
196940;Mnster, GE Jdefelderstraáe;Gesamtschulen;Mnster;Stadt Mnster;3;3,0;25995;407;35;10,36
196976;Anrchte, SK Anrchte/Erwitte;Sekundarschulen;Anrchte;Kreis Soest;3;3,0;25849;304;39;9,19
196988;Attendorn, SK Hanseschule;Sekundarschulen;Attendorn;Kreis Olpe;4;4,0;29108;134;9;9,0
197014;Netphen, SK Anita-Ruth-Faber;Sekundarschulen;Netphen;Kreis Siegen-Wittgenstein;3;3,0;26737;276;9;8,11
197026;Wetter, SK Schule am See;Sekundarschulen;Wetter (Ruhr);Ennepe-Ruhr-Kreis;4;4,0;27150;324;6;7,73
197038;Werl, SK Kucklermhlenweg;Sekundarschulen;Werl;Kreis Soest;5;5,0;25849;304;39;8,08
197051;Wickede, SK Wickede (Ruhr);Sekundarschulen;Wickede (Ruhr);Kreis Soest;3;3,0;25849;304;39;8,86
197063;Nachrodt-Wiblingwerde, SK Lenneschule;Sekundarschulen;Nachrodt-Wiblingwerde;Mrkischen Kreis;4;4,0;26330;337;34;8,22
197105;Bochum, SK Nelson-Mandela-Schule;Sekundarschulen;Bochum;Stadt Bochum;6;6,0;26330;337;34;9,38
197117;Bochum, SK Rupert-Neudeck-Schule;Sekundarschulen;Bochum;Stadt Bochum;5;5,0;26330;337;34;9,38
197129;Olsberg, SK Olsberg-Bestwig;Sekundarschulen;Olsberg;Hochsauerlandkreis;3;3,0;27635;260;34;9,0
197130;Werne, SK Marga-Spiegel-Sekundarschule;Sekundarschulen;Werne;Kreis Unna;4;4,0;24163;396;10;9,62
197142;Finnentrop, GE Bigge-Lenne;Gesamtschulen;Finnentrop;Kreis Olpe;3;3,0;29108;134;9;10,7
197154;Warendorf, GE Weiáe Rose;Gesamtschulen;Warendorf;Kreis Warendorf;3;3,0;27091;280;45;9,99
197178;Drensteinfurt, SK Sendenhorster Straáe;Sekundarschulen;Drensteinfurt;Kreis Warendorf;3;3,0;27091;280;45;8,56
197180;Sassenberg, SK Im Herxfeld;Sekundarschulen;Sassenberg;Kreis Warendorf;3;3,0;27091;280;45;8,55
197208;Herten, SK Martin-Luther-Schule;Sekundarschulen;Herten;Kreis Recklinghausen;6;6,0;23341;616;22;10,11
197210;Gelsenkirchen, SK Hassel;Sekundarschulen;Gelsenkirchen;Stadt Gelsenkirchen;6;6,0;26330;337;34;10,0
197221;Windeck, GE Hurster Straáe;Gesamtschulen;Windeck;Rhein-Sieg-Kreis;3;3,0;27167;605;50;11,57
197233;Overath, SK Leonardo-da-Vinci-Schule;Sekundarschulen;Overath;Rheinisch-Bergischen Kreis;3;3,0;26330;337;34;9,83
197245;Kreuzau, SK Schulstraáe;Sekundarschulen;Kreuzau;Kreis Dren;3;3,0;26330;337;34;11,42
197257;Jlich, SK Linnicher Str.;Sekundarschulen;Jlich;Kreis Dren;3;3,0;26330;337;34;9,19
197282;Nmbrecht, SK Mateh-Yehuda-Straáe;Sekundarschulen;Nmbrecht;Oberbergischen Kreis;3;3,0;26330;337;34;9,19
197300;Engelskirchen, SK im Walbachtal;Sekundarschulen;Engelskirchen;Oberbergischen Kreis;3;3,0;26330;337;34;7,88
197312;Menden, GE Windthorststraáe;Gesamtschulen;Menden (Sauerland);Mrkischen Kreis;4;4,0;25995;407;35;9,94
197348;Herzogenrath, GE Maria-Sibylla-Merian;Gesamtschulen;Herzogenrath;Stdteregion Aachen;3;3,0;25995;407;35;10,36
197350;Much, GE Schulstraáe;Gesamtschulen;Much;Rhein-Sieg-Kreis;2;2,0;27167;605;50;9,81
197373;Gladbeck, GG Wittringer Schule;Grundschulen;Gladbeck;Kreis Recklinghausen;7;7,0;23341;616;22;13,73
197397;Wuppertal, GE Uellendahl-Katernberg;Gesamtschulen;Wuppertal;Stadt Wuppertal;6;6,0;25995;407;35;10,19
197440;Kleve, GG An den Linden;Grundschulen;Kleve;Kreis Kleve;7;7,0;23865;317;135;12,35
197464;Oberhausen, GG Am Siedlerweg;Grundschulen;Oberhausen;Stadt Oberhausen;6;6,0;26056;404;30;12,54
197476;Oberhausen, GG Wunderschule;Grundschulen;Oberhausen;Stadt Oberhausen;5;5,0;26056;404;30;12,54
197490;Bad Lippspringe, GE an der Lippequelle;Gesamtschulen;Bad Lippspringe;Kreis Paderborn;5;5,0;25097;312;27;10,31
197518;Kln, GG Mommsenstraáe;Grundschulen;Kln;Stadt Kln;1;1,0;26056;404;30;12,49
197580;Hilden, SK Marie-Colinet;Sekundarschulen;Hilden;Kreis Mettmann;6;6,0;28195;487;11;9,8
197609;Warburg, SK Erd-Charta-Schule;Sekundarschulen;Warburg;Kreis Hxter;2;2,0;26330;337;34;8,05
197622;Rheda-Wiedenbrck, GE Moritz-Fontaine;Gesamtschulen;Rheda-Wiedenbrck;Kreis Gtersloh;5;5,0;25995;407;35;10,36
197634;Rietberg, GE Richard-von-Weizscker;Gesamtschulen;Rietberg;Kreis Gtersloh;3;3,0;25995;407;35;10,4
197658;Verl, GE St.-Anna-Straáe;Gesamtschulen;Verl;Kreis Gtersloh;2;2,0;25995;407;35;10,74
197660;Bad Wnnenberg,SK Profilsch. Frstenberg;Sekundarschulen;Bad Wnnenberg;Kreis Paderborn;1;1,0;25097;312;27;9,19
197683;Hrstel, GE Harkenberg;Gesamtschulen;Hrstel;Kreis Steinfurt;2;2,0;25795;453;45;10,36
197695;Bad Driburg, GE Geschwister-Scholl-Str.;Gesamtschulen;Bad Driburg;Kreis Hxter;4;4,0;25995;407;35;8,12
197701;Simmerath, SK Walter-Bachmann-Straáe;Sekundarschulen;Simmerath;Stdteregion Aachen;2;2,0;26330;337;34;9,19
197725;Wiehl, SK Weierhofweg;Sekundarschulen;Wiehl;Oberbergischen Kreis;2;2,0;26330;337;34;10,07
197737;Hennef, GE Hennef-West;Gesamtschulen;Hennef (Sieg);Rhein-Sieg-Kreis;3;3,0;27167;605;50;9,96
197749;Knigswinter, GE Petersberg;Gesamtschulen;Knigswinter;Rhein-Sieg-Kreis;3;3,0;27167;605;50;10,36
197750;Neunkirchen-Seel., GE Rathausstraáe;Gesamtschulen;Neunkirchen-Seelscheid;Rhein-Sieg-Kreis;3;3,0;27167;605;50;10,12
197762;Siegburg, GE am Michaelsbeg;Gesamtschulen;Siegburg;Rhein-Sieg-Kreis;6;6,0;27167;605;50;9,68
197774;Blankenheim, GE Eifel;Gesamtschulen;Blankenheim;Kreis Euskirchen;2;2,0;24805;196;18;10,25
197786;Horn-Bad Meinberg, SK Sdholzweg;Sekundarschulen;Horn-Bad Meinberg;Kreis Lippe;5;5,0;24993;348;32;9,8
197798;Rhede, GE Bssingstraáe;Gesamtschulen;Rhede;Kreis Borken;2;2,0;26582;376;53;9,71
197804;Grefrath, SK Schule an der Dorenburg;Sekundarschulen;Grefrath;Kreis Viersen;2;2,0;26473;300;54;7,18
197816;Ahaus, GE Irena-Sendler;Gesamtschulen;Ahaus;Kreis Borken;2;2,0;26582;376;53;11,59
197865;Odenthal, RS Bergisch Gladbacher Straáe;Realschulen;Odenthal;Rheinisch-Bergischen Kreis;1;1,0;25819;385;30;9,25
197877;Bergisch Gladbach, GE Nelson-Mandela;Gesamtschulen;Bergisch Gladbach;Rheinisch-Bergischen Kreis;6;6,0;25995;407;35;9,3
197890;Brakel, GE Am Bahndamm;Gesamtschulen;Brakel;Kreis Hxter;2;2,0;25995;407;35;9,26
197907;Langenfeld, GE Prismaschule;Gesamtschulen;Langenfeld (Rhld.);Kreis Mettmann;4;4,0;28195;487;11;9,72
197932;Preuáisch Oldendorf, SK Offelter Weg;Sekundarschulen;Preuáisch Oldendorf;Kreis Minden-Lbbecke;2;2,0;26330;337;34;9,19
197944;Telgte, SK an der Marienlinde;Sekundarschulen;Telgte;Kreis Warendorf;3;3,0;27091;280;45;7,6
197968;Solingen, SK Central;Sekundarschulen;Solingen;Stadt Solingen;7;7,0;26330;337;34;10,5
197981;Wlfrath, SK Schule am Berg;Sekundarschulen;Wlfrath;Kreis Mettmann;4;4,0;28195;487;11;9,19
197993;Petershagen, SK Bultweg;Sekundarschulen;Petershagen;Kreis Minden-Lbbecke;2;2,0;26330;337;34;10,14
198006;Wenden, GE Peter-Dassis-Ring;Gesamtschulen;Wenden;Kreis Olpe;2;2,0;29108;134;9;9,59
198018;Arnsberg, SK am Eichholz;Sekundarschulen;Arnsberg;Hochsauerlandkreis;5;5,0;27635;260;34;8,9
198020;Arnsberg, SK Agnes-Wenke-Schule;Sekundarschulen;Arnsberg;Hochsauerlandkreis;5;5,0;27635;260;34;8,9
198043;Ennepetal, SK Amselweg;Sekundarschulen;Ennepetal;Ennepe-Ruhr-Kreis;5;5,0;27150;324;6;8,9
198067;Geseke, SK Auf den Strickern;Sekundarschulen;Geseke;Kreis Soest;3;3,0;25849;304;39;9,73
198080;Meinerzhagen,SK Rothensteinschule;Sekundarschulen;Meinerzhagen;Mrkischen Kreis;4;4,0;26330;337;34;7,7
198092;Olpe, SK Quellenweg;Sekundarschulen;Olpe;Kreis Olpe;2;2,0;29108;134;9;9,2
198110;Freudenberg, GE Esther-Bejarano;Gesamtschulen;Freudenberg;Kreis Siegen-Wittgenstein;2;2,0;26737;276;9;9,56
198122;Remscheid, SK Nelson-Mandela-Schule;Sekundarschulen;Remscheid;Stadt Remscheid;5;5,0;26330;337;34;9,2
198146;Grevenbroich, GE Wilhelm-von-Humboldt;Gesamtschulen;Grevenbroich;Rhein-Kreis Neuss;4;4,0;27956;455;43;11,22
198158;Hamminkeln, GE Diersfordter Straáe;Gesamtschulen;Hamminkeln;Kreis Wesel;2;2,0;25299;463;33;12,24
198160;Kaarst, GE Emmy-Noether;Gesamtschulen;Kaarst;Rhein-Kreis Neuss;3;3,0;27956;455;43;11,1
198171;Gescher, GE Borkener Damm;Gesamtschulen;Gescher;Kreis Borken;2;2,0;26582;376;53;9,39
198195;Wadersloh, SK Winkelstraáe;Sekundarschulen;Wadersloh;Kreis Warendorf;2;2,0;27091;280;45;10,0
198201;Oelde, GE Bultstr.;Gesamtschulen;Oelde;Kreis Warendorf;3;3,0;27091;280;45;11,78
198213;Xanten, GE Willi-Fhrmann-Gesamtschule;Gesamtschulen;Xanten;Kreis Wesel;3;3,0;25299;463;33;9,75
198225;Beckum, SK Windmhlenstraáe;Sekundarschulen;Beckum;Kreis Warendorf;5;5,0;27091;280;45;9,18
198237;Borken, GE Jodocus Nnning;Gesamtschulen;Borken;Kreis Borken;2;2,0;26582;376;53;10,65
198249;Lage, SK Friedrichstraáe;Sekundarschulen;Lage;Kreis Lippe;5;5,0;24993;348;32;9,18
198250;Lgde, SK Johannes-Gigas-Schule;Sekundarschulen;Lgde;Kreis Lippe;3;3,0;24993;348;32;9,19
198262;Krefeld, GE Uerdingen;Gesamtschulen;Krefeld;Stadt Krefeld;5;5,0;25995;407;35;10,95
198274;Vreden, SK an der Berkel;Sekundarschulen;Vreden;Kreis Borken;2;2,0;26582;376;53;9,5
198286;Reken, SK Hohe Mark;Sekundarschulen;Reken;Kreis Borken;2;2,0;26582;376;53;9,57
198298;Bocholt, GE Rheinstraáe;Gesamtschulen;Bocholt;Kreis Borken;3;3,0;26582;376;53;10,11
198304;Rheine, SK Nelson-Mandela-Schule;Sekundarschulen;Rheine;Kreis Steinfurt;6;6,0;25795;453;45;8,43
198316;Rheine, SK Alexander-von-Humboldt-Schule;Sekundarschulen;Rheine;Kreis Steinfurt;3;3,0;25795;453;45;8,43
198330;Rosendahl, SK Paulus van Husen;Sekundarschulen;Rosendahl;Kreis Coesfeld;3;3,0;27654;223;39;8,38
198365;Castrop-Rauxel, SK Sekundarschule Sd;Sekundarschulen;Castrop-Rauxel;Kreis Recklinghausen;6;6,0;23341;616;22;6,55
198419;Euskirchen, GG Nordstadt;Grundschulen;Euskirchen;Kreis Euskirchen;7;7,0;24805;196;18;12,47
198420;Minden, PS Olafstraáe;Sonstige;Minden;Kreis Minden-Lbbecke;6;6,0;26092;361;41;11,85
198493;Gummersbach, Gym Stdt. Lindengymnasium;Gymnasien;Gummersbach;Oberbergischen Kreis;2;2,0;26019;395;34;10,32
198511;Viersen, PS Kettelerstraáe;Sonstige;Viersen;Kreis Viersen;3;3,0;26473;300;54;11,85
198547;Beverungen, SK im Dreilndereck;Sekundarschulen;Beverungen;Kreis Hxter;3;3,0;26330;337;34;9,8
198560;Kln, GG Kln-Nippes;Grundschulen;Kln;Stadt Kln;3;3,0;26056;404;30;12,49
198572;Mlheim an der Ruhr, GG Brder-Grimm;Grundschulen;Mlheim a.d.Ruhr;Stadt Mlheim a.d.Ruhr;7;7,0;26056;404;30;12,49
198602;Mnster, PS Hogenbergstraáe;Sonstige;Mnster;Stadt Mnster;5;5,0;26092;361;41;11,85
198626;Titz, PS Schulstraáe;Sonstige;Titz;Kreis Dren;2;2,0;26092;361;41;11,85
198638;Schalksmhle, PS Lh;Sonstige;Schalksmhle;Mrkischen Kreis;3;3,0;26092;361;41;11,85
198651;Hxter, SK Im Flor;Sekundarschulen;Hxter;Kreis Hxter;4;4,0;26330;337;34;9,19
198675;Hrth, GE Sudetenstraáe;Gesamtschulen;Hrth;Rhein-Erft-Kreis;4;4,0;25647;475;20;10,36
198699;Schloá Holte-Stukenbrock, GE Jahnstraáe;Gesamtschulen;Schloss Holte-Stukenbrock;Kreis Gtersloh;2;2,0;25995;407;35;12,73
198705;Delbrck, GE Driftweg;Gesamtschulen;Delbrck;Kreis Paderborn;2;2,0;25097;312;27;10,36
198717;Solingen, GE Hhscheid;Gesamtschulen;Solingen;Stadt Solingen;7;7,0;25995;407;35;9,85
198729;Kempen, GE Wachtendonker Straáe;Gesamtschulen;Kempen;Kreis Viersen;2;2,0;26473;300;54;11,45
198730;Emmerich am Rhein, GE Paaltjessteege;Gesamtschulen;Emmerich am Rhein;Kreis Kleve;5;5,0;23865;317;135;12,29
198742;Kln, GE Trude-Herr;Gesamtschulen;Kln;Stadt Kln;8;8,0;25995;407;35;10,36
198754;Stemwede, SK Stemweder-Berg-Schule;Sekundarschulen;Stemwede;Kreis Minden-Lbbecke;2;2,0;26330;337;34;12,71
198766;Pulheim, GE Kastanienallee;Gesamtschulen;Pulheim;Rhein-Erft-Kreis;3;3,0;25647;475;20;10,62
198778;Brilon, SK Heinrich-Lbke-Schule;Sekundarschulen;Brilon;Hochsauerlandkreis;3;3,0;27635;260;34;8,91
198780;Ense, SK Conrad-von-Ense-Schule;Sekundarschulen;Ense;Kreis Soest;2;2,0;25849;304;39;10,25
198791;Hagen, SK Friedensschule;Sekundarschulen;Hagen;Stadt Hagen;9;9,0;26330;337;34;8,59
198808;Hagen, SK Liselotte-Funcke-Schule;Sekundarschulen;Hagen;Stadt Hagen;7;7,0;26330;337;34;8,59
198821;Lennestadt, SK Hundem-Lenne;Sekundarschulen;Lennestadt;Kreis Olpe;2;2,0;29108;134;9;9,75
198833;Marsberg, SK Schule am Eresberg;Sekundarschulen;Marsberg;Hochsauerlandkreis;3;3,0;27635;260;34;10,3
198857;Mhnesee, SK Mhnesee-Schule;Sekundarschulen;Mhnesee;Kreis Soest;1;1,0;25849;304;39;9,19
198870;Selm, SK Selma-Lagerlf;Sekundarschulen;Selm;Kreis Unna;5;5,0;24163;396;10;7,86
198882;Warstein, SK Pietrapaola-Platz;Sekundarschulen;Warstein;Kreis Soest;3;3,0;25849;304;39;8,17
198894;Neuss, GE Norf;Gesamtschulen;Neuss;Rhein-Kreis Neuss;3;3,0;27956;455;43;11,14
198912;Kln, GE Kln-Innenstadt;Gesamtschulen;Kln;Stadt Kln;3;3,0;25995;407;35;10,36
198948;Wermelskirchen, SK Wirtsmhlerstraáe;Sekundarschulen;Wermelskirchen;Rheinisch-Bergischen Kreis;4;4,0;26330;337;34;8,13
198950;Rheinbach, GE Rheinbach;Gesamtschulen;Rheinbach;Rhein-Sieg-Kreis;3;3,0;27167;605;50;10,38
198961;Rahden, SK Freiherr-vom-Stein-Straáe;Sekundarschulen;Rahden (Westf.);Kreis Minden-Lbbecke;2;2,0;26330;337;34;9,19
198973;Halle, GE Wasserwerkstraáe;Gesamtschulen;Halle (Westf.);Kreis Gtersloh;3;3,0;25995;407;35;10,85
198985;Westerkappeln, GE Osnabrcker Str.;Gesamtschulen;Westerkappeln;Kreis Steinfurt;3;3,0;25795;453;45;10,1
198997;Kevelaer, GE Kevelaer;Gesamtschulen;Kevelaer;Kreis Kleve;5;5,0;23865;317;135;10,76
199000;Elsdorf, GE Gladbacher Straáe;Gesamtschulen;Elsdorf;Rhein-Erft-Kreis;3;3,0;25647;475;20;10,62
199011;Heinsberg, GE Heinsberg-Waldfeucht;Gesamtschulen;Heinsberg;Kreis Heinsberg;4;4,0;23751;260;21;11,46
199023;Euskirchen, GE Geschwister-Graf;Gesamtschulen;Euskirchen;Kreis Euskirchen;5;5,0;24805;196;18;9,93
199047;Blomberg, SK Ulmenallee;Sekundarschulen;Blomberg;Kreis Lippe;3;3,0;24993;348;32;9,5
199059;Dormagen, SK Rachel-Carson;Sekundarschulen;Dormagen;Rhein-Kreis Neuss;5;5,0;27956;455;43;10,09
199084;Duisburg, SK Am Biegerpark;Sekundarschulen;Duisburg;Stadt Duisburg;5;5,0;26330;337;34;10,83
199096;Duisburg, SK Justus-von-Liebig-Schule;Sekundarschulen;Duisburg;Stadt Duisburg;7;7,0;26330;337;34;10,83
199114;Gelsenkirchen, GE Erle;Gesamtschulen;Gelsenkirchen;Stadt Gelsenkirchen;6;6,0;25995;407;35;9,67
199163;Gronau, GE Laubstiege;Gesamtschulen;Gronau (Westf.);Kreis Borken;6;6,0;26582;376;53;11,52
199175;Aldenhoven, GE Pestalozziring;Gesamtschulen;Aldenhoven;Kreis Dren;3;3,0;25995;407;35;11,07
199187;Heek, SK Donaustraáe;Sekundarschulen;Heek;Kreis Borken;3;3,0;26582;376;53;8,5
199199;Schppingen, SK Bergstiege;Sekundarschulen;Schppingen;Kreis Borken;3;3,0;26582;376;53;9,19
199310;Niederkassel, GE Kopernikusstraáe;Gesamtschulen;Niederkassel;Rhein-Sieg-Kreis;4;4,0;27167;605;50;10,93
199333;Neukirchen-Vluyn, GE Tersteegenstraáe;Gesamtschulen;Neukirchen-Vluyn;Kreis Wesel;3;3,0;25299;463;33;10,88
199345;Kln, GG Heliosschule;Grundschulen;Kln;Stadt Kln;1;1,0;26056;404;30;12,49
199357;Neuss, GG Allerheiligen;Grundschulen;Neuss;Rhein-Kreis Neuss;4;4,0;27956;455;43;13,02
199369;Kleve, GG Montessorischule d.Stadt Kleve;Grundschulen;Kleve;Kreis Kleve;7;7,0;23865;317;135;12,35
199400;Recklinghausen, GG (Verb) Suderwich;Grundschulen;Recklinghausen;Kreis Recklinghausen;4;4,0;23341;616;22;13,2
199412;Halver, SK Humboldtschule;Sekundarschulen;Halver;Mrkischen Kreis;4;4,0;26330;337;34;8,64
199436;Iserlohn, GE Seilersee;Gesamtschulen;Iserlohn;Mrkischen Kreis;4;4,0;25995;407;35;10,05
199450;Soest, SK Troyesweg;Sekundarschulen;Soest;Kreis Soest;5;5,0;25849;304;39;8,74
199461;Leichlingen, SK Am Hammer;Sekundarschulen;Leichlingen (Rhld.);Rheinisch-Bergischen Kreis;3;3,0;26330;337;34;9,25
199497;Voerde, GE Comenius;Gesamtschulen;Voerde (Niederrhein);Kreis Wesel;3;3,0;25299;463;33;11,06
199503;Mechernich, GE Heinrich-Heidenthal-Str.;Gesamtschulen;Mechernich;Kreis Euskirchen;2;2,0;24805;196;18;11,44
199515;Wrselen, GE Krottstraáe;Gesamtschulen;Wrselen;Stdteregion Aachen;5;5,0;25995;407;35;10,36
199527;Leverkusen, SK Neukronenberger Straáe;Sekundarschulen;Leverkusen;Stadt Leverkusen;4;4,0;26330;337;34;9,09
199564;Gladbeck, GG (Verb.) Mosaikschule;Grundschulen;Gladbeck;Kreis Recklinghausen;6;6,0;23341;616;22;13,73
199590;Bottrop, SK Kirchhellen;Sekundarschulen;Bottrop;Stadt Bottrop;3;3,0;26330;337;34;10,44
199606;Dsseldorf, GE Maria-Montessori;Gesamtschulen;Dsseldorf;Stadt Dsseldorf;6;6,0;25995;407;35;10,36
199620;Ldinghausen, SK Tllinghofer Str.;Sekundarschulen;Ldinghausen;Kreis Coesfeld;3;3,0;27654;223;39;9,19
199631;Menden, Gym an der Hnne;Gymnasien;Menden (Sauerland);Mrkischen Kreis;2;2,0;26019;395;34;11,84
199680;Lohmar, GE Hermann-Lns-Straáe;Gesamtschulen;Lohmar;Rhein-Sieg-Kreis;2;2,0;27167;605;50;11,53
199795;Burbach, SK Gem.SK.Burbach-Neunkirchen;Sekundarschulen;Burbach;Kreis Siegen-Wittgenstein;3;3,0;26737;276;9;8,65
199801;Lippetal, GE Lippetalschule;Gesamtschulen;Lippetal;Kreis Soest;1;1,0;25849;304;39;9,26
199813;Siegen, GE Auf dem Schieáberg;Gesamtschulen;Siegen;Kreis Siegen-Wittgenstein;6;6,0;26737;276;9;9,31
199825;Schwerte, GE Theodor-Fleitmann;Gesamtschulen;Schwerte;Kreis Unna;5;5,0;24163;396;10;10,7
199862;Willebadessen, SK Eggeschule;Sekundarschulen;Willebadessen;Kreis Hxter;1;1,0;26330;337;34;9,5
199874;Gladbeck, GG (Verb.) Sdparkschule;Grundschulen;Gladbeck;Kreis Recklinghausen;9;9,0;23341;616;22;13,73
199886;Mnster, GE Mathilde-Anneke;Gesamtschulen;Mnster;Stadt Mnster;3;3,0;25995;407;35;10,36
199898;Radevormwald, SK Hermannstraáe;Sekundarschulen;Radevormwald;Oberbergischen Kreis;4;4,0;26330;337;34;11,33
199904;Jchen, GE Stadionstraáe;Gesamtschulen;Jchen;Rhein-Kreis Neuss;3;3,0;27956;455;43;10,36
199916;Dsseldorf, GE Stettiner Straáe;Gesamtschulen;Dsseldorf;Stadt Dsseldorf;7;7,0;25995;407;35;10,36
199930;Bren, GE Kleffnerstraáe;Gesamtschulen;Bren;Kreis Paderborn;3;3,0;25097;312;27;10,36
199941;Krefeld, GE am Botanischen Garten;Gesamtschulen;Krefeld;Stadt Krefeld;6;6,0;25995;407;35;10,95
199965;Ostbevern, SK Josef-Annegarn;Sekundarschulen;Ostbevern;Kreis Warendorf;4;4,0;27091;280;45;9,73
199977;Borken, GE Julia-Koppers-Gesamtschule;Gesamtschulen;Borken;Kreis Borken;3;3,0;26582;376;53;10,65
199989;Brakel, GG Brakel;Grundschulen;Brakel;Kreis Hxter;2;2,0;26056;404;30;12,7
