Schulnummer,Schulname,Schulform,Adresse,PLZ,Gemeinde,lat,lon,source
100000,"Bochum, WBK KOL Studienkolleg",Weiterbildungskolleg,"Girondelle, Girondelle 80",44799,Bochum,51.45473382496077,7.2466661715997525,ogc-api-nrw
100010,"Köln, Gym Gymnasium Claudia Agrippina",Gymnasium,"Stolberger Str., Stolberger Str. 112",50933,Köln,50.942171528308336,6.897017373118707,ogc-api-nrw
100011,"Haan, GE Walder Straße",Gesamtschule,"Walder Str., Walder Str. 15",42781,Haan,51.19332652224788,7.017391556924394,ogc-api-nrw
100012,"Leverkusen, GG Am Friedenspark",Grundschule,"Netzestr., Netzestr. 12",51371,Leverkusen,51.05994454808761,6.953222982461719,ogc-api-nrw
100014,"Herne, GG Kolibri-Schule",Grundschule,"Jean-Vogel-Str., Jean-Vogel-Str. 36",44625,Herne,51.5283164110719,7.224247650705774,ogc-api-nrw
100015,"Düsseldorf, Gym Wim-Wenders",Gymnasium,"Schmiedestr., Schmiedestr. 25",40227,Düsseldorf,51.21083630156683,6.805803865481173,ogc-api-nrw
100016,"Stolberg, GE Kupferstädter",Gesamtschule,"Breslauer Str., Breslauer Str. 1",52222,Stolberg (Rhld.),50.78223077571873,6.227247982515128,ogc-api-nrw
100017,"Hürth, GG Bonnstraße",Grundschule,"Bonnstr., Bonnstr. 109",50354,Hürth,50.88003478345326,6.883197628106646,ogc-api-nrw
100018,"Essen, FW Schellstraße",Waldorfschule,"Schellstr., Schellstr. 47",45134,Essen,51.41488616720634,7.029305136444026,ogc-api-nrw
100019,"Kleve, GE Joseph Beuys",Gesamtschule,"Ackerstr., Ackerstr. 80",47533,Kleve,51.78012085133348,6.123004498634171,ogc-api-nrw
100020,"Düsseldorf, KG Kartause-Hain-Schule",Grundschule,"Unterrather Str., Unterrather Str. 76",40468,Düsseldorf,51.27500041458586,6.783118163917975,ogc-api-nrw
100021,"Tönisvorst, GE Rupert-Neudeck",Gesamtschule,"Corneliusstr., Corneliusstr. 25",47918,Tönisvorst,51.31686777195521,6.485940376240698,ogc-api-nrw
100022,"Medebach, SK Medebach-Winterberg",Sekundarschule,"Schützenstr., Schützenstr. 12",59964,Medebach,51.1942764590833,8.701027915804662,ogc-api-nrw
100023,"Lengerich, GE Lengerich/Tecklenburg",Gesamtschule,"Bahnhofstr., Bahnhofstr. 114",49525,Lengerich,52.182098833988924,7.869015853106885,ogc-api-nrw
100024,"Gronau, GE Euregioschule",Gesamtschule,"Gildehauser Damm, Gildehauser Damm 49",48599,Gronau (Westf.),52.186165712374844,7.040683541770002,ogc-api-nrw
100025,"Sendenhorst, GE Teigelkamp",Gesamtschule,"Teigelkamp, Teigelkamp 5",48324,Sendenhorst,51.84042424961268,7.833746518642972,ogc-api-nrw
100026,"Bad Driburg, GG Schule unter der Iburg",Grundschule,"Jahnstr., Jahnstr. 12",33014,Bad Driburg,51.73448808266994,9.015161618989527,ogc-api-nrw
100027,"Münster, FÖ SL Kompass-Schule",Förderschule,"Bröderichweg, Bröderichweg 36",48159,Münster,51.99289614670009,7.61636657181525,ogc-api-nrw
100028,"Essen, RS im Bezirk Zollverein",Realschule,"Gelsenkirchener Str., Gelsenkirchener Str. 138 a",45309,Essen,51.48461132961693,7.04557202324793,ogc-api-nrw
100029,"Oberhausen,GG Schule a. d. Oranienstraße",Grundschule,"Oranienstr., Oranienstr. 57",46147,Oberhausen,51.53912788201337,6.811447270931203,ogc-api-nrw
100032,"Brühl, GG (Verb.) Regenbogenschule",Grundschule,"Kaiserstr., Kaiserstr. 158",50321,Brühl,50.836528252524516,6.890493465277283,ogc-api-nrw
100033,"Schleiden, RS Clara-Fey-Schule",Realschule,"Malmedyer Str., Malmedyer Str. 2",53937,Schleiden,50.53128907974141,6.482215201750368,ogc-api-nrw
100035,"Detmold, BK August-Hermann-Francke",Berufskolleg,"Georgstr., Georgstr. 24",32756,Detmold,51.94998041967195,8.87752997362146,ogc-api-nrw
100036,"Köln, GE Gesamtschule Helios",Gesamtschule,"Overbeckstr., Overbeckstr. 71-73",50823,Köln,50.95561000913762,6.927794603745337,ogc-api-nrw
100037,"Bochum, BK Matthias-Claudius-Schule",Berufskolleg,"Weitmarer Str., Weitmarer Str. 115b",44795,Bochum,51.45545131892097,7.189163033534447,ogc-api-nrw
100038,"Lüdenscheid, GG Wefelshohl",Grundschule,"Gustavstr., Gustavstr. 35",58511,Lüdenscheid,51.212403179289105,7.6549384620557275,ogc-api-nrw
100039,"Ruppichteroth, WG St. Albert",Grundschule,"Zum Brölbach, Zum Brölbach 2",53809,Ruppichteroth,50.8377884083336,7.4127743994347135,ogc-api-nrw
100040,"Köln, Gym Neue Sandkaul",Gymnasium,"Neue Sandkaul, Neue Sandkaul 29",50859,Köln,50.96279153767251,6.838748590677399,ogc-api-nrw
100041,"Köln, GE Wasseramselweg",Gesamtschule,"Wasseramselweg, Wasseramselweg 2",50829,Köln,50.95047554228342,6.878773787505323,ogc-api-nrw
100042,"Geldern, GE Königsberger Straße",Gesamtschule,"Königsberger Str., Königsberger Str. 60",47608,Geldern,51.526983162921546,6.3298624083188315,ogc-api-nrw
100044,"Gütersloh, GE an der Ahornallee",Gesamtschule,"Ahornallee, Ahornallee 46",33330,Gütersloh,51.927326255346415,8.391838578822087,ogc-api-nrw
100045,"Bielefeld, RS am Schlehenweg",Realschule,"Schlehenweg, Schlehenweg 24",33609,Bielefeld,52.047316916111136,8.590728802452116,ogc-api-nrw
100046,"Bielefeld, SK Königsbrügge",Sekundarschule,"Fritz-Reuter-Str., Fritz-Reuter-Str. 30",33604,Bielefeld,52.012094204893906,8.554623860921128,ogc-api-nrw
100047,"Bielefeld, SK Gellershagen",Sekundarschule,"Am Brodhagen, Am Brodhagen 50",33613,Bielefeld,52.04182653229837,8.515661621251471,ogc-api-nrw
100048,"Bochum, GE Bochum-Mitte",Gesamtschule,"Feldsieper Str., Feldsieper Str. 94",44809,Bochum,51.494540945714654,7.2071781060044975,ogc-api-nrw
100049,"Aachen, GG dreieins-Grundschule Priv.Er.",Grundschule,"Hander Weg, Hander Weg 95",52072,Aachen,50.80410715093954,6.053113287280958,ogc-api-nrw
100051,"Hamm, GE Arnold-Freymuth-Gesamtschule",Gesamtschule,"Fangstr., Fangstr. 17",59077,Hamm,51.65913508743243,7.745067616023535,ogc-api-nrw
100052,"Neuss, GE Comenius-Gesamtschule",Gesamtschule,"Weberstr., Weberstr. 90a",41464,Neuss,51.18255343533446,6.691911027503142,ogc-api-nrw
100053,"Dorsten, SK Juliusstraße",Sekundarschule,"Juliusstr., Juliusstr. 1",46284,Dorsten,51.675878160171024,6.957286890062893,ogc-api-nrw
100054,"Wuppertal, GG Matthäusstraße",Grundschule,"Rathenaustr., Rathenaustr. 22",42277,Wuppertal,51.27832017721859,7.21449152017653,ogc-api-nrw
100057,"Gütersloh, KR Klinikschule im Füchtei",Förderschule,"Im Füchtei, Im Füchtei 148",33334,Gütersloh,51.89714975734666,8.346189579731709,ogc-api-nrw
100058,"Münster, WBK RS, Gym Uppenkampstiege",Weiterbildungskolleg,"Uppenkampstiege, Uppenkampstiege 21",48147,Münster,51.976247505083556,7.626678345817582,ogc-api-nrw
100059,"Mönchengladbach, GG FASAN Freie Aktive",Grundschule,"Alsstr., Alsstr. 70-72",41063,Mönchengladbach,51.20376613159829,6.452577096074355,ogc-api-nrw
100060,"Mönchengladbach, BK Textilakademie NRW",Berufskolleg,"Rheydter Str., Rheydter Str. 329",41065,Mönchengladbach,51.17809066730397,6.440757364253293,ogc-api-nrw
100061,"Düsseldorf, GG Steinkaul",Grundschule,"Steinkaul, Steinkaul 27",40589,Düsseldorf,51.16989143407733,6.806446544339555,ogc-api-nrw
100062,"Paderborn, KR Klinikschule LWL",Förderschule,"Am Ostfriedhof, Am Ostfriedhof 10",33098,Paderborn,51.71809701083113,8.765217247100926,ogc-api-nrw
100063,"Wesel, GE Ida Noddack",Gesamtschule,"Martinistr., Martinistr. 12",46483,Wesel,51.65998391796205,6.612486446557457,ogc-api-nrw
100064,"Bonn, GG Am Apfelgarten",Grundschule,"Schlesienstr., Schlesienstr. 588",53119,Bonn,50.75530603805299,7.057839082715253,ogc-api-nrw
100065,"Münster, GG Wolbeck - Nord",Grundschule,"Grenkuhlenweg, Grenkuhlenweg 21",48167,Münster,51.92523059057351,7.728468117508948,ogc-api-nrw
100066,"Essen, GH Glückauf-Schule",Hauptschule,"Bischoffstr., Bischoffstr. 120",45329,Essen,51.50230377618079,7.01951244670972,ogc-api-nrw
100067,"Düsseldorf, KG Niederkassel",Grundschule,"Niederkasseler Str., Niederkasseler Str. 36",40547,Düsseldorf,51.237388749299235,6.7538524758300085,ogc-api-nrw
100068,"Köln, GE Berrenrather Straße",Gesamtschule,"Berrenrather Str., Berrenrather Str. 488",50937,Köln,50.90743156686842,6.913235280565653,ogc-api-nrw
100069,"Monheim am Rhein, GE Ulla-Hahn",Gesamtschule,"Berliner Ring, Berliner Ring 5",40789,Monheim am Rhein,51.084944373094615,6.887391609781187,ogc-api-nrw
100070,"Velbert, GE Waldschlösschen",Gesamtschule,"Waldschlößchen, Waldschlößchen 37",42553,Velbert,51.304056210723616,7.080799417599533,ogc-api-nrw
100071,"Köln, GE Dellbrücker Mauspfad",Gesamtschule,"Dellbrücker Mauspfad, Dellbrücker Mauspfad 198-200",51069,Köln,50.97009844186701,7.068348777714914,ogc-api-nrw
100073,"Paderborn, KG St. Michael",Grundschule,"Am Abdinghof, Am Abdinghof 6",33098,Paderborn,51.71897279774148,8.753805556995522,ogc-api-nrw
100074,"Altena, FÖ SQ, LE Hundertwasser-Schule",Förderschule,"Nüggelnstück, Nüggelnstück 3",58762,Altena,51.259094134283664,7.662089301904641,ogc-api-nrw
100075,"Ahlen, FÖ SL Regenbogenschulhaus",Förderschule,"Im Pattenmeicheln, Im Pattenmeicheln 14",59229,Ahlen,51.75378738680851,7.891163895938756,ogc-api-nrw
100076,"Bad Driburg, GG St. Walburga Neuenheerse",Grundschule,"Taildor, Taildor 8",33014,Bad Driburg,51.67399483028109,8.999262452692877,ogc-api-nrw
100077,"Dinslaken, GE Hiesfeld",Gesamtschule,"Kirchstr., Kirchstr. 65",46539,Dinslaken,51.56465483116425,6.77061262886473,ogc-api-nrw
100078,"Köln, GG LOGOS",Grundschule,"Arnsberger Str., Arnsberger Str. 11",51065,Köln,50.95431403055092,7.014696195284404,ogc-api-nrw
100079,"Düsseldorf, KG Paulus Schule",Grundschule,"Paulusplatz, Paulusplatz 1",40237,Düsseldorf,51.235929991819376,6.804452294725004,ogc-api-nrw
100081,"Kamp-Lintfort, FÖ LE,ES Sch.a.Niederrhei",Förderschule,"Friedrich-Heinrich-Allee, Friedrich-Heinrich-Allee 24",47475,Kamp-Lintfort,51.50030338730563,6.54441574351039,ogc-api-nrw
100082,"Altenbeken, RS Altenbeken",Realschule,"Gardeweg, Gardeweg 7",33184,Altenbeken,51.75975859883839,8.942362382977684,ogc-api-nrw
100083,"Bergkamen, EG Felix-Manz-Schule",Grundschule,"Kleiweg, Kleiweg 10",59192,Bergkamen,51.61165707724515,7.6147171557065745,ogc-api-nrw
100084,"Lippstadt, GG Zukunftsschule",Grundschule,"Im Eichholz, Im Eichholz 12-14",59556,Lippstadt,51.71191813736295,8.32867252436545,ogc-api-nrw
100085,"Duisburg, GE Green-Gesamtschule",Gesamtschule,"Körnerplatz, Körnerplatz 2",47226,Duisburg,51.403765469948915,6.710019399987755,ogc-api-nrw
100086,"Hagen, GE Priv. Ökumenische Montessori",Gesamtschule,"Am Höing, Am Höing 12",58097,Hagen,51.36714782343744,7.479240164662324,ogc-api-nrw
100087,"Uedem, FW Niederrhein-Aue",Waldorfschule,"Meursfeldstr., Meursfeldstr. 8",47589,Uedem,51.66424511178531,6.273462810431023,ogc-api-nrw
100088,"Velbert, GG Kastanienallee",Grundschule,"Kastanienallee, Kastanienallee 23",42549,Velbert,51.33395758772701,7.047033840594965,ogc-api-nrw
100089,"Bornheim, GE Bornheim 2",Gesamtschule,"Beethovenstr., Beethovenstr. 57",53332,Bornheim,50.775255712945075,6.923266849791341,ogc-api-nrw
100090,"Essen, RS Kettwig",Realschule,"Brederbachstr., Brederbachstr. 19",45219,Essen,51.3674623366128,6.938718780175663,ogc-api-nrw
100091,"Lüdenscheid, GG Ida Gerhardi",Grundschule,"Freiherr-vom-Stein-Str., Freiherr-vom-Stein-Str. 52",58511,Lüdenscheid,51.20973441428381,7.627241850564566,ogc-api-nrw
100092,"Düsseldorf, KG Rather Kreuzweg",Grundschule,"Rather Kreuzweg, Rather Kreuzweg 21",40472,Düsseldorf,51.262789386314864,6.808060382618344,ogc-api-nrw
100093,"Beckum, GG an den Kastanien",Grundschule,"Brinkmannstr., Brinkmannstr. 3",59269,Beckum,51.75108740254973,8.04335661300878,ogc-api-nrw
100094,"Dorsten, GG Bonifatiusschule",Grundschule,"Pliesterbecker Str., Pliesterbecker Str. 76",46284,Dorsten,51.675371322474966,6.951422741791567,ogc-api-nrw
100095,"Königswinter,FÖ LE, SQ Drachenfelsschule",Förderschule,"Friedenstr., Friedenstr. 22",53639,Königswinter,50.69277133903748,7.183907434058596,ogc-api-nrw
100096,"Rösrath, GE Rösrath",Gesamtschule,"Freiherr-vom-Stein-Str., Freiherr-vom-Stein-Str. 25",51503,Rösrath,50.90378409818585,7.177699150457421,ogc-api-nrw
100097,"Düren, FÖ ES,LE, SQ Atheneé Royal",Förderschule,"Rudolf-Diesel-Str., Rudolf-Diesel-Str. 19",52351,Düren,50.777668861577716,6.511772821887433,ogc-api-nrw
100098,"Ahlen, GE Therese-Münsterteicher",Gesamtschule,"Sedanstr., Sedanstr. 54",59227,Ahlen,51.7707723949879,7.892081070969067,ogc-api-nrw
100099,"Kleve, FÖ SQ, LE, ES Frankenstr.",Förderschule,"Frankenstr., Frankenstr. 25",47533,Kleve,51.784607383007724,6.129563504269327,ogc-api-nrw
100101,"Bonn, FÖ LE, ES Schule am Hügel",Förderschule,"Am Propsthof, Am Propsthof 102",53121,Bonn,50.73343659231401,7.066722611186628,ogc-api-nrw
100102,"Bonn,FÖ LE, ES, SQ Schule am Rheingarten",Förderschule,"Ringstr., Ringstr. 69-71",53225,Bonn,50.73494630507622,7.126126789493771,ogc-api-nrw
100103,"Rheinberg, GE Europaschule Rheinberg",Gesamtschule,"Dr.-Aloys-Wittrup-Str., Dr.-Aloys-Wittrup-Str. 11",47495,Rheinberg,51.55161807845572,6.593758333698639,ogc-api-nrw
100104,"Neuenrade, SK Hönnequellschule",Sekundarschule,"Niederheide, Niederheide 3",58809,Neuenrade,51.28143063868518,7.786604388136395,ogc-api-nrw
100105,"Köln, KG am Bildungscampus",Grundschule,"Christian-Sünner-Str., Christian-Sünner-Str. 5",51103,Köln,50.935042906348635,7.009553470775333,ogc-api-nrw
100106,"Wermelskirchen, FÖ LE,ES,SQ Verbund Nord",Förderschule,"Robert-Stolz-Str., Robert-Stolz-Str. 19",42929,Wermelskirchen,51.14065851667086,7.2307879231052565,ogc-api-nrw
100107,Morsbach SK Leonardo-da-Vinci,Sekundarschule,"Hahner Str., Hahner Str. 31",51597,Morsbach,50.86752956799958,7.7227298076567985,ogc-api-nrw
100108,"Kalletal, SK Jacobischule",Sekundarschule,"Weinkamp, Weinkamp 14",32689,Kalletal,52.104067052542916,8.952796882077072,ogc-api-nrw
100109,"Düsseldorf, KG Marienschule",Grundschule,"Rheindorfer Weg, Rheindorfer Weg 20",40591,Düsseldorf,51.190211669810466,6.814326343582886,ogc-api-nrw
100111,"Langenberg, SK Konrad-Zuse",Sekundarschule,"Bentelerstr., Bentelerstr. 104",33449,Langenberg,51.763731664104675,8.32006486234375,ogc-api-nrw
100112,"Ascheberg, SK Bahnhofsweg",Sekundarschule,"Bahnhofsweg, Bahnhofsweg 5",59387,Ascheberg,51.78567133420683,7.611712318236276,ogc-api-nrw
100113,"Köln, GG Gaedestrasse",Grundschule,"Gaedestr., Gaedestr. 31",50968,Köln,50.89874458758335,6.961125664458453,ogc-api-nrw
100114,"Delbrück,BK Kolping-Sozial-Berufskolleg",Berufskolleg,"Springpatt, Springpatt 3",33129,Delbrück,51.75404597827542,8.469938167682926,ogc-api-nrw
100115,"Recklinghausen, GG Cornelia Funke Schule",Grundschule,"Bochumer Str., Bochumer Str. 22",45661,Recklinghausen,51.581571766762195,7.2124724770512065,ogc-api-nrw
100116,"Herne, GG Galileo-Schule",Grundschule,"Schulstr., Schulstr. 57",44623,Herne,51.54236214748069,7.223008623235095,ogc-api-nrw
100117,"Wachtendonk, RS Weitsicht! - Fr. Realsch",Realschule,"Schoelkensdyck, Schoelkensdyck 1",47669,Wachtendonk,51.404653730695365,6.334883719708138,ogc-api-nrw
100118,"Lage, FÖ LE Albert-Schweitzer",Förderschule,"Kampweg, Kampweg 11",32791,Lage,52.01466107780834,8.788381076392309,ogc-api-nrw
100119,"Herscheid, GG Rahlenberg",Grundschule,"Bergstr., Bergstr. 7",58849,Herscheid,51.1819826034742,7.74157204263462,ogc-api-nrw
100120,"Sonsbeck, RS Herrenstraße",Realschule,"Herrenstr., Herrenstr. 70",47665,Sonsbeck,51.60762719972502,6.374327677628867,ogc-api-nrw
100121,"Bochum, Gym Carolinenschule",Gymnasium,"Springorumallee, Springorumallee 1",44795,Bochum,51.45472235132929,7.209616833580043,ogc-api-nrw
100122,"Düsseldorf, KG Hermann Gmeiner Schule",Grundschule,"Schillstr., Schillstr. 7",40599,Düsseldorf,51.17828278273743,6.875142704925084,ogc-api-nrw
100123,"Heimbach, GG Freie Schule Eifel",Grundschule,"Karl-H.-Krischer-Platz, Karl-H.-Krischer-Platz 1",52396,Heimbach,50.634754673927674,6.47589669864432,ogc-api-nrw
100124,"Gangelt, GG AMSEL Grundschule",Grundschule,"Geilenkirchener Str., Geilenkirchener Str. 54",52538,Gangelt,51.00560933709538,6.0600280060816925,ogc-api-nrw
100125,"Neuenkirchen, GE Emmy-Noether",Gesamtschule,"Friedrich-Bülten-Str., Friedrich-Bülten-Str. 15",48485,Neuenkirchen,52.23959115666819,7.3729477882869,ogc-api-nrw
100126,"Castrop-Rauxel, GE Gesamtsch.Ickern",Gesamtschule,"Waldenburger Str., Waldenburger Str. 130",44581,Castrop-Rauxel,51.59876826757127,7.331123620577132,ogc-api-nrw
100127,"Aachen, GG Aachen International School",Grundschule,"Campus-Boulevard, Campus-Boulevard 60",52074,Aachen,50.784647345466865,6.044461954591601,ogc-api-nrw
100128,"Krefeld, GG Vulkanstraße",Grundschule,"Vulkanstr., Vulkanstr. 264",47807,Krefeld,51.308291738970446,6.556635249312959,ogc-api-nrw
100129,"Swisttal, GE Swisttal",Gesamtschule,"Blütenweg, Blütenweg 10",53913,Swisttal,50.71537017785304,6.920574629744397,ogc-api-nrw
100130,"Minden, SK Am Wiehen",Sekundarschule,"Schülerweg, Schülerweg 11",32429,Minden,52.2637027440707,8.875011749496348,ogc-api-nrw
100131,"Mettmann, GE Borner Weg",Gesamtschule,"Borner Weg, Borner Weg 5",40822,Mettmann,51.256452827019565,6.971866201824982,ogc-api-nrw
100132,"Dortmund, GE Reinoldi-Gesamtschule",Gesamtschule,"Im Odemsloh, Im Odemsloh 107",44357,Dortmund,51.54529123872004,7.368934867363328,ogc-api-nrw
100133,"Paderborn, BK Kolping Berufskolleg",Berufskolleg,"Otto-Stadler-Str., Otto-Stadler-Str. 9",33100,Paderborn,51.73675717698879,8.780746382909365,ogc-api-nrw
100135,"Gelsenkirchen, GG an der Ebersteinstraße",Grundschule,"Ebersteinstr., Ebersteinstr. 2",45881,Gelsenkirchen,51.524316401195634,7.100945368748944,ogc-api-nrw
100136,"Stolberg, FÖ LE,ES,SQ Schule Talstraße",Förderschule,"Talstr., Talstr. 26",52223,Stolberg (Rhld.),50.76725375686091,6.213652486821824,ogc-api-nrw
100137,"Krefeld, GG Felbelstraße",Grundschule,"Felbelstr., Felbelstr. 24-28",47799,Krefeld,51.3363190783185,6.567995203235427,ogc-api-nrw
100138,"Siegen, EG ""An der Weiß""",Grundschule,"Am Lohgraben, Am Lohgraben 38",57074,Siegen,50.871534272064885,8.030392753106467,ogc-api-nrw
100139,"Wuppertal, GE Eugen Lange",Gesamtschule,"Boltenheide, Boltenheide 4",42329,Wuppertal,51.22348679282345,7.088521308866884,ogc-api-nrw
100141,"Hennef, GG Freie Schule Rhein-Sieg",Grundschule,"Schulstr., Schulstr. 38",53773,Hennef (Sieg),50.77022934776815,7.263834814376948,ogc-api-nrw
100142,"Wettringen, RS Private Realschule",Realschule,"Bültstr., Bültstr. 2",48493,Wettringen,52.208334815832906,7.325264158826201,ogc-api-nrw
100143,"Monheim, GG Bregenzer Straße",Grundschule,"Bregenzer Str., Bregenzer Str. 12",40789,Monheim am Rhein,51.12056016373157,6.901929217282621,ogc-api-nrw
100144,"Monheim, GG Im Pfingsterfeld",Grundschule,"Louise-Bourgeois-Platz, Louise-Bourgeois-Platz 1",40789,Monheim am Rhein,51.08055508509754,6.897343447337464,ogc-api-nrw
100145,"Köln, Gym Zusestraße",Gymnasium,"Zusestr., Zusestr. 47",50859,Köln,50.95114684878084,6.838391916289097,ogc-api-nrw
100147,"Köln, Gym Müngersdorf",Gymnasium,"Aachener Str., Aachener Str. 744 - 750",50933,Köln,50.93814410777126,6.879221254633578,ogc-api-nrw
100148,"Bergheim, GG Hermann-Gmeiner-Schule",Grundschule,"Grevenbroicher Str., Grevenbroicher Str. 11",50126,Bergheim,50.970559080690535,6.594835323127087,ogc-api-nrw
100149,"Bergheim, GG Odilia-Weidenfeld",Grundschule,"Nikolaus-Adams-Str., Nikolaus-Adams-Str. 75",50129,Bergheim,51.0141206594917,6.68578613138741,ogc-api-nrw
100150,"Alsdorf, FÖ ES, LE, SQ Elisabethschule",Förderschule,"Elisabethstr., Elisabethstr. 24",52477,Alsdorf,50.8796158683348,6.15357752251135,ogc-api-nrw
100151,"Halle, FÖ LE, ES Bredenstr.",Förderschule,"Bredenstr., Bredenstr. 3",33790,Halle (Westf.),52.05139874809831,8.370409520573075,ogc-api-nrw
100152,"Hamminkeln, FÖ ES, LE Wilhelmine-Bräm",Förderschule,"Wolfsdeich, Wolfsdeich 10",46499,Hamminkeln,51.741299809220784,6.612445027007106,ogc-api-nrw
100153,"Witten, GE Otto-Schott-Gesamtschule",Gesamtschule,"Rhienscher Berg, Rhienscher Berg 12",58452,Witten,51.43635197968102,7.348143453870793,ogc-api-nrw
100154,"Meinerzhagen, FÖ ES,SQ,LE Phönix-Schule",Förderschule,"Königsberger Str., Königsberger Str. 12",58540,Meinerzhagen,51.10067542223712,7.643143741454987,ogc-api-nrw
100155,"Hürth, KR Klinikschule",Förderschule,"Zum Konraderhof, Zum Konraderhof 5",50354,Hürth,50.867300426110056,6.914218082528155,ogc-api-nrw
100156,"Ibbenbüren,GE Freie Schule Tecklenb.Land",Gesamtschule,"Wilhelmstr., Wilhelmstr. 243",49479,Ibbenbüren,52.26977943883726,7.742770079237834,ogc-api-nrw
100157,"Krefeld, GG Westparkstraße",Grundschule,"Westparkstr., Westparkstr. 1",47803,Krefeld,51.336413663461,6.550530751957456,ogc-api-nrw
100158,"Düsseldorf, KG Josef-Kleesattel-Str.",Grundschule,"Josef-Kleesattel-Str., Josef-Kleesattel-Str. 13",40595,Düsseldorf,51.14524835461213,6.888985305768593,ogc-api-nrw
100159,"Köln, GG Alfons-Nowak-Straße",Grundschule,"Alfons-Nowak-Str., Alfons-Nowak-Str. 2",50858,Köln,50.930188262174866,6.859715549776326,ogc-api-nrw
100160,"Düsseldorf, GG Kaiserswerth",Grundschule,"Fliednerstr., Fliednerstr. 32",40489,Düsseldorf,51.302253794259684,6.738147064548682,ogc-api-nrw
100161,"Köln, GG Offene-Grundschule Köln",Grundschule,"Sürther Str., Sürther Str. 199",50999,Köln,50.871604751513765,7.006088847390391,ogc-api-nrw
100162,"Herne, SK Quinoa",Sekundarschule,"Drögenkamp, Drögenkamp 10",44653,Herne,51.54547703543721,7.183311817238484,ogc-api-nrw
100163,"Velbert, GG Bleiberquelle",Grundschule,"Bleibergstr., Bleibergstr. 139",42551,Velbert,51.34031756331202,7.079773112901958,ogc-api-nrw
100164,"Isselburg, GE Fr. Gesamtschule Weitblick",Gesamtschule,"Stromberg, Stromberg 2-4",46419,Isselburg,51.838285675545144,6.455724467147842,ogc-api-nrw
100165,"Lippstadt, FÖ BK INI",Förderschule,"Südstr., Südstr. 18",59557,Lippstadt,51.661473347364016,8.349081066950305,ogc-api-nrw
100166,"Minden, BK Freies Evang. Berufskolleg",Berufskolleg,"Kingsleyallee, Kingsleyallee 5",32425,Minden,52.31162031593144,8.881888424585963,ogc-api-nrw
100167,"Kamp-Lintfort, GG Vinnstraße",Grundschule,"Vinnstr., Vinnstr. 40",47475,Kamp-Lintfort,51.48868358285923,6.555167757942479,ogc-api-nrw
100168,"Köln, GG Freie Naturschulen",Grundschule,"An der Wachsfabrik, An der Wachsfabrik 25",50996,Köln,50.86920115642251,6.999127559056674,ogc-api-nrw
100169,"Köln, GE Freie Naturschulen",Gesamtschule,"An der Wachsfabrik, An der Wachsfabrik 25",50996,Köln,50.86920115642251,6.999127559056674,ogc-api-nrw
100170,"Windeck,SK Bildungs-Alternative-Oberberg",Sekundarschule,"Weyerbuscher Str., Weyerbuscher Str. 47",51570,Windeck,50.7607643944897,7.561528931464147,ogc-api-nrw
100171,"Düsseldorf, KG Unter den Eichen",Grundschule,"Unter den Eichen, Unter den Eichen 26",40625,Düsseldorf,51.23269620183603,6.85753772324949,ogc-api-nrw
100172,"Grevenbroich, GE 3. Gesamtschule",Gesamtschule,"Bergheimer Str., Bergheimer Str. 49-51",41515,Grevenbroich,51.08746153543493,6.579448603875577,ogc-api-nrw
100173,"Wermelskirchen, GE Wirtsmühler Str.",Gesamtschule,"Weyersbusch, Weyersbusch 9",42929,Wermelskirchen,51.14224313435908,7.225566337055737,ogc-api-nrw
100174,"Alfter, Gym Alfter",Gymnasium,"Am Rathaus, Am Rathaus 11",53347,Alfter,50.720717193742196,7.026357518417894,ogc-api-nrw
100175,"Siegen, GE Am Rosterberg",Gesamtschule,"Rosterstr., Rosterstr. 143",57074,Siegen,50.861564707265764,8.018990501458317,ogc-api-nrw
100176,"Grefrath, GG Oedt",Grundschule,"Am Schwarzen Graben, Am Schwarzen Graben 3",47929,Grefrath,51.32435730498972,6.376406736086666,ogc-api-nrw
100177,"Dortmund, GE im Süden",Gesamtschule,"Am Lieberfeld, Am Lieberfeld 13",44265,Dortmund,51.466510740852726,7.489299306616538,ogc-api-nrw
100178,"Gronau, GG Grüne-Aue-Schule",Grundschule,"Grünstiege, Grünstiege 64",48599,Gronau (Westf.),52.21232118416999,7.038390845751031,ogc-api-nrw
100179,"Heinsberg, FÖ LE,SQ,ES Floßbachschule",Förderschule,"Parkstr., Parkstr. 20",52525,Heinsberg,51.05810643061447,6.148290585808333,ogc-api-nrw
100180,"Köln, FÖ LE Berliner Str. (Westhoven)",Förderschule,"Berliner Str., Berliner Str. 36",51149,Köln,50.899881596270355,7.023028692044393,ogc-api-nrw
100181,"Köln, BK FRÖBEL-Fachschule",Berufskolleg,"Salierring, Salierring 47 - 53",50677,Köln,50.92816336761723,6.942676675275794,ogc-api-nrw
100182,"Wuppertal, GG Offene Grundschule Gewerbe",Grundschule,"Rudolf-Steiner-Str., Rudolf-Steiner-Str. 10",42285,Wuppertal,51.25853509524697,7.181175609362367,ogc-api-nrw
100183,"Düsseldorf, KG Christophorus",Grundschule,"Werstener Friedhofstr., Werstener Friedhofstr. 10",40591,Düsseldorf,51.18611507935569,6.827600193620063,ogc-api-nrw
100184,"Velbert, GG Grünstraße",Grundschule,"Grünstr., Grünstr. 33",42551,Velbert,51.33971791658985,7.051096401625012,ogc-api-nrw
100185,"Düsseldorf, GE Élise Freinet",Gesamtschule,"Aldekerkstr., Aldekerkstr. 23",40549,Düsseldorf,51.232921365890554,6.706695878491039,ogc-api-nrw
100186,"Düsseldorf, RS Borbecker Straße",Realschule,"Borbecker Str., Borbecker Str. 25",40472,Düsseldorf,51.27227631022182,6.792683434538372,ogc-api-nrw
100187,"Düsseldorf, Gym Bernburger Straße",Gymnasium,"Bernburger Str., Bernburger Str. 44",40229,Düsseldorf,51.200338469529434,6.836092631243873,ogc-api-nrw
100189,"Hagen, GG Wehringhausen",Grundschule,"Minervastr., Minervastr. 37",58089,Hagen,51.35125357098049,7.451460961425086,ogc-api-nrw
100191,"Moers, GG Annastraße",Grundschule,"Annastr., Annastr. 29 - 31",47441,Moers,51.444612317984515,6.64237818290168,ogc-api-nrw
100192,"Bielefeld, GG Gellershagen",Grundschule,"Gutenbergstr., Gutenbergstr. 19",33615,Bielefeld,52.03272100395072,8.52284457306836,ogc-api-nrw
100193,"Bielefeld, GG Sieker",Grundschule,"Otto-Brenner-Str., Otto-Brenner-Str. 45",33607,Bielefeld,52.02054981329827,8.56778702183949,ogc-api-nrw
100196,"Minden, GG an der Bastau",Grundschule,"Piwittskamp, Piwittskamp 38",32429,Minden,52.282149347394224,8.881805549201589,ogc-api-nrw
100197,"Bad Salzuflen, GG Holzhausen",Grundschule,"Alt-Sylbacher-Weg, Alt-Sylbacher-Weg 9",32107,Bad Salzuflen,52.03273956771605,8.75909762593526,ogc-api-nrw
100198,"Menden, GG Bodelschwinghschule",Grundschule,"Malvenweg, Malvenweg 2",58708,Menden (Sauerland),51.432538837343415,7.760824599660024,ogc-api-nrw
100199,"Unna, GG Unna Mitte",Grundschule,"Brockhausstr., Brockhausstr.",59423,Unna,51.52945891891327,7.683401081578597,ogc-api-nrw
100202,"Duisburg, GE Anne-Frank Gesamtschule",Gesamtschule,"Reichenberger Str., Reichenberger Str. 19a",47166,Duisburg,51.48795997670573,6.769631895071184,ogc-api-nrw
100203,"Solingen, GE Vogelsang",Gesamtschule,"Guntherstr., Guntherstr. 27",42653,Solingen,51.19064469338874,7.078717749533115,ogc-api-nrw
100204,"Solingen, GG Augustastraße",Grundschule,"Schützenstr., Schützenstr. 206",42659,Solingen,51.162791275727216,7.107880685509257,ogc-api-nrw
100205,"Köln, Gym Nippes",Gymnasium,"Henner-Berzau-Weg, Henner-Berzau-Weg 3",50733,Köln,50.97066425271097,6.956809227111281,ogc-api-nrw
100206,"Köln, Gym Rondorf",Gymnasium,"Eygelshovener Str., Eygelshovener Str.",50999,Köln,50.877257446377165,7.0079372174835886,ogc-api-nrw
100207,"Oberhausen, GE an der Knappenstraße",Gesamtschule,"Wehrstr., Wehrstr. 69",46047,Oberhausen,51.46907917784638,6.881901684193697,ogc-api-nrw
100208,"Köln, GE Sieben Brücken Schule",Gesamtschule,"Ottostr., Ottostr. 1",50859,Köln,50.947693423454794,6.839861988854644,ogc-api-nrw
100209,"Münster, GE Münster - West",Gesamtschule,"Tilbecker Str., Tilbecker Str. 24-26",48161,Münster,51.95433975163829,7.529553050844641,ogc-api-nrw
100210,"Köln, GE Am Wassermann",Gesamtschule,"Am Wassermann, Am Wassermann 40",50829,Köln,50.949202835420635,6.877037796548183,ogc-api-nrw
100211,"Köln, GE Weidenpesch",Gesamtschule,"Escher Str., Escher Str. 279",50739,Köln,50.97131889313778,6.923562772837949,ogc-api-nrw
100212,"Köln, GE Ossendorf",Gesamtschule,"Am Wassermann, Am Wassermann 40",50829,Köln,50.949202835420635,6.877037796548183,ogc-api-nrw
100213,"Düsseldorf, GG Henri-Dunant-Schule",Grundschule,"Rheindorfer Weg, Rheindorfer Weg 20",40591,Düsseldorf,51.190211669810466,6.814326343582886,ogc-api-nrw
100215,"Essen, GG Meistersingerstraße",Grundschule,"Meistersingerstr., Meistersingerstr. 4",45307,Essen,51.460102117902224,7.08348716791234,ogc-api-nrw
100217,"Bergkamen, RS Felix-Manz-Schule",Realschule,"Kleiweg, Kleiweg 10",59192,Bergkamen,51.61165707724515,7.6147171557065745,ogc-api-nrw
100218,"Köln, GG Friedrich-Karl-Straße",Grundschule,"Friedrich-Karl-Str., Friedrich-Karl-Str. 64",50737,Köln,50.973936501092396,6.955184099122246,ogc-api-nrw
100219,"Köln, GE Erzbischöfliche Gesamtschule",Gesamtschule,"Christian-Sünner-Str., Christian-Sünner-Str. 5",51103,Köln,50.935042906348635,7.009553470775333,ogc-api-nrw
100220,"Bünde, SK Das Forscherhaus",Sekundarschule,"Heidestr., Heidestr. 41",32257,Bünde,52.190329722344664,8.592064670014993,ogc-api-nrw
100221,"Gelsenkirchen, GG an der Gräfte",Grundschule,"Frankampstr., Frankampstr. 45",45891,Gelsenkirchen,51.566472428277834,7.087530097690291,ogc-api-nrw
100222,"Kierspe, MG Menno-Simons",Grundschule,"Friedrich-Ebert-Str., Friedrich-Ebert-Str. 309",58566,Kierspe,51.132904918339605,7.588372066869817,ogc-api-nrw
100223,"Mönchengladbach, GG Am Ringerberg",Grundschule,"Am Ringerberg, Am Ringerberg 11",41068,Mönchengladbach,51.19839534294558,6.413592078586739,ogc-api-nrw
100224,"Paderborn, GG Schloß Neuhaus",Grundschule,"Memelstr., Memelstr. 11-13",33104,Paderborn,51.75086678258751,8.718445011208416,ogc-api-nrw
100225,"Düsseldorf, GG Bingener Weg",Grundschule,"Bingener Weg, Bingener Weg 10",40229,Düsseldorf,51.20088771799554,6.819661570795233,ogc-api-nrw
100226,"Mönchengladbach, GG Wilhelm-Strauß-Str.",Grundschule,"Wilhelm-Strauß-Str., Wilhelm-Strauß-Str. 94",41236,Mönchengladbach,51.16803746214393,6.453216707272803,ogc-api-nrw
100227,"Dortmund, GG am Blücherpark",Grundschule,"Gneisenaustr., Gneisenaustr. 60",44147,Dortmund,51.521688770762466,7.448006801521628,ogc-api-nrw
100228,"Frechen, GG Steinzeugschule",Grundschule,"Burgstr., Burgstr. 42",50226,Frechen,50.90537304383675,6.806858458345634,ogc-api-nrw
100229,"Altenberge, KG Schule am Eiskeller",Grundschule,"Grüner Weg, Grüner Weg 9",48341,Altenberge,52.049931145187806,7.468226673365226,ogc-api-nrw
100230,"Münster, GG York",Grundschule,"Essexweg, Essexweg 2",48167,Münster,51.925208864304956,7.667969019893728,ogc-api-nrw
100231,"Köln, Gym Neustadt-Nord",Gymnasium,"Ubierring, Ubierring 45",50678,Köln,50.92239898199116,6.964773019651665,ogc-api-nrw
100232,"Castrop-Rauxel, GG Am Hügel",Grundschule,"Am Hügel, Am Hügel 6",44575,Castrop-Rauxel,51.552577900574526,7.3063024578427616,ogc-api-nrw
100233,"Köln, Gym Brügelmannstraße",Gymnasium,"Brügelmannstr., Brügelmannstr. 10",50679,Köln,50.94330175028498,6.9845445905724,ogc-api-nrw
100234,"Duisburg, GE Mitte-Süd",Gesamtschule,"Gneisenaustr., Gneisenaustr. 251",47057,Duisburg,51.422473728337245,6.78924971505615,ogc-api-nrw
100235,"Köln, GE Kalk",Gesamtschule,"Brügelmannstr., Brügelmannstr. 10",50679,Köln,50.94330175028498,6.9845445905724,ogc-api-nrw
100237,"Düsseldorf, GG Gumbertstr.",Grundschule,"Gumbertstr., Gumbertstr. 191",40229,Düsseldorf,51.20026120451949,6.844084059070087,ogc-api-nrw
100238,"Bonn, FÖ GG Schlesienstr.",Förderschule,"Schlesienstr., Schlesienstr. 584",53119,Bonn,50.75530414973483,7.057725733949914,ogc-api-nrw
100241,"Espelkamp, FÖ GG des Kreises Minden-Lübb",Förderschule,"Gabelhorst, Gabelhorst 38",32339,Espelkamp,52.38592498167747,8.612348194112501,ogc-api-nrw
100242,"Bochum, GG Schule an der Hordeler Heide",Grundschule,"Hordeler Heide, Hordeler Heide 169e",44793,Bochum,51.500181205774545,7.174077127929311,ogc-api-nrw
100245,"Schloß Holte-Stukenbrock, GG Energiebünd",Grundschule,"Kaunitzer Str., Kaunitzer Str. 59",33758,Schloß Holte-Stukenbrock,51.896417234626796,8.62497509970669,ogc-api-nrw
100246,"Neuss, GG Freie Aktivschule",Grundschule,"Reuschenberger Str., Reuschenberger Str. 28a",41472,Neuss,51.15745017160527,6.673227284158524,ogc-api-nrw
100247,"Neuss, GE Freie Aktivschule",Gesamtschule,"Reuschenberger Str., Reuschenberger Str. 28a",41472,Neuss,51.15745017160527,6.673227284158524,ogc-api-nrw
100248,"Mülheim an der Ruhr, SK Kaleidoskop",Sekundarschule,"Wissollstr., Wissollstr. 5",45478,Mülheim an der Ruhr,51.42375433013107,6.849849023959293,ogc-api-nrw
100250,"Düsseldorf, KG St. -Peter",Grundschule,"Jahnstr., Jahnstr. 97",40215,Düsseldorf,51.211861590518104,6.780539775828907,ogc-api-nrw
100262,"Düsseldorf, KG St. Michael Schule",Grundschule,"Kempgensweg, Kempgensweg 65",40231,Düsseldorf,51.20813635492144,6.828353521094196,ogc-api-nrw
100274,"Düsseldorf, KG Franz-Boehm-Schule",Grundschule,"Kamper Weg, Kamper Weg 291",40627,Düsseldorf,51.2163810966005,6.862405230552682,ogc-api-nrw
100286,"Düsseldorf, KG St. Apollinaris Schule",Grundschule,"Itterstr., Itterstr. 16",40589,Düsseldorf,51.17487938480723,6.830846833006313,ogc-api-nrw
100298,"Düsseldorf, KG Lohausen",Grundschule,"Im Grund, Im Grund 78",40474,Düsseldorf,51.27566423108639,6.737446188684336,ogc-api-nrw
100304,"Düsseldorf, KG Mettmanner Straße",Grundschule,"Hubbelrather Str., Hubbelrather Str. 13",40233,Düsseldorf,51.223146940925844,6.806679197211111,ogc-api-nrw
100316,"Düsseldorf, KG Höhenstr.",Grundschule,"Höhenstr., Höhenstr. 5",40227,Düsseldorf,51.21643140645563,6.7996378878705785,ogc-api-nrw
100328,"Düsseldorf, GG Gutenberg Schule",Grundschule,"Grafenberger Allee, Grafenberger Allee 384",40235,Düsseldorf,51.24079029647864,6.824394232912271,ogc-api-nrw
100330,"Düsseldorf, GG Urdenbach",Grundschule,"Garather Str., Garather Str. 16",40593,Düsseldorf,51.14650908272963,6.871712577281443,ogc-api-nrw
100365,"Düsseldorf, GG Volker-Rosin-Schule",Grundschule,"Arnstadter Weg, Arnstadter Weg 6-16",40627,Düsseldorf,51.21718026067699,6.85251585181263,ogc-api-nrw
100389,"Düsseldorf, GG Deutzer Str.",Grundschule,"Deutzer Str., Deutzer Str. 102",40229,Düsseldorf,51.19135563155536,6.859155604130514,ogc-api-nrw
100390,"Düsseldorf, GG Am Köhnen",Grundschule,"Am Köhnen, Am Köhnen 73",40599,Düsseldorf,51.17975281607396,6.866475601559752,ogc-api-nrw
100420,"Düsseldorf, KG Carl Sonnenschein Schule",Grundschule,"Graf-Recke-Str., Graf-Recke-Str. 153",40237,Düsseldorf,51.243734329656995,6.817320233012245,ogc-api-nrw
100432,"Düsseldorf, KG St.Bruno-Schule",Grundschule,"An der Golzheimer Heide, An der Golzheimer Heide 120",40468,Düsseldorf,51.26790019706382,6.769166748831648,ogc-api-nrw
100444,"Düsseldorf, KG Paul-Klee-Schule",Grundschule,"Gerresheimer Str., Gerresheimer Str. 34-36",40211,Düsseldorf,51.2278678328661,6.794680598230299,ogc-api-nrw
100468,"Düsseldorf, KG Fuldaer Str.",Grundschule,"Fuldaer Str., Fuldaer Str. 33",40229,Düsseldorf,51.19203166005065,6.837727084195141,ogc-api-nrw
100470,"Düsseldorf, GG Flurstr.",Grundschule,"Flurstr., Flurstr. 59",40235,Düsseldorf,51.22858218210654,6.816461785049118,ogc-api-nrw
100481,"Düsseldorf, KG Florensstraße",Grundschule,"Heinsenstr., Heinsenstr. 21",40221,Düsseldorf,51.20592295681065,6.741396378039515,ogc-api-nrw
100493,"Düsseldorf, KG Fleher Schule",Grundschule,"Fleher Str., Fleher Str. 213",40223,Düsseldorf,51.19374419401181,6.769444888312854,ogc-api-nrw
100500,"Düsseldorf, KG Bonifatiusschule",Grundschule,"Fleher Str., Fleher Str. 70",40223,Düsseldorf,51.20257096734364,6.766355633669786,ogc-api-nrw
100523,"Düsseldorf, KG St. Franziskus Schule",Grundschule,"Herchenbachstr., Herchenbachstr. 2",40470,Düsseldorf,51.24998381116779,6.809085114245449,ogc-api-nrw
100535,"Düsseldorf, KG Essener Str.",Grundschule,"Essener Str., Essener Str. 1",40476,Düsseldorf,51.244052643751836,6.784492322172037,ogc-api-nrw
100547,"Düsseldorf, KG St. Cäcilia Schule",Grundschule,"Erich-Müller-Str., Erich-Müller-Str. 31",40597,Düsseldorf,51.16715499063388,6.86905981274838,ogc-api-nrw
100560,"Düsseldorf, KG Einsiedelstr.",Grundschule,"Einsiedelstr., Einsiedelstr. 25",40597,Düsseldorf,51.16313486225085,6.88540806552565,ogc-api-nrw
100572,"Düsseldorf, KG Max-Schule",Grundschule,"Citadellstr., Citadellstr. 2 B",40213,Düsseldorf,51.223174595186286,6.7705570798877925,ogc-api-nrw
100584,"Düsseldorf, KG St. Elisabeth Schule",Grundschule,"Buchenstr., Buchenstr. 16",40599,Düsseldorf,51.17875053712535,6.860841470620591,ogc-api-nrw
100596,"Düsseldorf, KG St. Rochus-Schule",Grundschule,"Blücherstr., Blücherstr. 12",40477,Düsseldorf,51.239948907109024,6.782927265919494,ogc-api-nrw
100602,"Düsseldorf, KG Thomas-Schule",Grundschule,"Blumenthalstr., Blumenthalstr. 11",40476,Düsseldorf,51.2487898182096,6.780567385848339,ogc-api-nrw
100638,"Düsseldorf, GG Montessori-Schule",Grundschule,"Farnweg, Farnweg 10",40468,Düsseldorf,51.26626830250606,6.755784529435509,ogc-api-nrw
100651,"Düsseldorf, GG Adolf-Klarenbach",Grundschule,"Walther-Rathenau-Str., Walther-Rathenau-Str. 15",40589,Düsseldorf,51.17058859326931,6.836141123301426,ogc-api-nrw
100663,"Düsseldorf, GG Beedstr.",Grundschule,"Beedstr., Beedstr. 31",40468,Düsseldorf,51.27571378393306,6.783270217304818,ogc-api-nrw
100675,"Düsseldorf, GG Selma-Lagerlöf",Grundschule,"Schillstr., Schillstr. 7",40599,Düsseldorf,51.17828278273743,6.875142704925084,ogc-api-nrw
100687,"Düsseldorf, EG Friedrich-v.Bodelschwingh",Grundschule,"Cimbernstr., Cimbernstr. 24",40545,Düsseldorf,51.22901174495048,6.757397496818378,ogc-api-nrw
100699,"Düsseldorf, GG Joachim Neander",Grundschule,"Rather Markt, Rather Markt 2",40472,Düsseldorf,51.267787949719015,6.825799961650085,ogc-api-nrw
100705,"Düsseldorf, EG Brehm Schule",Grundschule,"Karl-Müller-Str., Karl-Müller-Str. 25",40237,Düsseldorf,51.23441867294365,6.814036547916052,ogc-api-nrw
100717,"Düsseldorf, EG Elsa-Brandström-Schule",Grundschule,"An der Golzheimer Heide, An der Golzheimer Heide 120",40468,Düsseldorf,51.26790019706382,6.769166748831648,ogc-api-nrw
100730,"Düsseldorf, EG Martin-Luther-Schule",Grundschule,"Gotenstr., Gotenstr. 20",40225,Düsseldorf,51.196048428205295,6.7794678093491845,ogc-api-nrw
100742,"Düsseldorf, GG Matthias-Claudius-Schule",Grundschule,"Bongardstr., Bongardstr. 9",40479,Düsseldorf,51.2347188400428,6.786473710363503,ogc-api-nrw
100754,"Düsseldorf, EG Hanna-Zürndorfer-Schule",Grundschule,"Benderstr., Benderstr. 78",40625,Düsseldorf,51.23771360675547,6.852089668923239,ogc-api-nrw
100766,"Düsseldorf, GG Beckbusch-Schule",Grundschule,"Beckbuschstr., Beckbuschstr. 2",40474,Düsseldorf,51.26482723093036,6.751926871260262,ogc-api-nrw
100778,"Düsseldorf, GG Wickrather Str.",Grundschule,"Wickrather Str., Wickrather Str. 31",40547,Düsseldorf,51.243442895644115,6.732479975888539,ogc-api-nrw
100780,"Düsseldorf, GG Vennhauser Allee",Grundschule,"Vennhauser Allee, Vennhauser Allee 160-162",40627,Düsseldorf,51.20593141889149,6.856060092737697,ogc-api-nrw
100791,"Düsseldorf, GG Südallee",Grundschule,"Südallee, Südallee 100",40593,Düsseldorf,51.15456856356038,6.882181699429097,ogc-api-nrw
100808,"Düsseldorf, GG Sonnenstr.",Grundschule,"Sonnenstr., Sonnenstr. 10",40227,Düsseldorf,51.21277897927722,6.792423428799564,ogc-api-nrw
100810,"Düsseldorf, GG Konkordiastr.",Grundschule,"Konkordiastr., Konkordiastr. 26",40217,Düsseldorf,51.21559990321385,6.7695054271970845,ogc-api-nrw
100821,"Düsseldorf, GG Don-Bosco-Montessori-Schu",Grundschule,"Salierstr., Salierstr. 37",40545,Düsseldorf,51.22990512547681,6.757554594302945,ogc-api-nrw
100833,"Düsseldorf, GG Rolandstr.",Grundschule,"Rolandstr., Rolandstr. 40",40476,Düsseldorf,51.245465918427,6.7765003233383325,ogc-api-nrw
100845,"Düsseldorf, GG Richardstr.",Grundschule,"Richardstr., Richardstr. 14",40231,Düsseldorf,51.20495374995305,6.837637207961038,ogc-api-nrw
100869,"Düsseldorf, GG Wrangelstraße",Grundschule,"Wrangelstr., Wrangelstr. 40",40470,Düsseldorf,51.25575318709641,6.809326745569746,ogc-api-nrw
100870,"Düsseldorf, GG Neustrelitzer Str.",Grundschule,"Neustrelitzer Str., Neustrelitzer Str. 10",40595,Düsseldorf,51.14972338480482,6.897761022917543,ogc-api-nrw
100882,"Düsseldorf, GG Schloss Benrath",Grundschule,"Erich-Müller-Str., Erich-Müller-Str. 31",40597,Düsseldorf,51.16715499063388,6.86905981274838,ogc-api-nrw
100894,"Düsseldorf, GG Max-Halbe-Straße",Grundschule,"Max-Halbe-Str., Max-Halbe-Str. 14",40470,Düsseldorf,51.25203572965148,6.809159530457549,ogc-api-nrw
100900,"Düsseldorf, GG Theodor-Heuss-Schule",Grundschule,"Lützenkircher Str., Lützenkircher Str. 2",40591,Düsseldorf,51.18607306475472,6.822922572538846,ogc-api-nrw
100924,"Düsseldorf, GG Astrid-Lindgren-Schule",Grundschule,"Leuthenstr., Leuthenstr. 50",40231,Düsseldorf,51.21263235807302,6.840456211692631,ogc-api-nrw
100936,"Düsseldorf, GG Lennestr.",Grundschule,"Lennestr., Lennestr. 5",40477,Düsseldorf,51.23922192141389,6.79061299397954,ogc-api-nrw
100950,"Düsseldorf, GG Krahnenburgstraße",Grundschule,"Krahnenburgstr., Krahnenburgstr. 15",40472,Düsseldorf,51.28501549450701,6.796733529777443,ogc-api-nrw
100961,"Düsseldorf, GG Kronprinzenstr.",Grundschule,"Kronprinzenstr., Kronprinzenstr. 107",40217,Düsseldorf,51.2101904321619,6.769280070498343,ogc-api-nrw
100973,"Düsseldorf, GG Regenbogenschule",Grundschule,"Kirchfeldstr., Kirchfeldstr. 74-80",40215,Düsseldorf,51.21257911750456,6.779488614825727,ogc-api-nrw
100985,"Düsseldorf, GG Sternwartschule",Grundschule,"Im Dahlacker, Im Dahlacker 15",40223,Düsseldorf,51.202787511227015,6.767805387384233,ogc-api-nrw
101000,"Düsseldorf, GG Ferdinand-Heye-Schule",Grundschule,"Heyestr., Heyestr. 91",40625,Düsseldorf,51.22765289743024,6.861582065153117,ogc-api-nrw
101011,"Düsseldorf, GG Stoffeler Straße",Grundschule,"Schmiedestr., Schmiedestr. 10a",40227,Düsseldorf,51.21054742324833,6.807664664548376,ogc-api-nrw
101023,"Düsseldorf, GG (Verb.) Heinrich-Heine",Grundschule,"Heerdter Landstr., Heerdter Landstr. 186",40549,Düsseldorf,51.23085344046099,6.705810308055393,ogc-api-nrw
101047,"Düsseldorf, GG Helmholtzstr.",Grundschule,"Helmholtzstr., Helmholtzstr. 16",40215,Düsseldorf,51.215610756605386,6.7885504428775,ogc-api-nrw
101059,"Düsseldorf, GG Adam-Stegerwald-Str.",Grundschule,"Adam-Stegerwald-Str., Adam-Stegerwald-Str. 14",40595,Düsseldorf,51.14278764657378,6.905181885293096,ogc-api-nrw
101060,"Düsseldorf, GG Willi Fährmann",Grundschule,"Ricarda-Huch-Str., Ricarda-Huch-Str. 1",40595,Düsseldorf,51.13789341048775,6.898570158614696,ogc-api-nrw
101072,"Duisburg, GG am Röttgersbach",Grundschule,"Bilsestr., Bilsestr. 10",47169,Duisburg,51.51466321063612,6.78207800241947,ogc-api-nrw
101084,"Duisburg, GG Hans-Christian-Andersen",Grundschule,"Wiesbadener Str., Wiesbadener Str. 76-78",47138,Duisburg,51.48232900726866,6.802904943537557,ogc-api-nrw
101126,"Duisburg, KG am Bergmannsplatz",Grundschule,"Rolandstr., Rolandstr. 2",47167,Duisburg,51.50155719369369,6.800063563078284,ogc-api-nrw
101138,"Duisburg, KG Fährmann",Grundschule,"Neanderstr., Neanderstr. 121",47139,Duisburg,51.47554093605703,6.73962065215318,ogc-api-nrw
101140,"Duisburg, KG Nombericher Str.",Grundschule,"Nombericher Str., Nombericher Str. 74",47137,Duisburg,51.47016983174792,6.755423449968857,ogc-api-nrw
101151,"Duisburg, GG Friedenstr.",Grundschule,"Friedenstr., Friedenstr. 5-7",47053,Duisburg,51.424576537587875,6.75604772132435,ogc-api-nrw
101163,"Duisburg, KG Böhmer Str.",Grundschule,"Böhmer Str., Böhmer Str. 10-14",47249,Duisburg,51.38558550904501,6.762857352352266,ogc-api-nrw
101205,"Duisburg, GG Schule im Dichterviertel",Grundschule,"Kampstr., Kampstr. 121",47166,Duisburg,51.49991910817059,6.779955520511132,ogc-api-nrw
101217,"Duisburg, KG Abteischule",Grundschule,"Jägerstr., Jägerstr. 23a",47166,Duisburg,51.48987767961867,6.76596563107317,ogc-api-nrw
101242,"Duisburg, KG Goldstr.",Grundschule,"Goldstr., Goldstr. 7-9",47051,Duisburg,51.43121527298888,6.761304661295649,ogc-api-nrw
101254,"Duisburg, KG Henriettenstr.",Grundschule,"Henriettenstr., Henriettenstr. 25",47169,Duisburg,51.50203854064019,6.75289198446249,ogc-api-nrw
101266,"Duisburg, KG Barbara",Grundschule,"Gartenstr., Gartenstr. 110",47167,Duisburg,51.49253282780173,6.7917101316142,ogc-api-nrw
101291,"Duisburg, KG Grabenstr.",Grundschule,"Grabenstr., Grabenstr. 150",47057,Duisburg,51.42364044947104,6.783885353253379,ogc-api-nrw
101321,"Duisburg, GG Rahm",Grundschule,"Am Knappert, Am Knappert 20",47269,Duisburg,51.35110994314136,6.786798929584584,ogc-api-nrw
101333,"Duisburg, GG Tonstr.",Grundschule,"Tonstr., Tonstr. 16",47058,Duisburg,51.43693467148243,6.794004851113462,ogc-api-nrw
101357,"Duisburg, GG Zoppenbrückstr.",Grundschule,"Zoppenbrückstr., Zoppenbrückstr. 43-45",47138,Duisburg,51.462237585196796,6.789962734592967,ogc-api-nrw
101369,"Duisburg, GG Wrangelstr.",Grundschule,"Wrangelstr., Wrangelstr. 17",47059,Duisburg,51.44068268109006,6.746623924368122,ogc-api-nrw
101370,"Duisburg, GG Am Mattlerbusch",Grundschule,"Wehofer Str., Wehofer Str. 45",47169,Duisburg,51.52162429258336,6.774027232688325,ogc-api-nrw
101382,"Duisburg, GG Schule am Park",Grundschule,"Warbruckstr., Warbruckstr. 217",47169,Duisburg,51.51222390698523,6.766803564064798,ogc-api-nrw
101394,"Duisburg, GG Heinr.-Bongers-Str.",Grundschule,"Heinrich-Bongers-Str., Heinrich-Bongers-Str. 12",47137,Duisburg,51.46259424941582,6.77269764813303,ogc-api-nrw
101400,"Duisburg, GG Hochfelder Markt",Grundschule,"St.-Johann-Str., St.-Johann-Str. 37",47053,Duisburg,51.416416180432,6.7558721779813515,ogc-api-nrw
101412,"Duisburg, GG Bruckhausen",Grundschule,"Schulstr., Schulstr. 31-35",47166,Duisburg,51.48896593105504,6.743249401082257,ogc-api-nrw
101424,"Duisburg, GG Sandstr.",Grundschule,"Sandstr., Sandstr. 46",47169,Duisburg,51.506468908891215,6.755066198790579,ogc-api-nrw
101436,"Duisburg, GG Salzmannschule",Grundschule,"Max-Planck-Str., Max-Planck-Str. 71-73",47167,Duisburg,51.499674270058726,6.809491193578316,ogc-api-nrw
101448,"Duisburg, GG Lange Kamp",Grundschule,"Lange Kamp, Lange Kamp 17",47139,Duisburg,51.48032447665447,6.735380070768992,ogc-api-nrw
101473,"Duisburg, GG Böhmer Str.",Grundschule,"Böhmer Str., Böhmer Str. 10-14",47249,Duisburg,51.38558550904501,6.762857352352266,ogc-api-nrw
101485,"Duisburg, GG Mozartstr.",Grundschule,"Mozartstr., Mozartstr. 30",47057,Duisburg,51.418106360136264,6.792768638281259,ogc-api-nrw
101503,"Duisburg, GG Lilienthalstr.",Grundschule,"Lilienthalstr., Lilienthalstr. 28",47059,Duisburg,51.43586513852075,6.723047465932469,ogc-api-nrw
101515,"Duisburg, GG Klosterstr.",Grundschule,"Klosterstr., Klosterstr. 18",47051,Duisburg,51.43329020383057,6.757879562706808,ogc-api-nrw
101527,"Duisburg, GG Hundertwasser-Schule",Grundschule,"Karolinenstr., Karolinenstr. 10",47137,Duisburg,51.47231988014788,6.784766488643556,ogc-api-nrw
101540,"Duisburg, GG Humboldtstr.",Grundschule,"Humboldtstr., Humboldtstr. 8",47166,Duisburg,51.4888179579237,6.777873167891034,ogc-api-nrw
101552,"Duisburg, GG Ruhrort",Grundschule,"Fürst-Bismarck-Str., Fürst-Bismarck-Str. 26",47119,Duisburg,51.45563044843714,6.732212307612327,ogc-api-nrw
101564,"Duisburg, GG Brückenstr.",Grundschule,"Brückenstr., Brückenstr. 96-98",47053,Duisburg,51.4180843710958,6.750943290639212,ogc-api-nrw
101576,"Duisburg, GG Hermann-Grothe-Str.",Grundschule,"Hermann-Grothe-Str., Hermann-Grothe-Str. 99",47279,Duisburg,51.3925720003151,6.812786453785585,ogc-api-nrw
101588,"Duisburg, GG Beeckerwerth",Grundschule,"Heisterbacher Str., Heisterbacher Str. 9",47139,Duisburg,51.47448027696026,6.698975628146284,ogc-api-nrw
101606,"Duisburg, GG Hebbelstr.",Grundschule,"Hebbelstr., Hebbelstr. 1",47057,Duisburg,51.42387842616525,6.783629292156446,ogc-api-nrw
101618,"Duisburg, GG Habichtstr.",Grundschule,"Habichtstr., Habichtstr. 1",47055,Duisburg,51.40000757140715,6.764094477181463,ogc-api-nrw
101620,"Duisburg, GG Großenbaumer Allee",Grundschule,"Großenbaumer Allee, Großenbaumer Allee 34 a",47269,Duisburg,51.367354925152306,6.7798232429642935,ogc-api-nrw
101631,"Duisburg, GG Kunterbunt",Grundschule,"Kantstr., Kantstr. 80",47166,Duisburg,51.50022566114707,6.773831168493853,ogc-api-nrw
101643,"Duisburg, GG Regenbogenschule",Grundschule,"Ottostr., Ottostr. 65",47169,Duisburg,51.50676716774958,6.75937489158924,ogc-api-nrw
101655,"Duisburg, GG Gartenstraße",Grundschule,"Gartenstr., Gartenstr. 110",47167,Duisburg,51.49253282780173,6.7917101316142,ogc-api-nrw
101667,"Duisburg, GG Laar",Grundschule,"Erzstr., Erzstr. 10",47119,Duisburg,51.465223975244214,6.727445913326615,ogc-api-nrw
101679,"Duisburg, GG Eschenstr.",Grundschule,"Eschenstr., Eschenstr. 53",47055,Duisburg,51.402998408221826,6.755422111462881,ogc-api-nrw
101692,"Duisburg, GG Otfried-Preußler",Grundschule,"Brückelstr., Brückelstr. 5",47137,Duisburg,51.46971235001765,6.780515397577645,ogc-api-nrw
101709,"Duisburg, GG Breite Str.",Grundschule,"Breite Str., Breite Str. 58",47169,Duisburg,51.51473208935577,6.7531031510838995,ogc-api-nrw
101710,"Duisburg, GG Berg",Grundschule,"Bergstr., Bergstr. 48",47137,Duisburg,51.46742999763548,6.753239744917657,ogc-api-nrw
101722,"Duisburg, GG Am See",Grundschule,"Am See, Am See 22",47279,Duisburg,51.39001591462133,6.797800955354442,ogc-api-nrw
101734,"Duisburg, GG Wanheim",Grundschule,"Am Tollberg, Am Tollberg 50",47249,Duisburg,51.380915260848234,6.743496667475693,ogc-api-nrw
101746,"Duisburg, GG Albert-Schweitzer-Str.",Grundschule,"Albert-Schweitzer-Str., Albert-Schweitzer-Str. 64",47259,Duisburg,51.36336513586156,6.741428964345538,ogc-api-nrw
101771,"Essen, KG Antoniusschule",Grundschule,"Im Haferfeld, Im Haferfeld 39",45279,Essen,51.455855083571535,7.106581049584434,ogc-api-nrw
101801,"Essen, KG Bischof-von-Ketteler-Schule",Grundschule,"Kampstr., Kampstr. 32",45355,Essen,51.4653727777633,6.9573305984234315,ogc-api-nrw
101813,"Essen, KG Christophorusschule",Grundschule,"Meistersingerstr., Meistersingerstr. 2",45307,Essen,51.46043938041871,7.08321391077382,ogc-api-nrw
101837,"Essen, KG Dionysiusschule",Grundschule,"Kraftstr., Kraftstr. 8-10",45355,Essen,51.47637493286578,6.951870605808201,ogc-api-nrw
101850,"Essen, KG Laurentiusschule",Grundschule,"Laurentiusweg, Laurentiusweg 2",45276,Essen,51.44805140716684,7.073053952142236,ogc-api-nrw
101886,"Essen, KG Nikolaus",Grundschule,"Nikolausstr., Nikolausstr. 24",45141,Essen,51.482068561527576,7.0392427020761446,ogc-api-nrw
101898,"Essen, KG Johann-Michael-Sailer-Schule",Grundschule,"Immelmannstr., Immelmannstr. 6-8",45309,Essen,51.48065335114868,7.06175666723076,ogc-api-nrw
101904,"Essen, GG Bedingrade/ Schönebeck",Grundschule,"Bergheimer Str., Bergheimer Str. 67",45359,Essen,51.47059354640744,6.927377034671865,ogc-api-nrw
101916,"Essen, GG Astrid Lindgren",Grundschule,"Lindkenshofer Weg, Lindkenshofer Weg 51-53",45279,Essen,51.432936356130675,7.109068373283904,ogc-api-nrw
101930,"Essen, KG Münsterschule",Grundschule,"Severinstr., Severinstr. 25",45127,Essen,51.457937492874976,7.019807180372946,ogc-api-nrw
101941,"Essen, KG Winfried",Grundschule,"Siepenstr., Siepenstr. 19",45138,Essen,51.445380885918304,7.042685784374761,ogc-api-nrw
102003,"Essen, KG (Verb.) Eichendorffschule",Grundschule,"Heißener Str., Heißener Str. 74",45359,Essen,51.460074497813935,6.942854446908467,ogc-api-nrw
102015,"Essen, GG Heinrich-Strunk-Str.",Grundschule,"Heinrich-Strunk-Str., Heinrich-Strunk-Str. 148",45143,Essen,51.45846329152862,6.965959773774513,ogc-api-nrw
102027,"Essen, KG Georg",Grundschule,"Heisinger Str., Heisinger Str. 500",45259,Essen,51.402240188673154,7.066986442262612,ogc-api-nrw
102040,"Essen, KG Elisabeth",Grundschule,"Hamburger Str., Hamburger Str. 4a",45145,Essen,51.447456723012714,6.957223730768629,ogc-api-nrw
102052,"Essen, GG Großenbruch",Grundschule,"Großenbruchstr., Großenbruchstr. 25",45326,Essen,51.48011282629209,6.999072350829614,ogc-api-nrw
102064,"Essen, GG Nordviertel",Grundschule,"Beisingstr., Beisingstr. 22",45141,Essen,51.4653781730364,7.016821466729541,ogc-api-nrw
102076,"Essen, KG Altfried",Grundschule,"Frintroper Str., Frintroper Str. 432a",45359,Essen,51.47580258977011,6.914309514748529,ogc-api-nrw
102088,"Essen, KG Zollvereinschule",Grundschule,"Heinrich-Lersch-Str., Heinrich-Lersch-Str. 40",45327,Essen,51.50050061924149,7.0395754250703035,ogc-api-nrw
102106,"Essen, GG Gerschede",Grundschule,"Ackerstr., Ackerstr. 107",45357,Essen,51.4788582810882,6.937069307222407,ogc-api-nrw
102118,"Essen, KG Am Krausen Bäumchen",Grundschule,"Elbestr., Elbestr. 20-22",45136,Essen,51.43490785651687,7.0359251878902676,ogc-api-nrw
102120,"Essen, KG Josef/ Horst",Grundschule,"Dahlhauser Str., Dahlhauser Str. 144",45279,Essen,51.43711987195889,7.100838002168784,ogc-api-nrw
102143,"Essen, KG Josef/ Kupferdreh",Grundschule,"Byfanger Str., Byfanger Str. 20",45257,Essen,51.39050295391334,7.08497434341196,ogc-api-nrw
102155,"Essen, GG Bückmannshofschule",Grundschule,"Bückmannshof, Bückmannshof 16",45326,Essen,51.490798139245946,7.000750885208391,ogc-api-nrw
102179,"Essen, KG Cosmas u. Damian",Grundschule,"Berliner Str., Berliner Str. 63",45145,Essen,51.44634100910733,6.973248326506281,ogc-api-nrw
102180,"Essen, KG Bardeleben",Grundschule,"Bardelebenstr., Bardelebenstr. 5",45147,Essen,51.43969558936925,6.99576008555178,ogc-api-nrw
102210,"Essen, GG Hinseler Schule",Grundschule,"Treibweg, Treibweg 40-42",45277,Essen,51.429962289844944,7.0799150544518525,ogc-api-nrw
102234,"Essen, GG Schlossschule",Grundschule,"Schloßstr., Schloßstr. 192",45355,Essen,51.470020383710754,6.934645828335472,ogc-api-nrw
102246,"Essen, GG Schiller",Grundschule,"Immelmannstr., Immelmannstr. 6-8",45309,Essen,51.48065335114868,7.06175666723076,ogc-api-nrw
102258,"Essen, GG Bergmühlen",Grundschule,"Roggenstr., Roggenstr. 5",45356,Essen,51.4753760421982,6.971486120812016,ogc-api-nrw
102260,"Essen, GG an der Rahmstraße",Grundschule,"Rahmstr., Rahmstr. 174",45326,Essen,51.492047920089306,7.020346003146444,ogc-api-nrw
102271,"Essen, GG Meisenburg",Grundschule,"Meisenburgstr., Meisenburgstr. 57",45133,Essen,51.41143140571584,6.9869013880668485,ogc-api-nrw
102283,"Essen, GG Bonifacius",Grundschule,"Kellinghausstr., Kellinghausstr. 2",45309,Essen,51.47265646354516,7.076913074998299,ogc-api-nrw
102295,"Essen, GG Kantschule",Grundschule,"Büchelsloh, Büchelsloh 33",45327,Essen,51.489760918038066,7.0523959211733285,ogc-api-nrw
102301,"Essen, GG Jacobsallee",Grundschule,"Jacobsallee, Jacobsallee 7",45239,Essen,51.37752644140296,7.015836258082173,ogc-api-nrw
102362,"Essen, GG Bodelschwinghschule",Grundschule,"Heinrich-Strunk-Str., Heinrich-Strunk-Str. 25",45143,Essen,51.45902370810872,6.976515681777791,ogc-api-nrw
102386,"Essen, GG Stadthafen",Grundschule,"Forststr., Forststr. 12",45356,Essen,51.49185005916052,6.982884645872706,ogc-api-nrw
102398,"Essen, EG Theodor-Heuss",Grundschule,"Elbestr., Elbestr. 43",45136,Essen,51.436942669668866,7.036068108018816,ogc-api-nrw
102404,"Essen, GG Dürer",Grundschule,"Wallstr., Wallstr. 2",45355,Essen,51.47050226254789,6.949800985160237,ogc-api-nrw
102416,"Essen, EG Käthe-Kollwitz-Schule",Grundschule,"Christinenstr., Christinenstr. 4",45131,Essen,51.43289533102541,7.006215284359415,ogc-api-nrw
102430,"Essen, GG Fischlaker Schule",Grundschule,"Bernhardstr., Bernhardstr. 25",45239,Essen,51.39232397497182,7.025114492450597,ogc-api-nrw
102453,"Essen, GG Peter-Ustinov-Schule",Grundschule,"Auf der Reihe, Auf der Reihe 106",45327,Essen,51.49111181039906,7.072102850737315,ogc-api-nrw
102465,"Essen, GG Hölting",Grundschule,"Zechenstr., Zechenstr. 8-10",45355,Essen,51.47972609410555,6.962522123688367,ogc-api-nrw
102489,"Essen, GG an der Waldlehne",Grundschule,"Waldlehne, Waldlehne 111",45149,Essen,51.4288189949653,6.976167485597523,ogc-api-nrw
102490,"Essen, KG Andreasschule",Grundschule,"Von-Einem-Str., Von-Einem-Str. 56",45131,Essen,51.438105538713465,7.015413178427613,ogc-api-nrw
102507,"Essen, GG Viktoriastr.",Grundschule,"Viktoriastr., Viktoriastr. 32",45327,Essen,51.49855707710887,7.045436449643168,ogc-api-nrw
102519,"Essen, GG Tuttmann",Grundschule,"Twentmannstr., Twentmannstr. 2",45141,Essen,51.47702664460068,7.031379876481455,ogc-api-nrw
102520,"Essen, GG Schwanenbuschstr.",Grundschule,"Schwanenbuschstr., Schwanenbuschstr. 161",45138,Essen,51.452879613089394,7.042062744794193,ogc-api-nrw
102532,"Essen, GG Carl-Funke",Grundschule,"Baderweg, Baderweg 24",45259,Essen,51.40078038839652,7.070081587755306,ogc-api-nrw
102544,"Essen, GG Cranach",Grundschule,"Rubensstr., Rubensstr. 29",45147,Essen,51.43976779109767,6.988950651455319,ogc-api-nrw
102556,"Essen, GG am Reuenberg",Grundschule,"Reuenberg, Reuenberg 163",45357,Essen,51.48693964601739,6.932282296940508,ogc-api-nrw
102570,"Essen, GG Herder",Grundschule,"Postreitweg, Postreitweg 76",45145,Essen,51.44606939743995,6.9632869677871945,ogc-api-nrw
102600,"Essen, GG Ardey",Grundschule,"Oberstr., Oberstr. 51",45134,Essen,51.423672494869614,7.039499676542822,ogc-api-nrw
102623,"Essen, GG Morungenweg",Grundschule,"Morungenweg, Morungenweg 1",45279,Essen,51.445768050380686,7.095111208733398,ogc-api-nrw
102635,"Essen, GG Maria-Kunigunda",Grundschule,"Timpestr., Timpestr. 52",45329,Essen,51.52121524625692,7.00991306902497,ogc-api-nrw
102647,"Essen, GG Montessorischule am Lönsberg",Grundschule,"Lönsberg, Lönsberg 44",45136,Essen,51.44164785164758,7.055595018040746,ogc-api-nrw
102659,"Essen, GG Karlschule",Grundschule,"Wilhelm-Nieswandt-Allee, Wilhelm-Nieswandt-Allee 85",45326,Essen,51.495455492545894,7.009148109627684,ogc-api-nrw
102660,"Essen, GG Stifts",Grundschule,"Amselstr., Amselstr. 30",45134,Essen,51.42282741900829,7.030934112062602,ogc-api-nrw
102672,"Essen, GG Neuessener",Grundschule,"Altenessener Str., Altenessener Str. 491",45329,Essen,51.50345261170351,7.007171231072046,ogc-api-nrw
102696,"Essen, GG Leither",Grundschule,"Korumhöhe, Korumhöhe 11",45307,Essen,51.46509431422616,7.096250004187384,ogc-api-nrw
102702,"Essen, GG Frieden",Grundschule,"Schinkelstr., Schinkelstr. 2",45138,Essen,51.44766164977404,7.02799476380277,ogc-api-nrw
102714,"Essen, GG Ludgerusschule",Grundschule,"Kellerstr., Kellerstr. 86",45239,Essen,51.387744993574366,7.0133244399895975,ogc-api-nrw
102726,"Essen, GG Heckerschule",Grundschule,"Urbachstr., Urbachstr. 21",45239,Essen,51.393321443005775,7.0091297153441845,ogc-api-nrw
102738,"Essen, GG Joachimschule",Grundschule,"Joachimstr., Joachimstr. 7a",45307,Essen,51.4666031013054,7.079586479562226,ogc-api-nrw
102740,"Essen, GG Im Steeler Rott",Grundschule,"Fürstinstr., Fürstinstr. 1",45276,Essen,51.45306926787479,7.075778926994005,ogc-api-nrw
102751,"Essen, GG Hüttmann",Grundschule,"Hüttmannstr., Hüttmannstr. 86",45143,Essen,51.46435976039063,6.972536283691361,ogc-api-nrw
102763,"Essen, GG Hövelschule",Grundschule,"Hövelstr., Hövelstr. 49-51",45326,Essen,51.48222100696133,7.005101303756035,ogc-api-nrw
102775,"Essen, GG Adolf-Reichwein-Schule",Grundschule,"Kuhlhoffstr., Kuhlhoffstr. 1",45329,Essen,51.50918805191423,7.025122538462082,ogc-api-nrw
102787,"Essen, GG Heinickestr.",Grundschule,"Heinickestr., Heinickestr. 8",45128,Essen,51.44892307733546,7.016944606384447,ogc-api-nrw
102799,"Essen, GG Graf-Spee-Schule",Grundschule,"Graf-Spee-Str., Graf-Spee-Str. 23",45133,Essen,51.41713157205698,7.0036366031464565,ogc-api-nrw
102805,"Essen, GG Gervinus",Grundschule,"Gervinusstr., Gervinusstr. 28",45144,Essen,51.45140481607538,6.971210474870998,ogc-api-nrw
102829,"Essen, GG Hinsbeckschule",Grundschule,"Schwermannstr., Schwermannstr. 9",45257,Essen,51.39157815234756,7.084181978820672,ogc-api-nrw
102830,"Essen, GG Berliner Schule",Grundschule,"Berliner Str., Berliner Str. 57",45145,Essen,51.44604471384981,6.973275840261394,ogc-api-nrw
102842,"Essen, GG Kraienbruchschule",Grundschule,"Kraienbruch, Kraienbruch 79",45357,Essen,51.492356753380236,6.941156298942869,ogc-api-nrw
102866,"Essen, GG im Bergmannsfeld",Grundschule,"Erasmusstr., Erasmusstr. 44-46",45279,Essen,51.445377603973256,7.104309008872619,ogc-api-nrw
102878,"Essen, GG Burgaltendorf",Grundschule,"Alte Hauptstr., Alte Hauptstr. 50",45289,Essen,51.41584519197709,7.114922550047758,ogc-api-nrw
102880,"Krefeld, GG Schule an Haus Rath",Grundschule,"Neukirchener Str., Neukirchener Str. 1-3",47829,Krefeld,51.37049458724466,6.616517575615072,ogc-api-nrw
102891,"Krefeld, KG Edith-Stein-Schule",Grundschule,"Traarer Str., Traarer Str. 105",47829,Krefeld,51.35740023176813,6.63427696799044,ogc-api-nrw
102908,"Krefeld, KG Sollbrüggenschule",Grundschule,"Sollbrüggenstr., Sollbrüggenstr. 81",47800,Krefeld,51.34665469941341,6.61265698196729,ogc-api-nrw
102921,"Krefeld, KG Königshof",Grundschule,"Oberbruchstr., Oberbruchstr. 87",47807,Krefeld,51.31597039295507,6.590814659629962,ogc-api-nrw
102945,"Krefeld, KG Josefschule",Grundschule,"An der Josefkirche, An der Josefkirche 1-2",47798,Krefeld,51.32743894552472,6.557038424987702,ogc-api-nrw
102957,"Krefeld, GG St. Michael Schule",Grundschule,"Gießerpfad, Gießerpfad 2-10",47804,Krefeld,51.32039892292419,6.5361126088719015,ogc-api-nrw
102970,"Krefeld, GG Schönwasserschule",Grundschule,"Thielenstr., Thielenstr. 40",47809,Krefeld,51.33161675125892,6.610868647646763,ogc-api-nrw
102982,"Krefeld, GG Johansenschule",Grundschule,"Kohlplatzweg, Kohlplatzweg 25",47809,Krefeld,51.33815550061162,6.646855520459847,ogc-api-nrw
102994,"Krefeld, GG Jahnschule",Grundschule,"Girmesdyk, Girmesdyk 17-19",47803,Krefeld,51.345041446366366,6.552382657823003,ogc-api-nrw
103020,"Krefeld, GG Mosaikschule",Grundschule,"Prinz-Ferdinand-Str., Prinz-Ferdinand-Str. 155",47798,Krefeld,51.333290631810065,6.55128591311654,ogc-api-nrw
103068,"Krefeld, GG am Stadtpark Fischeln",Grundschule,"Wimmersweg, Wimmersweg 21",47807,Krefeld,51.304562643410115,6.581913891531377,ogc-api-nrw
103070,"Krefeld, GG Mariannenschule",Grundschule,"Mariannenstr., Mariannenstr. 97-107",47799,Krefeld,51.33234353840549,6.569713121936818,ogc-api-nrw
103081,"Krefeld, GG Buscher Holzweg",Grundschule,"Buscher Holzweg, Buscher Holzweg 60-62",47802,Krefeld,51.375446957483845,6.589560401018014,ogc-api-nrw
103100,"Krefeld, GG Heinrich",Grundschule,"Körnerstr., Körnerstr. 17",47829,Krefeld,51.36345860130412,6.64616173034497,ogc-api-nrw
103111,"Krefeld, GG Süd",Grundschule,"Kölner Str., Kölner Str. 667",47807,Krefeld,51.29955224380932,6.592779372564568,ogc-api-nrw
103123,"Krefeld, GG Paul Gerhardt",Grundschule,"Joseph-Görres-Str., Joseph-Görres-Str. 20",47829,Krefeld,51.352266820804296,6.645529089505233,ogc-api-nrw
103135,"Krefeld, GG Geschwister Scholl",Grundschule,"Bökendonk, Bökendonk 48",47809,Krefeld,51.32049429876074,6.612767308288452,ogc-api-nrw
103147,"Krefeld, GG Pestalozzi Schule",Grundschule,"Hülser Str., Hülser Str. 449",47803,Krefeld,51.351829391071306,6.537686558771861,ogc-api-nrw
103159,"Krefeld, GG Lindenschule",Grundschule,"Gießerpfad, Gießerpfad 2-10",47804,Krefeld,51.32039892292419,6.5361126088719015,ogc-api-nrw
103160,"Krefeld, GG Brüder-Grimm-Schule",Grundschule,"Freiligrathstr., Freiligrathstr. 47",47799,Krefeld,51.333869180923855,6.579538925936821,ogc-api-nrw
103172,"Krefeld, GG Grotenburg",Grundschule,"Eichendorffstr., Eichendorffstr. 21",47800,Krefeld,51.33910748353986,6.598948901003635,ogc-api-nrw
103184,"Krefeld, GG Buchenschule",Grundschule,"Buchenstr., Buchenstr. 28",47805,Krefeld,51.32132714037803,6.560678934303931,ogc-api-nrw
103196,"Krefeld, GG Bismarckschule",Grundschule,"Bismarckstr., Bismarckstr. 67",47799,Krefeld,51.34172986374655,6.5738977369424205,ogc-api-nrw
103202,"Krefeld, GG Forstwaldschule",Grundschule,"Bellenweg, Bellenweg 50",47804,Krefeld,51.30237455755737,6.505929830845091,ogc-api-nrw
103214,"Leverkusen, GG Regenbogen",Grundschule,"Scharnhorststr., Scharnhorststr. 5",51377,Leverkusen,51.03186119201268,7.018115578281431,ogc-api-nrw
103226,"Leverkusen, GG Kerschensteiner",Grundschule,"Kerschensteinerstr., Kerschensteinerstr. 2",51373,Leverkusen,51.04740799291191,6.997891154746193,ogc-api-nrw
103240,"Leverkusen, GG Astrid-Lindgren",Grundschule,"Brandenburger Str., Brandenburger Str. 26",51377,Leverkusen,51.047126335790416,7.074776008445911,ogc-api-nrw
103251,"Leverkusen, GG Waldschule",Grundschule,"Carl-Maria-von-Weber-Platz, Carl-Maria-von-Weber-Platz 3",51375,Leverkusen,51.02197609915814,7.062000665416951,ogc-api-nrw
103263,"Leverkusen, KG In der Wasserkuhl",Grundschule,"In der Wasserkuhl, In der Wasserkuhl 3",51377,Leverkusen,51.05285440726435,7.087323519884018,ogc-api-nrw
103287,"Leverkusen, KG Möwenschule",Grundschule,"Dönhoffstr., Dönhoffstr. 94",51373,Leverkusen,51.03034742074845,6.98118375695,ogc-api-nrw
103299,"Leverkusen, KG Thomas-Morus-Schule",Grundschule,"Johannes-Dott-Str., Johannes-Dott-Str. 1",51375,Leverkusen,51.02945921207234,7.043147984738888,ogc-api-nrw
103305,"Leverkusen, KG Burgweg",Grundschule,"Burgweg, Burgweg 38",51371,Leverkusen,51.05141681202432,6.944923577328483,ogc-api-nrw
103317,"Leverkusen, KG Gezelin",Grundschule,"Bergische Landstr., Bergische Landstr. 101",51375,Leverkusen,51.03763738010686,7.05355879962586,ogc-api-nrw
103330,"Leverkusen, GG Heinrich-Lübke-Str.",Grundschule,"Heinrich-Lübke-Str., Heinrich-Lübke-Str. 140",51375,Leverkusen,51.05028154188817,7.058921476560035,ogc-api-nrw
103342,"Leverkusen, GG Morsbroicher Str.",Grundschule,"Merziger Str., Merziger Str. 1",51375,Leverkusen,51.02075496268452,7.045924373736203,ogc-api-nrw
103354,"Leverkusen, GG Dönhoffstr.",Grundschule,"Dönhoffstr., Dönhoffstr. 94",51373,Leverkusen,51.03034742074845,6.98118375695,ogc-api-nrw
103366,"Leverkusen, GG Im Steinfeld",Grundschule,"Im Steinfeld, Im Steinfeld 45",51371,Leverkusen,51.049281251316344,6.982357968553458,ogc-api-nrw
103378,"Leverkusen, GG Theodor-Fontane",Grundschule,"Fontanestr., Fontanestr. 2",51373,Leverkusen,51.02217145114533,6.996811264114147,ogc-api-nrw
103380,"Leverkusen, GG Erich-Klausener-Schule",Grundschule,"Brüder-Bonhoeffer-Str., Brüder-Bonhoeffer-Str. 1",51377,Leverkusen,51.04241726866041,7.028607036521027,ogc-api-nrw
103410,"Mönchengladbach, GG Neuwerk",Grundschule,"Nespelerstr., Nespelerstr. 40",41066,Mönchengladbach,51.2205940754854,6.468734210986805,ogc-api-nrw
103421,"Mönchengladbach,KG (Verb.) Brückenschule",Grundschule,"Von-Groote-Str., Von-Groote-Str. 145",41066,Mönchengladbach,51.22269831358294,6.448022432256769,ogc-api-nrw
103433,"Mönchengladbach, KG Zeppelinstraße",Grundschule,"Neuwerker Str., Neuwerker Str. 35",41065,Mönchengladbach,51.20572800373986,6.472527748980345,ogc-api-nrw
103445,"Mönchengladbach, GG Hardt",Grundschule,"Vossenbäumchen, Vossenbäumchen 50",41169,Mönchengladbach,51.19934508563823,6.348373304719666,ogc-api-nrw
103500,"Mönchengladbach, KG Ohler",Grundschule,"Konradstr., Konradstr. 72-74",41069,Mönchengladbach,51.174914116560785,6.423892382388859,ogc-api-nrw
103512,"Mönchengladbach, KG Uedding",Grundschule,"Weiersweg, Weiersweg 6",41065,Mönchengladbach,51.207743129423676,6.47963374549954,ogc-api-nrw
103524,"Mönchengladbach, KG (Verb.) Venn",Grundschule,"Höfgenweg, Höfgenweg 40",41068,Mönchengladbach,51.20085626781116,6.395200999922042,ogc-api-nrw
103536,"Mönchengladbach, KG (Verb.) Will-Sommer",Grundschule,"Geusenstr., Geusenstr. 15",41179,Mönchengladbach,51.14833012817712,6.367501673881368,ogc-api-nrw
103561,"Mönchengladbach, KG Anton-Heinen",Grundschule,"Karl-Barthold-Weg, Karl-Barthold-Weg 8",41065,Mönchengladbach,51.18715815168504,6.4363047988812525,ogc-api-nrw
103573,"Mönchengladbach, GG Carl-Sonnenschein",Grundschule,"Luisenstr., Luisenstr. 123",41061,Mönchengladbach,51.19086762214956,6.425020535721214,ogc-api-nrw
103627,"Mönchengladbach, KG Untereicken",Grundschule,"Eickener Str., Eickener Str. 311",41063,Mönchengladbach,51.21069182145067,6.447225997862533,ogc-api-nrw
103639,"Mönchengladbach, GG Franz-Wamich",Grundschule,"Buscherstr., Buscherstr. 52",41065,Mönchengladbach,51.18526160525886,6.442521005459499,ogc-api-nrw
103652,"Mönchengladbach, KG Anna",Grundschule,"Annakirchstr., Annakirchstr. 56",41063,Mönchengladbach,51.204675087366404,6.411235718791763,ogc-api-nrw
103676,"Mönchengladbach, GG Pesch",Grundschule,"Charlottenstr., Charlottenstr. 15",41065,Mönchengladbach,51.192988129386066,6.454087890809503,ogc-api-nrw
103690,"Mönchengladbach, KG (Verb.) Holt",Grundschule,"Engelsholt, Engelsholt 56",41069,Mönchengladbach,51.17900410533827,6.40750896749194,ogc-api-nrw
103720,"Mönchengladbach, GG Schulstr.",Grundschule,"Schulstr., Schulstr. 15",41065,Mönchengladbach,51.18814619967425,6.455184952879138,ogc-api-nrw
103731,"Mönchengladbach, GG Eicken",Grundschule,"Regentenstr., Regentenstr. 87a",41061,Mönchengladbach,51.20021040208311,6.439259111654341,ogc-api-nrw
103755,"Mönchengladbach, GG (Verb.) Vitusschule",Grundschule,"Lochnerallee, Lochnerallee 33",41063,Mönchengladbach,51.203428381162574,6.4215709313421865,ogc-api-nrw
103780,"Mülheim an der Ruhr, GG Am Sunderplatz",Grundschule,"Sunderweg, Sunderweg 90",45472,Mülheim an der Ruhr,51.42729276235909,6.945823519284546,ogc-api-nrw
103809,"Mülheim an der Ruhr, KG Schildbergschule",Grundschule,"Schildberg, Schildberg 55",45475,Mülheim an der Ruhr,51.46338280547965,6.896677917838779,ogc-api-nrw
103822,"Mülheim an der Ruhr, GG Filchnerstraße",Grundschule,"Filchnerstr., Filchnerstr. 21",45472,Mülheim an der Ruhr,51.43106720751482,6.933396508017822,ogc-api-nrw
103834,"Mülheim an der Ruhr, GG am Oemberg",Grundschule,"Elsenborner Weg, Elsenborner Weg 10-12",45481,Mülheim an der Ruhr,51.400486325945806,6.859538447327473,ogc-api-nrw
103846,"Mülheim an der Ruhr,GG am Dichterviertel",Grundschule,"Bruchstr., Bruchstr. 85",45468,Mülheim an der Ruhr,51.43587808384092,6.896474240487783,ogc-api-nrw
103858,"Mülheim an der Ruhr, GG Barbaraschule",Grundschule,"Barbarastr., Barbarastr. 30",45475,Mülheim an der Ruhr,51.46493959900121,6.903258050413318,ogc-api-nrw
103860,"Mülheim an der Ruhr, GG (Verb) Augusta",Grundschule,"Augustastr., Augustastr. 92",45476,Mülheim an der Ruhr,51.454169854205176,6.860683824479713,ogc-api-nrw
103913,"Mülheim an der Ruhr, KG Martin-von-Tours",Grundschule,"Eduardstr., Eduardstr. 6",45468,Mülheim an der Ruhr,51.42782227023308,6.890586395684458,ogc-api-nrw
103925,"Mülheim an der Ruhr, KG Katharinenschule",Grundschule,"Frühlingstr., Frühlingstr. 45",45478,Mülheim an der Ruhr,51.42582079983349,6.83752432573309,ogc-api-nrw
103949,"Mülheim an der Ruhr,GG Pestalozzi-Schule",Grundschule,"Bülowstr., Bülowstr. 31-33",45479,Mülheim an der Ruhr,51.4239071957653,6.867564002465796,ogc-api-nrw
103950,"Mülheim an der Ruhr, GG Zunftmeisterstr.",Grundschule,"Zunftmeisterstr., Zunftmeisterstr. 21-25",45468,Mülheim an der Ruhr,51.43127816318803,6.88175174641889,ogc-api-nrw
103962,"Mülheim an der Ruhr, GG Trooststr.",Grundschule,"Trooststr., Trooststr. 6",45468,Mülheim an der Ruhr,51.419566504889545,6.880121488600356,ogc-api-nrw
103974,"Mülheim an der Ruhr, GG Steigerweg",Grundschule,"Steigerweg, Steigerweg 3",45473,Mülheim an der Ruhr,51.446547500789144,6.911757347985011,ogc-api-nrw
103998,"Mülheim an der Ruhr, GG (Verb.) Lierberg",Grundschule,"Saarner Str., Saarner Str. 343",45478,Mülheim an der Ruhr,51.42177989318411,6.840778964074658,ogc-api-nrw
104000,"Mülheim an der Ruhr, GG Saarnberg",Grundschule,"Saarnberg, Saarnberg 6",45481,Mülheim an der Ruhr,51.40921787583608,6.863430293476154,ogc-api-nrw
104012,"Mülheim an der Ruhr, GG Erich Kästner",Grundschule,"Nordstr., Nordstr. 85",45475,Mülheim an der Ruhr,51.45101901566575,6.901794619080195,ogc-api-nrw
104036,"Mülheim an der Ruhr, GG Heinrichstraße",Grundschule,"August-Schmidt-Str., August-Schmidt-Str. 30",45470,Mülheim an der Ruhr,51.43513070522799,6.906465289658318,ogc-api-nrw
104048,"Mülheim an der Ruhr, GG Astrid Lindgren",Grundschule,"Mellinghofer Str., Mellinghofer Str. 56",45473,Mülheim an der Ruhr,51.441310824542036,6.888022114956659,ogc-api-nrw
104073,"Mülheim an der Ruhr, GG Klostermarkt",Grundschule,"Klostermarkt, Klostermarkt 5-9",45481,Mülheim an der Ruhr,51.4032526579893,6.880114087598783,ogc-api-nrw
104085,"Mülheim an der Ruhr, GG Hölterschule",Grundschule,"Tilsiter Str., Tilsiter Str. 20",45470,Mülheim an der Ruhr,51.42371202255025,6.906109826776321,ogc-api-nrw
104103,"Neuss, GG Albert-Schweitzer-Schule",Grundschule,"Tulpenstr., Tulpenstr. 66",41466,Neuss,51.16873609297734,6.680856250745838,ogc-api-nrw
104115,"Neuss, KG Münsterschule",Grundschule,"Hafenstr., Hafenstr. 29",41460,Neuss,51.20204806849661,6.690349448858371,ogc-api-nrw
104127,"Neuss, GG St. Martinus",Grundschule,"Rheinfährstr., Rheinfährstr. 161",41468,Neuss,51.16487459535099,6.790292032718117,ogc-api-nrw
104139,"Neuss, KG Pestalozzischule",Grundschule,"Pestalozzistr., Pestalozzistr. 2",41468,Neuss,51.180174564173946,6.735844340401612,ogc-api-nrw
104140,"Neuss, GG St. Konrad",Grundschule,"Löhrerstr., Löhrerstr. 7",41468,Neuss,51.184514059905815,6.715267908715089,ogc-api-nrw
104164,"Neuss, EG Adolf Clarenbach Schule",Grundschule,"Clarenbachplatz, Clarenbachplatz 1",41462,Neuss,51.222553806909985,6.664530879002763,ogc-api-nrw
104188,"Neuss, GG (Verb.) Die Brücke",Grundschule,"Weißenberger Weg, Weißenberger Weg 151",41462,Neuss,51.212745468407974,6.675108145046381,ogc-api-nrw
104190,"Neuss, GG Friedrich-von-Bodelschwingh",Grundschule,"Weberstr., Weberstr. 49",41464,Neuss,51.18446943185836,6.69466307074844,ogc-api-nrw
104206,"Neuss, EG Martin-Luther",Grundschule,"Sternstr., Sternstr. 43-45",41460,Neuss,51.19778291685991,6.682059947959557,ogc-api-nrw
104220,"Neuss, KG Leo",Grundschule,"Am Kivitzbusch, Am Kivitzbusch 30",41462,Neuss,51.2133541928409,6.67089618549755,ogc-api-nrw
104231,"Neuss, GG Kreuzschule",Grundschule,"Sternstr., Sternstr. 43-45",41460,Neuss,51.19778291685991,6.682059947959557,ogc-api-nrw
104243,"Neuss, KG Karl-Kreiner",Grundschule,"Gladbacher Str., Gladbacher Str. 60",41462,Neuss,51.21928696407341,6.665326410807279,ogc-api-nrw
104279,"Neuss, KG Görres",Grundschule,"Konrad-Adenauer-Ring, Konrad-Adenauer-Ring 67",41464,Neuss,51.193368874613526,6.6703872101796895,ogc-api-nrw
104280,"Neuss, KG Burgunderschule",Grundschule,"Burgunderstr., Burgunderstr. 1",41462,Neuss,51.20746202811798,6.674901829396426,ogc-api-nrw
104292,"Neuss, GG St. Hubertus",Grundschule,"Aurinstr., Aurinstr. 57",41466,Neuss,51.16637177653049,6.691817985934318,ogc-api-nrw
104310,"Neuss, KG Dreikönigenschule",Grundschule,"Hammfelddamm, Hammfelddamm 2a",41460,Neuss,51.19096935304155,6.710096626218728,ogc-api-nrw
104346,"Oberhausen, GG Concordia",Grundschule,"Alleestr., Alleestr. 137",46049,Oberhausen,51.47055986753468,6.829130717284265,ogc-api-nrw
104358,"Oberhausen, GG am Froschenteich",Grundschule,"Nierfeldweg, Nierfeldweg 1 a-c",46047,Oberhausen,51.477364203190454,6.88951070951254,ogc-api-nrw
104360,"Oberhausen, GG Hartmann",Grundschule,"Hartmannstr., Hartmannstr. 85",46145,Oberhausen,51.544144815956386,6.85617690941537,ogc-api-nrw
104371,"Oberhausen, GG Melanchthon",Grundschule,"Erzbergerstr., Erzbergerstr. 18",46145,Oberhausen,51.53141029175915,6.854684659970278,ogc-api-nrw
104401,"Oberhausen, GG Bismarckschule",Grundschule,"Mörikestr., Mörikestr. 29",46049,Oberhausen,51.46208791578411,6.822809502806068,ogc-api-nrw
104413,"Oberhausen, GG Brüder-Grimm",Grundschule,"Lothringer Str., Lothringer Str. 20",46045,Oberhausen,51.467646037176095,6.853545210416042,ogc-api-nrw
104425,"Oberhausen, GG Falkenstein",Grundschule,"Liebknechtstr., Liebknechtstr. 115",46047,Oberhausen,51.47968142168495,6.871933630284047,ogc-api-nrw
104437,"Oberhausen, GG König",Grundschule,"Kolkmannstr., Kolkmannstr. 1",46149,Oberhausen,51.511008354508775,6.814452958022849,ogc-api-nrw
104449,"Oberhausen, GG Kastell",Grundschule,"Kastellstr., Kastellstr. 50",46147,Oberhausen,51.52711064078136,6.784976451949717,ogc-api-nrw
104462,"Oberhausen, GG Robert-Koch-Schule",Grundschule,"Erikastr., Erikastr. 22",46117,Oberhausen,51.507312423840844,6.866221902826882,ogc-api-nrw
104528,"Oberhausen, GG Hirschkamp",Grundschule,"Zum Ravenhorst, Zum Ravenhorst 295",46147,Oberhausen,51.557760594398545,6.825412671235889,ogc-api-nrw
104541,"Oberhausen, GG Jacobischule",Grundschule,"Teutoburger Str., Teutoburger Str. 285",46119,Oberhausen,51.51968795521504,6.890134481844055,ogc-api-nrw
104565,"Oberhausen, GG Rolandschule",Grundschule,"Straßburger Str., Straßburger Str. 212",46045,Oberhausen,51.46794375891726,6.867886758592538,ogc-api-nrw
104577,"Oberhausen, GG Astrid-Lindgren-Schule",Grundschule,"Stiftstr., Stiftstr. 22",46047,Oberhausen,51.47122170586273,6.876056942378086,ogc-api-nrw
104589,"Oberhausen, GG Steinbrinkschule",Grundschule,"Steinbrinkstr., Steinbrinkstr. 166",46145,Oberhausen,51.5128321600829,6.850354761931252,ogc-api-nrw
104607,"Oberhausen, GG Erich Kästner-Schule",Grundschule,"Rothebuschstr., Rothebuschstr. 21",46117,Oberhausen,51.5065442513097,6.887369712845208,ogc-api-nrw
104619,"Oberhausen, GG Landwehrschule",Grundschule,"Rechenacker, Rechenacker 85",46049,Oberhausen,51.45805005179314,6.845199810641274,ogc-api-nrw
104620,"Oberhausen, GG Adolf-Feld-Schule",Grundschule,"Nohlstr., Nohlstr. 3",46045,Oberhausen,51.47258613814722,6.857633338089348,ogc-api-nrw
104632,"Oberhausen, KG Marienschule",Grundschule,"Elsa-Brändström-Str., Elsa-Brändström-Str. 87",46045,Oberhausen,51.47856540817333,6.862494635892468,ogc-api-nrw
104644,"Oberhausen, GG Alsfeldschule",Grundschule,"Försterstr., Försterstr. 29",46149,Oberhausen,51.52929567257839,6.83699213609612,ogc-api-nrw
104656,"Oberhausen, KG Luisen",Grundschule,"Glockenstr., Glockenstr. 25",46045,Oberhausen,51.46091104637768,6.855560090729866,ogc-api-nrw
104670,"Oberhausen, KG Postwegschule",Grundschule,"Postweg, Postweg 99",46145,Oberhausen,51.526359888381,6.849486842922471,ogc-api-nrw
104681,"Oberhausen, KG Overbergschule",Grundschule,"Arminstr., Arminstr. 2",46117,Oberhausen,51.498882450952856,6.891383853477093,ogc-api-nrw
104693,"Oberhausen, GG Buschhausen",Grundschule,"Friesenstr., Friesenstr. 104a",46149,Oberhausen,51.502160523278604,6.832456115111104,ogc-api-nrw
104700,"Oberhausen, KG Ruhrschule",Grundschule,"Bebelstr., Bebelstr. 182",46049,Oberhausen,51.46194444953858,6.8354568078407105,ogc-api-nrw
104796,"Remscheid, GG Mannesmann",Grundschule,"Burger Str., Burger Str. 115",42859,Remscheid,51.16613634204456,7.197815468237206,ogc-api-nrw
104802,"Remscheid, GG (Verb.) Dörpfeld",Grundschule,"Oststr., Oststr. 6",42859,Remscheid,51.17446847314925,7.220423720140452,ogc-api-nrw
104814,"Remscheid, GG Hasten",Grundschule,"Moltkestr., Moltkestr. 22",42855,Remscheid,51.19534711517173,7.16892305917114,ogc-api-nrw
104838,"Remscheid, GG Kremenholl",Grundschule,"Kremenholler Str., Kremenholler Str. 66",42857,Remscheid,51.17402194706698,7.178566468082712,ogc-api-nrw
104840,"Remscheid, GG Daniel-Schürmann",Grundschule,"Palmstr., Palmstr. 6",42853,Remscheid,51.178310917531284,7.191846577365051,ogc-api-nrw
104851,"Remscheid, GG am Stadtpark",Grundschule,"Hindenburgstr., Hindenburgstr. 94",42853,Remscheid,51.184994864035446,7.17345460317112,ogc-api-nrw
104863,"Remscheid, GG Freiherr-vom-Stein-Schule",Grundschule,"Hardtstr., Hardtstr. 2",42897,Remscheid,51.19349518790196,7.260294496883865,ogc-api-nrw
104875,"Remscheid, GG Steinberg",Grundschule,"Hägener Str., Hägener Str. 2",42855,Remscheid,51.18839081038111,7.191752566867946,ogc-api-nrw
104887,"Remscheid, GG Siepen",Grundschule,"Wolfstr., Wolfstr. 13",42855,Remscheid,51.19381224386572,7.185271468529291,ogc-api-nrw
104905,"Remscheid, GG Walther-Hartmann-Schule",Grundschule,"Sedanstr., Sedanstr. 98",42855,Remscheid,51.17943816322437,7.214881172622202,ogc-api-nrw
104917,"Remscheid, GG Eisernstein",Grundschule,"Lockfinker Str., Lockfinker Str. 23",42899,Remscheid,51.215648907720166,7.230563540874708,ogc-api-nrw
104929,"Remscheid, GG Hasenberg",Grundschule,"Schneppendahler Weg, Schneppendahler Weg 41-43",42897,Remscheid,51.18563558054491,7.2755012467336035,ogc-api-nrw
104930,"Remscheid, GG Reinshagen",Grundschule,"Schimmelbuschweg, Schimmelbuschweg 3-5",42857,Remscheid,51.16249167334142,7.152703669020439,ogc-api-nrw
104954,"Remscheid, GG (Verb.) Adolf-Clarenbach",Grundschule,"Pestalozzistr., Pestalozzistr. 17",42899,Remscheid,51.20734802158638,7.242478135375755,ogc-api-nrw
104966,"Remscheid, KG (Verb.) Franziskus",Grundschule,"Leverkuser Str., Leverkuser Str. 19",42897,Remscheid,51.187973134995616,7.257253986070116,ogc-api-nrw
104991,"Remscheid, KG (Verb.) Menninghausen",Grundschule,"Menninghauser Str., Menninghauser Str. 8",42859,Remscheid,51.17119327514807,7.209706353920446,ogc-api-nrw
105004,"Mönchengladbach, KG Bell",Grundschule,"Höhenstr., Höhenstr. 15",41199,Mönchengladbach,51.143616231911224,6.457664401345689,ogc-api-nrw
105041,"Mönchengladbach, KG Nordstr.",Grundschule,"Nordstr., Nordstr. 59",41236,Mönchengladbach,51.17276322825097,6.442268598226656,ogc-api-nrw
105065,"Mönchengladbach, GG Waisenhausstraße",Grundschule,"Waisenhausstr., Waisenhausstr. 15",41236,Mönchengladbach,51.16554137299127,6.444756860124661,ogc-api-nrw
105089,"Mönchengladbach, GG Astrid-Lindgren",Grundschule,"Schmidt-Bleibtreu-Str., Schmidt-Bleibtreu-Str. 66",41199,Mönchengladbach,51.13136574285375,6.45186210014371,ogc-api-nrw
105090,"Mönchengladbach, GG Mülfort-Dohr",Grundschule,"Giesenkirchener Str., Giesenkirchener Str. 113",41238,Mönchengladbach,51.150292367038105,6.462745819270293,ogc-api-nrw
105107,"Mönchengladbach, GG Erich Kästner",Grundschule,"Dohler Str., Dohler Str. 12",41238,Mönchengladbach,51.17555443923791,6.46553667679343,ogc-api-nrw
105119,"Mönchengladbach, GG Hermann-Gmeiner",Grundschule,"Morr, Morr 20",41239,Mönchengladbach,51.1666588983154,6.425182314035214,ogc-api-nrw
105120,"Mönchengladbach, EG Pahlkestr.",Grundschule,"Pahlkestr., Pahlkestr. 9",41236,Mönchengladbach,51.172028702814536,6.445285153417712,ogc-api-nrw
105132,"Mönchengladbach, GG Heyden",Grundschule,"Zingsheimer Str., Zingsheimer Str. 35",41236,Mönchengladbach,51.15506285165827,6.445564874581369,ogc-api-nrw
105144,"Mönchengladbach, GG Steinsstraße",Grundschule,"Steinsstr., Steinsstr. 170",41199,Mönchengladbach,51.149117315343496,6.4402018850533675,ogc-api-nrw
105156,"Mönchengladbach, GG Hockstein",Grundschule,"Klusenstr., Klusenstr. 51",41239,Mönchengladbach,51.151966024201194,6.418821491181036,ogc-api-nrw
105170,"Mönchengladbach,KG (Verb) Giesenkirchen",Grundschule,"Asternweg, Asternweg 1",41238,Mönchengladbach,51.1572755581475,6.486233511637985,ogc-api-nrw
105181,"Mönchengladbach,GG Schule im Burgbongert",Grundschule,"Burgbongert, Burgbongert 15-17",41199,Mönchengladbach,51.129400371508304,6.447939424154321,ogc-api-nrw
105193,"Mönchengladbach, KG Meerkamp",Grundschule,"Am Sternenfeld, Am Sternenfeld 155",41238,Mönchengladbach,51.1656136377902,6.487096085763339,ogc-api-nrw
105211,"Solingen, GG am Rosenkamp",Grundschule,"Heidstr., Heidstr. 11",42719,Solingen,51.17783654667766,7.040133113930828,ogc-api-nrw
105223,"Solingen, GG Westersburg",Grundschule,"Bausmühlenstr., Bausmühlenstr. 14",42719,Solingen,51.192347087472314,7.047918672710808,ogc-api-nrw
105235,"Solingen, GG Gottlieb-Heinrich-Straße",Grundschule,"Gottlieb-Heinrich-Str., Gottlieb-Heinrich-Str. 33",42719,Solingen,51.18134188304153,7.03144205520305,ogc-api-nrw
105247,"Solingen, GG Stübchen",Grundschule,"Katternberger Str., Katternberger Str. 204",42655,Solingen,51.162414331549016,7.066146040255615,ogc-api-nrw
105259,"Solingen, GG Weyer",Grundschule,"Sternstr., Sternstr. 25",42719,Solingen,51.17558779461851,7.0214147187859375,ogc-api-nrw
105260,"Solingen, GG Gerberstr.",Grundschule,"Schulstr., Schulstr. 2",42653,Solingen,51.205664942582274,7.073339660032306,ogc-api-nrw
105272,"Solingen, GG Erholungstr.",Grundschule,"Erholungstr., Erholungstr. 14",42699,Solingen,51.167317690925145,7.033369674747697,ogc-api-nrw
105284,"Solingen, GG Bogenstr.",Grundschule,"Rennpatt, Rennpatt 35",42697,Solingen,51.16519453334074,7.000446700763045,ogc-api-nrw
105296,"Solingen, GG Südstraße",Grundschule,"Elbestr., Elbestr. 7",42697,Solingen,51.1582077054722,6.996830178269356,ogc-api-nrw
105302,"Solingen, GG Böckerhof",Grundschule,"Bismarckstr., Bismarckstr. 131",42659,Solingen,51.157623109527336,7.096980007021061,ogc-api-nrw
105314,"Solingen, GG Aufderhöhe",Grundschule,"Aufderhöher Str., Aufderhöher Str. 99",42699,Solingen,51.14241850862514,7.01760092585525,ogc-api-nrw
105363,"Solingen, GG Yorckstr.",Grundschule,"Yorckstr., Yorckstr. 12",42653,Solingen,51.18672486731694,7.0826301147666175,ogc-api-nrw
105375,"Solingen, GG Wiener Str.",Grundschule,"Wiener Str., Wiener Str. 15",42657,Solingen,51.15563899244215,7.065399725291317,ogc-api-nrw
105387,"Solingen, GG Bünkenberg-Widdert",Grundschule,"Börsenstr., Börsenstr. 158",42657,Solingen,51.13767936950947,7.065950525704209,ogc-api-nrw
105399,"Solingen, GG Schützenstraße",Grundschule,"Schützenstr., Schützenstr. 205",42659,Solingen,51.16141811932222,7.109166896752387,ogc-api-nrw
105405,"Solingen, GG Scheidter Str.",Grundschule,"Scheidter Str., Scheidter Str. 32",42653,Solingen,51.18239288828021,7.076227729544152,ogc-api-nrw
105417,"Solingen, GG Meigen",Grundschule,"Meigener Str., Meigener Str. 130",42651,Solingen,51.16893610179818,7.108029699065073,ogc-api-nrw
105429,"Solingen, GG Kreuzweg",Grundschule,"Wittkuller Str., Wittkuller Str. 23",42719,Solingen,51.18611384671832,7.031768184664568,ogc-api-nrw
105430,"Solingen, GG Klauberg",Grundschule,"Klauberger Str., Klauberger Str. 35",42651,Solingen,51.17629937531608,7.0923909911770995,ogc-api-nrw
105442,"Solingen, GG Katternberger Str.",Grundschule,"Katternberger Str., Katternberger Str. 39",42655,Solingen,51.166248956867356,7.078358658512433,ogc-api-nrw
105454,"Wuppertal, KG Windthorststr.",Grundschule,"Windthorststr., Windthorststr. 7",42389,Wuppertal,51.27350816439683,7.247165991376371,ogc-api-nrw
105466,"Wuppertal, KG Wichlinghauser Str.",Grundschule,"Wichlinghauser Str., Wichlinghauser Str. 29",42277,Wuppertal,51.27741770873348,7.217824336842019,ogc-api-nrw
105478,"Wuppertal, KG Angelo-Roncalli-Schule",Grundschule,"Reichsgrafenstr., Reichsgrafenstr. 26",42119,Wuppertal,51.24860919029989,7.1446689060148865,ogc-api-nrw
105480,"Wuppertal, KG Sankt-Michael",Grundschule,"Leipziger Str., Leipziger Str. 1",42109,Wuppertal,51.27611922070657,7.148650695117182,ogc-api-nrw
105510,"Wuppertal, KG Am Engelnberg",Grundschule,"Am Engelnberg, Am Engelnberg 16",42107,Wuppertal,51.264824264995454,7.154938828688104,ogc-api-nrw
105521,"Wuppertal, KG Hombüchel",Grundschule,"Hombüchel, Hombüchel 80",42105,Wuppertal,51.258424455018194,7.138110699822972,ogc-api-nrw
105533,"Wuppertal, KG Cornelius-Schule",Grundschule,"Schlüssel, Schlüssel 2",42329,Wuppertal,51.22549341159972,7.066152437175073,ogc-api-nrw
105545,"Wuppertal, KG Sankt-Antonius-Schule",Grundschule,"Zur Schafbrücke, Zur Schafbrücke 30",42283,Wuppertal,51.27063522390306,7.193657810045029,ogc-api-nrw
105569,"Wuppertal, KG Alarichstr.",Grundschule,"Alarichstr., Alarichstr. 44",42281,Wuppertal,51.28048409500207,7.199007165961081,ogc-api-nrw
105582,"Wuppertal, EG Dieckerhoffstr.",Grundschule,"Dieckerhoffstr., Dieckerhoffstr. 20",42389,Wuppertal,51.27104380608977,7.241152508011772,ogc-api-nrw
105594,"Wuppertal, GG Nathrather Straße",Grundschule,"Nathrather Str., Nathrather Str. 156",42327,Wuppertal,51.240309598142304,7.071863603311285,ogc-api-nrw
105600,"Wuppertal, GG Sillerstr.",Grundschule,"Sillerstr., Sillerstr. 13-15",42327,Wuppertal,51.24729526982848,7.100330114606165,ogc-api-nrw
105624,"Wuppertal, GG Opphofer Str.",Grundschule,"Opphofer Str., Opphofer Str. 47",42107,Wuppertal,51.26803714159261,7.153376577877646,ogc-api-nrw
105636,"Wuppertal, EG Sophienschule",Grundschule,"Nützenberger Str., Nützenberger Str. 288",42115,Wuppertal,51.251267742052676,7.111286772599651,ogc-api-nrw
105648,"Wuppertal, GG Liegnitzer Str.",Grundschule,"Liegnitzer Str., Liegnitzer Str. 62-64",42277,Wuppertal,51.283177170072896,7.221630964238579,ogc-api-nrw
105650,"Wuppertal, GG Ferdinand-Lassalle-Str.",Grundschule,"Ferdinand-Lassalle-Str., Ferdinand-Lassalle-Str. 28-30",42369,Wuppertal,51.222789269233715,7.212803332032076,ogc-api-nrw
105661,"Wuppertal, GG Gebhardtstr.",Grundschule,"Gebhardtstr., Gebhardtstr. 16",42329,Wuppertal,51.22769570736959,7.066633031525379,ogc-api-nrw
105673,"Wuppertal, GG Friedhofstr.",Grundschule,"Friedhofstr., Friedhofstr. 11",42277,Wuppertal,51.28342769302094,7.210335527166292,ogc-api-nrw
105685,"Wuppertal, GG Engelbert-Wüster-Weg",Grundschule,"Engelbert-Wüster-Weg, Engelbert-Wüster-Weg 29",42369,Wuppertal,51.23313313344899,7.200599053238354,ogc-api-nrw
105697,"Wuppertal, GG Eichenstr.",Grundschule,"Eichenstr., Eichenstr. 5",42283,Wuppertal,51.26926495912327,7.181827118296814,ogc-api-nrw
105703,"Wuppertal, GG Echoer Str.",Grundschule,"Echoer Str., Echoer Str. 46",42369,Wuppertal,51.21915857897144,7.195974458077477,ogc-api-nrw
105715,"Wuppertal, GG Hammesberger Weg",Grundschule,"Hammesberger Weg, Hammesberger Weg 26",42289,Wuppertal,51.25661687907275,7.228489260712063,ogc-api-nrw
105727,"Wuppertal, GG am Nocken",Grundschule,"Nocken, Nocken 6",42329,Wuppertal,51.23039763821282,7.080528618111999,ogc-api-nrw
105739,"Wuppertal, GG Hottenstein",Grundschule,"Wittener Str., Wittener Str. 144",42279,Wuppertal,51.29567082043976,7.24203305686735,ogc-api-nrw
105740,"Wuppertal, GG Thorner Str.",Grundschule,"Thorner Str., Thorner Str. 15",42283,Wuppertal,51.275319002751566,7.184254915879485,ogc-api-nrw
105752,"Wuppertal, GG Schützenstr.",Grundschule,"Schützenstr., Schützenstr. 101",42281,Wuppertal,51.28074790174581,7.19394936843435,ogc-api-nrw
105776,"Wuppertal, GG Mercklinghausstr.",Grundschule,"Mercklinghausstr., Mercklinghausstr. 11",42389,Wuppertal,51.28306616514078,7.239273564128084,ogc-api-nrw
105788,"Wuppertal, GG Berg-Mark-Straße",Grundschule,"Berg-Mark-Str., Berg-Mark-Str. 5",42289,Wuppertal,51.26711080988327,7.200719913930873,ogc-api-nrw
105790,"Wuppertal, GG Am Mirker Bach",Grundschule,"Am Mirker Bach, Am Mirker Bach 1",42107,Wuppertal,51.267892288721946,7.149898858898718,ogc-api-nrw
105820,"Wuppertal, GG Europa",Grundschule,"Rudolfstr., Rudolfstr. 120",42285,Wuppertal,51.268432272329804,7.173975395902578,ogc-api-nrw
105831,"Wuppertal, GG Rottsieper Höhe",Grundschule,"Rottsieper Höhe, Rottsieper Höhe 14-16",42349,Wuppertal,51.19509515079898,7.132506767848885,ogc-api-nrw
105855,"Wuppertal, GG Reichsgrafenstr.",Grundschule,"Reichsgrafenstr., Reichsgrafenstr. 34-38",42119,Wuppertal,51.248100314025386,7.144904329554803,ogc-api-nrw
105867,"Wuppertal, GG Am Nützenberg",Grundschule,"Nützenberger Str., Nützenberger Str. 242",42115,Wuppertal,51.25101321390514,7.114464202848688,ogc-api-nrw
105879,"Wuppertal, GG Marper Schulweg",Grundschule,"Marper Schulweg, Marper Schulweg 6",42287,Wuppertal,51.24921233002818,7.193566071991687,ogc-api-nrw
105880,"Wuppertal, GG Markomannenstr.",Grundschule,"Markomannenstr., Markomannenstr. 39",42105,Wuppertal,51.26338480358146,7.143529200817611,ogc-api-nrw
105892,"Wuppertal, GG Marienstr.",Grundschule,"Marienstr., Marienstr. 64",42105,Wuppertal,51.258759191082035,7.135975936400009,ogc-api-nrw
105909,"Wuppertal, GG Kruppstr.",Grundschule,"Kruppstr., Kruppstr. 139",42113,Wuppertal,51.269639937974276,7.123536306072506,ogc-api-nrw
105910,"Wuppertal, GG Königshöher Weg",Grundschule,"Königshöher Weg, Königshöher Weg 7",42117,Wuppertal,51.245666138637624,7.128710662032598,ogc-api-nrw
105922,"Wuppertal, GG (Verb.) Fritz-Harkort",Grundschule,"Am Timpen, Am Timpen 47",42389,Wuppertal,51.273694850873504,7.250026314023422,ogc-api-nrw
105946,"Wuppertal, GG Meyerstrasse",Grundschule,"Meyerstr., Meyerstr. 30-34",42289,Wuppertal,51.26992016219862,7.220952992394481,ogc-api-nrw
105958,"Wuppertal, GG Hesselnberg",Grundschule,"Hesselnberg, Hesselnberg 42",42285,Wuppertal,51.25481390561771,7.166890774699246,ogc-api-nrw
105971,"Wuppertal, GG Germanenstr.",Grundschule,"Germanenstr., Germanenstr. 36-38",42277,Wuppertal,51.27890031572429,7.208317667262843,ogc-api-nrw
105983,"Wuppertal, GG Peterstraße",Grundschule,"Peterstr., Peterstr. 26-28",42287,Wuppertal,51.26380939335647,7.197150650443595,ogc-api-nrw
105995,"Wuppertal, GG Hermann-Herberts-Schule",Grundschule,"Cronenfelder Str., Cronenfelder Str. 26",42349,Wuppertal,51.21425710544677,7.1504604979345245,ogc-api-nrw
106008,"Wuppertal, GG Haselrain",Grundschule,"Haselrain, Haselrain 38",42279,Wuppertal,51.29822520967956,7.2047249773365944,ogc-api-nrw
106010,"Wuppertal, GG Donarstr.",Grundschule,"Donarstr., Donarstr. 2",42117,Wuppertal,51.24401628083803,7.108875865267534,ogc-api-nrw
106021,"Wuppertal, GG Distelbeck",Grundschule,"Distelbeck, Distelbeck 9",42119,Wuppertal,51.25270760085551,7.152471828027838,ogc-api-nrw
106033,"Wuppertal, GG Uellendahl",Grundschule,"Kurt-Schumacher-Str., Kurt-Schumacher-Str. 130",42111,Wuppertal,51.2863913905768,7.165346688044923,ogc-api-nrw
106069,"Wuppertal, GG Hütterbusch",Grundschule,"Am Hofe, Am Hofe 1",42349,Wuppertal,51.20956826043157,7.128757100631489,ogc-api-nrw
106070,"Wuppertal, GG Hainstr.",Grundschule,"Hainstr., Hainstr. 192",42109,Wuppertal,51.27750447134018,7.129438741448787,ogc-api-nrw
106082,"Dinslaken, GG Am Weyer",Grundschule,"Hügelstr., Hügelstr. 19",46539,Dinslaken,51.55492793374576,6.769862165510925,ogc-api-nrw
106094,"Dinslaken, GG Dorf",Grundschule,"Fichtenstr., Fichtenstr. 65",46539,Dinslaken,51.5684017718249,6.7704437106740825,ogc-api-nrw
106100,"Dinslaken, GG Gartenschule",Grundschule,"Gartenstr., Gartenstr. 17",46535,Dinslaken,51.560082450272084,6.732876069185313,ogc-api-nrw
106112,"Dinslaken, GG Klaraschule",Grundschule,"Klarastr., Klarastr. 31",46537,Dinslaken,51.57265164876811,6.7481113956423835,ogc-api-nrw
106124,"Dinslaken, GG Lohberg",Grundschule,"Lohbergstr., Lohbergstr. 70",46537,Dinslaken,51.583265300203216,6.75429900574544,ogc-api-nrw
106136,"Dinslaken, GG Averbruchschule",Grundschule,"Rosenstr., Rosenstr. 47",46535,Dinslaken,51.5506916779703,6.7439744346247394,ogc-api-nrw
106197,"Dinslaken, GG Moltkeschule",Grundschule,"Riemenschneiderstr., Riemenschneiderstr. 12",46539,Dinslaken,51.55959017275974,6.769114621887315,ogc-api-nrw
106203,"Dinslaken, GG Bruchschule",Grundschule,"Hedwigstr., Hedwigstr. 122",46537,Dinslaken,51.57888293843132,6.723828309743828,ogc-api-nrw
106215,"Dinslaken, GG Hagenschule",Grundschule,"Hagenstr., Hagenstr. 139",46535,Dinslaken,51.56732919788432,6.723496467541808,ogc-api-nrw
106239,"Duisburg, GG Schulstr.",Grundschule,"Schulstr., Schulstr. 7",47179,Duisburg,51.52300935954228,6.741580611823102,ogc-api-nrw
106252,"Duisburg, GG Sternstr.",Grundschule,"Sternstr., Sternstr. 76",47179,Duisburg,51.52504721039536,6.748875667922092,ogc-api-nrw
106264,"Duisburg, GG Vennbruchschule",Grundschule,"Vennbruchstr., Vennbruchstr. 1",47178,Duisburg,51.53663205703113,6.7340130581091024,ogc-api-nrw
106276,"Duisburg, GG Unter den Kastanien",Grundschule,"Unter den Kastanien, Unter den Kastanien 28",47179,Duisburg,51.53016714498814,6.767367198950905,ogc-api-nrw
106288,"Duisburg, KG Don-Bosco",Grundschule,"Karlstr., Karlstr. 35",47178,Duisburg,51.541895248629075,6.722516514410517,ogc-api-nrw
106318,"Duisburg, GG Theißelmannschule",Grundschule,"Theißelmannstr., Theißelmannstr. 33",47178,Duisburg,51.53206331297148,6.7108519650325915,ogc-api-nrw
106331,"Voerde, GG Astrid Lindgren-Schule",Grundschule,"Weseler Str., Weseler Str. 18",46562,Voerde (Niederrhein),51.612121061785494,6.6164441641672616,ogc-api-nrw
106343,"Voerde, GG Otto-Willmann-Schule",Grundschule,"Sternbuschweg, Sternbuschweg 36",46562,Voerde (Niederrhein),51.59509908690024,6.695337348782276,ogc-api-nrw
106355,"Voerde, GG Friedrichsfeld",Grundschule,"Hugo-Mueller-Str., Hugo-Mueller-Str. 23",46562,Voerde (Niederrhein),51.62702837235474,6.667738884496968,ogc-api-nrw
106367,"Voerde, GG Regenbogenschule Möllen",Grundschule,"Auf dem Bünder, Auf dem Bünder 25",46562,Voerde (Niederrhein),51.581465602555,6.6912350197869355,ogc-api-nrw
106392,"Dorsten, GG (Verb.) Wilhelm-Lehmbruck",Grundschule,"Gahlener Str., Gahlener Str. 284",46282,Dorsten,51.65705054797434,6.9094521057405,ogc-api-nrw
106409,"Hünxe, GG Karl-Vogels-Schule",Grundschule,"In den Elsen, In den Elsen 34",46569,Hünxe,51.63774071901088,6.7696017039571945,ogc-api-nrw
106410,"Hünxe, GG Am Dicken Stein",Grundschule,"Waldweg, Waldweg 55",46569,Hünxe,51.603078551875605,6.749205387490026,ogc-api-nrw
106434,"Haan, KG Don-Bosco",Grundschule,"Thienhausener Str., Thienhausener Str. 24",42781,Haan,51.18788880807327,7.005417771989361,ogc-api-nrw
106446,"Haan, GG Mittelhaan",Grundschule,"Dieker Str., Dieker Str. 69",42781,Haan,51.19468273617088,7.008287515323204,ogc-api-nrw
106458,"Haan, GG Unterhaan",Grundschule,"Steinkulle, Steinkulle 24",42781,Haan,51.18481306579973,6.997522688584453,ogc-api-nrw
106471,"Heiligenhaus, GG Regenbogen",Grundschule,"Moselstr., Moselstr. 51",42579,Heiligenhaus,51.332434462101524,6.940807305908883,ogc-api-nrw
106483,"Heiligenhaus, KG St.Suitbertus-Schule",Grundschule,"Am Sportfeld, Am Sportfeld 5",42579,Heiligenhaus,51.32885337045996,6.958681706420171,ogc-api-nrw
106495,"Heiligenhaus, EG Adolf-Clarenbach",Grundschule,"Pestalozzistr., Pestalozzistr. 16-18",42579,Heiligenhaus,51.343625631333886,6.945618650428542,ogc-api-nrw
106501,"Heiligenhaus, GG Gerhard-Tersteegen",Grundschule,"Velberter Str., Velberter Str. 106",42579,Heiligenhaus,51.32905421323603,7.001077145469843,ogc-api-nrw
106513,"Heiligenhaus, GG Schulstr.",Grundschule,"Schulstr., Schulstr. 1",42579,Heiligenhaus,51.32475213740777,6.965380383629886,ogc-api-nrw
106525,"Hilden, GG Wilhelm-Busch",Grundschule,"Zur Verlach, Zur Verlach 42",40723,Hilden,51.15392006213036,6.947178837884291,ogc-api-nrw
106550,"Hilden, GG Wilhelm-Hüls-Schule",Grundschule,"Augustastr., Augustastr. 29",40721,Hilden,51.17283072239625,6.931717835526618,ogc-api-nrw
106562,"Hilden, KG Astrid-Lindgren",Grundschule,"Zur Verlach, Zur Verlach 42",40723,Hilden,51.15392006213036,6.947178837884291,ogc-api-nrw
106574,"Hilden, GG Beethovenstraße",Grundschule,"Beethovenstr., Beethovenstr. 32-40",40724,Hilden,51.179959413228545,6.932557723460964,ogc-api-nrw
106604,"Hilden, GG (Verb.) Schulstraße",Grundschule,"Schulstr., Schulstr. 40-42",40721,Hilden,51.16628352075124,6.933755929111315,ogc-api-nrw
106616,"Hilden, GG Am Elbsee",Grundschule,"Schalbruch, Schalbruch 33",40721,Hilden,51.18058764017846,6.918793167497148,ogc-api-nrw
106630,"Essen, GG Schmachtenberg",Grundschule,"Schmachtenbergstr., Schmachtenbergstr. 62",45219,Essen,51.36892858378663,6.954126649919104,ogc-api-nrw
106641,"Essen, GG an der Ruhr",Grundschule,"Gustavstr., Gustavstr. 26",45219,Essen,51.364105270300264,6.944199312445071,ogc-api-nrw
106653,"Velbert, GG (Verb.) Max & Moritz",Grundschule,"Hüserstr., Hüserstr. 40",42555,Velbert,51.364176648026316,7.138291994993817,ogc-api-nrw
106665,"Velbert, GG Wilhelm-Ophüls-Schule",Grundschule,"Frohnstr., Frohnstr. 16",42555,Velbert,51.35527279773701,7.119665388820401,ogc-api-nrw
106677,"Velbert, GG Kuhstr.",Grundschule,"Kuhstr., Kuhstr. 46",42555,Velbert,51.34828464163289,7.114594986038975,ogc-api-nrw
106690,"Mettmann, GG Herrenhauser Str.",Grundschule,"Herrenhauser Str., Herrenhauser Str. 52",40822,Mettmann,51.24625226120524,6.963975531571635,ogc-api-nrw
106707,"Mettmann, GG Otfried-Preußler-Schule",Grundschule,"Goethestr., Goethestr. 35",40822,Mettmann,51.25642023334216,6.967395970904026,ogc-api-nrw
106719,"Mettmann, KG Neanderstr.",Grundschule,"Neanderstr., Neanderstr. 15",40822,Mettmann,51.250247159794476,6.974446491520061,ogc-api-nrw
106720,"Mettmann, GG Am Neandertal",Grundschule,"Gruitener Str., Gruitener Str. 14",40822,Mettmann,51.24546012483467,6.981061847830933,ogc-api-nrw
106732,"Velbert, EG Neviges",Grundschule,"Ansembourgallee, Ansembourgallee 1-3",42553,Velbert,51.312482107691686,7.083504234727039,ogc-api-nrw
106744,"Velbert, GG Regenbogenschule",Grundschule,"Wielandstr., Wielandstr. 8-10",42553,Velbert,51.3049611185393,7.103214968376784,ogc-api-nrw
106756,"Velbert, GG Tönisheide",Grundschule,"Kirchstr., Kirchstr. 62-64",42553,Velbert,51.31601268606468,7.066322867714813,ogc-api-nrw
106768,"Wuppertal, GG Am Dönberg",Grundschule,"Am Dönberg, Am Dönberg 46",42111,Wuppertal,51.29846893616026,7.155038804003373,ogc-api-nrw
106770,"Velbert, KG Sonnenschule",Grundschule,"Goethestr., Goethestr. 41",42553,Velbert,51.30438873799207,7.101746486426552,ogc-api-nrw
106781,"Ratingen, GG Gebrüder-Grimm-Schule",Grundschule,"Karl-Mücher-Weg, Karl-Mücher-Weg 17",40878,Ratingen,51.28939661549549,6.85195879624361,ogc-api-nrw
106793,"Ratingen, GG Paul-Maar-Schule",Grundschule,"Am Söttgen, Am Söttgen 15",40880,Ratingen,51.30551530109052,6.819985196363113,ogc-api-nrw
106800,"Ratingen, GG Anne-Frank",Grundschule,"Mülheimer Str., Mülheimer Str. 47",40878,Ratingen,51.302157370655166,6.854361415192496,ogc-api-nrw
106823,"Ratingen, KG Minoriten",Grundschule,"Minoritenstr., Minoritenstr. 12",40878,Ratingen,51.29628826887966,6.844278104420836,ogc-api-nrw
106847,"Ratingen, KG Suitbertus",Grundschule,"Dürerring, Dürerring 3",40878,Ratingen,51.29306293950006,6.844457902713503,ogc-api-nrw
106859,"Ratingen, GG Karl-Arnold-Schule",Grundschule,"Volkardeyer Str., Volkardeyer Str. 36",40878,Ratingen,51.28808764747541,6.831209097393671,ogc-api-nrw
106860,"Ratingen, GG  Albert-Schweitzer",Grundschule,"Bruchstr., Bruchstr. 22",40882,Ratingen,51.30235419046245,6.871051896470204,ogc-api-nrw
106884,"Velbert, GG Birth",Grundschule,"Von-Humboldt-Str., Von-Humboldt-Str. 52",42549,Velbert,51.34339382304529,7.0182730951483325,ogc-api-nrw
106902,"Velbert, GG Nordstadt",Grundschule,"Am Schwanefeld, Am Schwanefeld 19a",42551,Velbert,51.35136240211965,7.044527228797878,ogc-api-nrw
106951,"Velbert, GG Gerhart-Hauptmann-Schule",Grundschule,"Bartelskamp, Bartelskamp 57-59",42549,Velbert,51.32819010879334,7.03128800496732,ogc-api-nrw
106975,"Wuppertal, GG Radenberg",Grundschule,"Radenberg, Radenberg 12",42327,Wuppertal,51.26280403410586,7.072556340703436,ogc-api-nrw
107001,"Wülfrath, GG Parkstr.",Grundschule,"Parkstr., Parkstr. 14",42489,Wülfrath,51.28006833973062,7.036687617224348,ogc-api-nrw
107013,"Wülfrath, GG Ellenbeek",Grundschule,"Tiegenhöfer Str., Tiegenhöfer Str. 16",42489,Wülfrath,51.284474925864515,7.04959288013921,ogc-api-nrw
107025,"Wülfrath, GG Lindenstr.",Grundschule,"Lindenstr., Lindenstr. 26",42489,Wülfrath,51.27534194936794,7.0310392303458435,ogc-api-nrw
107037,"Erkrath, GG (Verb.) Falkenstraße",Grundschule,"Falkenstr., Falkenstr. 35",40699,Erkrath,51.21655246798681,6.9167704189958705,ogc-api-nrw
107049,"Düsseldorf, GG Wichernschule",Grundschule,"Brorsstr., Brorsstr. 5",40627,Düsseldorf,51.204723418465264,6.899022375289238,ogc-api-nrw
107050,"Erkrath, KG Johannes",Grundschule,"Hölderlinstr., Hölderlinstr. 2-4",40699,Erkrath,51.2218180062057,6.915501492823811,ogc-api-nrw
107062,"Düsseldorf, KG Carl-Sonnenschein-Schule",Grundschule,"Gerresheimer Landstr., Gerresheimer Landstr. 89",40627,Düsseldorf,51.20283093942404,6.901814181685496,ogc-api-nrw
107086,"Düsseldorf, GG Friedrich-von-Spee-Schule",Grundschule,"Am Litzgraben, Am Litzgraben 28a",40489,Düsseldorf,51.32857970342575,6.7857596399196085,ogc-api-nrw
107098,"Ratingen, GG Matthias-Claudius",Grundschule,"Mintarder Weg, Mintarder Weg 98",40885,Ratingen,51.357357897301995,6.878011054396558,ogc-api-nrw
107104,"Ratingen, GG Wilhelm-Busch-Schule",Grundschule,"Bismarckstr., Bismarckstr. 16",40883,Ratingen,51.33069555673804,6.907149762321397,ogc-api-nrw
107116,"Ratingen, GG Eduard-Dietrich-Schule",Grundschule,"Duisburger Str., Duisburger Str. 14",40885,Ratingen,51.334530896569134,6.82933333319101,ogc-api-nrw
107128,"Ratingen, KG Heinrich-Schmitz-Schule",Grundschule,"Duisburger Str., Duisburger Str. 112",40885,Ratingen,51.34301916039871,6.8277977973856725,ogc-api-nrw
107130,"Ratingen, KG Johann-Peter-Melchior",Grundschule,"Am Weiher, Am Weiher 4",40885,Ratingen,51.33087644571886,6.82964952885631,ogc-api-nrw
107141,"Düsseldorf, KG Franz-Vaahsen-Schule",Grundschule,"Grenzweg, Grenzweg 12",40489,Düsseldorf,51.32677856440302,6.737184230690515,ogc-api-nrw
107153,"Haan, GG Gruiten",Grundschule,"Prälat-Marschall-Str., Prälat-Marschall-Str. 65",42781,Haan,51.22277728409244,7.008249192693211,ogc-api-nrw
107177,"Erkrath, GG Sandheide",Grundschule,"Schmiedestr., Schmiedestr. 2",40699,Erkrath,51.21327508331274,6.960963339914481,ogc-api-nrw
107189,"Erkrath, GG Sechseck",Grundschule,"Trills, Trills 22",40699,Erkrath,51.21197717619735,6.946916986421453,ogc-api-nrw
107190,"Erkrath, GG Willbeck",Grundschule,"Ruhrstr., Ruhrstr. 60",40699,Erkrath,51.206703299943335,6.975599107520775,ogc-api-nrw
107207,"Erkrath, GG Millrath",Grundschule,"Schulstr., Schulstr. 20",40699,Erkrath,51.21541698996332,6.964663368153166,ogc-api-nrw
107219,"Düsseldorf, GG Knittkuhl",Grundschule,"Am Mergelsberg, Am Mergelsberg 1",40629,Düsseldorf,51.26739931887346,6.875148193422344,ogc-api-nrw
107220,"Ratingen, GG Christian-Morgenstern",Grundschule,"Ulmenstr., Ulmenstr. 3",40882,Ratingen,51.293706174358896,6.926360953308271,ogc-api-nrw
107232,"Mettmann, GG Astrid-Lindgren-Schule",Grundschule,"Spessartstr., Spessartstr. 2-6",40822,Mettmann,51.26063947096983,6.951485867356872,ogc-api-nrw
107244,"Geldern, KG St. Michael-Schule",Grundschule,"Hülser-Kloster-Str., Hülser-Kloster-Str. 21-29",47608,Geldern,51.51895862374728,6.322677064727521,ogc-api-nrw
107256,"Geldern, GG Albert-Schweitzer",Grundschule,"Schloßstr., Schloßstr. 23",47608,Geldern,51.52208607751006,6.323358570081367,ogc-api-nrw
107268,"Geldern, KG St. Antonius",Grundschule,"Hartefelder Dorfstr., Hartefelder Dorfstr. 71A",47608,Geldern,51.496288773451184,6.376944513118605,ogc-api-nrw
107270,"Geldern, GG Kapellen",Grundschule,"Am Steeg, Am Steeg 36",47608,Geldern,51.570235661624444,6.368906864965547,ogc-api-nrw
107281,"Geldern, KG St.-Luzia-Schule Walbeck",Grundschule,"Walbecker Str., Walbecker Str. 15",47608,Geldern,51.49844914744159,6.242234241153234,ogc-api-nrw
107293,"Geldern, GG St. Martini-Schule",Grundschule,"Schulstr., Schulstr. 18",47608,Geldern,51.52631340148393,6.2959317338741005,ogc-api-nrw
107300,"Geldern, KG St. Adelheid",Grundschule,"Friedrich-Spee-Str., Friedrich-Spee-Str. 17",47608,Geldern,51.51761678606608,6.33009336869226,ogc-api-nrw
107311,"Issum, KG St. Nikolaus-Schule",Grundschule,"Weseler Str., Weseler Str. 52",47661,Issum,51.53782234704295,6.433440513329411,ogc-api-nrw
107323,"Issum, GG Brüder-Grimm",Grundschule,"Neustr., Neustr. 37",47661,Issum,51.53295368145576,6.426735094492983,ogc-api-nrw
107335,"Kerken, KG St.Petrus",Grundschule,"Kempener Str., Kempener Str. 5-7",47647,Kerken,51.43661858660465,6.418844556071527,ogc-api-nrw
107347,"Kerken, KG Marienschule",Grundschule,"Schulstr., Schulstr. 8",47647,Kerken,51.4542931379496,6.375193384731305,ogc-api-nrw
107359,"Kevelaer, KG Overberg / St. Norbert",Grundschule,"Sonsbecker Str., Sonsbecker Str. 17",47626,Kevelaer,51.598280896250806,6.29079028151957,ogc-api-nrw
107360,"Kevelaer, KG Wetten",Grundschule,"Hauptstr., Hauptstr. 20",47625,Kevelaer,51.56891155813861,6.290993350826836,ogc-api-nrw
107372,"Kevelaer, KG St. Franziskus",Grundschule,"Dorfstr., Dorfstr. 10",47624,Kevelaer,51.554585434895394,6.2108631054299455,ogc-api-nrw
107384,"Kevelaer, KG St. Hubertus",Grundschule,"Hubertusstr., Hubertusstr. 46",47623,Kevelaer,51.58684424126015,6.238874255193389,ogc-api-nrw
107396,"Kevelaer, KG St. Antonius",Grundschule,"Biegstr., Biegstr. 1",47623,Kevelaer,51.57841283604204,6.243672840315816,ogc-api-nrw
107438,"Straelen, KG (Verb.) Katharinenschule",Grundschule,"Fontanestr., Fontanestr. 4",47638,Straelen,51.44557570647967,6.261528623276415,ogc-api-nrw
107440,"Wachtendonk, KG St.Martin",Grundschule,"Schulhof, Schulhof 2",47669,Wachtendonk,51.39993589337403,6.305969558209953,ogc-api-nrw
107451,"Wachtendonk, KG Michael",Grundschule,"Moorenstr., Moorenstr. 1",47669,Wachtendonk,51.407705685248956,6.338574666422859,ogc-api-nrw
107463,"Weeze, KG Petrus-Canisius-Schule",Grundschule,"Wasserstr., Wasserstr. 1",47652,Weeze,51.627032413896224,6.198413775212322,ogc-api-nrw
107475,"Grevenbroich, GG Erich Kästner-Schule",Grundschule,"Hebbelstr., Hebbelstr. 1",41515,Grevenbroich,51.09270502652587,6.569048527503743,ogc-api-nrw
107487,"Grevenbroich, GG am Welchenberg",Grundschule,"Willibrordusstr., Willibrordusstr. 2",41517,Grevenbroich,51.07186519888097,6.592040390181534,ogc-api-nrw
107499,"Grevenbroich, KG St. Martin",Grundschule,"Graf-Kessel-Str., Graf-Kessel-Str. 13",41515,Grevenbroich,51.088348873965415,6.585385997089873,ogc-api-nrw
107505,"Grevenbroich, KG Arche Noah",Grundschule,"Fröbelstr., Fröbelstr. 19",41515,Grevenbroich,51.10496438841126,6.582077004107957,ogc-api-nrw
107517,"Grevenbroich, KG St. Josef",Grundschule,"Erftwerkstr., Erftwerkstr. 50",41515,Grevenbroich,51.080820470851755,6.604154751092385,ogc-api-nrw
107542,"Grevenbroich, GG Gebrüder-Grimm-Schule",Grundschule,"Oststr., Oststr. 20",41516,Grevenbroich,51.10579594476661,6.6234925287810285,ogc-api-nrw
107578,"Dormagen, GG St.-Nikolaus-Schule",Grundschule,"Schulstr., Schulstr. 59",41541,Dormagen,51.138711067291,6.819462047020459,ogc-api-nrw
107580,"Jüchen, GG (Verb.) Lindenschule",Grundschule,"Schulstr., Schulstr. 69a",41363,Jüchen,51.11276465606774,6.549377566597314,ogc-api-nrw
107608,"Kaarst, GG (Verb.) Budica",Grundschule,"Lichtenvoorder Str., Lichtenvoorder Str. 35",41564,Kaarst,51.19249746703907,6.60586485461473,ogc-api-nrw
107610,"Kaarst, GG Astrid-Lindgren",Grundschule,"Marienplatz, Marienplatz 4",41564,Kaarst,51.21874907306987,6.614155237081177,ogc-api-nrw
107621,"Kaarst, GG Vorst",Grundschule,"Antoniusplatz, Antoniusplatz 27",41564,Kaarst,51.213238238917526,6.584039677646032,ogc-api-nrw
107657,"Grevenbroich, GG Erftaue",Grundschule,"Hünselerstr., Hünselerstr. 3",41517,Grevenbroich,51.069499648784095,6.568152344795074,ogc-api-nrw
107670,"Jüchen, GG (Verb.) Hochneuk.-Otzenrath",Grundschule,"Mühlenstr., Mühlenstr. 2",41363,Jüchen,51.10153185994592,6.461774818607126,ogc-api-nrw
107694,"Neuss, KG St.-Stephanus-Schule",Grundschule,"Birkhofstr., Birkhofstr. 26",41472,Neuss,51.171787081467414,6.629385269331972,ogc-api-nrw
107700,"Neuss, GG Martinus-Holzheim",Grundschule,"Martinstr., Martinstr. 19-21",41472,Neuss,51.16197482458909,6.66965251539352,ogc-api-nrw
107712,"Kaarst, GG Matthias-Claudius",Grundschule,"Grünstr., Grünstr. 8",41564,Kaarst,51.22977118677365,6.6218933339000055,ogc-api-nrw
107724,"Kaarst, KG Alte Heerstr.",Grundschule,"Alte Heerstr., Alte Heerstr. 79",41564,Kaarst,51.2298707913886,6.60825104374306,ogc-api-nrw
107748,"Korschenbroich, GG Gutenberg",Grundschule,"Dionysiusstr., Dionysiusstr. 9",41352,Korschenbroich,51.195027089004476,6.556407655191672,ogc-api-nrw
107750,"Korschenbroich, GG Maternus",Grundschule,"Am Hallenbad, Am Hallenbad 48",41352,Korschenbroich,51.20467828137899,6.556440751572395,ogc-api-nrw
107761,"Grevenbroich, GG Jakobus-Schule",Grundschule,"An den Hecken, An den Hecken 4",41516,Grevenbroich,51.121299928074684,6.684805417113086,ogc-api-nrw
107773,"Neuss, GG Richard-Schirrmann",Grundschule,"Hoistener Schulstr., Hoistener Schulstr. 13-15",41469,Neuss,51.140379725871036,6.701407199139395,ogc-api-nrw
107785,"Mönchengladbach, GG Wickrath",Grundschule,"Kreuzherrenstr., Kreuzherrenstr. 17-19",41189,Mönchengladbach,51.130564734538154,6.411724720569644,ogc-api-nrw
107797,"Mönchengladbach, GG Beckrath",Grundschule,"Enger Weg, Enger Weg 38",41189,Mönchengladbach,51.107013299582285,6.377637549173882,ogc-api-nrw
107803,"Jüchen, GG In den Weiden",Grundschule,"In den Weiden, In den Weiden 16",41363,Jüchen,51.10139828510071,6.508223454068472,ogc-api-nrw
107815,"Dormagen, GG Erich-Kästner",Grundschule,"Konrad-Adenauer-Str., Konrad-Adenauer-Str. 2",41539,Dormagen,51.10077241711701,6.820733850627661,ogc-api-nrw
107827,"Dormagen, GG (Verb.) Tannenbusch-Schule",Grundschule,"Josef-Steins-Str., Josef-Steins-Str. 41",41540,Dormagen,51.0769071600773,6.780338099950747,ogc-api-nrw
107839,"Dormagen, GG Regenbogen",Grundschule,"In der Au, In der Au 5",41539,Dormagen,51.096467076305196,6.848545310015451,ogc-api-nrw
107840,"Dormagen, GG Burg Hackenbroich",Grundschule,"Salm-Reifferscheidt-Allee, Salm-Reifferscheidt-Allee 6",41540,Dormagen,51.063663772095225,6.809646133465251,ogc-api-nrw
107852,"Dormagen, GG Theodor-Angerhausen",Grundschule,"Langemarkstr., Langemarkstr. 30",41539,Dormagen,51.093644363906236,6.835465429195066,ogc-api-nrw
107864,"Dormagen, GG Christoph-Rensing-Schule",Grundschule,"Max-Reger-Weg, Max-Reger-Weg 3",41539,Dormagen,51.098360608307445,6.824032523983872,ogc-api-nrw
107888,"Grevenbroich, GG Viktoria-Schule",Grundschule,"Weidenpeschstr., Weidenpeschstr. 3",41517,Grevenbroich,51.04701620500663,6.574295889376114,ogc-api-nrw
107890,"Meerbusch, GG Martinus Schule",Grundschule,"Fouesnantplatz, Fouesnantplatz 2",40670,Meerbusch,51.28126580078794,6.649306197098325,ogc-api-nrw
107906,"Meerbusch, GG Pastor-Jacobs-Schule",Grundschule,"Kemperallee, Kemperallee 6",40668,Meerbusch,51.30593983653611,6.678363217643881,ogc-api-nrw
107918,"Meerbusch, GG Eichendorff Schule",Grundschule,"Görresstr., Görresstr. 4",40670,Meerbusch,51.27074157048026,6.617211540807356,ogc-api-nrw
107931,"Meerbusch, GG Nikolaus-Schule",Grundschule,"Wienenweg, Wienenweg 38",40670,Meerbusch,51.270457627640496,6.632911296645304,ogc-api-nrw
107943,"Meerbusch, GG Adam-Riese Schule",Grundschule,"Witzfeldstr., Witzfeldstr. 41-43",40667,Meerbusch,51.24653110579217,6.699025813071992,ogc-api-nrw
107955,"Meerbusch, KG St.Mauritius-Schule",Grundschule,"Dorfstr., Dorfstr. 18",40667,Meerbusch,51.25236393886231,6.691970053237729,ogc-api-nrw
107967,"Meerbusch, GG Brüder Grimm-Schule",Grundschule,"Büdericher Allee, Büdericher Allee 17-23",40667,Meerbusch,51.25344878631542,6.691342434755837,ogc-api-nrw
107979,"Rommerskirchen, GG Kastanien",Grundschule,"Stephanusstr., Stephanusstr. 2-4",41569,Rommerskirchen,51.091770135750124,6.691479549432434,ogc-api-nrw
107980,"Korschenbroich, GG Glehn",Grundschule,"Schulstr., Schulstr. 10",41352,Korschenbroich,51.16207998412585,6.5770451348801195,ogc-api-nrw
107992,"Korschenbroich, GG Liedberg",Grundschule,"Am Markt, Am Markt 8a",41352,Korschenbroich,51.163743487679426,6.541697719024849,ogc-api-nrw
108017,"Grevenbroich, GG (Verb.) Grev.-Kap./Hemm",Grundschule,"St.-Clemens-Str., St.-Clemens-Str. 2a",41516,Grevenbroich,51.12667156208376,6.619104884106107,ogc-api-nrw
108029,"Korschenbroich, GG Herrenshoff",Grundschule,"Schaffenbergstr., Schaffenbergstr. 2",41352,Korschenbroich,51.2110122783068,6.502895651752449,ogc-api-nrw
108030,"Korschenbroich, GG (Verb) Andreas-Schule",Grundschule,"Pescher Str., Pescher Str. 127",41352,Korschenbroich,51.19017620620949,6.516131100047041,ogc-api-nrw
108054,"Rommerskirchen, GG Frixheim",Grundschule,"Frixheimer Str., Frixheimer Str. 20",41569,Rommerskirchen,51.05670274301207,6.709293755132914,ogc-api-nrw
108080,"Rommerskirchen, GG Gillbachschule",Grundschule,"Nettesheimer Weg, Nettesheimer Weg 44",41569,Rommerskirchen,51.038956611300165,6.686873759584594,ogc-api-nrw
108108,"Dormagen, GG Henri-Dunant",Grundschule,"Henri-Dunant-Str., Henri-Dunant-Str. 2",41542,Dormagen,51.12762420312877,6.7818230018145265,ogc-api-nrw
108110,"Dormagen, KG Salvator",Grundschule,"An der Weyhe, An der Weyhe 7-13",41542,Dormagen,51.11308548365682,6.75800086450011,ogc-api-nrw
108133,"Neuss, GG Geschwister-Scholl-Schule",Grundschule,"Ruhrstr., Ruhrstr. 38",41469,Neuss,51.160979667901294,6.737585541728165,ogc-api-nrw
108145,"Neuss, KG St. Andreas",Grundschule,"Norfer Schulstr., Norfer Schulstr. 13",41469,Neuss,51.15529398126298,6.728224636797005,ogc-api-nrw
108157,"Neuss, GG St. Peter",Grundschule,"Rosellener Schulstr., Rosellener Schulstr. 9",41470,Neuss,51.12933752385839,6.727740886314451,ogc-api-nrw
108169,"Brüggen, KG Bracht",Grundschule,"Alster Kirchweg, Alster Kirchweg 11",41379,Brüggen,51.28000115523035,6.196946938425776,ogc-api-nrw
108170,"Brüggen, KG Born-Lüttelbracht",Grundschule,"Schwalmweg, Schwalmweg 16",41379,Brüggen,51.24428345185407,6.21271964432092,ogc-api-nrw
108182,"Brüggen, GG Kreuzherrenschule",Grundschule,"Nikolausplatz, Nikolausplatz 1",41379,Brüggen,51.240164486944245,6.182333442288385,ogc-api-nrw
108224,"Kempen, GG St. Hubert",Grundschule,"Hohenzollernplatz, Hohenzollernplatz 21",47906,Kempen,51.385581596849995,6.456402624164229,ogc-api-nrw
108236,"Krefeld, KG An der Burg",Grundschule,"Herrenweg, Herrenweg 10-14",47839,Krefeld,51.37484813917727,6.511058980389436,ogc-api-nrw
108248,"Krefeld, GG Hüls, Astrid-Lindgren-Schule",Grundschule,"Bonhoefferstr., Bonhoefferstr. 16",47839,Krefeld,51.37141879313967,6.508816646173305,ogc-api-nrw
108261,"Kempen, KG Wiesenstr.",Grundschule,"Wiesenstr., Wiesenstr. 68",47906,Kempen,51.35838700953829,6.416279485488335,ogc-api-nrw
108273,"Kempen, KG Astrid-Lindgren-Schule",Grundschule,"Straelener Str., Straelener Str. 2",47906,Kempen,51.370633949523715,6.413707437787904,ogc-api-nrw
108297,"Kempen, GG Tönisberg",Grundschule,"Helmeskamp, Helmeskamp 9",47906,Kempen,51.41126390564618,6.500078061333591,ogc-api-nrw
108327,"Nettetal, KG (Verb.) am Königsbach",Grundschule,"Jahnstr., Jahnstr. 27",41334,Nettetal,51.31841178766675,6.195638202688296,ogc-api-nrw
108339,"Nettetal, GG Kaldenkirchen",Grundschule,"Buschstr., Buschstr. 32",41334,Nettetal,51.31597628117654,6.1882229779833,ogc-api-nrw
108340,"Nettetal, GG (Verb.) Mosaikschule",Grundschule,"Biether Str., Biether Str. 17",41334,Nettetal,51.297714392786794,6.243656825626445,ogc-api-nrw
108376,"Nettetal, KG Hinsbeck",Grundschule,"Auf der Schomm, Auf der Schomm 7",41334,Nettetal,51.33711374123856,6.278439769287699,ogc-api-nrw
108388,"Nettetal, KG Lobberich",Grundschule,"Sassenfelder Str., Sassenfelder Str. 19",41334,Nettetal,51.30732715165622,6.266958556017039,ogc-api-nrw
108390,"Nettetal, GG Lobberich",Grundschule,"Im Hoverbruch, Im Hoverbruch 6",41334,Nettetal,51.303294405789394,6.282651528015405,ogc-api-nrw
108406,"Schwalmtal, GG Amern",Grundschule,"Hermann-Löns-Str., Hermann-Löns-Str. 2",41366,Schwalmtal,51.22990853941054,6.248729713257972,ogc-api-nrw
108418,"Schwalmtal, GG Waldniel",Grundschule,"Sechs Linden, Sechs Linden 24",41366,Schwalmtal,51.215089705413924,6.2846857479633425,ogc-api-nrw
108455,"Tönisvorst, KG St. Tönis",Grundschule,"Schulstr., Schulstr. 13",47918,Tönisvorst,51.3228392826313,6.493049095459597,ogc-api-nrw
108479,"Viersen, KG Martin",Grundschule,"Mosterzstr., Mosterzstr. 53",41749,Viersen,51.280052828916965,6.380840431267835,ogc-api-nrw
108509,"Viersen, KG (Verb.) Paul-Weyers-Schule",Grundschule,"Mühlenberg, Mühlenberg 1",41751,Viersen,51.25499580757107,6.333489577488464,ogc-api-nrw
108534,"Viersen, KG Zweitorstr.",Grundschule,"Zweitorstr., Zweitorstr. 1",41748,Viersen,51.24066342184544,6.3814603331761015,ogc-api-nrw
108546,"Viersen, KG Agnes-van-Brakel-Schule",Grundschule,"Ummertalweg, Ummertalweg 51",41748,Viersen,51.23061526812684,6.418202877149221,ogc-api-nrw
108560,"Viersen, GG Dülken",Grundschule,"Dammstr., Dammstr. 55",41751,Viersen,51.248987582354275,6.3232464283187015,ogc-api-nrw
108571,"Viersen, GG Brüder-Grimm-Schule",Grundschule,"Josef-Steinbüchel-Str., Josef-Steinbüchel-Str. 27",41749,Viersen,51.285006080600674,6.363906881741644,ogc-api-nrw
108583,"Viersen, KG Remigius",Grundschule,"Portiunkulaweg, Portiunkulaweg 20",41747,Viersen,51.25400697561699,6.386521051518093,ogc-api-nrw
108649,"Viersen, GG Albert-Schweitzer-Schule",Grundschule,"Bachstr., Bachstr. 201",41747,Viersen,51.245759663055665,6.413241729433143,ogc-api-nrw
108650,"Viersen, GG Körnerschule",Grundschule,"Klosterstr., Klosterstr. 8",41747,Viersen,51.25211829977235,6.3873304711012135,ogc-api-nrw
108662,"Willich, GG Im Mühlenfeld",Grundschule,"Krusestr., Krusestr. 21",47877,Willich,51.265717173170486,6.537863801178477,ogc-api-nrw
108674,"Willich, KG Kolping",Grundschule,"Schiefbahner Str., Schiefbahner Str. 2",47877,Willich,51.261034139204824,6.547417301817658,ogc-api-nrw
108686,"Willich, GG Willicher Heide",Grundschule,"Krefelder Str., Krefelder Str. 352",47877,Willich,51.28576775599078,6.555608289501179,ogc-api-nrw
108698,"Willich, KG Hubertus",Grundschule,"Schillerstr., Schillerstr. 20",47877,Willich,51.24450325425877,6.537564355572758,ogc-api-nrw
108704,"Willich, GG Astrid-Lindgren-Schule",Grundschule,"Wilhelm-Busch-Str., Wilhelm-Busch-Str. 4",47877,Willich,51.24426299858402,6.529581385151988,ogc-api-nrw
108716,"Willich, KG Gottfried-Kricker-Schule",Grundschule,"Hochheideweg, Hochheideweg 34-36",47877,Willich,51.276993068098726,6.450806740922852,ogc-api-nrw
108728,"Willich, GG Albert-Schweitzer-Schule",Grundschule,"Lorenz-Schmitz-Str., Lorenz-Schmitz-Str. 2",47877,Willich,51.2768147936114,6.4653714317904365,ogc-api-nrw
108730,"Willich, KG Vinhoven",Grundschule,"Pappelallee, Pappelallee 20",47877,Willich,51.24848018569982,6.483539798797262,ogc-api-nrw
108741,"Bedburg-Hau, KG St. Antonius-Schule",Grundschule,"An der Kirche, An der Kirche 3",47551,Bedburg-Hau,51.75747303118297,6.1617780130594095,ogc-api-nrw
108765,"Bedburg-Hau, GG (Verb.) St. Markus",Grundschule,"Honigsberg, Honigsberg 30",47551,Bedburg-Hau,51.760751373928684,6.190023084417451,ogc-api-nrw
108790,"Goch, GG Niers-Kendel-Schule",Grundschule,"Knobbenhof, Knobbenhof 27",47574,Goch,51.69358737928676,6.113389862714486,ogc-api-nrw
108819,"Goch, GG Freiherr-von-Motzfeld-Schule",Grundschule,"Hevelingstr., Hevelingstr. 113",47574,Goch,51.706199575318514,6.162934668037429,ogc-api-nrw
108820,"Goch, KG Liebfrauen",Grundschule,"Theodorstr., Theodorstr. 26",47574,Goch,51.680642838667914,6.166457608404346,ogc-api-nrw
108832,"Goch, GG St. Georg",Grundschule,"Gertrudstr., Gertrudstr. 40",47574,Goch,51.67208685069935,6.160019715582698,ogc-api-nrw
108844,"Kalkar, KG St. Luthard-Schule",Grundschule,"Dorfstr., Dorfstr. 29-31",47546,Kalkar,51.77354771036966,6.28946315184439,ogc-api-nrw
108856,"Kalkar, KG Josef-Lörks",Grundschule,"Am Bollwerk, Am Bollwerk 18",47546,Kalkar,51.734613116468154,6.2983997377083565,ogc-api-nrw
108868,"Kalkar, KG Heinrich-Eger-Schule",Grundschule,"Heinrich-Eger-Str., Heinrich-Eger-Str. 10",47546,Kalkar,51.725410248240465,6.348809481609377,ogc-api-nrw
108881,"Kleve, KG Willibrordschule",Grundschule,"Overbergstr., Overbergstr. 1",47533,Kleve,51.79517202380166,6.156059501545919,ogc-api-nrw
108923,"Kleve, GG Karl-Leisner-Schule",Grundschule,"Klombeckstr., Klombeckstr. 79",47533,Kleve,51.77116988959027,6.129909303306199,ogc-api-nrw
108959,"Kleve, KG Marienschule",Grundschule,"Königsallee, Königsallee 169",47533,Kleve,51.78190802461257,6.108245236863231,ogc-api-nrw
108960,"Kleve, KG St. Michael-Schule",Grundschule,"Mönnekenwald, Mönnekenwald 1a",47533,Kleve,51.76096746665003,6.097931277191009,ogc-api-nrw
108972,"Kleve, KG Johanna-Sebus-Schule",Grundschule,"Hohe Str., Hohe Str. 116",47533,Kleve,51.813040339475975,6.127117533872474,ogc-api-nrw
108996,"Kranenburg, KG St. Georg-Schule",Grundschule,"Hoher Weg, Hoher Weg 16",47559,Kranenburg,51.7875242716727,6.067047122034677,ogc-api-nrw
109009,"Kranenburg, GG Christophorus-Schule",Grundschule,"Zum Hallenbad, Zum Hallenbad 1",47559,Kranenburg,51.79093431267297,6.008245595653339,ogc-api-nrw
109010,"Uedem, KG Geschwister-Devries",Grundschule,"Kervenheimer Str., Kervenheimer Str. 20",47589,Uedem,51.66493126915489,6.274737689327128,ogc-api-nrw
109046,"Duisburg, GG Ottoschule",Grundschule,"Ottostr., Ottostr. 86",47198,Duisburg,51.448183507004906,6.686639526180115,ogc-api-nrw
109060,"Duisburg, GG Kirchstr.",Grundschule,"Kirchstr., Kirchstr. 185",47198,Duisburg,51.45383890297714,6.688843815336121,ogc-api-nrw
109083,"Duisburg, GG Marienstr.",Grundschule,"Marienstr., Marienstr. 28",47198,Duisburg,51.45439109019355,6.7068813978166055,ogc-api-nrw
109101,"Duisburg, GG Am Lutherpark",Grundschule,"Schillerstr., Schillerstr. 124",47198,Duisburg,51.45676556609913,6.699550193985362,ogc-api-nrw
109113,"Kamp-Lintfort, GG Ebert",Grundschule,"Auguststr., Auguststr. 109",47475,Kamp-Lintfort,51.48984825260247,6.563590742746287,ogc-api-nrw
109125,"Kamp-Lintfort, GG (Verb.) Pappelsee",Grundschule,"Eyller Str., Eyller Str. 47",47475,Kamp-Lintfort,51.498728436908245,6.535365024546079,ogc-api-nrw
109150,"Kamp-Lintfort, GG (Verb.) Ernst-Reuter",Grundschule,"Mittelstr., Mittelstr. 144",47475,Kamp-Lintfort,51.493589491111386,6.525801963911249,ogc-api-nrw
109186,"Kamp-Lintfort, GG Am Niersenberg",Grundschule,"Fasanenstr., Fasanenstr. 11",47475,Kamp-Lintfort,51.516434489198936,6.534826992546062,ogc-api-nrw
109198,"Moers, KG St. Marienschule",Grundschule,"Kirschenallee, Kirschenallee 100",47443,Moers,51.45554462129554,6.652942301858902,ogc-api-nrw
109228,"Moers, GG Gebrüder-Grimm-Schule",Grundschule,"Landwehrstr., Landwehrstr. 51",47441,Moers,51.45396801171726,6.6335758258835416,ogc-api-nrw
109230,"Moers, GG Waldschule",Grundschule,"Maria-Djuk-Str., Maria-Djuk-Str. 7",47447,Moers,51.4229382266658,6.651348405782892,ogc-api-nrw
109253,"Moers, GG Astrid-Lindgren",Grundschule,"Cecilienstr., Cecilienstr. 12",47443,Moers,51.447506508724516,6.669719175119208,ogc-api-nrw
109265,"Moers, GG Eschenburg",Grundschule,"Arminiusstr., Arminiusstr. 38",47441,Moers,51.44030683130467,6.6586453682500775,ogc-api-nrw
109277,"Moers, GG Eichendorff",Grundschule,"Katzbachstr., Katzbachstr. 24",47443,Moers,51.460971022793885,6.664814862397447,ogc-api-nrw
109289,"Moers, GG Hülsdonk",Grundschule,"Rüttgersweg, Rüttgersweg 19",47441,Moers,51.44790436654729,6.60822684691902,ogc-api-nrw
109290,"Moers, GG Adolf-Reichwein-Schule",Grundschule,"Reichweinstr., Reichweinstr. 2",47441,Moers,51.44227558993431,6.633979020985405,ogc-api-nrw
109320,"Rheinberg, GG Grundschule am Annaberg",Grundschule,"Grote Gert, Grote Gert 40",47495,Rheinberg,51.54205514848218,6.582248867330465,ogc-api-nrw
109332,"Rheinberg, KG St. Peter",Grundschule,"Schulstr., Schulstr. 6",47495,Rheinberg,51.54698621028739,6.591117953239001,ogc-api-nrw
109344,"Rheinberg, GG Am Bienenhaus",Grundschule,"Millinger Str., Millinger Str. 53",47495,Rheinberg,51.5604725000102,6.5471048041775735,ogc-api-nrw
109356,"Duisburg, GG Marktstr.",Grundschule,"Marktstr., Marktstr. 25",47229,Duisburg,51.38823091946468,6.7107952998475335,ogc-api-nrw
109368,"Duisburg, GG Mevissenstr.",Grundschule,"Mevissenstr., Mevissenstr. 19",47228,Duisburg,51.41489272027759,6.686336333271261,ogc-api-nrw
109370,"Duisburg, GG Van-Gogh-Str.",Grundschule,"Van-Gogh-Str., Van-Gogh-Str. 60",47228,Duisburg,51.41426774124424,6.664808927979808,ogc-api-nrw
109400,"Duisburg, GG Pestalozzistr.",Grundschule,"Pestalozzistr., Pestalozzistr. 8",47226,Duisburg,51.40487520059044,6.7042266394668735,ogc-api-nrw
109411,"Duisburg, GG Am Borgschenhof",Grundschule,"Am Borgschenhof, Am Borgschenhof 7",47229,Duisburg,51.39556342832071,6.6948883704831195,ogc-api-nrw
109423,"Duisburg, GG Beethovenstr.",Grundschule,"Beethovenstr., Beethovenstr. 16",47226,Duisburg,51.405438403001924,6.716938557525867,ogc-api-nrw
109435,"Duisburg, GG Auf dem Berg",Grundschule,"Auf dem Berg, Auf dem Berg 15",47228,Duisburg,51.40599404052869,6.694795098587824,ogc-api-nrw
109447,"Duisburg, GG Bergheimer Str.",Grundschule,"Bergheimer Str., Bergheimer Str. 167",47228,Duisburg,51.421818607147735,6.697796192845469,ogc-api-nrw
109459,"Duisburg, GG Krefelder Str.",Grundschule,"Krefelder Str., Krefelder Str. 47",47226,Duisburg,51.40810132999228,6.715137773610506,ogc-api-nrw
109472,"Xanten, GG (Verb.) Viktor-Schule",Grundschule,"Sonsbecker Str., Sonsbecker Str. 1",46509,Xanten,51.65776268383646,6.446693388661538,ogc-api-nrw
109502,"Xanten, KG Hagelkreuzschule",Grundschule,"Pantaleonstr., Pantaleonstr. 13",46509,Xanten,51.67471999118969,6.45933667420166,ogc-api-nrw
109526,"Rheinberg, GG Schule am Deich",Grundschule,"Gathstr., Gathstr. 10",47495,Rheinberg,51.59591493054053,6.572139786277631,ogc-api-nrw
109538,"Rheinberg, GG (Verb.) am Rheinbogen",Grundschule,"Rheinkamper Str., Rheinkamper Str. 27",47495,Rheinberg,51.5299268945028,6.6371498480003615,ogc-api-nrw
109551,"Wesel,GG Polderdorfschule Büder.-Ginder.",Grundschule,"Schulstr., Schulstr. 2",46487,Wesel,51.629034859031385,6.575486626970861,ogc-api-nrw
109575,"Moers, GG Dorsterfeld",Grundschule,"Kurt-Tucholsky-Str., Kurt-Tucholsky-Str. 8",47447,Moers,51.42015320117606,6.589941191800686,ogc-api-nrw
109630,"Neukirchen-Vluyn, GG Gerhard-Tersteegen",Grundschule,"Jahnstr., Jahnstr. 27",47506,Neukirchen-Vluyn,51.450032258465114,6.571757162893936,ogc-api-nrw
109642,"Neukirchen-Vluyn, GG Pestalozzi",Grundschule,"Waldmannsweg, Waldmannsweg 30",47506,Neukirchen-Vluyn,51.440542556143235,6.526541174366654,ogc-api-nrw
109654,"Moers, GG (Verb.) Lindenschule",Grundschule,"Johann-Steegmann-Allee, Johann-Steegmann-Allee 5",47445,Moers,51.49073914032927,6.605956042358071,ogc-api-nrw
109678,"Moers, GG (Verb.) Eick",Grundschule,"Eicker Grund, Eicker Grund 86-88",47445,Moers,51.48138484065432,6.6280225711767375,ogc-api-nrw
109680,"Moers, GG Meerbeck",Grundschule,"Bismarckstr., Bismarckstr. 36",47443,Moers,51.46548895002376,6.646989299109062,ogc-api-nrw
109733,"Duisburg, EG Baerler Waldschule",Grundschule,"Waldstr., Waldstr. 3h",47199,Duisburg,51.48931539988767,6.669186349439897,ogc-api-nrw
109745,"Duisburg, GG Gerhart-Hauptmann",Grundschule,"Breslauer Str., Breslauer Str. 1",47239,Duisburg,51.39440013455003,6.677882585611272,ogc-api-nrw
109757,"Duisburg, GG Marienfeld",Grundschule,"Kirchstr., Kirchstr. 12",47239,Duisburg,51.40169012709579,6.661869651523731,ogc-api-nrw
109769,"Duisburg, GG Donkschule",Grundschule,"Gartenstr., Gartenstr. 13",47239,Duisburg,51.39351363248231,6.651461746776567,ogc-api-nrw
109770,"Alpen, GG Zum Wald",Grundschule,"Zum Wald, Zum Wald 16",46519,Alpen,51.57302705401905,6.509105780705791,ogc-api-nrw
109782,"Alpen, GG (Verb) Wilhelm-Koppers-Schule",Grundschule,"Ringstr., Ringstr. 92",46519,Alpen,51.61537604396361,6.53159093128029,ogc-api-nrw
109824,"Sonsbeck, GG Johann-Hinrich-Wichern",Grundschule,"Taubenweg, Taubenweg 47",47665,Sonsbeck,51.607111229018194,6.381824959354713,ogc-api-nrw
109848,"Rheurdt, GG (Verb.) Martinusschule",Grundschule,"Meistersweg, Meistersweg 6",47509,Rheurdt,51.469093307920474,6.466561911207361,ogc-api-nrw
109850,"Emmerich am Rhein, GG Rheinschule",Grundschule,"Hinter dem Mühlenberg, Hinter dem Mühlenberg 1",46446,Emmerich am Rhein,51.831464773312035,6.236471039133239,ogc-api-nrw
109861,"Emmerich am Rhein, KG Liebfrauenschule",Grundschule,"Speelberger Str., Speelberger Str. 215",46446,Emmerich am Rhein,51.84871102815005,6.256281682595178,ogc-api-nrw
109873,"Emmerich am Rhein, GG Michaelschule",Grundschule,"Sulenstr., Sulenstr. 46-48",46446,Emmerich am Rhein,51.823178652205264,6.346393845974308,ogc-api-nrw
109885,"Emmerich am Rhein, KG (Verb.) Regenbogen",Grundschule,"Georgstr., Georgstr. 2",46446,Emmerich am Rhein,51.84888960272967,6.202801881798715,ogc-api-nrw
109897,"Emmerich am Rhein, KG Leegmeerschule",Grundschule,"Hansastr., Hansastr. 56",46446,Emmerich am Rhein,51.839881155133135,6.255976758369764,ogc-api-nrw
109915,"Isselburg, GG (Verb.) Isselschule",Grundschule,"Drengfurter Str., Drengfurter Str. 13",46419,Isselburg,51.832802414854,6.466673813829234,ogc-api-nrw
109927,"Rees, GG Greisstraße",Grundschule,"Greisstr., Greisstr. 15",46459,Rees,51.76440315659615,6.395703085116965,ogc-api-nrw
109940,"Wesel, GG Am Quadenweg",Grundschule,"Schepersweg, Schepersweg 81-89",46485,Wesel,51.662202991604566,6.6408430915748875,ogc-api-nrw
109976,"Wesel, GG (Verb.) Theodor-Heuss-Schule",Grundschule,"Altrheinstr., Altrheinstr. 2",46487,Wesel,51.680637517946565,6.570646882017239,ogc-api-nrw
109988,"Wesel, GG Fusternberg",Grundschule,"An der Rundsporthalle, An der Rundsporthalle 7",46485,Wesel,51.65244767435125,6.632472828512514,ogc-api-nrw
110024,"Wesel, GG Konrad-Duden",Grundschule,"Nußbaumweg, Nußbaumweg 1",46485,Wesel,51.67156425570681,6.645737057660533,ogc-api-nrw
110036,"Wesel, GG am Buttendick",Grundschule,"Alexander-von-Humboldt-Str., Alexander-von-Humboldt-Str. 29",46485,Wesel,51.6602800703792,6.664310580926343,ogc-api-nrw
110061,"Hamminkeln, GG (Verb.) Mehrhoog",Grundschule,"Im Hogenbusch, Im Hogenbusch 15",46499,Hamminkeln,51.74348642269975,6.518773100772889,ogc-api-nrw
110085,"Rees, GG (Verb.) Lindenschule",Grundschule,"Motenhof, Motenhof 10",46459,Rees,51.77528491937274,6.455197416675678,ogc-api-nrw
110115,"Rees, KG St. Quirinus",Grundschule,"Hauptstr., Hauptstr. 31a",46459,Rees,51.80979852157479,6.39797524527788,ogc-api-nrw
110139,"Wesel, GG Blumenkamp",Grundschule,"Feuerdornstr., Feuerdornstr. 22",46487,Wesel,51.69407962369206,6.610387963457103,ogc-api-nrw
110140,"Hamminkeln, GG Hamminkeln",Grundschule,"Bislicher Str., Bislicher Str. 1",46499,Hamminkeln,51.73099196850727,6.587715904470126,ogc-api-nrw
110164,"Hamminkeln, GG Hermann-Landwehr-Schule",Grundschule,"Bergstr., Bergstr. 5",46499,Hamminkeln,51.72491490278983,6.676604244806165,ogc-api-nrw
110176,"Hünxe, GG Otto-Pankok-Schule",Grundschule,"Buschweg, Buschweg 5",46569,Hünxe,51.66104984156708,6.739464359353077,ogc-api-nrw
110188,"Schermbeck, GG (Verb.) Schermbeck",Grundschule,"Weseler Str., Weseler Str. 12",46514,Schermbeck,51.69000492157739,6.862254837315882,ogc-api-nrw
110206,"Leverkusen, GG Bergisch Neukirchen",Grundschule,"Wuppertalstr., Wuppertalstr. 10",51381,Leverkusen,51.08091674041481,7.0349090927334395,ogc-api-nrw
110220,"Burscheid, GG Montanusschule",Grundschule,"Höhestr., Höhestr. 50",51399,Burscheid,51.08301136257753,7.125744910115089,ogc-api-nrw
110231,"Burscheid, EG Ernst-Moritz-Arndt",Grundschule,"Schulstr., Schulstr. 16",51399,Burscheid,51.10340394240382,7.149175265040289,ogc-api-nrw
110243,"Burscheid, GG Dierath",Grundschule,"Dierath, Dierath 13",51399,Burscheid,51.085130657150486,7.079024109019292,ogc-api-nrw
110280,"Hückeswagen, GG Löwen-Grundschule",Grundschule,"Zum Sportzentrum, Zum Sportzentrum 15",42499,Hückeswagen,51.145583703348365,7.327120919094491,ogc-api-nrw
110309,"Langenfeld, GG Friedrich-Fröbel-Schule",Grundschule,"Fröbelstr., Fröbelstr. 15",40764,Langenfeld (Rheinland),51.10464099200455,6.950563191050473,ogc-api-nrw
110310,"Langenfeld, GG Götscher Weg",Grundschule,"Götscher Weg, Götscher Weg 64-66",40764,Langenfeld (Rheinland),51.13793809782141,6.952791320325088,ogc-api-nrw
110322,"Langenfeld, GG Wiescheid",Grundschule,"Parkstr., Parkstr. 54",40764,Langenfeld (Rheinland),51.13271689209796,6.990343643838109,ogc-api-nrw
110334,"Langenfeld, KG Don-Bosco",Grundschule,"Fröbelstr., Fröbelstr. 15",40764,Langenfeld (Rheinland),51.10464099200455,6.950563191050473,ogc-api-nrw
110346,"Langenfeld, KG Christopherus-Schule",Grundschule,"Fahlerweg, Fahlerweg 25-27",40764,Langenfeld (Rheinland),51.1158206593309,6.959341833322309,ogc-api-nrw
110358,"Langenfeld, GG Am Brückentor",Grundschule,"Am Brückentor, Am Brückentor 6-8",40764,Langenfeld (Rheinland),51.12009963731951,6.971113988397612,ogc-api-nrw
110360,"Langenfeld, KG Paulus",Grundschule,"Treibstr., Treibstr. 34",40764,Langenfeld (Rheinland),51.11454233295466,6.928592517858911,ogc-api-nrw
110383,"Langenfeld, GG (Verb.) Richrath-Mitte",Grundschule,"Jahnstr., Jahnstr. 113",40764,Langenfeld (Rheinland),51.12381859939478,6.946656024276246,ogc-api-nrw
110395,"Langenfeld, GG Erich Kästner-Schule",Grundschule,"Fahlerweg, Fahlerweg 25-27",40764,Langenfeld (Rheinland),51.1158206593309,6.959341833322309,ogc-api-nrw
110401,"Langenfeld, GG Peter-Härtling-Schule",Grundschule,"Gieslenberger Str., Gieslenberger Str. 51-53",40764,Langenfeld (Rheinland),51.08703954850529,6.963365067071128,ogc-api-nrw
110425,"Leichlingen, GG Am Büscherhof",Grundschule,"Am Hammer, Am Hammer 8",42799,Leichlingen (Rheinland),51.10946007863029,7.011397019360536,ogc-api-nrw
110437,"Leichlingen, KG Kirchstr.",Grundschule,"Kirchstr., Kirchstr. 29",42799,Leichlingen (Rheinland),51.10799157654726,7.018660295617546,ogc-api-nrw
110449,"Leichlingen, GG Uferstraße",Grundschule,"Schulstr., Schulstr. 1",42799,Leichlingen (Rheinland),51.106110845403194,7.008540815661051,ogc-api-nrw
110474,"Monheim, GG Hermann-Gmeiner-Schule",Grundschule,"Erich-Klausener-Str., Erich-Klausener-Str. 1",40789,Monheim am Rhein,51.085585364761094,6.897001060513328,ogc-api-nrw
110486,"Monheim, KG Lottenschule",Grundschule,"Lottenstr., Lottenstr. 6",40789,Monheim am Rhein,51.09501996862871,6.886546697103958,ogc-api-nrw
110498,"Leverkusen, KG St.-Stephanus",Grundschule,"Lohrstr., Lohrstr. 85",51371,Leverkusen,51.06278999344305,6.916274675275205,ogc-api-nrw
110504,"Monheim, KG Winrich-von-Kniprode-Schule",Grundschule,"Monheimer Str., Monheimer Str. 5",40789,Monheim am Rhein,51.114099112089576,6.890234071956242,ogc-api-nrw
110528,"Monheim, GG Astrid-Lindgren-Schule",Grundschule,"Krischerstr., Krischerstr. 33",40789,Monheim am Rhein,51.09583728795622,6.88748064339505,ogc-api-nrw
110530,"Monheim, GG Armin-Maiwald-Schule",Grundschule,"Humboldtstr., Humboldtstr. 12",40789,Monheim am Rhein,51.11781305969992,6.891208012597777,ogc-api-nrw
110541,"Leverkusen, GG Hans-Christian-Andersen",Grundschule,"Lohrstr., Lohrstr. 85",51371,Leverkusen,51.06278999344305,6.916274675275205,ogc-api-nrw
110553,"Leverkusen, GG Herderstr.",Grundschule,"Herderstr., Herderstr. 10",51381,Leverkusen,51.06297834179654,7.025521343621044,ogc-api-nrw
110577,"Leverkusen, GG Opladen",Grundschule,"Herzogstr., Herzogstr. 16",51379,Leverkusen,51.06210003608504,7.001367613284339,ogc-api-nrw
110589,"Leverkusen, KG Remigius",Grundschule,"Wiembachallee, Wiembachallee 11",51379,Leverkusen,51.072126235962685,7.003904840069357,ogc-api-nrw
110590,"Leverkusen, GG Im Kirchfeld",Grundschule,"Im Kirchfeld, Im Kirchfeld 15",51381,Leverkusen,51.063461994999905,7.057057055685114,ogc-api-nrw
110619,"Leverkusen, KG Don-Bosco-Schule",Grundschule,"Quettinger Str., Quettinger Str. 90",51381,Leverkusen,51.06302544738332,7.034182621610606,ogc-api-nrw
110620,"Radevormwald, KG Lindenbaum",Grundschule,"Kaiserstr., Kaiserstr. 39",42477,Radevormwald,51.20359862993928,7.353163418177119,ogc-api-nrw
110644,"Radevormwald, GG (Verb.) Bergerhof",Grundschule,"Lessingstr., Lessingstr. 4",42477,Radevormwald,51.20037147716726,7.332308209587522,ogc-api-nrw
110670,"Leichlingen, GG Witzhelden",Grundschule,"Schulweg, Schulweg 45",42799,Leichlingen (Rheinland),51.11983236121125,7.113023265948654,ogc-api-nrw
110681,"Wermelskirchen,GG (Verb.) Dhünntalschule",Grundschule,"Höferhof, Höferhof 52-56",42929,Wermelskirchen,51.09313823534351,7.198984303009242,ogc-api-nrw
110700,"Wermelskirchen, KG Sankt Michael",Grundschule,"Jörgensgasse, Jörgensgasse 10",42929,Wermelskirchen,51.136529026904725,7.214707093671879,ogc-api-nrw
110723,"Wermelskirchen, GG Waldschule",Grundschule,"Am Vogelsang, Am Vogelsang 20",42929,Wermelskirchen,51.13676620961983,7.225561922145296,ogc-api-nrw
110735,"Wermelskirchen, GG (Verb.) Haiderbach",Grundschule,"Tente, Tente 79",42929,Wermelskirchen,51.12218765135636,7.19206706163338,ogc-api-nrw
110747,"Wermelskirchen, GG Schwanen",Grundschule,"Jahnstr., Jahnstr. 13",42929,Wermelskirchen,51.13526265043693,7.2101103112012686,ogc-api-nrw
110759,"Bonn, GG Carl-Schurz-Schule",Grundschule,"Hirschberger Str., Hirschberger Str. 1",53119,Bonn,50.75049316755222,7.040572334272194,ogc-api-nrw
110760,"Bonn, GG Stifts",Grundschule,"Theaterstr., Theaterstr. 60",53111,Bonn,50.73983917253443,7.104444290440925,ogc-api-nrw
110784,"Bonn, GG Michael",Grundschule,"Rheinbacher Str., Rheinbacher Str. 7",53115,Bonn,50.73073118475908,7.082620405287405,ogc-api-nrw
110796,"Bonn, GG Jahn",Grundschule,"Herseler Str., Herseler Str. 7",53117,Bonn,50.75609060552252,7.084604123148876,ogc-api-nrw
110802,"Bonn, KG (Verb.) Marienschule-Nordschule",Grundschule,"Heerstr., Heerstr. 92-94",53111,Bonn,50.739151349898144,7.091503388071338,ogc-api-nrw
110814,"Bonn, GG Münsterschule",Grundschule,"Maarflach, Maarflach 7-13",53113,Bonn,50.73094380697247,7.106078809562949,ogc-api-nrw
110838,"Bonn, KG Nikolaus",Grundschule,"Pützstr., Pützstr. 6-8",53129,Bonn,50.71248518237274,7.10699294745612,ogc-api-nrw
110851,"Bonn, KG Paulus",Grundschule,"Hohe Str., Hohe Str. 11",53119,Bonn,50.74194253096512,7.061708914480924,ogc-api-nrw
110875,"Bonn, GG Erich-Kästner-Schule",Grundschule,"Karl-Barth-Str., Karl-Barth-Str. 87",53129,Bonn,50.71004697168115,7.115264157227029,ogc-api-nrw
110887,"Bonn, KG Clemens-August",Grundschule,"Sternenburgstr., Sternenburgstr. 23",53115,Bonn,50.72157445699566,7.090234142532226,ogc-api-nrw
110905,"Bonn, GG Kettelerschule",Grundschule,"Siemensstr., Siemensstr. 248",53121,Bonn,50.73633889540315,7.048745567727267,ogc-api-nrw
110942,"Bonn, KG Bernhardschule",Grundschule,"Kopenhagener Str., Kopenhagener Str. 14-16",53117,Bonn,50.759119539950966,7.074654056806177,ogc-api-nrw
110966,"Bonn, GG Matthias-Claudius",Grundschule,"Magdalenenstr., Magdalenenstr. 6",53121,Bonn,50.72622148083923,7.073665180330738,ogc-api-nrw
110978,"Bonn, GG Karl",Grundschule,"Dorotheenstr., Dorotheenstr. 126",53111,Bonn,50.741396705139664,7.087471686474077,ogc-api-nrw
110991,"Bonn, EG Elsa-Brändström",Grundschule,"Hohe Str., Hohe Str. 11",53119,Bonn,50.74194253096512,7.061708914480924,ogc-api-nrw
111004,"Bonn, GG Wald",Grundschule,"Don-Bosco-Str., Don-Bosco-Str. 1",53127,Bonn,50.699239659584194,7.0994119430620035,ogc-api-nrw
111030,"Bonn, KG Laurentius",Grundschule,"Meßdorfer Str., Meßdorfer Str. 340",53123,Bonn,50.7228540193398,7.039458695921588,ogc-api-nrw
111041,"Bonn, GG Kreuzberg",Grundschule,"Schulstr., Schulstr. 29",53127,Bonn,50.71102162275187,7.074203416068658,ogc-api-nrw
111053,"Bonn, KG Rochus",Grundschule,"Rochusstr., Rochusstr. 179",53123,Bonn,50.714978904587305,7.049859533835372,ogc-api-nrw
111077,"Bonn, KG Holzlar",Grundschule,"Hauptstr., Hauptstr. 105",53229,Bonn,50.74203041004844,7.179861854810909,ogc-api-nrw
111089,"Bonn, KG Buschdorf",Grundschule,"Von-den-Driesch-Str., Von-den-Driesch-Str. 2",53117,Bonn,50.761242373126464,7.049241155422672,ogc-api-nrw
111090,"Bonn, GG Finkenhof",Grundschule,"Ossietzkystr., Ossietzkystr. 34",53123,Bonn,50.706779271598634,7.051644524940318,ogc-api-nrw
111107,"Bonn, GG Ludwig-Richter",Grundschule,"Ludwig-Richter-Str., Ludwig-Richter-Str. 29",53123,Bonn,50.71658607190978,7.0604744908306625,ogc-api-nrw
111119,"Bonn, GG Arnold-von-Wied-Schule",Grundschule,"Vilicher Str., Vilicher Str. 2",53225,Bonn,50.748264195992064,7.117628025026195,ogc-api-nrw
111132,"Bonn, GG Heiderhof",Grundschule,"Weißdornweg, Weißdornweg 139",53177,Bonn,50.6619128232042,7.151279719932219,ogc-api-nrw
111144,"Bonn, GG Adelheidisschule",Grundschule,"Käsbergstr., Käsbergstr. 1",53225,Bonn,50.75390890064988,7.127467819764254,ogc-api-nrw
111168,"Bonn, KG Josef",Grundschule,"Agnesstr., Agnesstr. 1",53225,Bonn,50.737807471761634,7.115595441046909,ogc-api-nrw
111170,"Bonn, KG Engelsbachschule",Grundschule,"Saalestr., Saalestr. 27",53127,Bonn,50.69609998576053,7.088366291852497,ogc-api-nrw
111181,"Bonn, GG Paul-Gerhardt-Schule",Grundschule,"Neustr., Neustr. 45",53225,Bonn,50.73725306541018,7.126955942597324,ogc-api-nrw
111200,"Bonn, GG Gotenschule",Grundschule,"Neckarstr., Neckarstr. 39",53175,Bonn,50.69674482340433,7.1557302942557595,ogc-api-nrw
111211,"Bonn, KG Lyngsberg",Grundschule,"Lindstr., Lindstr. 14",53177,Bonn,50.664840460810204,7.169801484907447,ogc-api-nrw
111223,"Bonn, KG Beethoven",Grundschule,"Beethovenallee, Beethovenallee 73",53173,Bonn,50.69042780907499,7.159503562162318,ogc-api-nrw
111235,"Bonn, KG Servatius",Grundschule,"Annaberger Str., Annaberger Str. 186",53175,Bonn,50.69633227544086,7.1248059353467115,ogc-api-nrw
111259,"Bonn, GG Montessori",Grundschule,"Quirinstr., Quirinstr. 16",53129,Bonn,50.70300774857035,7.112671460604567,ogc-api-nrw
111260,"Bonn, GG Paul-Klee-Schule",Grundschule,"Rheinallee, Rheinallee 26",53173,Bonn,50.68731526260964,7.162881645139319,ogc-api-nrw
111272,"Bonn, GG Robert-Koch",Grundschule,"Max-Planck-Str., Max-Planck-Str. 15",53177,Bonn,50.67355411624885,7.16913703137778,ogc-api-nrw
111284,"Bonn, EG Bodelschwinghschule",Grundschule,"Am Woltersweiher, Am Woltersweiher 10",53175,Bonn,50.69453165207478,7.129168206594395,ogc-api-nrw
111296,"Bonn, GG Andreasschule",Grundschule,"Mendelssohnstr., Mendelssohnstr. 18",53179,Bonn,50.67744524312293,7.172368574739345,ogc-api-nrw
111302,"Bonn, KG Burg",Grundschule,"Winterstr., Winterstr. 53",53177,Bonn,50.68341735854807,7.146753901698412,ogc-api-nrw
111314,"Bonn, KG Am Domhof",Grundschule,"Friedrich-Bleek-Str., Friedrich-Bleek-Str. 2-5",53179,Bonn,50.66120563198917,7.186399028435172,ogc-api-nrw
111338,"Bonn, KG Donatus",Grundschule,"Donatusstr., Donatusstr. 12",53175,Bonn,50.69878752587956,7.160351654539139,ogc-api-nrw
111340,"Bonn, GG Ennertschule",Grundschule,"Kirchstr., Kirchstr. 56",53227,Bonn,50.730463960614586,7.149559846059058,ogc-api-nrw
111363,"Bonn, GG Markt",Grundschule,"Marktstr., Marktstr. 47",53229,Bonn,50.74511919786692,7.1543686147317755,ogc-api-nrw
111375,"Bonn, GG Gottfried-Kinkel-Schule",Grundschule,"Kastellstr., Kastellstr. 31",53227,Bonn,50.71192618618876,7.164256801220667,ogc-api-nrw
111387,"Bonn, KG Schlossbach",Grundschule,"Herzogsfreudenweg, Herzogsfreudenweg 53",53125,Bonn,50.68270589156806,7.067520365036211,ogc-api-nrw
111399,"Köln, GG Stenzelbergstr.",Grundschule,"Stenzelbergstr., Stenzelbergstr. 3-7",50939,Köln,50.91068345577665,6.930189235178637,ogc-api-nrw
111405,"Köln, KG Gutnickstr.",Grundschule,"Gutnickstr., Gutnickstr. 37",50769,Köln,51.045160893615815,6.847242971181861,ogc-api-nrw
111417,"Köln, GG Michael-Ende",Grundschule,"Platenstr., Platenstr. 7-9",50825,Köln,50.95311783349963,6.914108109301081,ogc-api-nrw
111429,"Köln, KG Maternus-Schule",Grundschule,"Bülowstr., Bülowstr. 90",50733,Köln,50.96987141981088,6.956730074908039,ogc-api-nrw
111430,"Köln, KG Franziskus-Schule",Grundschule,"Cäsarstr., Cäsarstr. 21",50968,Köln,50.90740382626585,6.9666932118193525,ogc-api-nrw
111442,"Köln, GG Freinet-Schule",Grundschule,"Gereonswall, Gereonswall 57",50670,Köln,50.94605117320516,6.94825064521552,ogc-api-nrw
111454,"Köln, KG Diependahlstr.",Grundschule,"Diependahlstr., Diependahlstr. 12",51061,Köln,50.98690235172473,6.987102038561318,ogc-api-nrw
111466,"Köln, KG Erlenweg",Grundschule,"Erlenweg, Erlenweg 16",50827,Köln,50.96474257832063,6.893833200339959,ogc-api-nrw
111478,"Köln, KG Everhardstr.",Grundschule,"Everhardstr., Everhardstr. 60",50823,Köln,50.94913313188351,6.92822509579071,ogc-api-nrw
111480,"Köln, KG Hans-Christian-Andersen",Grundschule,"Freiligrathstr., Freiligrathstr. 60",50935,Köln,50.92256437150241,6.902483673377406,ogc-api-nrw
111491,"Köln, KG Friedlandstr.",Grundschule,"Friedlandstr., Friedlandstr. 5",51067,Köln,50.969824961541846,7.040599265408232,ogc-api-nrw
111510,"Köln, KG Fußfallstr.",Grundschule,"Fußfallstr., Fußfallstr. 55",51109,Köln,50.94957405330196,7.045594225989732,ogc-api-nrw
111521,"Köln, KG Otfried-Preußler",Grundschule,"Garthestr., Garthestr. 20-24",50735,Köln,50.965445678332735,6.97526859636343,ogc-api-nrw
111545,"Köln, KG Gotenring",Grundschule,"Gotenring, Gotenring 5",50679,Köln,50.935961460557245,6.978741649435528,ogc-api-nrw
111557,"Köln, KG Lebensbaumweg",Grundschule,"Lebensbaumweg, Lebensbaumweg 51",50767,Köln,51.009992935370555,6.901976777347371,ogc-api-nrw
111569,"Köln, KG Heßhofstr.",Grundschule,"Heßhofstr., Heßhofstr. 45",51107,Köln,50.93081885022978,7.024022540356284,ogc-api-nrw
111570,"Köln, KG Horststr.",Grundschule,"Horststr., Horststr. 1",51063,Köln,50.95763215745508,6.998335398502054,ogc-api-nrw
111594,"Köln, KG Vietorstraße",Grundschule,"Vietorstr., Vietorstr. 89",51103,Köln,50.942103479604896,6.99958616091794,ogc-api-nrw
111624,"Köln, KG Vincenz-Statz",Grundschule,"Lindenbornstr., Lindenbornstr. 15-19",50823,Köln,50.94568479381215,6.914882238581606,ogc-api-nrw
111636,"Köln, KG Lindenburger Allee",Grundschule,"Lindenburger Allee, Lindenburger Allee 38",50931,Köln,50.92720206719944,6.915865511260437,ogc-api-nrw
111648,"Köln, GG Stephan-Lochner-Schule",Grundschule,"Lochnerstr., Lochnerstr. 13-15",50674,Köln,50.93014350607398,6.9356299804541885,ogc-api-nrw
111650,"Köln, KG Marienschule",Grundschule,"Altonaer Str., Altonaer Str. 32",50737,Köln,50.99559439955571,6.924146591506933,ogc-api-nrw
111661,"Köln, KG Lohrbergstr.",Grundschule,"Lohrbergstr., Lohrbergstr. 46",50939,Köln,50.91000634111725,6.9234621228084,ogc-api-nrw
111673,"Köln, KG Longericher Hauptstraße",Grundschule,"Longericher Hauptstr., Longericher Hauptstr. 83-85",50739,Köln,50.99648429225825,6.904980600606699,ogc-api-nrw
111697,"Köln, KG Mainzer Str.",Grundschule,"Mainzer Str., Mainzer Str. 30-34",50678,Köln,50.91974119953275,6.9639926163466015,ogc-api-nrw
111703,"Köln, KG Mengenicher Str.",Grundschule,"Mengenicher Str., Mengenicher Str. 28",50829,Köln,50.97572933555764,6.862451203208211,ogc-api-nrw
111715,"Köln, GG Nesselrodestr.",Grundschule,"Nesselrodestr., Nesselrodestr. 15",50735,Köln,50.97747840316432,6.964872572486866,ogc-api-nrw
111727,"Köln, KG Neufelder Str.",Grundschule,"Neufelder Str., Neufelder Str. 2-4",51067,Köln,50.97005701147194,7.0544771312758465,ogc-api-nrw
111739,"Köln, KG Olpener Str.",Grundschule,"Olpener Str., Olpener Str. 930",51109,Köln,50.945119965043894,7.078509788705003,ogc-api-nrw
111740,"Köln, KG Osterather Str.",Grundschule,"Osterather Str., Osterather Str. 13",50739,Köln,50.95878547997359,6.937991897801097,ogc-api-nrw
111752,"Köln, GG Paul-Klee-Schule",Grundschule,"Ottostr., Ottostr. 76",50823,Köln,50.956959377746735,6.928318402377561,ogc-api-nrw
111776,"Köln, KG Zehnthofstrasse",Grundschule,"Zehnthofstr., Zehnthofstr. 22-24",51107,Köln,50.9311243783978,7.042155193360547,ogc-api-nrw
111788,"Köln, KG Dellbrück",Grundschule,"Thurner Str., Thurner Str. 23",51069,Köln,50.975264263796966,7.077279865784869,ogc-api-nrw
111790,"Köln, GG Langemaß",Grundschule,"Langemaß, Langemaß 21",51063,Köln,50.969194757532634,7.0086633707813135,ogc-api-nrw
111806,"Köln, KG Trierer Straße",Grundschule,"Trierer Str., Trierer Str. 8",50676,Köln,50.92782831844439,6.94663344673226,ogc-api-nrw
111820,"Köln, KG (Verb.) Kardinal-Frings-Schule",Grundschule,"Vogelsanger Str., Vogelsanger Str. 453",50829,Köln,50.955528404080326,6.880166973636169,ogc-api-nrw
111831,"Köln, GG Volberger Weg",Grundschule,"Volberger Weg, Volberger Weg 17",51107,Köln,50.925163334619846,7.0900332049067964,ogc-api-nrw
111879,"Köln, GG Peter-Lustig-Schule",Grundschule,"Wilhelm-Schreiber-Str., Wilhelm-Schreiber-Str. 56",50827,Köln,50.97103728202882,6.9002717065198915,ogc-api-nrw
111880,"Köln, KG Zugweg",Grundschule,"Zugweg, Zugweg 42-44",50677,Köln,50.91821225762135,6.957301049124219,ogc-api-nrw
111909,"Köln, GG Balthasarstr.",Grundschule,"Balthasarstr., Balthasarstr. 87",50670,Köln,50.95296151249211,6.96023423625316,ogc-api-nrw
111910,"Köln, GG Ernstbergstr.",Grundschule,"Ernstbergstr., Ernstbergstr. 2",50765,Köln,51.04005938839655,6.883057751874377,ogc-api-nrw
111922,"Köln, GG Bachemer Str.",Grundschule,"Bachemer Str., Bachemer Str. 69",50931,Köln,50.928916613188036,6.918706295021977,ogc-api-nrw
111934,"Köln, KG Berrenrather Straße",Grundschule,"Berrenrather Str., Berrenrather Str. 179",50937,Köln,50.919814778126316,6.927293977548935,ogc-api-nrw
111946,"Köln, GG Sankt-Nikolaus-Schule",Grundschule,"Bernkasteler Str., Bernkasteler Str. 9",50969,Köln,50.907940643345555,6.93884588914097,ogc-api-nrw
111958,"Köln, KG Nikolaus-Groß-Schule",Grundschule,"Bernhard-Letterhaus-Str., Bernhard-Letterhaus-Str. 17",50670,Köln,50.95515786196396,6.952121307353587,ogc-api-nrw
111971,"Köln, KG St. Martin-Schule",Grundschule,"Balsaminenweg, Balsaminenweg 52",50769,Köln,51.017690064576456,6.914447758815412,ogc-api-nrw
111983,"Köln, GG Berthold-Otto-Schule",Grundschule,"Buschfeldstr., Buschfeldstr. 46",51067,Köln,50.97082222058808,7.040001775054592,ogc-api-nrw
111995,"Köln, GG Astrid-Lindgren",Grundschule,"Borsigstr., Borsigstr. 13",50825,Köln,50.957033196143904,6.90674155675831,ogc-api-nrw
112008,"Köln, GG Steinbergerstr.",Grundschule,"Steinbergerstr., Steinbergerstr. 40",50733,Köln,50.96162561650335,6.9506548468011085,ogc-api-nrw
112010,"Köln, GG Freiligrathstr.",Grundschule,"Freiligrathstr., Freiligrathstr. 60",50935,Köln,50.92256437150241,6.902483673377406,ogc-api-nrw
112021,"Köln, GG Erlenweg",Grundschule,"Erlenweg, Erlenweg 16",50827,Köln,50.96474257832063,6.893833200339959,ogc-api-nrw
112033,"Köln, GG Diesterwegstr.",Grundschule,"Diesterwegstr., Diesterwegstr. 69",51109,Köln,50.94759233914361,7.076272305154984,ogc-api-nrw
112045,"Köln, GG Maria-Sybilla-Merian-Schule",Grundschule,"Cäsarstr., Cäsarstr. 21",50968,Köln,50.90740382626585,6.9666932118193525,ogc-api-nrw
112057,"Köln, KG Baadenberger Str.",Grundschule,"Baadenberger Str., Baadenberger Str. 111",50825,Köln,50.964378595141355,6.918673896429093,ogc-api-nrw
112082,"Köln, KG Andreas-Hermes-Str.",Grundschule,"Andreas-Hermes-Str., Andreas-Hermes-Str. 2-4",51109,Köln,50.93776321212885,7.061647129081493,ogc-api-nrw
112094,"Köln, KG An den Kaulen",Grundschule,"An den Kaulen, An den Kaulen 62-64",50769,Köln,51.06814288687996,6.8576815626613445,ogc-api-nrw
112100,"Köln, GG Annastraße",Grundschule,"Annastr., Annastr. 63",50968,Köln,50.90463241486264,6.959403339655538,ogc-api-nrw
112112,"Köln, GG Antwerpener Str.",Grundschule,"Kreutzerstr., Kreutzerstr. 16",50672,Köln,50.9435293694138,6.928189553052545,ogc-api-nrw
112124,"Köln, GG An St. Theresia",Grundschule,"An St. Theresia, An St. Theresia 1",51067,Köln,50.96396792775128,7.023926380239634,ogc-api-nrw
112136,"Köln, KG Am Portzenacker",Grundschule,"Am Portzenacker, Am Portzenacker 1b",51069,Köln,51.001142492959985,7.0289463163969605,ogc-api-nrw
112148,"Köln, KG Janusz-Korczak",Grundschule,"Am Altenberger Kreuz, Am Altenberger Kreuz 14",51105,Köln,50.918932663026446,6.989467977239068,ogc-api-nrw
112150,"Köln, KG Lukas-Schule",Grundschule,"Alzeyer Str., Alzeyer Str. 12",50739,Köln,50.97071858144816,6.928247387537776,ogc-api-nrw
112173,"Köln, KG Sankt-Mauritius",Grundschule,"Alte Wipperfürther Str., Alte Wipperfürther Str. 49-51",51065,Köln,50.956185181063276,7.016310942344496,ogc-api-nrw
112197,"Köln, GG Kopernikusstr.",Grundschule,"Kopernikusstr., Kopernikusstr. 40-42",51065,Köln,50.94971746610105,7.009367912505085,ogc-api-nrw
112203,"Köln, GG Grüneberg-Schule",Grundschule,"Kapitelstr., Kapitelstr. 24-26",51103,Köln,50.94025256156528,7.004420000502874,ogc-api-nrw
112239,"Köln, GG Alzeyer Str.",Grundschule,"Alzeyer Str., Alzeyer Str. 12",50739,Köln,50.97071858144816,6.928247387537776,ogc-api-nrw
112240,"Köln, GG Alte WipperfürtherStr.",Grundschule,"Alte Wipperfürther Str., Alte Wipperfürther Str. 49",51065,Köln,50.956185181063276,7.016310942344496,ogc-api-nrw
112252,"Köln, GG James-Krüss",Grundschule,"Zehnthofstr., Zehnthofstr. 22-24",51107,Köln,50.9311243783978,7.042155193360547,ogc-api-nrw
112264,"Köln, GG Gartenstadt",Grundschule,"Altonaer Str., Altonaer Str. 32",50737,Köln,50.99559439955571,6.924146591506933,ogc-api-nrw
112288,"Köln, GG Westerwaldstr.",Grundschule,"Westerwaldstr., Westerwaldstr. 90",51105,Köln,50.92893100320515,6.996109753153894,ogc-api-nrw
112290,"Köln, GG Halfengasse",Grundschule,"Merkenicher Str., Merkenicher Str. 313",50735,Köln,50.995909024869704,6.9593488376041455,ogc-api-nrw
112306,"Köln, GG Leuchterstr.",Grundschule,"Leuchterstr., Leuchterstr. 25",51069,Köln,50.99695394855267,7.038173851542267,ogc-api-nrw
112318,"Köln, GG Anna-Langohr",Grundschule,"Fühlinger Weg, Fühlinger Weg 7",50765,Köln,51.01956659995933,6.885260562383925,ogc-api-nrw
112320,"Köln, GG Loreleystr.",Grundschule,"Loreleystr., Loreleystr. 3-5",50677,Köln,50.91968404349348,6.951986269443736,ogc-api-nrw
112331,"Köln, GG Lohmarer Straße",Grundschule,"Lohmarer Str., Lohmarer Str. 11",51105,Köln,50.9289533002856,7.005814499985297,ogc-api-nrw
112343,"Köln, GG Lindenbornschule",Grundschule,"Lindenbornstr., Lindenbornstr. 15-19",50823,Köln,50.94568479381215,6.914882238581606,ogc-api-nrw
112355,"Köln, GG Poller Hauptstraße",Grundschule,"Poller Hauptstr., Poller Hauptstr. 61-65",51105,Köln,50.91193443444348,6.992017329786117,ogc-api-nrw
112367,"Köln, GG Weimarer Str.",Grundschule,"Weimarer Str., Weimarer Str. 28",51103,Köln,50.94535126163601,7.021285107018234,ogc-api-nrw
112379,"Köln, GG Mathilde-von-Mevissen",Grundschule,"Gellertstr., Gellertstr. 4-6",50733,Köln,50.96269089277912,6.958070580553185,ogc-api-nrw
112380,"Köln, GG Gotenring",Grundschule,"Gotenring, Gotenring 5",50679,Köln,50.935961460557245,6.978741649435528,ogc-api-nrw
112409,"Köln, GG Rosenzweigweg",Grundschule,"Rosenzweigweg, Rosenzweigweg 3",50969,Köln,50.90823311821579,6.944210025785694,ogc-api-nrw
112410,"Köln, GG Lustheider Straße",Grundschule,"Lustheider Str., Lustheider Str. 43",51103,Köln,50.93598816874752,7.027091300148663,ogc-api-nrw
112422,"Köln, GG Braunsfeld",Grundschule,"Geilenkircher Str., Geilenkircher Str. 52",50933,Köln,50.941861117559725,6.896760910303647,ogc-api-nrw
112434,"Köln, GG An den Kaulen",Grundschule,"An den Kaulen, An den Kaulen 62-64",50769,Köln,51.06814288687996,6.8576815626613445,ogc-api-nrw
112446,"Köln, GG Von-Bodelschwingh-Str.",Grundschule,"Von-Bodelschwingh-Str., Von-Bodelschwingh-Str. 24",51061,Köln,50.985814831225696,7.024537484778748,ogc-api-nrw
112458,"Köln, GG Berrenratherstr.",Grundschule,"Berrenrather Str., Berrenrather Str. 352",50937,Köln,50.914853740307514,6.92142525698269,ogc-api-nrw
112460,"Köln, GG (Verb.) Köln-Flittard",Grundschule,"Am Feldrain, Am Feldrain 10",51061,Köln,50.9974974814881,6.978804752349524,ogc-api-nrw
112471,"Köln, GG Nußbaumerstraße",Grundschule,"Nußbaumerstr., Nußbaumerstr. 254-256",50825,Köln,50.957937782041355,6.922137336470358,ogc-api-nrw
112483,"Köln, GG Regenbogenschule",Grundschule,"Dellbrücker Hauptstr., Dellbrücker Hauptstr. 16-18",51069,Köln,50.97271181973299,7.075747181055583,ogc-api-nrw
112495,"Köln, GG Mülheimer Freiheit",Grundschule,"Mülheimer Freiheit, Mülheimer Freiheit 99",51063,Köln,50.96671701051333,6.999981554141768,ogc-api-nrw
112501,"Köln, GG Garthestraße",Grundschule,"Garthestr., Garthestr. 20-24",50735,Köln,50.965445678332735,6.97526859636343,ogc-api-nrw
112513,"Köln, GG (Verb.) Spoerkelhof",Grundschule,"Spoerkelhof, Spoerkelhof 7",50769,Köln,51.02711790606338,6.953229207634061,ogc-api-nrw
112525,"Köln, GG Europaring",Grundschule,"Europaring, Europaring 51-53",51109,Köln,50.932595693757825,7.057008813962659,ogc-api-nrw
112537,"Köln, GG Florianschule",Grundschule,"Neusser Str., Neusser Str. 605",50737,Köln,50.98253654451184,6.947611086795991,ogc-api-nrw
112549,"Köln, GG Heinzelmännchen-Schule",Grundschule,"Heßhofstr., Heßhofstr. 45",51107,Köln,50.93081885022978,7.024022540356284,ogc-api-nrw
112562,"Köln, GG (Verb.) Johannesschule",Grundschule,"Honschaftsstr., Honschaftsstr. 312",51061,Köln,50.98271703039757,7.032291488714256,ogc-api-nrw
112574,"Köln, GG Schule Kunterbunt",Grundschule,"Kolkrabenweg, Kolkrabenweg 8-10",50829,Köln,50.96453175048485,6.87772042080722,ogc-api-nrw
112586,"Köln, GG Pfälzer Str.",Grundschule,"Pfälzer Str., Pfälzer Str. 30-34",50677,Köln,50.92616002450753,6.942295469438082,ogc-api-nrw
112604,"Köln, GG Nibelungenstr.",Grundschule,"Nibelungenstr., Nibelungenstr. 50a",50739,Köln,50.97487831243035,6.9432620762235455,ogc-api-nrw
112616,"Köln, GG (Verb.) Ricarda-Huch-Straße",Grundschule,"Ricarda-Huch-Str., Ricarda-Huch-Str. 60",51061,Köln,50.98361256129086,6.991390524073695,ogc-api-nrw
112628,"Kerpen, GG Albert-Schweitzer-Schule",Grundschule,"Waldstr., Waldstr. 26",50169,Kerpen,50.85181772150001,6.7644317559297615,ogc-api-nrw
112630,"Frechen, GG Grefrath",Grundschule,"Beethovenstr., Beethovenstr. 1",50226,Frechen,50.901534876484405,6.754483828830614,ogc-api-nrw
112641,"Bedburg, GG Anton-Heinen",Grundschule,"Theodor-Heuss-Str., Theodor-Heuss-Str. 15a",50181,Bedburg,50.97625540079862,6.571518508568715,ogc-api-nrw
112653,"Bedburg, GG Wilhelm-Busch",Grundschule,"Kölner Str., Kölner Str. 35",50181,Bedburg,50.997356618862455,6.581092107640614,ogc-api-nrw
112677,"Bergheim, GG Grundschulv. Bergheim-Mitte",Grundschule,"Ahornweg, Ahornweg 2",50126,Bergheim,50.956325741876796,6.632894548855486,ogc-api-nrw
112690,"Bergheim, KG Carl-Sonnenschein",Grundschule,"Carl-Sonnenschein-Str., Carl-Sonnenschein-Str. 34",50126,Bergheim,50.95076155852627,6.65086168718218,ogc-api-nrw
112720,"Bergheim, GG Rochusschule",Grundschule,"Am Wierichskamp, Am Wierichskamp 5",50129,Bergheim,50.970979584882976,6.752246312974875,ogc-api-nrw
112732,"Bergheim,KG Barbaraschule",Grundschule,"Silverbergstr., Silverbergstr. 28",50129,Bergheim,50.98329117418457,6.665106617654411,ogc-api-nrw
112744,"Bergheim, GG Fortunaschule",Grundschule,"Brieystr., Brieystr. 23",50129,Bergheim,50.97780144991344,6.676209676330378,ogc-api-nrw
112768,"Bergheim, GG am Tierpark",Grundschule,"Herbergerstr., Herbergerstr. 5",50127,Bergheim,50.93536171597236,6.683166003068913,ogc-api-nrw
112770,"Kerpen, GG Buir",Grundschule,"Broichstr., Broichstr. 10",50170,Kerpen,50.85777868838903,6.583450140482819,ogc-api-nrw
112793,"Elsdorf, KG Jahnstraße",Grundschule,"Jahnstr., Jahnstr. 2",50189,Elsdorf,50.93581507329029,6.572274349667877,ogc-api-nrw
112800,"Elsdorf, GG Erich Kästner",Grundschule,"Laurentiusstr., Laurentiusstr. 29",50189,Elsdorf,50.94154117245581,6.541610673547287,ogc-api-nrw
112811,"Bergheim, GG am Schwarzwasser",Grundschule,"Am Schwarzwasser, Am Schwarzwasser 7",50127,Bergheim,50.93066008194168,6.660286299894903,ogc-api-nrw
112823,"Elsdorf, GG Berrendorf",Grundschule,"Heinrich-Doll-Str., Heinrich-Doll-Str. 2-4",50189,Elsdorf,50.92679776934026,6.594617665859055,ogc-api-nrw
112847,"Kerpen, GG Clemens",Grundschule,"Am Schulberg, Am Schulberg 1",50169,Kerpen,50.91090296118669,6.716745929096993,ogc-api-nrw
112859,"Kerpen, GG Ulrichschule",Grundschule,"Hegelstr., Hegelstr. 2-10",50170,Kerpen,50.90416944658559,6.672738456580967,ogc-api-nrw
112860,"Kerpen, KG St. Elisabeth",Grundschule,"Kunibertusstr., Kunibertusstr. 51-61",50171,Kerpen,50.85084445414667,6.635696959838164,ogc-api-nrw
112872,"Kerpen, EG Kölner Str.",Grundschule,"Kölner Str., Kölner Str. 29-35",50171,Kerpen,50.87122079836921,6.697976086496677,ogc-api-nrw
112884,"Kerpen, KG Theodor-Heuss",Grundschule,"Broichmühlenstr., Broichmühlenstr. 41-49",50171,Kerpen,50.86822880579899,6.700411867492981,ogc-api-nrw
112896,"Kerpen, KG Albertus-Magnus",Grundschule,"Albertus-Magnus-Str., Albertus-Magnus-Str. 5",50171,Kerpen,50.878551547142074,6.696178871646481,ogc-api-nrw
112902,"Bedburg, KG Martinusschule",Grundschule,"Harffer Schloßallee, Harffer Schloßallee 1",50181,Bedburg,51.00488457225489,6.550450545138227,ogc-api-nrw
112926,"Bedburg, GG Geschwister-Stern",Grundschule,"Zaunstr., Zaunstr. 5",50181,Bedburg,51.00176650536043,6.487096790695935,ogc-api-nrw
112938,"Erftstadt, GG Donatus",Grundschule,"Theodor-Heuss-Str., Theodor-Heuss-Str. 24",50374,Erftstadt,50.806431305208505,6.825690521626969,ogc-api-nrw
112951,"Erftstadt, GG St. Barbara-Concordia",Grundschule,"Martinusplatz, Martinusplatz 1",50374,Erftstadt,50.84109535474775,6.787473349554987,ogc-api-nrw
112963,"Erftstadt, GG Erich Kästner",Grundschule,"Lambertusstr., Lambertusstr. 77",50374,Erftstadt,50.782235839751806,6.8179181249472816,ogc-api-nrw
112975,"Erftstadt, GG Nord",Grundschule,"Kölner Ring, Kölner Ring 159",50374,Erftstadt,50.80712213193871,6.769405520842973,ogc-api-nrw
112987,"Erftstadt, GG Janusz-Korczak",Grundschule,"Flußstr., Flußstr. 19",50374,Erftstadt,50.77030246290836,6.724394970409194,ogc-api-nrw
112999,"Erftstadt, GG Gymnich",Grundschule,"Schulstr., Schulstr. 2",50374,Erftstadt,50.84044338312186,6.744975298435356,ogc-api-nrw
113001,"Erftstadt, GG Südschule",Grundschule,"Pestalozzistr., Pestalozzistr. 29",50374,Erftstadt,50.792515616115615,6.7722296440406735,ogc-api-nrw
113025,"Euskirchen, KG(Verb) Stotzheim/Kirchheim",Grundschule,"Venusstr., Venusstr. 36",53881,Euskirchen,50.628132017552026,6.809960326040113,ogc-api-nrw
113037,"Euskirchen, GG Kuchenheim",Grundschule,"Buschstr., Buschstr. 27-29",53881,Euskirchen,50.64768254621488,6.829492621903533,ogc-api-nrw
113050,"Euskirchen, GG Großbüllesheim",Grundschule,"Derkumer Str., Derkumer Str. 4",53881,Euskirchen,50.68802098941626,6.816927296880909,ogc-api-nrw
113062,"Euskirchen, GG Flamersheim",Grundschule,"Speckelsteinstr., Speckelsteinstr. 29",53881,Euskirchen,50.62421377746077,6.855571862740932,ogc-api-nrw
113074,"Euskirchen, GG Veybachschule Wißkirchen",Grundschule,"Marathonstr., Marathonstr. 61",53881,Euskirchen,50.64683262812984,6.740340350164916,ogc-api-nrw
113104,"Euskirchen, GG Hermann-Josef-Schule",Grundschule,"Keltenring, Keltenring 36-38",53879,Euskirchen,50.664868570359744,6.799179989658137,ogc-api-nrw
113116,"Euskirchen, KG Franziskusschule",Grundschule,"Eifelring, Eifelring 14",53879,Euskirchen,50.65322725116386,6.781968434114247,ogc-api-nrw
113128,"Euskirchen, EG Paul-Gerhardt-Schule",Grundschule,"Billiger Str., Billiger Str. 2",53879,Euskirchen,50.65442466424318,6.787231826352742,ogc-api-nrw
113130,"Bad Münstereifel, GG Markt",Grundschule,"Marktstr., Marktstr. 15",53902,Bad Münstereifel,50.55408960881613,6.762638969761567,ogc-api-nrw
113141,"Bad Münstereifel, KG (Verb.) Höhengebiet",Grundschule,"Arandstr., Arandstr. 33",53902,Bad Münstereifel,50.4793736747902,6.843232668317979,ogc-api-nrw
113153,"Bad Münstereifel, KG Arloff",Grundschule,"Erlenhecke, Erlenhecke 45",53902,Bad Münstereifel,50.597670223042975,6.793399797524852,ogc-api-nrw
113177,"Weilerswist, GG (Verb.) Erft-Swist",Grundschule,"Anton-Schell-Str., Anton-Schell-Str. 30",53919,Weilerswist,50.76131968504337,6.83987875647723,ogc-api-nrw
113189,"Weilerswist, KG Johann-Hugo-von-Orsbeck",Grundschule,"Kirchweg, Kirchweg 2",53919,Weilerswist,50.7406820989811,6.834762155965311,ogc-api-nrw
113207,"Weilerswist, GG Johannes-Vincken",Grundschule,"Loewener Str., Loewener Str.",53919,Weilerswist,50.706497600211115,6.793179857833403,ogc-api-nrw
113219,"Zülpich, KG Sinzenich",Grundschule,"Gartenstr., Gartenstr. 33",53909,Zülpich,50.65875118586128,6.6508219274167555,ogc-api-nrw
113220,"Zülpich, GG Wichterich",Grundschule,"Jahnstr., Jahnstr. 2",53909,Zülpich,50.71106258696873,6.739008946950362,ogc-api-nrw
113232,"Zülpich, KG Ülpenich",Grundschule,"Eulenweg, Eulenweg 10",53909,Zülpich,50.6736173335726,6.691679452740932,ogc-api-nrw
113244,"Zülpich, KG Chlodwig-Schule",Grundschule,"Kettenweg, Kettenweg 29",53909,Zülpich,50.68961152251319,6.65753510617555,ogc-api-nrw
113293,"Blankenheim, GG (Verb.) Dörfer Weg",Grundschule,"Dörfer Weg, Dörfer Weg 8",53945,Blankenheim,50.44008986895664,6.639203340887647,ogc-api-nrw
113311,"Dahlem, KG Schulstr.",Grundschule,"Schulstr., Schulstr. 15",53949,Dahlem,50.38699604364341,6.549352531398565,ogc-api-nrw
113347,"Hellenthal, GG (Verb.) Hellenthal",Grundschule,"Burgstr., Burgstr. 20",53940,Hellenthal,50.47803616110825,6.465509598042687,ogc-api-nrw
113372,"Kall, GG Auelstr.",Grundschule,"Auelstr., Auelstr. 47",53925,Kall,50.544392101451315,6.551659319941279,ogc-api-nrw
113396,"Kall, GG Sistig",Grundschule,"Arnikaweg, Arnikaweg 13",53925,Kall,50.48911554857254,6.519650856568277,ogc-api-nrw
113426,"Mechernich, KG Feytalstr.",Grundschule,"Feytalstr., Feytalstr. 17",53894,Mechernich,50.59085190230607,6.6624702274842145,ogc-api-nrw
113438,"Mechernich, KG Am Bleiberg",Grundschule,"Schoßbachstr., Schoßbachstr. 32",53894,Mechernich,50.586158568945436,6.591948511978123,ogc-api-nrw
113451,"Mechernich, KG Kommern",Grundschule,"Andersenweg, Andersenweg 1",53894,Mechernich,50.61027801167875,6.651188382918147,ogc-api-nrw
113475,"Nettersheim, GG (Verb.) Nettersheim",Grundschule,"Petrusstr., Petrusstr. 5",53947,Nettersheim,50.50962840633902,6.657006385563747,ogc-api-nrw
113505,"Schleiden, KG Am Mühlenberg",Grundschule,"Am Mühlenberg, Am Mühlenberg 1",53937,Schleiden,50.52677263128103,6.469727780842833,ogc-api-nrw
113517,"Schleiden, KG (Verb.) Gemünd",Grundschule,"Müsgesauel, Müsgesauel 27",53937,Schleiden,50.56857479500459,6.4989971801326325,ogc-api-nrw
113529,"Brühl, KG St. Franziskus",Grundschule,"An der Synagoge, An der Synagoge 1",50321,Brühl,50.831203271722444,6.9029328119613975,ogc-api-nrw
113554,"Brühl, KG Barbara",Grundschule,"Mühlenbach, Mühlenbach 65",50321,Brühl,50.83508524972504,6.888286088353525,ogc-api-nrw
113566,"Brühl, KG Pingsdorf",Grundschule,"Auguste-Viktoria-Str., Auguste-Viktoria-Str. 11-13",50321,Brühl,50.83518072082143,6.898053351638686,ogc-api-nrw
113578,"Brühl, GG Badorf",Grundschule,"Badorfer Str., Badorfer Str. 93",50321,Brühl,50.81035005157479,6.892170087524843,ogc-api-nrw
113591,"Brühl, GG Martin-Luther",Grundschule,"Bonnstr., Bonnstr. 52",50321,Brühl,50.82372004009385,6.901919246981959,ogc-api-nrw
113610,"Frechen, KG Edith-Stein-Schule",Grundschule,"Kirchenkamp, Kirchenkamp 7-9",50226,Frechen,50.92528873359052,6.801282615664142,ogc-api-nrw
113621,"Frechen, KG Mauritusschule",Grundschule,"Fürstenbergstr., Fürstenbergstr. 118",50226,Frechen,50.89577195971819,6.813808859470667,ogc-api-nrw
113633,"Frechen, GG Burg",Grundschule,"Burgstr., Burgstr. 42",50226,Frechen,50.90537304383675,6.806858458345634,ogc-api-nrw
113645,"Frechen, GG Ringschule",Grundschule,"Freiheitsring, Freiheitsring 3",50226,Frechen,50.91337511198827,6.812471721092294,ogc-api-nrw
113657,"Frechen, GG Lindenschule",Grundschule,"Gisbertstr., Gisbertstr. 15",50226,Frechen,50.90585223471425,6.797917135482123,ogc-api-nrw
113669,"Pulheim, GG Richeza",Grundschule,"Mathildenstr., Mathildenstr. 22",50259,Pulheim,50.96001594935114,6.785188510832126,ogc-api-nrw
113670,"Pulheim, GG Wolfhelm",Grundschule,"Zehnthofstr., Zehnthofstr. 14",50259,Pulheim,50.95685130672294,6.763551523653389,ogc-api-nrw
113682,"Pulheim, GG Sinthern/Geyen",Grundschule,"Am Fronhof, Am Fronhof 10",50259,Pulheim,50.97918748927031,6.781213016715995,ogc-api-nrw
113694,"Köln, KG Pater-Delp-Schule",Grundschule,"Im Kamp, Im Kamp 14",50859,Köln,50.96707734348896,6.831242864138269,ogc-api-nrw
113736,"Hürth, KG Deutschherren",Grundschule,"Pestalozzistr., Pestalozzistr. 12",50354,Hürth,50.88144919681015,6.886801488981476,ogc-api-nrw
113748,"Hürth, GG Kendenich",Grundschule,"Ortshofstr., Ortshofstr. 20",50354,Hürth,50.8636374967914,6.886100686255901,ogc-api-nrw
113750,"Hürth, KG Martinusschule",Grundschule,"Am Druvendriesch, Am Druvendriesch 19",50354,Hürth,50.855916271628296,6.89132365880478,ogc-api-nrw
113761,"Hürth, GG Brüder-Grimm",Grundschule,"Schnellermaarstr., Schnellermaarstr. 19",50354,Hürth,50.89003080660629,6.83729848867964,ogc-api-nrw
113773,"Hürth, GG Geschwister-Scholl",Grundschule,"Im Wiesengrund, Im Wiesengrund 30",50354,Hürth,50.89305575446989,6.899998849786985,ogc-api-nrw
113785,"Hürth, GG Am Clementinenhof",Grundschule,"Schlangenpfad, Schlangenpfad 28",50354,Hürth,50.867423648234094,6.86435449593964,ogc-api-nrw
113797,"Hürth, GG Carl-Orff",Grundschule,"Jabachstr., Jabachstr. 4",50354,Hürth,50.88154110140963,6.857808842819654,ogc-api-nrw
113803,"Hürth, KG Wendelinusschule (Berrenrath)",Grundschule,"Cäcilienstr., Cäcilienstr. 5",50354,Hürth,50.871823942286284,6.813010938868764,ogc-api-nrw
113815,"Hürth, KG Don Bosco-Schule",Grundschule,"Im Wiesengrund, Im Wiesengrund 30",50354,Hürth,50.89305575446989,6.899998849786985,ogc-api-nrw
113827,"Hürth, EG Bodelschwinghschule",Grundschule,"Auf der Kumme, Auf der Kumme 24",50354,Hürth,50.87562360900614,6.877029144553182,ogc-api-nrw
113839,"Köln, GG Johanniter",Grundschule,"Kölner Str., Kölner Str. 37",50859,Köln,50.94673033957092,6.834482356828029,ogc-api-nrw
113840,"Köln, GG Albert-Schweitzer (Weiden)",Grundschule,"Breslauer Str., Breslauer Str. 11",50858,Köln,50.936252766099145,6.844705134108651,ogc-api-nrw
113852,"Frechen, GG Johannesschule",Grundschule,"Friedrich-Ebert-Str., Friedrich-Ebert-Str. 63",50226,Frechen,50.93923546412227,6.766546541988601,ogc-api-nrw
113864,"Köln, GG Ildefons-Herwegen-Schule",Grundschule,"Kirchweg, Kirchweg 138",50858,Köln,50.93231703258629,6.857112879512996,ogc-api-nrw
113888,"Köln, GG Albert-Schweitzer (Weiß)",Grundschule,"Zum Hedelsberg, Zum Hedelsberg 13",50999,Köln,50.874564428790464,7.026232571676719,ogc-api-nrw
113890,"Köln, GG Anne-Frank-Schule",Grundschule,"Adlerstr., Adlerstr. 13",50997,Köln,50.876499345302285,6.964015938645981,ogc-api-nrw
113906,"Köln, EG EMAnuel-Schule",Grundschule,"Sürther Str., Sürther Str. 201",50999,Köln,50.8709860989051,7.0046228283921605,ogc-api-nrw
113918,"Köln, GG Brüder-Grimm",Grundschule,"Sürther Hauptstr., Sürther Hauptstr. 149",50999,Köln,50.865807620139016,7.013698036377546,ogc-api-nrw
113920,"Köln, GG Godorfer Hauptstr.",Grundschule,"Godorfer Hauptstr., Godorfer Hauptstr. 73",50997,Köln,50.84901336400301,6.975342660574128,ogc-api-nrw
113943,"Köln, GG (Verb.) Schule IM Süden",Grundschule,"Kettelerstr., Kettelerstr. 14",50997,Köln,50.859467721928745,6.931449391810845,ogc-api-nrw
113955,"Köln, KG Grüngürtelschule",Grundschule,"Mainstr., Mainstr. 75",50996,Köln,50.88349897642971,7.00266645401663,ogc-api-nrw
113967,"Pulheim, GG Christina-Schule",Grundschule,"Christinastr., Christinastr. 3",50259,Pulheim,51.02136598353634,6.753303260519363,ogc-api-nrw
113979,"Pulheim, KG Kopfbuche Pulheim",Grundschule,"Escher Str., Escher Str. 88",50259,Pulheim,51.002666196669935,6.811965103545014,ogc-api-nrw
113980,"Wesseling, GG Johannes-Gutenberg-Schule",Grundschule,"Gartenstr., Gartenstr. 14",50389,Wesseling,50.82632355750155,6.975444201946241,ogc-api-nrw
114005,"Wesseling, KG Goetheschule",Grundschule,"Wilhelmstr., Wilhelmstr. 1",50389,Wesseling,50.82215368304499,6.971492759789403,ogc-api-nrw
114017,"Wesseling, KG Schillerschule",Grundschule,"Schulstr., Schulstr. 5",50389,Wesseling,50.811649649697564,6.971025214709958,ogc-api-nrw
114029,"Wesseling, KG Brigidaschule",Grundschule,"Hauptstr., Hauptstr. 101",50389,Wesseling,50.82990312124365,6.946120159303334,ogc-api-nrw
114030,"Wesseling, GG Rheinschule",Grundschule,"Josef-Kuth-Weg, Josef-Kuth-Weg 4",50389,Wesseling,50.80725519394089,7.011967233685383,ogc-api-nrw
114054,"Wesseling, GG Albert-Schweitzer-Schule",Grundschule,"Schulstr., Schulstr. 5",50389,Wesseling,50.811649649697564,6.971025214709958,ogc-api-nrw
114066,"Pulheim, EG Dietrich-Bonhoeffer-Schule",Grundschule,"Auweilerstr., Auweilerstr. 11",50259,Pulheim,51.00001754591336,6.805975053742961,ogc-api-nrw
114078,"Pulheim, KG am Buschweg",Grundschule,"Buschweg, Buschweg 45",50259,Pulheim,51.00453770681761,6.800515993828293,ogc-api-nrw
114080,"Pulheim, KG Barbara-Schule",Grundschule,"Bachstr., Bachstr. 11",50259,Pulheim,50.99661812728711,6.804553433158625,ogc-api-nrw
114091,"Pulheim, GG Horion",Grundschule,"Kölner Str., Kölner Str. 93",50259,Pulheim,51.023512755925694,6.8176716630900245,ogc-api-nrw
114108,"Köln, GG Konrad-Adenauer",Grundschule,"Martinusstr., Martinusstr. 28",50765,Köln,51.010323168470286,6.853333361432219,ogc-api-nrw
114110,"Köln, GG Erich-Ohser-Schule",Grundschule,"Schulstr., Schulstr. 16",50767,Köln,50.99675040892252,6.8719462763920545,ogc-api-nrw
114121,"Bergneustadt, GG (Verb.) Sonnenschule",Grundschule,"Goethestr., Goethestr. 15",51702,Bergneustadt,51.02372282986466,7.65480286707233,ogc-api-nrw
114145,"Bergneustadt, GG Wiedenest",Grundschule,"Alte Str., Alte Str. 33",51702,Bergneustadt,51.03641896341411,7.694272209456922,ogc-api-nrw
114169,"Bergneustadt, GG Löhstr.",Grundschule,"Löhstr., Löhstr. 22",51702,Bergneustadt,51.03090814539921,7.639263737693223,ogc-api-nrw
114182,"Gummersbach, GG Hülsenbusch",Grundschule,"Waldweg, Waldweg 8",51647,Gummersbach,51.047559239025944,7.502186422944951,ogc-api-nrw
114194,"Gummersbach, GG Astrid-Lindgren",Grundschule,"Epelstr., Epelstr. 34",51645,Gummersbach,51.00943171003022,7.619236967293945,ogc-api-nrw
114212,"Gummersbach, GG Becke",Grundschule,"Am Sonnenberg, Am Sonnenberg 3",51647,Gummersbach,51.04077288162827,7.595139755931553,ogc-api-nrw
114224,"Gummersbach, GG Niederseßmar",Grundschule,"Theodor-Heuss-Str., Theodor-Heuss-Str. 16",51645,Gummersbach,51.00424232108951,7.569133650859445,ogc-api-nrw
114236,"Gummersbach, GG Regenbogenschule",Grundschule,"Zum Schulzentrum, Zum Schulzentrum 14",51645,Gummersbach,50.97766592949642,7.526317414500382,ogc-api-nrw
114248,"Gummersbach, GG Bernberg",Grundschule,"Ulmenweg, Ulmenweg 10",51647,Gummersbach,51.02222896445882,7.601860223653602,ogc-api-nrw
114250,"Gummersbach, GG Steinenbrück",Grundschule,"Hömerichstr., Hömerichstr. 18",51643,Gummersbach,51.026363310267065,7.546392048021723,ogc-api-nrw
114261,"Gummersbach, GG Windhagen",Grundschule,"Heiler Str., Heiler Str. 79",51647,Gummersbach,51.04419351456983,7.554849908004266,ogc-api-nrw
114273,"Gummersbach, GG Körnerstr.",Grundschule,"Körnerstr., Körnerstr. 2",51643,Gummersbach,51.025010491386965,7.573071653090121,ogc-api-nrw
114297,"Nümbrecht, GG Mateh-Yehuda-Straße",Grundschule,"Mateh-Yehuda-Str., Mateh-Yehuda-Str. 4",51588,Nümbrecht,50.90466411642907,7.536005530404806,ogc-api-nrw
114303,"Nümbrecht, GG Grötzenberg",Grundschule,"Brucher Str., Brucher Str. 5",51588,Nümbrecht,50.906689591771304,7.590233430233972,ogc-api-nrw
114315,"Nümbrecht, GG Auf dem Höchsten",Grundschule,"Auf dem Höchsten, Auf dem Höchsten 2",51588,Nümbrecht,50.927179192606914,7.566120663628796,ogc-api-nrw
114327,"Nümbrecht, GG Marienberghausen",Grundschule,"Humperdinckstr., Humperdinckstr. 2",51588,Nümbrecht,50.91817697787223,7.495375540840799,ogc-api-nrw
114340,"Marienheide, GG Müllenbach",Grundschule,"Gervershagener Str., Gervershagener Str. 16",51709,Marienheide,51.069446231148966,7.5783425861377225,ogc-api-nrw
114352,"Marienheide, GG Heier",Grundschule,"Leppestr., Leppestr. 26",51709,Marienheide,51.08182825452222,7.525965230163335,ogc-api-nrw
114420,"Reichshof, GG Regenbogen",Grundschule,"Schulstr., Schulstr. 13",51580,Reichshof,50.93690538572195,7.755486348542605,ogc-api-nrw
114431,"Engelskirchen, GG Schnellenbach",Grundschule,"Schulstr., Schulstr. 2",51766,Engelskirchen,51.00509226617131,7.45171365625172,ogc-api-nrw
114443,"Engelskirchen, GG Ründeroth",Grundschule,"Walbach, Walbach 1",51766,Engelskirchen,50.9977003807433,7.461280236304906,ogc-api-nrw
114455,"Waldbröl, GG Wiedenhof",Grundschule,"Wiedenhof, Wiedenhof 5",51545,Waldbröl,50.87431642007345,7.619779972646811,ogc-api-nrw
114480,"Waldbröl, GG Isengarten",Grundschule,"Karl-Conrad-Weg, Karl-Conrad-Weg 9",51545,Waldbröl,50.88570339969533,7.619912641839278,ogc-api-nrw
114510,"Wiehl, GG (Verb.) Wiehl/Marienhagen",Grundschule,"Warthstr., Warthstr. 1",51674,Wiehl,50.94978956550241,7.550946204389506,ogc-api-nrw
114522,"Wiehl, GG Bielstein",Grundschule,"Weierhofweg, Weierhofweg 22",51674,Wiehl,50.96357827501933,7.509674017576675,ogc-api-nrw
114534,"Wiehl, GG Drabenderhöhe",Grundschule,"In der Landwehr, In der Landwehr 1",51674,Wiehl,50.94165751188418,7.454006969037528,ogc-api-nrw
114546,"Bergisch Gladbach, GG Refrath",Grundschule,"Wittenbergstr., Wittenbergstr. 3",51427,Bergisch Gladbach,50.955604884885375,7.111482495533083,ogc-api-nrw
114558,"Bergisch Gladbach, GG Moitzfeld",Grundschule,"Diakonissenweg, Diakonissenweg 44",51429,Bergisch Gladbach,50.968227823862826,7.182641272408493,ogc-api-nrw
114560,"Bergisch Gladbach, EG Bensberg",Grundschule,"Gartenstr., Gartenstr. 15",51429,Bergisch Gladbach,50.963663671961356,7.160531366243715,ogc-api-nrw
114583,"Bergisch Gladbach, KG In der Auen",Grundschule,"Schwerfelstr., Schwerfelstr. 8",51427,Bergisch Gladbach,50.95362206120615,7.101239902840642,ogc-api-nrw
114595,"Kürten, GG Dürscheid",Grundschule,"Kirchberg, Kirchberg 8",51515,Kürten,51.01109241794285,7.217190652053707,ogc-api-nrw
114601,"Bergisch Gladbach, KG Frankenforst",Grundschule,"Taubenstr., Taubenstr. 11-13",51427,Bergisch Gladbach,50.95424888046123,7.130047865275549,ogc-api-nrw
114613,"Bergisch Gladbach, KG Bensberg",Grundschule,"Eichelstr., Eichelstr. 11",51429,Bergisch Gladbach,50.96475481600775,7.160146455786377,ogc-api-nrw
114625,"Bergisch Gladbach, GG Herkenrath",Grundschule,"St.-Antonius-Str., St.-Antonius-Str. 22",51429,Bergisch Gladbach,50.98845025841763,7.190500670787698,ogc-api-nrw
114637,"Overath, GG Immekeppel",Grundschule,"Kielsberg, Kielsberg 3",51491,Overath,50.960596383888664,7.237466191710295,ogc-api-nrw
114649,"Bergisch Gladbach, GG An der Steinbreche",Grundschule,"Mohnweg, Mohnweg 11",51427,Bergisch Gladbach,50.960383105114936,7.111089366057776,ogc-api-nrw
114650,"Bergisch Gladbach, GG Heidkamp",Grundschule,"Oberheidkamper Str., Oberheidkamper Str. 92",51469,Bergisch Gladbach,50.98312866518473,7.14537199045189,ogc-api-nrw
114662,"Bergisch Gladbach, GG Hand",Grundschule,"St.-Konrad-Str., St.-Konrad-Str. 5",51469,Bergisch Gladbach,50.99032105162344,7.094384449797153,ogc-api-nrw
114674,"Bergisch Gladbach, GG Gronau",Grundschule,"Mülheimer Str., Mülheimer Str. 254",51469,Bergisch Gladbach,50.98375704979781,7.116082006976632,ogc-api-nrw
114704,"Bergisch Gladbach, GG An der Strunde",Grundschule,"Am Broich, Am Broich 8",51465,Bergisch Gladbach,50.9934295403721,7.134287519043873,ogc-api-nrw
114716,"Bergisch Gladbach, GG Hebborn",Grundschule,"Odenthaler Str., Odenthaler Str. 197",51467,Bergisch Gladbach,50.999723536689125,7.131384028101731,ogc-api-nrw
114728,"Bergisch Gladbach, GG Katterbach",Grundschule,"Kempener Str., Kempener Str. 187",51467,Bergisch Gladbach,51.008679405892124,7.084095110173727,ogc-api-nrw
114730,"Bergisch Gladbach, KG Hand",Grundschule,"St.-Konrad-Str., St.-Konrad-Str. 1",51469,Bergisch Gladbach,50.98954703981786,7.0932476867762295,ogc-api-nrw
114753,"Bergisch Gladbach, KG Sand",Grundschule,"Schulstr., Schulstr. 87",51465,Bergisch Gladbach,50.98889855808199,7.15648444494493,ogc-api-nrw
114765,"Köln, GG Adolph-Kolping-Straße",Grundschule,"Adolph-Kolping-Str., Adolph-Kolping-Str. 41",51147,Köln,50.85930432968994,7.090139609978275,ogc-api-nrw
114777,"Köln, GG Friedrich-List-Schule",Grundschule,"Breitenbachstr., Breitenbachstr. 2",51149,Köln,50.90197163851393,7.05643516661611,ogc-api-nrw
114789,"Köln, GG Hauptstr.",Grundschule,"Hauptstr., Hauptstr. 432",51143,Köln,50.88722908136495,7.056323765131189,ogc-api-nrw
114790,"Köln, GG Heideschule",Grundschule,"Neue Heide, Neue Heide 25-27",51147,Köln,50.861196865480196,7.099739570155312,ogc-api-nrw
114807,"Köln, GG Peter Petersen Friedensstr.",Grundschule,"Friedensstr., Friedensstr. 41-45",51147,Köln,50.87549003335569,7.100977663645132,ogc-api-nrw
114819,"Köln, GG Don-Bosco-Schule",Grundschule,"Humboldtstr., Humboldtstr. 81-83",51145,Köln,50.88768774062621,7.069869161338892,ogc-api-nrw
114820,"Köln, GG Hohe Str.",Grundschule,"Hohe Str., Hohe Str. 77-79",51149,Köln,50.89691094211446,7.029781701924924,ogc-api-nrw
114832,"Köln, GG Unter Birken",Grundschule,"Schulstr., Schulstr. 23",51145,Köln,50.89311178264638,7.079186642070522,ogc-api-nrw
114844,"Köln, KG Hinter der Kirche",Grundschule,"Hinter der Kirche, Hinter der Kirche 3-5",51143,Köln,50.845224965328974,7.004983622392256,ogc-api-nrw
114856,"Köln, GG Schmittgasse",Grundschule,"Schmittgasse, Schmittgasse 66",51143,Köln,50.86635669522603,7.045680354780193,ogc-api-nrw
114868,"Köln, KG Kupfergasse",Grundschule,"Kupfergasse, Kupfergasse 31",51145,Köln,50.88063139555985,7.0815481159079345,ogc-api-nrw
114870,"Köln, GG Konrad-Adenauer-Str.",Grundschule,"Konrad-Adenauer-Str., Konrad-Adenauer-Str. 20",51149,Köln,50.895862265482975,7.065478165759306,ogc-api-nrw
114881,"Köln, GG Forststraße",Grundschule,"Forststr., Forststr. 20",51107,Köln,50.91646702020088,7.08402973622917,ogc-api-nrw
114893,"Wipperfürth, KG (Verb.) St. Antonius",Grundschule,"Ringstr., Ringstr. 38",51688,Wipperfürth,51.11466180653602,7.394861356208006,ogc-api-nrw
114900,"Wipperfürth, GG (Verb.) Nikolausschule",Grundschule,"Hindenburgplatz, Hindenburgplatz 1",51688,Wipperfürth,51.11815150421778,7.4034279279490685,ogc-api-nrw
114935,"Wipperfürth, GG (Verb.) Wipper- Agathabe",Grundschule,"Agathaberg, Agathaberg 22",51688,Wipperfürth,51.09790671552818,7.4225354712321785,ogc-api-nrw
114960,"Lindlar, GG Ost",Grundschule,"Altenrather Feld, Altenrather Feld 2",51789,Lindlar,51.01876876590433,7.392301022825637,ogc-api-nrw
114972,"Lindlar, GG Kapellensüng",Grundschule,"Schulweg, Schulweg 2a",51789,Lindlar,51.048295251973514,7.3787664904770045,ogc-api-nrw
114984,"Lindlar, GG Frielingsdorf",Grundschule,"Jan-Wellem-Str., Jan-Wellem-Str. 10",51789,Lindlar,51.044843497530046,7.4255799498894985,ogc-api-nrw
114996,"Odenthal, KG (Verb.) Odenthal",Grundschule,"Bergisch Gladbacher Str., Bergisch Gladbacher Str. 12",51519,Odenthal,51.02914060316551,7.114555923070639,ogc-api-nrw
115010,"Odenthal, KG Burg Berge",Grundschule,"Bergstr., Bergstr. 203",51519,Odenthal,51.05803688164925,7.120717262236284,ogc-api-nrw
115022,"Odenthal, KG Voiswinkel",Grundschule,"St.-Engelbert-Str., St.-Engelbert-Str. 44",51519,Odenthal,51.01464366762787,7.118494508078805,ogc-api-nrw
115034,"Bergisch Gladbach, GG Concordia",Grundschule,"Concordiaweg, Concordiaweg 20",51467,Bergisch Gladbach,51.017743064121404,7.083436317594296,ogc-api-nrw
115046,"Odenthal, KG Eikamp",Grundschule,"Schallemicher Str., Schallemicher Str. 13",51519,Odenthal,51.02078192615236,7.183566923039206,ogc-api-nrw
115058,"Overath, GG Heiligenhaus",Grundschule,"Grüner Weg, Grüner Weg 16-20",51491,Overath,50.94080815563829,7.252847677735116,ogc-api-nrw
115060,"Overath, GG Burgholzweg",Grundschule,"Burgholzweg, Burgholzweg 20",51491,Overath,50.933683102228834,7.278120783665822,ogc-api-nrw
115071,"Overath, GG Marialinden",Grundschule,"Pilgerstr., Pilgerstr. 48",51491,Overath,50.932812980779076,7.325260590258703,ogc-api-nrw
115083,"Overath, GG Sülztal",Grundschule,"Römerstr., Römerstr. 7-9",51491,Overath,50.940797270466625,7.2270694824431825,ogc-api-nrw
115095,"Rösrath, GG Forsbach",Grundschule,"Kirchweg, Kirchweg 10",51503,Rösrath,50.92303013479256,7.177687091746077,ogc-api-nrw
115101,"Rösrath, KG Sandweg",Grundschule,"Sandweg, Sandweg 18",51503,Rösrath,50.89302722357266,7.177664038833579,ogc-api-nrw
115113,"Rösrath, GG Sandweg",Grundschule,"Sandweg, Sandweg 13",51503,Rösrath,50.89349970885301,7.1779726575719245,ogc-api-nrw
115125,"Rösrath, GG Hoffnungsthal",Grundschule,"Hauptstr., Hauptstr. 262",51503,Rösrath,50.91511989099833,7.198809793413726,ogc-api-nrw
115149,"Engelskirchen, GG Bergische Str.",Grundschule,"Bergische Str., Bergische Str. 56",51766,Engelskirchen,50.98964747441921,7.402042252817241,ogc-api-nrw
115150,"Engelskirchen, KG Loope",Grundschule,"Schulweg, Schulweg 35",51766,Engelskirchen,50.97233033603246,7.367212184128892,ogc-api-nrw
115162,"Lindlar, GG Schmitzhöhe",Grundschule,"Lindlarer Str., Lindlarer Str. 69",51789,Lindlar,50.98970470388063,7.281291994953033,ogc-api-nrw
115174,"Kürten, KG Bechen",Grundschule,"St.-Antonius-Weg, St.-Antonius-Weg 5",51515,Kürten,51.04123778199579,7.211868107763577,ogc-api-nrw
115186,"Kürten, GG Biesfeld",Grundschule,"Neuensaaler Str., Neuensaaler Str. 4",51515,Kürten,51.02025401027552,7.244929059209214,ogc-api-nrw
115198,"Kürten, GG (Verb.) Kürten-Olpe",Grundschule,"Wipperfürther Str., Wipperfürther Str. 358",51515,Kürten,51.047453351530514,7.264431451037053,ogc-api-nrw
115228,"Alfter, GG Witterschlick",Grundschule,"Quirinusstr., Quirinusstr. 10",53347,Alfter,50.69212242707194,7.024598780170561,ogc-api-nrw
115230,"Alfter, GG Oedekoven",Grundschule,"Jungfernpfad, Jungfernpfad 5",53347,Alfter,50.71848642987037,7.023688624973399,ogc-api-nrw
115241,"Alfter, KG Anna - Schule",Grundschule,"Am Herrenwingert, Am Herrenwingert",53347,Alfter,50.738892752117486,7.010938018154302,ogc-api-nrw
115253,"Sankt Augustin, KG Meindorf",Grundschule,"Rubensstr., Rubensstr. 2a",53757,Sankt Augustin,50.77845657161791,7.140615874984964,ogc-api-nrw
115277,"Sankt Augustin, GG Max & Moritz Schule",Grundschule,"Siegstr., Siegstr. 125",53757,Sankt Augustin,50.785121640185075,7.163930629271768,ogc-api-nrw
115290,"Sankt Augustin, KG Sankt Martin",Grundschule,"Gartenstr., Gartenstr. 26-30",53757,Sankt Augustin,50.7791797206846,7.195811000755244,ogc-api-nrw
115307,"Sankt Augustin, KG Buisdorf",Grundschule,"Michaelsbergstr., Michaelsbergstr. 27",53757,Sankt Augustin,50.78491920134941,7.226986068133878,ogc-api-nrw
115319,"Sankt Augustin, GG Hans-Christ.-Andersen",Grundschule,"Pauluskirchstr., Pauluskirchstr. 1a",53757,Sankt Augustin,50.76932104595134,7.187014345219798,ogc-api-nrw
115320,"Sankt Augustin, EG Hangelar",Grundschule,"Udetstr., Udetstr. 28",53757,Sankt Augustin,50.761510289560825,7.164330406272409,ogc-api-nrw
115332,"Sankt Augustin, KG Hangelar",Grundschule,"Udetstr., Udetstr. 28",53757,Sankt Augustin,50.761510289560825,7.164330406272409,ogc-api-nrw
115344,"Bornheim, GG Nikolaus-Schule",Grundschule,"Sandstr., Sandstr. 100",53332,Bornheim,50.75954056878955,6.942907059129838,ogc-api-nrw
115356,"Bornheim, GG Herseler-Werth",Grundschule,"Rheinstr., Rheinstr. 166",53332,Bornheim,50.7719618975921,7.046483270602315,ogc-api-nrw
115368,"Bornheim, GG Markus",Grundschule,"Weberstr., Weberstr. 19",53332,Bornheim,50.76629894442391,6.916785320671666,ogc-api-nrw
115381,"Bornheim, GG Wendelinus-Schule",Grundschule,"Tränkerhofstr., Tränkerhofstr. 12",53332,Bornheim,50.79040164798109,6.950207740857682,ogc-api-nrw
115393,"Bornheim, KG Thomas-von-Quentel-Schule",Grundschule,"Walburgisstr., Walburgisstr. 11-13",53332,Bornheim,50.79399028015258,6.911183485308562,ogc-api-nrw
115400,"Bornheim, GG Merten",Grundschule,"Beethovenstr., Beethovenstr. 57",53332,Bornheim,50.775255712945075,6.923266849791341,ogc-api-nrw
115423,"Bornheim, KG Johann-Wallraf",Grundschule,"Wallrafstr., Wallrafstr. 1",53332,Bornheim,50.76410082321968,6.996638051192847,ogc-api-nrw
115435,"Bornheim, KG Sebastian-Schule",Grundschule,"Friedrichstr., Friedrichstr. 3",53332,Bornheim,50.75240923782485,7.012434950543635,ogc-api-nrw
115484,"Eitorf, GG (Verb.) MosaikSchule",Grundschule,"Brückenstr., Brückenstr. 18",53783,Eitorf,50.77242765342902,7.450516302912055,ogc-api-nrw
115496,"Eitorf, GG (Verb.) Alzenbach-Mühleip",Grundschule,"Canisiusstr., Canisiusstr. 61",53783,Eitorf,50.76773659331939,7.486394533115731,ogc-api-nrw
115514,"Hennef, GG Am Steimel",Grundschule,"Finkenweg, Finkenweg 25",53773,Hennef (Sieg),50.73662006946615,7.3678131788861,ogc-api-nrw
115538,"Hennef, GG Gartenstr.",Grundschule,"Gartenstr., Gartenstr. 17",53773,Hennef (Sieg),50.776904114435155,7.276665798931575,ogc-api-nrw
115540,"Hennef, GG Kastanienschule",Grundschule,"Am Frohnhof, Am Frohnhof 62",53773,Hennef (Sieg),50.74760574969073,7.2744389942079755,ogc-api-nrw
115551,"Hennef, GG Hanftal",Grundschule,"Hanftalstr., Hanftalstr. 33",53773,Hennef (Sieg),50.76698193085616,7.301649589816491,ogc-api-nrw
115563,"Hennef, GG Regenbogenschule",Grundschule,"Am Schmalen Patt, Am Schmalen Patt 25",53773,Hennef (Sieg),50.80172805646968,7.308096294251704,ogc-api-nrw
115575,"Hennef, KG Wehrstr.",Grundschule,"Wehrstr., Wehrstr. 84",53773,Hennef (Sieg),50.77448239189358,7.2661878625427905,ogc-api-nrw
115587,"Bad Honnef, GG (Verb.) Löwenburgschule",Grundschule,"Rommersdorfer Str., Rommersdorfer Str. 69",53604,Bad Honnef,50.65039774493551,7.225124044677879,ogc-api-nrw
115605,"Bad Honnef, GG Montessori-Bad Honnef",Grundschule,"Bergstr., Bergstr. 18-20",53604,Bad Honnef,50.645908244370254,7.230343042714506,ogc-api-nrw
115617,"Bad Honnef, KG St. Martinus",Grundschule,"Menzenberger Str., Menzenberger Str. 110",53604,Bad Honnef,50.63710936745539,7.231932243349494,ogc-api-nrw
115629,"Königswinter, KG Sonnenhügel",Grundschule,"Humboldtstr., Humboldtstr. 3",53639,Königswinter,50.70274661468829,7.280023428482775,ogc-api-nrw
115630,"Königswinter, GG Oberdollendorf",Grundschule,"Auf dem Schnitzenbusch, Auf dem Schnitzenbusch 7-13",53639,Königswinter,50.6970814557667,7.192138163149298,ogc-api-nrw
115642,"Königswinter, GG Stenzelberg",Grundschule,"Oelbergstr., Oelbergstr. 10a",53639,Königswinter,50.69507715447786,7.232089631194056,ogc-api-nrw
115654,"Königswinter, GG Stieldorf",Grundschule,"Oelinghovener Str., Oelinghovener Str. 6-8",53639,Königswinter,50.72991796439036,7.219016780261115,ogc-api-nrw
115666,"Königswinter, GG Johann-Lemmerz-Schule",Grundschule,"Paul-Lemmerz-Str., Paul-Lemmerz-Str. 1",53639,Königswinter,50.6818288827632,7.187571671251157,ogc-api-nrw
115678,"Königswinter, KG Ittenbach",Grundschule,"Kirchstr., Kirchstr. 9",53639,Königswinter,50.68076518510022,7.26844117506252,ogc-api-nrw
115680,"Lohmar, GG Wahlscheid",Grundschule,"Krebsaueler Str., Krebsaueler Str. 65",53797,Lohmar,50.8953525006679,7.265940187201288,ogc-api-nrw
115691,"Lohmar, GG Wald",Grundschule,"Hermann-Löns-Str., Hermann-Löns-Str. 37",53797,Lohmar,50.8360991125425,7.2161703730083175,ogc-api-nrw
115708,"Lohmar, GG Donrath",Grundschule,"Schulstr., Schulstr. 8",53797,Lohmar,50.85654355071368,7.23462902817609,ogc-api-nrw
115710,"Meckenheim, EG Kölnstr.",Grundschule,"Kölnstr., Kölnstr. 1",53340,Meckenheim,50.620780467570455,7.0240131888457205,ogc-api-nrw
115733,"Meckenheim, KG Merl",Grundschule,"Godesberger Str., Godesberger Str. 51",53340,Meckenheim,50.632094745208676,7.055526296627856,ogc-api-nrw
115745,"Meckenheim, KG (Verb.) Kirchplatz",Grundschule,"Kirchplatz, Kirchplatz 3",53340,Meckenheim,50.621587563416675,7.023343138384031,ogc-api-nrw
115757,"Much, GG Klosterstr.",Grundschule,"Klosterstr., Klosterstr. 1",53804,Much,50.90390950269364,7.407610980569088,ogc-api-nrw
115769,"Much, GG Janusz-Korczak",Grundschule,"Dorfstr., Dorfstr. 25",53804,Much,50.885356508634835,7.442962263814824,ogc-api-nrw
115794,"Niederkassel, KG Rheidter-Werth-Schule",Grundschule,"Vollbergstr., Vollbergstr. 32",53859,Niederkassel,50.79077337139227,7.048409151284154,ogc-api-nrw
115800,"Niederkassel, GG Annostr.",Grundschule,"Annostr., Annostr. 3",53859,Niederkassel,50.81068800756889,7.037287657274314,ogc-api-nrw
115812,"Niederkassel, KG Mondorf",Grundschule,"Beckergasse, Beckergasse 49-55",53859,Niederkassel,50.77869480527994,7.067863853107609,ogc-api-nrw
115824,"Niederkassel, KG Lülsdorf",Grundschule,"Rheinstr., Rheinstr. 30",53859,Niederkassel,50.82915860177988,7.011107692222437,ogc-api-nrw
115836,"Niederkassel, GG Drei-Linden-Schule",Grundschule,"Porzer Str., Porzer Str. 72",53859,Niederkassel,50.83228296325434,7.030928339434695,ogc-api-nrw
115848,"Rheinbach, GG Sürster Weg",Grundschule,"Sürster Weg, Sürster Weg 10",53359,Rheinbach,50.623637899369065,6.9448573740618995,ogc-api-nrw
115850,"Rheinbach, KG St. Martin-Schule",Grundschule,"Bachstr., Bachstr. 17-19",53359,Rheinbach,50.62470711649881,6.950409875361642,ogc-api-nrw
115897,"Rheinbach, KG Flerzheim",Grundschule,"Joseph-Rhein-Str., Joseph-Rhein-Str. 32",53359,Rheinbach,50.64926179782208,6.983943739715913,ogc-api-nrw
115903,"Rheinbach, KG Merzbach",Grundschule,"Weidenstr., Weidenstr. 10",53359,Rheinbach,50.597669931141695,6.934090474535005,ogc-api-nrw
115915,"Rheinbach, KG an der Tomburg",Grundschule,"Wormersdorfer Str., Wormersdorfer Str. 33",53359,Rheinbach,50.606997707664306,6.989114912153292,ogc-api-nrw
115939,"Ruppichteroth, GG (Verb.) Winterscheid",Grundschule,"Pastoratsstr., Pastoratsstr. 2",53809,Ruppichteroth,50.81554998254601,7.377001906190764,ogc-api-nrw
115940,"Ruppichteroth, GG Schulstr.",Grundschule,"Schulstr., Schulstr. 5",53809,Ruppichteroth,50.84535221555166,7.480346935534955,ogc-api-nrw
115952,"Siegburg, GG (Verb.) Nord",Grundschule,"Bambergstr., Bambergstr. 23",53721,Siegburg,50.80487165857567,7.206104948088943,ogc-api-nrw
115964,"Siegburg, GG Wolsdorf",Grundschule,"Jakobstr., Jakobstr. 10-12",53721,Siegburg,50.799905198291036,7.224786839815208,ogc-api-nrw
115988,"Siegburg, GG Stallberg",Grundschule,"Deutzer-Hof-Str., Deutzer-Hof-Str. 22-24",53721,Siegburg,50.809262152409566,7.232125506217696,ogc-api-nrw
115990,"Swisttal, GG am Zehnthof",Grundschule,"In der Freiheit, In der Freiheit 40",53913,Swisttal,51.20810812548666,7.070975587119165,ogc-api-nrw
116002,"Swisttal, GG Swistbachschule",Grundschule,"Bornheimer Str., Bornheimer Str. 16",53913,Swisttal,50.71673794552654,6.916079824809582,ogc-api-nrw
116014,"Swisttal, GG am Burgweiher",Grundschule,"Schulstr., Schulstr. 35",53913,Swisttal,50.681015230787615,6.975887188309152,ogc-api-nrw
116026,"Troisdorf, GG Roncalli-Schule",Grundschule,"Roncallistr., Roncallistr. 26",53840,Troisdorf,50.80191410036519,7.154884748251677,ogc-api-nrw
116038,"Troisdorf, GG Heerstr.",Grundschule,"Heerstr., Heerstr. 1",53840,Troisdorf,50.82026456206031,7.178553382889972,ogc-api-nrw
116040,"Troisdorf, KG Schloßstraße",Grundschule,"Schloßstr., Schloßstr. 8",53840,Troisdorf,50.81609318101481,7.158613308631239,ogc-api-nrw
116051,"Troisdorf, EG Matthias-Langen-Straße",Grundschule,"Matthias-Langen-Str., Matthias-Langen-Str. 9",53840,Troisdorf,50.809024660429266,7.1752433144821035,ogc-api-nrw
116075,"Troisdorf, KG Blücherstr.",Grundschule,"Blücherstr., Blücherstr. 42",53842,Troisdorf,50.81086382384641,7.15210472745458,ogc-api-nrw
116087,"Troisdorf, KG Muellekoven",Grundschule,"Dorfstr., Dorfstr. 51",53844,Troisdorf,50.7774755876054,7.107036413324903,ogc-api-nrw
116099,"Troisdorf, GG Eschmar",Grundschule,"Rheinstr., Rheinstr. 55",53844,Troisdorf,50.7899005169351,7.1089749505570605,ogc-api-nrw
116105,"Troisdorf, GG Asselbachschule",Grundschule,"Asselbachstr., Asselbachstr. 40",53842,Troisdorf,50.83014221507808,7.128153349614309,ogc-api-nrw
116117,"Troisdorf, GG Janosch",Grundschule,"Magdalenenstr., Magdalenenstr. 12a",53842,Troisdorf,50.814156307214425,7.132952055991771,ogc-api-nrw
116129,"Troisdorf, GG Sieglar",Grundschule,"Kettelerstr., Kettelerstr. 9",53844,Troisdorf,50.80295558522299,7.123208271461689,ogc-api-nrw
116166,"Windeck, GG Sonnenbergschule",Grundschule,"Auf der Bruchhardt, Auf der Bruchhardt 1",51570,Windeck,50.79255830869912,7.612186448502432,ogc-api-nrw
116180,"Aachen, GG Driescher Hof",Grundschule,"Gleiwitzer Str., Gleiwitzer Str. 10",52078,Aachen,50.753290176986084,6.142932148033594,ogc-api-nrw
116191,"Aachen, KG Domsingschule",Grundschule,"Ritter-Chorus-Str., Ritter-Chorus-Str. 1-4",52062,Aachen,50.77555556017254,6.082757645144497,ogc-api-nrw
116208,"Aachen, GG Am Haarbach",Grundschule,"Haarbachtalstr., Haarbachtalstr. 10",52080,Aachen,50.79455275348439,6.128011272773784,ogc-api-nrw
116221,"Aachen, GG Brühlstr.",Grundschule,"Brühlstr., Brühlstr. 2",52080,Aachen,50.77957980561677,6.151260557240681,ogc-api-nrw
116233,"Aachen, GG Vaalserquartier",Grundschule,"Keltenstr., Keltenstr. 19",52074,Aachen,50.76851302169108,6.027961666891874,ogc-api-nrw
116245,"Aachen, KG Kornelimünster",Grundschule,"Abteigarten, Abteigarten 15",52076,Aachen,50.73038667624834,6.181260629111611,ogc-api-nrw
116257,"Aachen, GG Walheim",Grundschule,"Kirchberg, Kirchberg 14",52076,Aachen,50.70637987352589,6.177219435989805,ogc-api-nrw
116269,"Aachen, GG Oberforstbach",Grundschule,"Oberforstbacher Str., Oberforstbacher Str. 332",52076,Aachen,50.722719162686424,6.141604741131497,ogc-api-nrw
116270,"Aachen, KG Karl-Kuck-Schule",Grundschule,"Karl-Kuck-Str., Karl-Kuck-Str. 35",52078,Aachen,50.75266354584826,6.1618289757487865,ogc-api-nrw
116282,"Aachen, GG Laurensberg",Grundschule,"Vetschauer Str., Vetschauer Str. 2",52072,Aachen,50.80236852820248,6.051945214971975,ogc-api-nrw
116294,"Aachen, KG Bildchen",Grundschule,"Hauseter Weg, Hauseter Weg 1",52074,Aachen,50.73915221283473,6.047768405855739,ogc-api-nrw
116312,"Aachen, KG Passstr.",Grundschule,"Passstr., Passstr. 10",52070,Aachen,50.780333750742045,6.098322266789532,ogc-api-nrw
116324,"Aachen, GG Malmedyer Str.",Grundschule,"Malmedyer Str., Malmedyer Str. 12",52066,Aachen,50.7592371527693,6.092069393162124,ogc-api-nrw
116336,"Aachen, KG Forster Linde",Grundschule,"Lintertstr., Lintertstr. 68",52076,Aachen,50.75991029526669,6.131935030994164,ogc-api-nrw
116348,"Aachen, KG Schule am Fischmarkt",Grundschule,"Jesuitenstr., Jesuitenstr. 8",52062,Aachen,50.77359742507615,6.082510718141563,ogc-api-nrw
116350,"Aachen, KG Höfchensweg",Grundschule,"Höfchensweg, Höfchensweg 44",52066,Aachen,50.75341371174067,6.080774715760669,ogc-api-nrw
116361,"Aachen, KG Hanbrucher Str.",Grundschule,"Hanbrucher Str., Hanbrucher Str. 29",52064,Aachen,50.76897605871589,6.068259230164899,ogc-api-nrw
116385,"Aachen, KG Luisenstr.",Grundschule,"Luisenstr., Luisenstr. 42",52070,Aachen,50.77126548616322,6.101891057163942,ogc-api-nrw
116403,"Aachen, GG Schönforst-Schwalbenweg",Grundschule,"Schwalbenweg, Schwalbenweg 4",52078,Aachen,50.76707815223552,6.13590762437129,ogc-api-nrw
116439,"Aachen, EG Annaschule",Grundschule,"Jesuitenstr., Jesuitenstr. 18-20",52062,Aachen,50.77294190370488,6.081118769866557,ogc-api-nrw
116440,"Aachen, GG Schule am Lousberg",Grundschule,"Saarstr., Saarstr. 66",52062,Aachen,50.78182843705493,6.084325027883015,ogc-api-nrw
116464,"Aachen, GG Gerlach",Grundschule,"Gerlachstr., Gerlachstr. 7",52064,Aachen,50.76983742260986,6.076049561194516,ogc-api-nrw
116476,"Aachen, GG Am Höfling",Grundschule,"Am Höfling, Am Höfling 14",52066,Aachen,50.76110652087059,6.100306715073893,ogc-api-nrw
116488,"Aachen, KG Verlautenheide",Grundschule,"Heider-Hof-Weg, Heider-Hof-Weg 12",52080,Aachen,50.79723896091194,6.151704899228616,ogc-api-nrw
116490,"Aachen, KG Feldstr.",Grundschule,"Feldstr., Feldstr. 59",52070,Aachen,50.79150852461136,6.11546839134776,ogc-api-nrw
116506,"Aachen, KG Marktschule Brand",Grundschule,"Marktstr., Marktstr. 25",52078,Aachen,50.748330486300034,6.162303854328354,ogc-api-nrw
116518,"Aachen, KG Birkstr.",Grundschule,"Birkstr., Birkstr. 6",52080,Aachen,50.78286752720883,6.163617518224316,ogc-api-nrw
116520,"Aachen, KG Am Römerhof",Grundschule,"Am Römerhof, Am Römerhof 31",52066,Aachen,50.75979093276231,6.109265837635157,ogc-api-nrw
116531,"Aachen, GG Düppelstr.",Grundschule,"Düppelstr., Düppelstr. 19",52068,Aachen,50.775277782123574,6.1138715749662556,ogc-api-nrw
116543,"Aachen, KG Beeckstr.",Grundschule,"Beeckstr., Beeckstr. 15-17",52062,Aachen,50.773926851885285,6.093895781288091,ogc-api-nrw
116567,"Aachen, KG Auf der Hörn",Grundschule,"Ahornstr., Ahornstr. 60",52074,Aachen,50.77996271363451,6.059115729158743,ogc-api-nrw
116579,"Alsdorf, GG Kellersberg",Grundschule,"Pommernstr., Pommernstr. 2a",52477,Alsdorf,50.86825852661984,6.174056393099475,ogc-api-nrw
116580,"Alsdorf, GG Alsdorf-Annapark",Grundschule,"Willy-Brandt-Ring, Willy-Brandt-Ring 4",52477,Alsdorf,50.87499405583052,6.152537147702579,ogc-api-nrw
116592,"Alsdorf, GG Schaufenberg",Grundschule,"Engelstr., Engelstr. 48",52477,Alsdorf,50.876123060722456,6.173807880951778,ogc-api-nrw
116609,"Alsdorf, GG Broicher Siedlung",Grundschule,"Grabenstr., Grabenstr. 2",52477,Alsdorf,50.848460349478884,6.186691480357856,ogc-api-nrw
116610,"Alsdorf, GG Blumenrath",Grundschule,"Poststr., Poststr. 4",52477,Alsdorf,50.85827844321061,6.200340135346405,ogc-api-nrw
116622,"Alsdorf, GG Ofden",Grundschule,"Daniel-Schreber-Str., Daniel-Schreber-Str. 84",52477,Alsdorf,50.854668377786176,6.149711817424677,ogc-api-nrw
116658,"Alsdorf, KG Hermann-Josef",Grundschule,"Falterstr., Falterstr. 6",52477,Alsdorf,50.87070843251555,6.208180974677982,ogc-api-nrw
116660,"Alsdorf, KG Begau",Grundschule,"Ehrenstr., Ehrenstr. 26",52477,Alsdorf,50.85446073015665,6.208057664756268,ogc-api-nrw
116683,"Baesweiler, GG St. Barbara",Grundschule,"Am Weiher, Am Weiher 2",52499,Baesweiler,50.92282623971187,6.209756844320862,ogc-api-nrw
116695,"Baesweiler, GG Friedensschule",Grundschule,"Grabenstr., Grabenstr. 13",52499,Baesweiler,50.90884799717816,6.188015302990885,ogc-api-nrw
116701,"Baesweiler, GG (Verb.) Grengracht",Grundschule,"Grengracht, Grengracht 12",52499,Baesweiler,50.90905513334081,6.176109112023907,ogc-api-nrw
116737,"Baesweiler, GG (Verb.) St. Andreas",Grundschule,"Bahnstr., Bahnstr. 1",52499,Baesweiler,50.92171611974522,6.200587553191337,ogc-api-nrw
116749,"Baesweiler, KG Oidtweiler",Grundschule,"Schulstr., Schulstr. 26",52499,Baesweiler,50.892790874005904,6.184232929066771,ogc-api-nrw
116762,"Eschweiler, KG Kinzweiler",Grundschule,"Am Maxweiher, Am Maxweiher 15",52249,Eschweiler,50.83821830457339,6.233062951722769,ogc-api-nrw
116774,"Eschweiler, KG Dürwiß",Grundschule,"Konrad-Adenauer-Str., Konrad-Adenauer-Str. 18",52249,Eschweiler,50.83559180706377,6.274695079421586,ogc-api-nrw
116804,"Eschweiler, KG Bergrath",Grundschule,"Weierstr., Weierstr. 13",52249,Eschweiler,50.80620901194464,6.276761034736131,ogc-api-nrw
116816,"Eschweiler, KG Bohl",Grundschule,"Bohler Str., Bohler Str. 92",52249,Eschweiler,50.79865095268326,6.282054676329671,ogc-api-nrw
116828,"Eschweiler, KG (Verb.) Barbaraschule",Grundschule,"Stich, Stich 60",52249,Eschweiler,50.807481162317345,6.248196074152315,ogc-api-nrw
116830,"Eschweiler, EG Stadtmitte",Grundschule,"Jahnstr., Jahnstr. 21",52249,Eschweiler,50.819591830623196,6.2578920537944756,ogc-api-nrw
116841,"Eschweiler, GG Weisweiler",Grundschule,"Auf dem Driesch, Auf dem Driesch 28",52249,Eschweiler,50.821806711095874,6.314406366496825,ogc-api-nrw
116865,"Eschweiler, KG Röhe",Grundschule,"Erfstr., Erfstr. 38",52249,Eschweiler,50.8227490631894,6.236179092454128,ogc-api-nrw
116877,"Eschweiler, KG Don-Bosco-Schule",Grundschule,"Grüner Weg, Grüner Weg 3",52249,Eschweiler,50.821683613887146,6.264997302369374,ogc-api-nrw
116889,"Eschweiler, KG Eduard-Mörike-Schule",Grundschule,"Eduard-Mörike-Str., Eduard-Mörike-Str. 13",52249,Eschweiler,50.82036323395683,6.283931655436049,ogc-api-nrw
116907,"Herzogenrath, KG Straß",Grundschule,"Josefstr., Josefstr. 10",52134,Herzogenrath,50.855121531537165,6.076812004296258,ogc-api-nrw
116919,"Herzogenrath, KG (Verb.) Regenbogen",Grundschule,"Leonhardstr., Leonhardstr. 21",52134,Herzogenrath,50.87254339027784,6.097997953687016,ogc-api-nrw
116920,"Herzogenrath, GG Klinkheide",Grundschule,"Schulstr., Schulstr. 1",52134,Herzogenrath,50.84207297528138,6.086649373051131,ogc-api-nrw
116956,"Herzogenrath, GG Pannesheide",Grundschule,"Pannesheider Str., Pannesheider Str. 51",52134,Herzogenrath,50.84675240184004,6.06878216270402,ogc-api-nrw
116968,"Herzogenrath, GG Kämpchen",Grundschule,"In der Leer, In der Leer 19",52134,Herzogenrath,50.82324649959554,6.09134395785928,ogc-api-nrw
116970,"Herzogenrath, GG Alt-Merkstein",Grundschule,"Hauptstr., Hauptstr. 108",52134,Herzogenrath,50.88537898333507,6.102688810437857,ogc-api-nrw
116993,"Monschau, KG (Verb.) Höfen-Mützenich",Grundschule,"Eupener Str., Eupener Str. 70",52156,Monschau,50.56681445375046,6.218480415806482,ogc-api-nrw
117020,"Monschau, GG Konzen",Grundschule,"Konrad-Adenauer-Str., Konrad-Adenauer-Str. 2",52156,Monschau,50.58662153479444,6.254076976082498,ogc-api-nrw
117031,"Roetgen, GG Hauptstr.",Grundschule,"Hauptstr., Hauptstr. 61",52159,Roetgen,50.6483827912928,6.195610728407775,ogc-api-nrw
117043,"Simmerath, GG Lammersdorf",Grundschule,"Im Pohl, Im Pohl 7",52152,Simmerath,50.63238780977822,6.277022481286055,ogc-api-nrw
117055,"Simmerath, GG Steckenborn",Grundschule,"Felderstr., Felderstr. 3",52152,Simmerath,50.62559482556826,6.354199282368806,ogc-api-nrw
117067,"Simmerath, KG Bickerather Str.",Grundschule,"Bickerather Str., Bickerather Str. 5",52152,Simmerath,50.60791198809857,6.29785863308419,ogc-api-nrw
117092,"Stolberg, GG Donnerberg",Grundschule,"Höhenstr., Höhenstr. 25",52222,Stolberg (Rhld.),50.78034366607203,6.238312514421666,ogc-api-nrw
117109,"Stolberg, GG Breinig",Grundschule,"Stefanstr., Stefanstr. 32",52223,Stolberg (Rhld.),50.73241159972087,6.2157216123382675,ogc-api-nrw
117110,"Stolberg, KG Würselener Str.",Grundschule,"Würselener Str., Würselener Str. 57",52222,Stolberg (Rhld.),50.78736060834803,6.20814285114787,ogc-api-nrw
117122,"Stolberg, GG Prämienstraße",Grundschule,"Prämienstr., Prämienstr. 199",52223,Stolberg (Rhld.),50.769864381566784,6.212234866878708,ogc-api-nrw
117146,"Stolberg, GG Hermannstraße",Grundschule,"Hermannstr., Hermannstr. 5",52222,Stolberg (Rhld.),50.77937737301056,6.222252653729722,ogc-api-nrw
117158,"Stolberg, GG Grüntal",Grundschule,"Grüntalstr., Grüntalstr. 9",52222,Stolberg (Rhld.),50.77036163996446,6.230829706198278,ogc-api-nrw
117160,"Stolberg, KG Bischofstraße",Grundschule,"Bischofstr., Bischofstr. 29-31",52223,Stolberg (Rhld.),50.756083147734344,6.219350321339403,ogc-api-nrw
117171,"Stolberg, GG Rote Erde",Grundschule,"Rote Erde, Rote Erde 6",52224,Stolberg (Rhld.),50.77089080443439,6.299381391693831,ogc-api-nrw
117183,"Stolberg, GG Mausbach",Grundschule,"Im Hahn, Im Hahn 1",52224,Stolberg (Rhld.),50.756669405946475,6.278093382933801,ogc-api-nrw
117195,"Stolberg, GG Zweifall",Grundschule,"Kornbendstr., Kornbendstr. 34",52224,Stolberg (Rhld.),50.71650186926502,6.259835849784924,ogc-api-nrw
117213,"Würselen, GG (Verb.) Weiden-Linden",Grundschule,"Schulstr., Schulstr. 10-12",52146,Würselen,50.821318838863334,6.159454987093495,ogc-api-nrw
117237,"Würselen, GG Bardenberg",Grundschule,"An Wilhelmstein, An Wilhelmstein 7",52146,Würselen,50.842408614899334,6.106631647849709,ogc-api-nrw
117249,"Würselen, KG Sebastianusschule",Grundschule,"Lehnstr., Lehnstr. 3",52146,Würselen,50.82050670925053,6.1285056240395805,ogc-api-nrw
117250,"Würselen, GG (Verb.) Wurmtalschule",Grundschule,"Birkenstr., Birkenstr. 51",52146,Würselen,50.82792641632634,6.117156900690132,ogc-api-nrw
117262,"Aldenhoven, GG Johannesschule",Grundschule,"Mühlenstr., Mühlenstr. 17",52457,Aldenhoven,50.898286379183396,6.228918846868403,ogc-api-nrw
117286,"Aldenhoven, GG Schwanenstr.",Grundschule,"Schwanenstr., Schwanenstr. 8",52457,Aldenhoven,50.89586392949967,6.284645047688155,ogc-api-nrw
117298,"Düren, GG Burg Birgel",Grundschule,"Bergstr., Bergstr. 6",52355,Düren,50.772855325765605,6.445175428686945,ogc-api-nrw
117316,"Düren, KG St. Joachim",Grundschule,"Laute-Dei-Str., Laute-Dei-Str. 61",52353,Düren,50.818488559123274,6.473410687306859,ogc-api-nrw
117328,"Düren, KG Bonifatiusschule",Grundschule,"Euskirchener Str., Euskirchener Str. 158",52351,Düren,50.79377520088104,6.501125406745979,ogc-api-nrw
117330,"Düren, KG Süd",Grundschule,"Viktoriastr., Viktoriastr. 1",52351,Düren,50.79791631156365,6.489153165418998,ogc-api-nrw
117341,"Düren, KG Im Pesch",Grundschule,"Victor-Gollancz-Str., Victor-Gollancz-Str. 1",52349,Düren,50.80133658029598,6.480922093513872,ogc-api-nrw
117353,"Düren, GG Nikolaus-Schule",Grundschule,"In der Mühlenau, In der Mühlenau 7",52355,Düren,50.79263153225819,6.473102890944128,ogc-api-nrw
117365,"Düren, KG (Verb.) Am Grüngürtel",Grundschule,"Goebenstr., Goebenstr. 48a",52351,Düren,50.81190289512432,6.495430254283841,ogc-api-nrw
117377,"Düren, GG Mutter Teresa",Grundschule,"Burgauer Allee, Burgauer Allee 70",52349,Düren,50.78824426709391,6.493616278572571,ogc-api-nrw
117389,"Düren, GG Birkesdorf",Grundschule,"Weidenpesch, Weidenpesch 6-8",52353,Düren,50.824423496324776,6.460920383101425,ogc-api-nrw
117390,"Düren, KG (Verb.) LeNie",Grundschule,"Kirchfeld, Kirchfeld 23",52355,Düren,50.76613007453238,6.474191201145993,ogc-api-nrw
117420,"Düren, GG Paul-Gerhardt-Schule",Grundschule,"Nörvenicher Str., Nörvenicher Str. 13",52351,Düren,50.803489033063265,6.49985470687039,ogc-api-nrw
117432,"Düren, GG Martin-Luther-Schule",Grundschule,"Martin-Luther-Platz, Martin-Luther-Platz 1",52351,Düren,50.802272233903466,6.48843699534175,ogc-api-nrw
117444,"Düren, GG (Verb.) Derichsweiler",Grundschule,"Kreuzherrenstr., Kreuzherrenstr. 2-4",52355,Düren,50.79857366366238,6.433014455400475,ogc-api-nrw
117456,"Düren, GG (Verb.) Merken",Grundschule,"Paulstr., Paulstr. 64",52353,Düren,50.84396216909025,6.424527905308977,ogc-api-nrw
117470,"Inden, GG (Verb.) Inden",Grundschule,"Kirchstr., Kirchstr. 1",52459,Inden,50.8408325788427,6.357806025336928,ogc-api-nrw
117511,"Jülich, GG Promenadenschule",Grundschule,"Karl-Theodor-Str., Karl-Theodor-Str. 1",52428,Jülich,50.91892296845796,6.3629310015963245,ogc-api-nrw
117523,"Jülich, KG Linnicher Straße",Grundschule,"Linnicher Str., Linnicher Str. 69",52428,Jülich,50.93227116939682,6.350632283109469,ogc-api-nrw
117560,"Jülich, GG (Verb.) Berliner Straße",Grundschule,"Berliner Str., Berliner Str. 8",52428,Jülich,50.928534322658,6.357989398838103,ogc-api-nrw
117572,"Jülich, GG Lobsgasse",Grundschule,"Lobsgasse, Lobsgasse 22",52428,Jülich,50.92677699252751,6.320758616399594,ogc-api-nrw
117602,"Kreuzau, GG Stockheim",Grundschule,"Im Kleinenfeld, Im Kleinenfeld 14",52372,Kreuzau,50.757543539641496,6.525503582217254,ogc-api-nrw
117638,"Kreuzau, KG (Verb.) An der Rur",Grundschule,"Lehrer-Mainz-Str., Lehrer-Mainz-Str. 6",52372,Kreuzau,50.74082546335685,6.480713280372322,ogc-api-nrw
117640,"Kreuzau, GG (Verb.) Kreuzau und Drove",Grundschule,"Hauptstr., Hauptstr. 22",52372,Kreuzau,50.7484562254757,6.487533977799087,ogc-api-nrw
117651,"Langerwehe, KG Wehebachschule",Grundschule,"Josef-Schwarz-Str., Josef-Schwarz-Str. 15-19",52379,Langerwehe,50.81747178528374,6.364094846767309,ogc-api-nrw
117687,"Linnich, GG (Verb.) Merzbachschule",Grundschule,"Bendenweg, Bendenweg 23",52441,Linnich,50.98514393311288,6.268406620770419,ogc-api-nrw
117717,"Merzenich, KG Am Weinberg",Grundschule,"Schulstr., Schulstr. 18",52399,Merzenich,50.82732259148306,6.5280345120080385,ogc-api-nrw
117729,"Merzenich, KG Johann-Kaspar-Kratz",Grundschule,"Johann-Kaspar-Kratz-Str., Johann-Kaspar-Kratz-Str. 9",52399,Merzenich,50.838244642603456,6.582229635909134,ogc-api-nrw
117730,"Niederzier, KG Unter dem Regenbogen",Grundschule,"Morschenicher Str., Morschenicher Str. 33 a",52382,Niederzier,50.85935480262147,6.498643098466173,ogc-api-nrw
117742,"Niederzier, KG Huchem-Stammeln",Grundschule,"Hochheimstr., Hochheimstr. 34",52382,Niederzier,50.85505244304579,6.458560321353602,ogc-api-nrw
117754,"Niederzier, GG (Verb.) Weihbergstraße",Grundschule,"Weihbergstr., Weihbergstr. 23",52382,Niederzier,50.8873588911771,6.467992621306053,ogc-api-nrw
117778,"Nideggen, GG (Verb.) Burgblick Nideggen",Grundschule,"Konrad-Adenauer-Str., Konrad-Adenauer-Str. 1",52385,Nideggen,50.696737011450644,6.480868120797511,ogc-api-nrw
117810,"Nörvenich, GG Bahnhofstr.",Grundschule,"Bahnhofstr., Bahnhofstr. 18",52388,Nörvenich,50.8095749715909,6.643516947119529,ogc-api-nrw
117821,"Nörvenich, GG Albertus Magnus Eschw.",Grundschule,"Josefstr., Josefstr. 2",52388,Nörvenich,50.811130762922375,6.581997842594216,ogc-api-nrw
117894,"Erkelenz, GG Astrid-Lindgren-Schule",Grundschule,"Zehnthofweg, Zehnthofweg 17",41812,Erkelenz,51.082469744755954,6.3128112498693065,ogc-api-nrw
117900,"Erkelenz, GG (Verb.) Luise-Hensel-Schule",Grundschule,"Salierring, Salierring 255",41812,Erkelenz,51.087375856179904,6.327893457304645,ogc-api-nrw
117912,"Erkelenz, KG (Verb.) Franziskus-Schule",Grundschule,"Zehnthofweg, Zehnthofweg 17",41812,Erkelenz,51.082469744755954,6.3128112498693065,ogc-api-nrw
117936,"Erkelenz, GG Nysterbach-Schule",Grundschule,"Dingbuchenweg, Dingbuchenweg 9",41812,Erkelenz,51.03062016529668,6.321190294284415,ogc-api-nrw
117961,"Erkelenz, GG (Verb.) Peter Härtling",Grundschule,"St.-James-Str., St.-James-Str. 1",41812,Erkelenz,51.09493180056316,6.217715577979625,ogc-api-nrw
117985,"Erkelenz, GG Kückhoven",Grundschule,"Bellinghovener Weg, Bellinghovener Weg 15",41812,Erkelenz,51.06311981412233,6.340196280477237,ogc-api-nrw
117997,"Gangelt, KG Paulssträßchen",Grundschule,"Paulssträßchen, Paulssträßchen 1",52538,Gangelt,51.004878111037065,6.052076319327041,ogc-api-nrw
118000,"Gangelt, KG Nikolaus",Grundschule,"Heidweg, Heidweg 2",52538,Gangelt,51.02333442941627,5.990674995157781,ogc-api-nrw
118023,"Geilenkirchen, GG Gillrath",Grundschule,"Bergstr., Bergstr. 32",52511,Geilenkirchen,50.977713880519616,6.0753414580561405,ogc-api-nrw
118035,"Geilenkirchen, KG Würm",Grundschule,"Klosterstr., Klosterstr. 13",52511,Geilenkirchen,50.99386770604615,6.178728764845586,ogc-api-nrw
118047,"Geilenkirchen, KG Immendorf",Grundschule,"Ringstr., Ringstr. 9",52511,Geilenkirchen,50.9505904253266,6.168934655908292,ogc-api-nrw
118059,"Geilenkirchen, KG Brucknerstr.",Grundschule,"Brucknerstr., Brucknerstr. 15",52511,Geilenkirchen,50.96407494786741,6.115355296952872,ogc-api-nrw
118060,"Geilenkirchen, GG Sittarder Str.",Grundschule,"Sittarder Str., Sittarder Str. 12",52511,Geilenkirchen,50.96639675505049,6.112490656756853,ogc-api-nrw
118072,"Geilenkirchen, KG Teveren",Grundschule,"Müncherather Str., Müncherather Str. 2-4",52511,Geilenkirchen,50.95498451794981,6.082565748193731,ogc-api-nrw
118102,"Heinsberg, KG Pestalozzischule",Grundschule,"Albert-Schweitzer-Str., Albert-Schweitzer-Str. 54",52525,Heinsberg,51.05447489918547,6.141763350500167,ogc-api-nrw
118114,"Heinsberg, KG (Verb.) Grebben/Schafhause",Grundschule,"Karl-Arnold-Str., Karl-Arnold-Str. 57",52525,Heinsberg,51.05705951933406,6.126860673848748,ogc-api-nrw
118126,"Heinsberg, KG Dremmen",Grundschule,"Marienstr., Marienstr. 9",52525,Heinsberg,51.04320908046392,6.14452610421236,ogc-api-nrw
118138,"Heinsberg, GG im Wurmtal",Grundschule,"Hermannsstr., Hermannsstr. 21a",52525,Heinsberg,51.01786739637056,6.17396305611794,ogc-api-nrw
118140,"Heinsberg, GG (Verb.) Sonnenscheinschule",Grundschule,"Westpromenade, Westpromenade 64",52525,Heinsberg,51.06329031153844,6.0900606294022674,ogc-api-nrw
118163,"Heinsberg, KG Regenbogenschule",Grundschule,"Holzgraben, Holzgraben 19",52525,Heinsberg,51.10238380715842,6.075732744825502,ogc-api-nrw
118187,"Heinsberg, KG Straeten",Grundschule,"Waldhufenstr., Waldhufenstr. 100",52525,Heinsberg,51.0132945240602,6.091410837286362,ogc-api-nrw
118199,"Heinsberg, KG Brunnenschule",Grundschule,"Waldfeuchter Str., Waldfeuchter Str. 209",52525,Heinsberg,51.074750917728004,6.071393790690019,ogc-api-nrw
118205,"Hückelhoven, GG Dinstühlerstr.",Grundschule,"Dinstühlerstr., Dinstühlerstr. 67",41836,Hückelhoven,51.05117908664257,6.226290735933842,ogc-api-nrw
118217,"Hückelhoven, GG Hilfarth",Grundschule,"Callstr., Callstr. 2a",41836,Hückelhoven,51.03517366971709,6.215164227022837,ogc-api-nrw
118229,"Hückelhoven, GG Michael-Ende",Grundschule,"Wallstr., Wallstr. 60",41836,Hückelhoven,51.06851966498062,6.183397022191577,ogc-api-nrw
118230,"Hückelhoven, GG Friedrich-Honigmann",Grundschule,"Paßmannstr., Paßmannstr. 11",41836,Hückelhoven,51.06426785548636,6.211247846966869,ogc-api-nrw
118242,"Hückelhoven, KG Kleingladbach",Grundschule,"Amselweg, Amselweg 1",41836,Hückelhoven,51.07637688641818,6.2256971510799834,ogc-api-nrw
118254,"Hückelhoven, GG VII Im Weidengrund",Grundschule,"Im Weidengrund, Im Weidengrund 1",41836,Hückelhoven,51.0725448183168,6.189934104055507,ogc-api-nrw
118266,"Hückelhoven, KG Brachelen",Grundschule,"Ritzerfeldstr., Ritzerfeldstr. 27",41836,Hückelhoven,51.00619484664656,6.233410160490767,ogc-api-nrw
118278,"Hückelhoven, GG Johann-Holzapfel",Grundschule,"Junkerstr., Junkerstr. 1a",41836,Hückelhoven,51.05215783778509,6.244841171228878,ogc-api-nrw
118280,"Hückelhoven, GG Mühlenbachschule",Grundschule,"Lövenicher Str., Lövenicher Str. 40",41836,Hückelhoven,51.03541523949578,6.284237436225044,ogc-api-nrw
118291,"Niederkrüchten, GG Elmpt",Grundschule,"Schulstr., Schulstr. 21",41372,Niederkrüchten,51.21144479769909,6.159643516131932,ogc-api-nrw
118333,"Niederkrüchten, KG Schule am Lütterbach",Grundschule,"Oberkrüchtener Weg, Oberkrüchtener Weg 40",41372,Niederkrüchten,51.196995109623266,6.214416624026369,ogc-api-nrw
118345,"Selfkant, GG Astrid-Lindgren",Grundschule,"Dechant-Kamper-Str., Dechant-Kamper-Str. 9",52538,Selfkant,50.993129087248114,5.944283725786483,ogc-api-nrw
118357,"Selfkant, KG Westzipfelschule",Grundschule,"Schulstr., Schulstr. 2",52538,Selfkant,51.05107518297298,5.9029496347502945,ogc-api-nrw
118382,"Übach-Palenberg, GG Lindenschule",Grundschule,"Martin-Luther-Str., Martin-Luther-Str. 10",52531,Übach-Palenberg,50.9070555030398,6.141645901441115,ogc-api-nrw
118400,"Übach-Palenberg, KG Scherpenseel",Grundschule,"Heerlener Str., Heerlener Str. 213",52531,Übach-Palenberg,50.93121567668359,6.071272129128296,ogc-api-nrw
118412,"Übach-Palenberg, KG Freiheitstr.",Grundschule,"Freiheitstr., Freiheitstr. 5-7",52531,Übach-Palenberg,50.9183299099608,6.123864600519451,ogc-api-nrw
118424,"Übach-Palenberg, GG Frelenberg",Grundschule,"Annabergstr., Annabergstr. 6",52531,Übach-Palenberg,50.94263220635835,6.107044813089101,ogc-api-nrw
118436,"Übach-Palenberg, GG Auf der Houff",Grundschule,"Auf der Houff, Auf der Houff 17a",52531,Übach-Palenberg,50.92629771571697,6.1034333726888335,ogc-api-nrw
118448,"Waldfeucht, KG Haaren",Grundschule,"Haarener Str., Haarener Str. 183",52525,Waldfeucht,51.088766989045396,6.024846987142073,ogc-api-nrw
118461,"Wassenberg, GG Am Burgberg",Grundschule,"Kirchstr., Kirchstr. 27",41849,Wassenberg,51.101143277551266,6.161098926741713,ogc-api-nrw
118473,"Wassenberg, KG Martinus-Schule-Orsbeck",Grundschule,"Luchtenberger Str., Luchtenberger Str. 1-3",41849,Wassenberg,51.086951650874944,6.149729134280882,ogc-api-nrw
118485,"Wassenberg, KG Birgelen",Grundschule,"Elsumer Weg, Elsumer Weg 6",41849,Wassenberg,51.11279189223775,6.147824139076724,ogc-api-nrw
118497,"Wassenberg, KG Myhl",Grundschule,"Schulstr., Schulstr. 1",41849,Wassenberg,51.09792023368858,6.189623477817685,ogc-api-nrw
118527,"Wegberg, KG (Verb.) Arsbeck",Grundschule,"Heuchterstr., Heuchterstr. 1",41844,Wegberg,51.14175493374602,6.209309018185829,ogc-api-nrw
118552,"Wegberg, GG (Verb.) Erich-Kästner",Grundschule,"Echter Str., Echter Str. 23",41844,Wegberg,51.13776445012745,6.279247968627757,ogc-api-nrw
118564,"Wegberg, GG Beeck",Grundschule,"Holtumer Str., Holtumer Str. 20",41844,Wegberg,51.13113118107933,6.305068660652316,ogc-api-nrw
118576,"Wegberg, GG Kastanienschule",Grundschule,"Rochusstr., Rochusstr. 24",41844,Wegberg,51.11169217940054,6.333206114406808,ogc-api-nrw
118590,"Bocholt, KG Clemens-Dülmer-Schule",Grundschule,"Stresemannstr., Stresemannstr. 1",46397,Bocholt,51.84537767764658,6.627136300512807,ogc-api-nrw
118606,"Bocholt, GG (Verb.) Ludgerus",Grundschule,"Kurfürstenstr., Kurfürstenstr. 90",46399,Bocholt,51.84103403427303,6.604077696775218,ogc-api-nrw
118620,"Bocholt, KG Josef",Grundschule,"Hohenzollernstr., Hohenzollernstr. 27",46395,Bocholt,51.83455858838673,6.609357023406692,ogc-api-nrw
118655,"Bocholt, KG Clemens-August",Grundschule,"Breslauer Str., Breslauer Str. 28",46397,Bocholt,51.83936775088965,6.643102340324433,ogc-api-nrw
118680,"Bocholt, GG (Verb.) Maria Montessori",Grundschule,"Europaplatz, Europaplatz 32",46399,Bocholt,51.840173376061486,6.613937490805999,ogc-api-nrw
118710,"Bottrop, GG Rheinbaben",Grundschule,"Aegidistr., Aegidistr. 185",46240,Bottrop,51.545318129166034,6.942270765823723,ogc-api-nrw
118734,"Bottrop, GG Astrid-Lindgren-Schule",Grundschule,"Maybachweg, Maybachweg 5",46240,Bottrop,51.54130429205358,6.952893184539809,ogc-api-nrw
118758,"Bottrop, GG Fichte",Grundschule,"Windmühlenweg, Windmühlenweg 3 a",46236,Bottrop,51.5214736229094,6.912021196180335,ogc-api-nrw
118760,"Bottrop, GG Paulschule",Grundschule,"Buchenstr., Buchenstr. 41",46240,Bottrop,51.54294915659061,6.933868536134031,ogc-api-nrw
118783,"Bottrop, EG Albert-Schweitzer-Schule",Grundschule,"Prosperstr., Prosperstr. 95",46236,Bottrop,51.52052601970428,6.93672892209417,ogc-api-nrw
118795,"Bottrop, KG Richard-Wagner",Grundschule,"Kirchhellener Str., Kirchhellener Str. 250",46240,Bottrop,51.542466359176004,6.916742512598763,ogc-api-nrw
118813,"Bottrop, GG Fürstenbergschule",Grundschule,"Kraneburgstr., Kraneburgstr. 28 a",46240,Bottrop,51.53868776761961,6.973632427309806,ogc-api-nrw
118825,"Bottrop, GG (Verb.) Welheim",Grundschule,"Welheimer Str., Welheimer Str. 64",46238,Bottrop,51.5260985999228,6.977334388288302,ogc-api-nrw
118837,"Bottrop, KG Droste-Hülshoff",Grundschule,"Karl-Englert-Str., Karl-Englert-Str. 18",46236,Bottrop,51.517699421867775,6.931465757287146,ogc-api-nrw
118849,"Bottrop, GG (Verb.) Schillerschule",Grundschule,"Im Springfeld, Im Springfeld 9",46236,Bottrop,51.51292921109255,6.9317539661806356,ogc-api-nrw
118850,"Bottrop, KG Nikolaus-Groß",Grundschule,"Förenkamp, Förenkamp 15",46238,Bottrop,51.531198772617174,6.943787178542472,ogc-api-nrw
118862,"Bottrop, KG Konrad",Grundschule,"Fernewaldstr., Fernewaldstr. 280",46242,Bottrop,51.53816077249462,6.894197577924632,ogc-api-nrw
118898,"Bottrop, KG Cyriakus",Grundschule,"Böckenhoffstr., Böckenhoffstr. 39 I",46236,Bottrop,51.52335597661896,6.921291116389702,ogc-api-nrw
118928,"Gelsenkirchen, GG (Verb) Marschallstr.",Grundschule,"Marschallstr., Marschallstr. 13",45889,Gelsenkirchen,51.52892950850626,7.105381396444342,ogc-api-nrw
118930,"Gelsenkirchen, GG Gutenbergschule",Grundschule,"Lange Str., Lange Str. 21",45892,Gelsenkirchen,51.58237096221643,7.110246287681312,ogc-api-nrw
118941,"Gelsenkirchen, GG Beckeradschule",Grundschule,"Beckeradstr., Beckeradstr. 66",45897,Gelsenkirchen,51.57236708290446,7.049559240875128,ogc-api-nrw
118953,"Gelsenkirchen, GG Albert-Schweitzer-Str.",Grundschule,"Albert-Schweitzer-Str., Albert-Schweitzer-Str. 38",45899,Gelsenkirchen,51.54935236935814,7.033811989478816,ogc-api-nrw
118965,"Gelsenkirchen, EG Martin-Luther-Schule",Grundschule,"Fürstinnenstr., Fürstinnenstr. 53",45883,Gelsenkirchen,51.511343791142004,7.071436042047518,ogc-api-nrw
118990,"Gelsenkirchen, KG Im Emscherbruch",Grundschule,"Im Emscherbruch, Im Emscherbruch 70",45892,Gelsenkirchen,51.561895274592,7.109176497681796,ogc-api-nrw
119027,"Gelsenkirchen, GG Haverkamp",Grundschule,"Erdbrüggenstr., Erdbrüggenstr. 50",45889,Gelsenkirchen,51.528363909648796,7.122215436464998,ogc-api-nrw
119039,"Gelsenkirchen, GG Turmschule",Grundschule,"Schonnebecker Str., Schonnebecker Str. 32",45884,Gelsenkirchen,51.49100100627812,7.079598417022558,ogc-api-nrw
119064,"Gelsenkirchen, GG Lindenschule",Grundschule,"Urbanusstr., Urbanusstr. 25",45894,Gelsenkirchen,51.57747901684813,7.04871973673256,ogc-api-nrw
119076,"Gelsenkirchen, GG Martinschule",Grundschule,"Wanner Str., Wanner Str. 125",45888,Gelsenkirchen,51.51477023310026,7.116259947245059,ogc-api-nrw
119088,"Gelsenkirchen, KG Barbaraschule",Grundschule,"Middelicher Str., Middelicher Str. 221",45892,Gelsenkirchen,51.57808204616284,7.104708748593058,ogc-api-nrw
119090,"Gelsenkirchen, GG Velsenschule",Grundschule,"Polsumer Str., Polsumer Str. 67",45894,Gelsenkirchen,51.59120316391253,7.050412672129317,ogc-api-nrw
119106,"Gelsenkirchen, KG an der Sandstr.",Grundschule,"Sandstr., Sandstr. 12",45899,Gelsenkirchen,51.52600541400207,7.023025230008621,ogc-api-nrw
119118,"Gelsenkirchen, GG Leythe-Schule",Grundschule,"Oststr., Oststr. 17",45891,Gelsenkirchen,51.560120188884405,7.0956162864985375,ogc-api-nrw
119120,"Gelsenkirchen, GG Pfefferackerschule",Grundschule,"Pfefferackerstr., Pfefferackerstr. 21",45894,Gelsenkirchen,51.58233112676258,7.054978501131924,ogc-api-nrw
119131,"Gelsenkirchen, GG Mechtenbergschule",Grundschule,"Danziger Str., Danziger Str. 22",45884,Gelsenkirchen,51.49087414605963,7.090551930600914,ogc-api-nrw
119143,"Gelsenkirchen, GG Bülseschule",Grundschule,"Bülsestr., Bülsestr. 65",45896,Gelsenkirchen,51.58495375568937,7.023036540808164,ogc-api-nrw
119155,"Gelsenkirchen, GG Fersenbruch",Grundschule,"Fersenbruch, Fersenbruch 35",45883,Gelsenkirchen,51.521184398802575,7.056331265555406,ogc-api-nrw
119167,"Gelsenkirchen, GG Schule an der Erzbahn",Grundschule,"Vandalenstr., Vandalenstr. 43",45888,Gelsenkirchen,51.5190061491402,7.129764326708184,ogc-api-nrw
119180,"Gelsenkirchen,GG Schalker Regenbogensch.",Grundschule,"Leipziger Str., Leipziger Str. 1",45881,Gelsenkirchen,51.52169668034462,7.096888376812059,ogc-api-nrw
119192,"Gelsenkirchen, GG Hohenfriedberger Str.",Grundschule,"Hohenfriedberger Str., Hohenfriedberger Str. 2",45886,Gelsenkirchen,51.50376784565362,7.117679218032848,ogc-api-nrw
119222,"Gelsenkirchen, GG (Verb.) am Lanferbach",Grundschule,"Gecksheide, Gecksheide 153a",45897,Gelsenkirchen,51.56305618536619,7.024102043244337,ogc-api-nrw
119234,"Gelsenkirchen, GG am Haidekamp",Grundschule,"Haidekamp, Haidekamp 69",45886,Gelsenkirchen,51.50103398826782,7.132863313186998,ogc-api-nrw
119246,"Gelsenkirchen, GG Friedrich-Grillo",Grundschule,"Grillostr., Grillostr. 63",45881,Gelsenkirchen,51.519660444924426,7.087805605894274,ogc-api-nrw
119260,"Gelsenkirchen, GG Heistr.",Grundschule,"Heistr., Heistr. 24",45891,Gelsenkirchen,51.55919794376924,7.0859165363817915,ogc-api-nrw
119271,"Gelsenkirchen, GG Im Brömm",Grundschule,"Im Brömm, Im Brömm 6",45896,Gelsenkirchen,51.59188375083379,7.019631536298315,ogc-api-nrw
119295,"Gelsenkirchen, GG Wiehagen",Grundschule,"Josefstr., Josefstr. 28",45879,Gelsenkirchen,51.50202023380612,7.101872553044729,ogc-api-nrw
119301,"Gelsenkirchen, GG Kurt-Schumacher-Str.",Grundschule,"Kurt-Schumacher-Str., Kurt-Schumacher-Str. 148",45881,Gelsenkirchen,51.53062252043511,7.08173760380131,ogc-api-nrw
119313,"Gelsenkirchen, GG am Schloss Horst",Grundschule,"Turfstr., Turfstr. 19",45899,Gelsenkirchen,51.537107322434416,7.0275767636088,ogc-api-nrw
119325,"Gelsenkirchen, GG Mährfeldschule",Grundschule,"Röttgersweg, Röttgersweg 20",45896,Gelsenkirchen,51.60577354261317,7.050539445869005,ogc-api-nrw
119337,"Gelsenkirchen, KG Liebfrauen",Grundschule,"Schwalbenstr., Schwalbenstr. 26",45899,Gelsenkirchen,51.55463979075149,7.0397004631925295,ogc-api-nrw
119374,"Gelsenkirchen, GG Glückauf-Ückendorf",Grundschule,"Parkstr., Parkstr. 3",45886,Gelsenkirchen,51.493942854731536,7.117378119677456,ogc-api-nrw
119398,"Gelsenkirchen, GG Astrid-Lindgren",Grundschule,"Heinrichstr., Heinrichstr. 2",45891,Gelsenkirchen,51.57019800323883,7.082178711041491,ogc-api-nrw
119404,"Gelsenkirchen, KG Don-Bosco-Schule",Grundschule,"Fürstinnenstr., Fürstinnenstr. 53",45883,Gelsenkirchen,51.511343791142004,7.071436042047518,ogc-api-nrw
119430,"Gelsenkirchen, GG Josef-Rings-Schule",Grundschule,"Spindelstr., Spindelstr. 8",45896,Gelsenkirchen,51.5941477793852,7.057159165258088,ogc-api-nrw
119477,"Gladbeck, GG Regenbogenschule",Grundschule,"Krusenkamp, Krusenkamp 9",45964,Gladbeck,51.58013101806253,7.002706492565771,ogc-api-nrw
119519,"Gladbeck, KG Josefschule",Grundschule,"Hegestr., Hegestr. 120",45966,Gladbeck,51.57412622572593,6.954824513488,ogc-api-nrw
119532,"Gladbeck, GG Pestalozzischule",Grundschule,"Brahmsstr., Brahmsstr. 22",45966,Gladbeck,51.593269730546254,6.980126452463593,ogc-api-nrw
119570,"Gladbeck, KG Lambertischule",Grundschule,"Kirchstr., Kirchstr. 2",45964,Gladbeck,51.57257800464529,6.995908487519528,ogc-api-nrw
119611,"Gladbeck, GG (Verb.) Wilhelmschule",Grundschule,"Kampstr., Kampstr. 29",45966,Gladbeck,51.572936556439544,6.9593228877024895,ogc-api-nrw
119635,"Münster, GG Peter-Wust-Schule",Grundschule,"Dingbängerweg, Dingbängerweg 80",48163,Münster,51.93256032002069,7.579968129868507,ogc-api-nrw
119647,"Münster, KG Kreuzschule",Grundschule,"Kampstr., Kampstr. 15",48147,Münster,51.9696679199543,7.623793281830458,ogc-api-nrw
119659,"Münster, KG Martinischule",Grundschule,"Stiftsherrenstr., Stiftsherrenstr. 40",48143,Münster,51.965438965948024,7.631259216378093,ogc-api-nrw
119660,"Münster, GG Overberg",Grundschule,"Margaretenstr., Margaretenstr. 6",48145,Münster,51.95654241040122,7.64491934304278,ogc-api-nrw
119684,"Münster, KG Mauritzschule",Grundschule,"Stiftsstr., Stiftsstr. 19",48145,Münster,51.963573497413776,7.64958344989839,ogc-api-nrw
119696,"Münster, KG Theresienschule",Grundschule,"Sentruper Höhe, Sentruper Höhe 5",48149,Münster,51.95542769488892,7.595079514231606,ogc-api-nrw
119702,"Münster, KG Thomas-Morus-Schule",Grundschule,"Thomas-Morus-Weg, Thomas-Morus-Weg 5-9",48147,Münster,51.97474974643022,7.6440788663321575,ogc-api-nrw
119714,"Münster, KG Idaschule",Grundschule,"Vörnste Esch, Vörnste Esch 19",48167,Münster,51.932061435605135,7.672827919978552,ogc-api-nrw
119740,"Münster, KG Gottfried-von-Cappenberg",Grundschule,"Glatzer Weg, Glatzer Weg 9",48151,Münster,51.93313665208949,7.612460042193541,ogc-api-nrw
119763,"Münster, KG Dreifaltigkeits",Grundschule,"Friesenring, Friesenring 25",48147,Münster,51.9750899596425,7.616129015378274,ogc-api-nrw
119775,"Münster, EG Martin-Luther",Grundschule,"Coerdestr., Coerdestr. 8",48147,Münster,51.969326767801654,7.62769060897119,ogc-api-nrw
119787,"Münster,GG Matthias-Claudius Gut Insel",Grundschule,"Gut Insel, Gut Insel 36",48151,Münster,51.93845377804543,7.612717868770228,ogc-api-nrw
119799,"Münster, EG Bodelschwinghschule",Grundschule,"Gutenbergstr., Gutenbergstr. 14",48145,Münster,51.95962886716169,7.645903296568167,ogc-api-nrw
119805,"Münster, GG Margareten",Grundschule,"Laerer Landweg, Laerer Landweg 153",48155,Münster,51.953992626379474,7.67049232351141,ogc-api-nrw
119817,"Münster, EG Paul-Schneider-Schule",Grundschule,"Pastorsesch, Pastorsesch 34",48159,Münster,51.998666885362326,7.6123866193959016,ogc-api-nrw
119829,"Münster, GG Pötterhoek",Grundschule,"Pötterhoek, Pötterhoek 49",48145,Münster,51.97247118572963,7.653945572198874,ogc-api-nrw
119842,"Münster, EG Melanchthonschule",Grundschule,"Königsberger Str., Königsberger Str. 91",48157,Münster,51.99337949148577,7.645569822909874,ogc-api-nrw
119866,"Münster, KG Hermannschule",Grundschule,"Dahlweg, Dahlweg 66",48153,Münster,51.944979785974816,7.626353279795989,ogc-api-nrw
119878,"Münster, KG Norbertschule",Grundschule,"An der Meerwiese, An der Meerwiese 7",48157,Münster,51.989501156301785,7.649225926482979,ogc-api-nrw
119880,"Münster, KG Aegidii-Ludgeri",Grundschule,"Breite Gasse, Breite Gasse 3",48143,Münster,51.95933631694936,7.62377496964492,ogc-api-nrw
119891,"Münster, GG Dietrich-Bonhoeffer",Grundschule,"Bonhoefferstr., Bonhoefferstr. 50",48151,Münster,51.94190394126688,7.60488604852872,ogc-api-nrw
119908,"Münster, EG Johannis",Grundschule,"Vogel-von-Falkenstein-Str., Vogel-von-Falkenstein-Str. 4",48151,Münster,51.952512169485566,7.622281326419039,ogc-api-nrw
119910,"Münster, KG Michaelschule",Grundschule,"Appelbreistiege, Appelbreistiege 40",48149,Münster,51.96759735654294,7.581160860713917,ogc-api-nrw
119921,"Münster, EG Wartburg",Grundschule,"Toppheideweg, Toppheideweg 91-93",48161,Münster,51.97438912024913,7.567304236411235,ogc-api-nrw
119945,"Recklinghausen, GG (Verb.) Hochlarmark",Grundschule,"Leonhardstr., Leonhardstr. 14a",45661,Recklinghausen,51.57710529349154,7.182801214034784,ogc-api-nrw
119957,"Recklinghausen, GG Ortlohschule",Grundschule,"Ortlohstr., Ortlohstr. 54-58",45663,Recklinghausen,51.589084688755584,7.240111810040645,ogc-api-nrw
119969,"Recklinghausen, GG Liebfrauenschule",Grundschule,"Jahnstr., Jahnstr. 32",45665,Recklinghausen,51.61361342493525,7.209596026437675,ogc-api-nrw
119970,"Recklinghausen, GG Gudrun-Pausewang",Grundschule,"Heinrichstr., Heinrichstr. 52",45663,Recklinghausen,51.57565637535484,7.241150168933055,ogc-api-nrw
120017,"Recklinghausen, GG Hohenzollernstraße",Grundschule,"Hohenzollernstr., Hohenzollernstr. 3",45659,Recklinghausen,51.60876109846058,7.195156616336207,ogc-api-nrw
120029,"Recklinghausen, GG (Verb.) Im Reitwinkel",Grundschule,"Feldstr., Feldstr. 13a",45661,Recklinghausen,51.5685587488665,7.2094765589290875,ogc-api-nrw
120030,"Recklinghausen, GG Hillerheide",Grundschule,"Herner Str., Herner Str. 167",45659,Recklinghausen,51.589747436379156,7.210794494847479,ogc-api-nrw
120042,"Recklinghausen,GG(Verb.)Anton-Wiggermann",Grundschule,"Wiggermannstr., Wiggermannstr. 5",45659,Recklinghausen,51.605627360333656,7.1704846194730685,ogc-api-nrw
120054,"Recklinghausen, GG (Verb.) Romberg-Speck",Grundschule,"Im Romberg, Im Romberg 9",45657,Recklinghausen,51.62161882005233,7.1985614616044264,ogc-api-nrw
120066,"Recklinghausen, GG Marien",Grundschule,"Marienstr., Marienstr. 32-34",45663,Recklinghausen,51.569383602917156,7.216399447785487,ogc-api-nrw
120169,"Ahaus, GG Andreasschule Wüllen",Grundschule,"Friedmate, Friedmate 11",48683,Ahaus,52.06932506387622,6.97538624950831,ogc-api-nrw
120170,"Ahaus, KG (Verb.) Josefschule",Grundschule,"Kampstr., Kampstr. 10",48683,Ahaus,52.08174494226678,7.007663560399972,ogc-api-nrw
120182,"Ahaus, KG Aabachschule",Grundschule,"Am Aabach, Am Aabach 6",48683,Ahaus,52.07100421220465,7.01008253957685,ogc-api-nrw
120194,"Ahaus, GG Pestalozzischule",Grundschule,"Arnoldstr., Arnoldstr. 20",48683,Ahaus,52.078923489848755,6.999295306183178,ogc-api-nrw
120200,"Gronau, GG Viktoria",Grundschule,"Gildehauser Str., Gildehauser Str. 114",48599,Gronau (Westf.),52.21822669575358,7.036637312106075,ogc-api-nrw
120224,"Gronau, GG Martin-Luther-Schule",Grundschule,"Herzogstr., Herzogstr. 26",48599,Gronau (Westf.),52.217068817634434,7.0056670703968225,ogc-api-nrw
120236,"Gronau, GG Buterland",Grundschule,"Beckerhookstr., Beckerhookstr. 85",48599,Gronau (Westf.),52.20829382383605,7.00042499334367,ogc-api-nrw
120248,"Gronau, GG Eilermark",Grundschule,"Albrechtstr., Albrechtstr. 27",48599,Gronau (Westf.),52.209135839530866,7.051279962930449,ogc-api-nrw
120250,"Gronau, GG Lindenschule",Grundschule,"Sparenbergstr., Sparenbergstr. 14",48599,Gronau (Westf.),52.21148549493478,7.032484747966824,ogc-api-nrw
120261,"Stadtlohn, KG Hilgenberg",Grundschule,"Klosterstr., Klosterstr. 34",48703,Stadtlohn,51.99141199127824,6.920974475490123,ogc-api-nrw
120273,"Stadtlohn, KG Hordt",Grundschule,"Geschwister-Scholl-Str., Geschwister-Scholl-Str. 2",48703,Stadtlohn,51.993530333835324,6.895952584716819,ogc-api-nrw
120285,"Stadtlohn, KG Gescher-Dyk",Grundschule,"Gescher Dyk, Gescher Dyk 51",48703,Stadtlohn,51.982482138312044,6.947601719673709,ogc-api-nrw
120297,"Stadtlohn, KG Fliednerschule",Grundschule,"Schanzring, Schanzring 39",48703,Stadtlohn,51.99401274924956,6.909404379009305,ogc-api-nrw
120315,"Vreden, KG St. Marien-Schule",Grundschule,"Up de Bookholt, Up de Bookholt 18",48691,Vreden,52.033145957876336,6.8195463744606615,ogc-api-nrw
120327,"Vreden, KG St. Norbert-Schule",Grundschule,"Butenwall, Butenwall 78",48691,Vreden,52.03801421446348,6.827999949340422,ogc-api-nrw
120364,"Vreden, GG Hamaland-Schule",Grundschule,"Pfarrer-Holtmann-Str., Pfarrer-Holtmann-Str. 24",48691,Vreden,52.06373927976889,6.769165437072606,ogc-api-nrw
120376,"Gronau, KG Georg",Grundschule,"Auf der Sunhaar, Auf der Sunhaar 55",48599,Gronau (Westf.),52.17825321071829,7.051021469036009,ogc-api-nrw
120388,"Gronau, KG Bernhard-Overberg",Grundschule,"Kottker Esch, Kottker Esch 1",48599,Gronau (Westf.),52.174466475236486,7.033080589366104,ogc-api-nrw
120390,"Gronau, KG Hermann-Löns-Schule",Grundschule,"Gildehauser Damm, Gildehauser Damm 12",48599,Gronau (Westf.),52.18251083298926,7.039893395774557,ogc-api-nrw
120418,"Legden, KG (Verb-) Brigiden",Grundschule,"Wibbeltstr., Wibbeltstr. 27",48739,Legden,52.02896234201079,7.110905085536268,ogc-api-nrw
120420,"Südlohn, KG Von-Galen",Grundschule,"Fürst-zu-Salm-Horstmar-Str., Fürst-zu-Salm-Horstmar-Str. 7",46354,Südlohn,51.93670524548834,6.808165082358165,ogc-api-nrw
120431,"Südlohn, KG St. Vitus",Grundschule,"Südwall, Südwall 6",46354,Südlohn,51.94338460363309,6.865780134234041,ogc-api-nrw
120443,"Schöppingen, KG Brictius",Grundschule,"Wallstr., Wallstr. 13",48624,Schöppingen,52.09302873232448,7.2385067135553935,ogc-api-nrw
120455,"Ahaus, GG Katharinenschule Alstätte",Grundschule,"Hochstr., Hochstr. 20",48683,Ahaus,52.12622950440666,6.917172605503937,ogc-api-nrw
120467,"Ahaus, KG Burgschule Ottenstein",Grundschule,"Am Burggraben, Am Burggraben 6",48683,Ahaus,52.07308519712929,6.914627680444671,ogc-api-nrw
120480,"Ahaus, GG Gottfried-von-Kappenberg",Grundschule,"Schulstr., Schulstr. 26",48683,Ahaus,52.09247678695843,6.969972983209292,ogc-api-nrw
120492,"Ahlen, GG Paul-Gerhardt-Schule",Grundschule,"Harkortstr., Harkortstr. 38-40",59229,Ahlen,51.766493731806705,7.916343772145741,ogc-api-nrw
120509,"Ahlen, GG Albert-Schweitzer-Schule",Grundschule,"Ostwall, Ostwall 7",59227,Ahlen,51.761291878112985,7.892689900422582,ogc-api-nrw
120510,"Ahlen, GG Mammutschule",Grundschule,"Im Burbecksort, Im Burbecksort 53",59229,Ahlen,51.750536820461754,7.89163464456591,ogc-api-nrw
120522,"Ahlen, GG Diesterwegschule",Grundschule,"Schachtstr., Schachtstr. 5",59229,Ahlen,51.75597735932488,7.910930528857364,ogc-api-nrw
120546,"Ahlen, KG Barbaraschule",Grundschule,"Wetterweg, Wetterweg 27",59229,Ahlen,51.75820405138181,7.915441056164645,ogc-api-nrw
120558,"Ahlen, KG Martinschule",Grundschule,"Am Brüggel, Am Brüggel 41",59227,Ahlen,51.75818095703474,7.873785111534469,ogc-api-nrw
120560,"Ahlen, KG Marien",Grundschule,"Theodor-Körner-Str., Theodor-Körner-Str. 1",59227,Ahlen,51.76693977838089,7.890899610959642,ogc-api-nrw
120583,"Beckum, KG (Verb.) Sonnenschule",Grundschule,"Obere Wilhelmstr., Obere Wilhelmstr. 109",59269,Beckum,51.76422963938398,8.050686612116484,ogc-api-nrw
120595,"Beckum, KG Martinschule",Grundschule,"Anton-Schulte-Str., Anton-Schulte-Str. 4",59269,Beckum,51.748313564997716,8.026394269527382,ogc-api-nrw
120662,"Ennigerloh, KG (Verb.) St.Jakobus-Schule",Grundschule,"Geiststr., Geiststr. 4-7",59320,Ennigerloh,51.83536699743173,8.024938754160189,ogc-api-nrw
120674,"Hamm, GG Stephanus",Grundschule,"Heessener Dorfstr., Heessener Dorfstr. 25",59073,Hamm,51.70491791512153,7.84367456201236,ogc-api-nrw
120686,"Hamm, GG Josef",Grundschule,"Hardinghausstr., Hardinghausstr. 5",59073,Hamm,51.70857245013162,7.801000508248771,ogc-api-nrw
120698,"Hamm, GG Kappenbuschschule",Grundschule,"Sulkshege, Sulkshege 5",59073,Hamm,51.713112129275515,7.822216467048747,ogc-api-nrw
120704,"Hamm, GG Gutenbergschule",Grundschule,"Schlägelstr., Schlägelstr. 20",59073,Hamm,51.70150820297724,7.833486959865802,ogc-api-nrw
120716,"Beckum, GG Friedrich-von-Bodelschwingh",Grundschule,"Rektor-Wilger-Str., Rektor-Wilger-Str. 2",59269,Beckum,51.801359888468696,8.026977845934839,ogc-api-nrw
120728,"Beckum, GG Roncallischule",Grundschule,"Gustav-Moll-Str., Gustav-Moll-Str. 47",59269,Beckum,51.79644997532274,8.01933981653621,ogc-api-nrw
120765,"Lippstadt, KG Niels-Stensen-Schule",Grundschule,"Parkstr., Parkstr. 19",59556,Lippstadt,51.71093092751235,8.333738466230422,ogc-api-nrw
120777,"Wadersloh, GG Gemeinsame Grundschule",Grundschule,"Wenkerstr., Wenkerstr. 1",59329,Wadersloh,51.73695845068241,8.244088345410175,ogc-api-nrw
120790,"Oelde, KG (Verb.) Von-Ketteler-Schule",Grundschule,"Von-Ketteler-Str., Von-Ketteler-Str. 6",59302,Oelde,51.83418985648923,8.1403167358658,ogc-api-nrw
120807,"Oelde, KG Edith-Stein",Grundschule,"Zum Drostenholz, Zum Drostenholz 43",59302,Oelde,51.83879757800787,8.153277810572428,ogc-api-nrw
120819,"Oelde, EG Albert-Schweitzer-Schule",Grundschule,"Zur Axt, Zur Axt 24",59302,Oelde,51.82747019844721,8.153533763271676,ogc-api-nrw
120832,"Oelde, KG Overbergschule",Grundschule,"Marienstr., Marienstr. 13",59302,Oelde,51.819892995089226,8.135351214387786,ogc-api-nrw
120844,"Oelde, KG Lambertus-Schule",Grundschule,"Schulstr., Schulstr. 2",59302,Oelde,51.801664321487415,8.207677765309592,ogc-api-nrw
120856,"Ennigerloh, KG St. Marien",Grundschule,"Marienstr., Marienstr. 10",59320,Ennigerloh,51.82977774976407,7.949132239921735,ogc-api-nrw
120868,"Sendenhorst, KG Kardinal-von-Galen",Grundschule,"Kardinal-von-Galen-Str., Kardinal-von-Galen-Str. 6",48324,Sendenhorst,51.8421480662575,7.824455125020648,ogc-api-nrw
120870,"Ahlen, KG Augustin-Wibbelt",Grundschule,"Schulstr., Schulstr. 13",59227,Ahlen,51.80729786193075,7.9430118714527875,ogc-api-nrw
120881,"Isselburg, KG Anholt",Grundschule,"Schneidkuhle, Schneidkuhle 12",46419,Isselburg,51.84900864798026,6.428168241025145,ogc-api-nrw
120893,"Borken, KG Johann-Walling-Schule",Grundschule,"Kapellenstr., Kapellenstr. 10",46325,Borken,51.849639282888766,6.8594885289633645,ogc-api-nrw
120923,"Borken, KG (Verb.) Josefschule",Grundschule,"Josefstr., Josefstr. 16",46325,Borken,51.83902644177077,6.8698054799271455,ogc-api-nrw
120935,"Borken, KG Remigiusschule",Grundschule,"Im Großen Esch, Im Großen Esch 10",46325,Borken,51.83812744836234,6.853995776195001,ogc-api-nrw
120947,"Borken, KG Roncalli-Schule Weseke",Grundschule,"Borkenwirther Str., Borkenwirther Str. 33",46325,Borken,51.90513992151416,6.8529685120232795,ogc-api-nrw
120959,"Borken, KG Cordula-Schule",Grundschule,"Cordulastr., Cordulastr. 1",46325,Borken,51.86014803796476,6.868197664803942,ogc-api-nrw
120960,"Borken, KG Astrid-Lindgren-Schule",Grundschule,"Rheder Str., Rheder Str. 16",46325,Borken,51.90327867271611,6.776966764735435,ogc-api-nrw
120972,"Hamminkeln, KG Ludgerischule Dingden",Grundschule,"Weberstr., Weberstr. 24",46499,Hamminkeln,51.768803778928124,6.612587833925802,ogc-api-nrw
120984,"Rhede, KG Ludgerus",Grundschule,"Südstr., Südstr. 31",46414,Rhede,51.833371791345414,6.693552203546556,ogc-api-nrw
120996,"Rhede, KG Overbergschule",Grundschule,"Burloer Str., Burloer Str. 45",46414,Rhede,51.844183624822286,6.698719875253781,ogc-api-nrw
121009,"Raesfeld, KG St.-Sebastian",Grundschule,"Im Mensing, Im Mensing 14",46348,Raesfeld,51.76971230415513,6.833500980788754,ogc-api-nrw
121010,"Reken, GG Antoniusschule",Grundschule,"Buttstegge, Buttstegge 8",48734,Reken,51.78663169417347,7.036399386110239,ogc-api-nrw
121022,"Reken, GG Michaelschule",Grundschule,"Schulstr., Schulstr. 17",48734,Reken,51.831273878103964,7.043079158316881,ogc-api-nrw
121034,"Reken, KG Ellering-Schule",Grundschule,"Dille, Dille 1",48734,Reken,51.83878191778015,7.093952867423281,ogc-api-nrw
121046,"Heiden, KG Marienschule",Grundschule,"Lembecker Str., Lembecker Str. 18",46359,Heiden,51.82376967374237,6.9375994959378735,ogc-api-nrw
121095,"Bocholt, KG St.-Bernhard-Schule",Grundschule,"Thonhausenstr., Thonhausenstr. 30",46395,Bocholt,51.83881853333205,6.571922976564235,ogc-api-nrw
121113,"Bocholt, KG (Verb.) Liebfrauen",Grundschule,"In der Dille, In der Dille 13",46397,Bocholt,51.860235154610564,6.624959993354127,ogc-api-nrw
121149,"Velen, KG Walburgisschule",Grundschule,"Worthe, Worthe 15",46342,Velen,51.88803214253717,6.922872348175636,ogc-api-nrw
121150,"Velen, KG Andreas-Schule",Grundschule,"Ramsdorfer Str., Ramsdorfer Str. 21",46342,Velen,51.89479482067219,6.983882266697728,ogc-api-nrw
121162,"Coesfeld, KG Maria-Frieden-Schule",Grundschule,"Kleine Heide, Kleine Heide 38",48653,Coesfeld,51.93216031509852,7.185102055747673,ogc-api-nrw
121174,"Coesfeld, KG Ludgerischule",Grundschule,"Loburger Str., Loburger Str. 50",48653,Coesfeld,51.94581372127022,7.152946636088744,ogc-api-nrw
121186,"Coesfeld, KG Laurentiusschule",Grundschule,"Overhagenweg, Overhagenweg 11",48653,Coesfeld,51.935254367971716,7.15679901923118,ogc-api-nrw
121198,"Coesfeld, KG Lamberti",Grundschule,"Katthagen, Katthagen 10",48653,Coesfeld,51.94545871546289,7.172255376071928,ogc-api-nrw
121216,"Coesfeld, EG Martin-Luther-Schule",Grundschule,"Franz-Darpe-Str., Franz-Darpe-Str. 13",48653,Coesfeld,51.93910751418528,7.169763888812949,ogc-api-nrw
121241,"Dülmen, EG (Verb.) P.-Gerhardt/K.-v.-Gal",Grundschule,"Pestalozzistr., Pestalozzistr. 6",48249,Dülmen,51.833726785322135,7.270706730724845,ogc-api-nrw
121253,"Dülmen, KG Augustinusschule",Grundschule,"Anna-Katharina-Emmerick-Str., Anna-Katharina-Emmerick-Str. 29",48249,Dülmen,51.83538388340672,7.289323905040135,ogc-api-nrw
121265,"Dülmen, KG (Verb)Anna-Katharina-Emmerick",Grundschule,"Leuster Weg, Leuster Weg 60",48249,Dülmen,51.8431703979859,7.275730769248732,ogc-api-nrw
121289,"Billerbeck, KG Ludgerischule",Grundschule,"Zum Alten Hof, Zum Alten Hof 1",48727,Billerbeck,51.97529336111354,7.291322902411228,ogc-api-nrw
121290,"Dülmen, KG Ludgerusschule",Grundschule,"Wemhoff, Wemhoff 4",48249,Dülmen,51.86509300311384,7.37097124800672,ogc-api-nrw
121307,"Dülmen, KG St. Georg",Grundschule,"Flötebachweg, Flötebachweg 4",48249,Dülmen,51.836866529517245,7.404388176644239,ogc-api-nrw
121320,"Gescher, GG Von-Galen-Schule",Grundschule,"Von-Galen-Str., Von-Galen-Str. 29",48712,Gescher,51.95254811966655,7.005232329255597,ogc-api-nrw
121332,"Gescher, GG (Verb.) Hand in Hand",Grundschule,"Armlandstr., Armlandstr. 18",48712,Gescher,51.956487786435396,7.002641374073071,ogc-api-nrw
121368,"Dülmen, KG St. Mauritius",Grundschule,"Mauritiusstr., Mauritiusstr. 5",48249,Dülmen,51.80970152439655,7.251984559043662,ogc-api-nrw
121393,"Rosendahl, KG Nikolausschule",Grundschule,"Schulweg, Schulweg 24",48720,Rosendahl,52.00814841008687,7.138752939965283,ogc-api-nrw
121400,"Rosendahl, KG Antoniusschule",Grundschule,"Antoniusstr., Antoniusstr. 2",48720,Rosendahl,52.02616474288384,7.270041168835639,ogc-api-nrw
121411,"Rosendahl, KG Sebastianschule",Grundschule,"Droste-Hülshoff-Weg, Droste-Hülshoff-Weg 20",48720,Rosendahl,52.01636532592032,7.213538905495914,ogc-api-nrw
121423,"Nottuln, KG Sebastianschule",Grundschule,"Wybbert, Wybbert 12",48301,Nottuln,51.928057972873894,7.297495736091318,ogc-api-nrw
121435,"Coesfeld, KG Kardinal-von-Galen-Schule",Grundschule,"Am Haus Lette, Am Haus Lette 5",48653,Coesfeld,51.894553324152,7.185571555397282,ogc-api-nrw
121459,"Hamm, GG Freiligrath",Grundschule,"Freiligrathstr., Freiligrathstr. 1",59075,Hamm,51.692678825562595,7.742895753040698,ogc-api-nrw
121460,"Hamm, KG Von-Vincke",Grundschule,"Dörholtstr., Dörholtstr. 27",59075,Hamm,51.692709191047896,7.734835966360945,ogc-api-nrw
121472,"Hamm, GG Talschule",Grundschule,"Hohenhöveler Str., Hohenhöveler Str. 31",59075,Hamm,51.69526956030784,7.763326938836215,ogc-api-nrw
121484,"Hamm, KG Overberg",Grundschule,"Overbergstr., Overbergstr. 12",59075,Hamm,51.70095659374677,7.761160408773847,ogc-api-nrw
121496,"Werne, KG Wiehagenschule",Grundschule,"Stockumer Str., Stockumer Str. 99",59368,Werne,51.663779931802374,7.651416417672852,ogc-api-nrw
121526,"Werne, KG Uhland",Grundschule,"Uhlandstr., Uhlandstr. 13",59368,Werne,51.66249374703887,7.6250235768623185,ogc-api-nrw
121538,"Ascheberg, KG (Verb.) Lambertusschule",Grundschule,"Albert-Koch-Str., Albert-Koch-Str. 6",59387,Ascheberg,51.788824159489984,7.625201439958503,ogc-api-nrw
121551,"Senden, GG Dietrich-Bonhoeffer-Schule",Grundschule,"Bonhoefferstr., Bonhoefferstr. 1",48308,Senden,51.86089505617023,7.48826421423933,ogc-api-nrw
121563,"Senden, GG Marienschule",Grundschule,"Am Bürgerpark, Am Bürgerpark 14",48308,Senden,51.8538461341547,7.484129808124656,ogc-api-nrw
121575,"Drensteinfurt, KG Kardinal-von-Galen",Grundschule,"Windmühlenweg, Windmühlenweg 32",48317,Drensteinfurt,51.79216269796685,7.733490232618252,ogc-api-nrw
121587,"Drensteinfurt, KG Lambertus",Grundschule,"Böcken, Böcken 20",48317,Drensteinfurt,51.76494925469383,7.793783255552838,ogc-api-nrw
121599,"Lünen, GG Matthias-Claudius-Schule",Grundschule,"Matthias-Claudius-Str., Matthias-Claudius-Str. 9",44534,Lünen,51.6256433637616,7.550217205067795,ogc-api-nrw
121605,"Lünen, GG am Heikenberg",Grundschule,"Albert-Schweitzer-Str., Albert-Schweitzer-Str. 2",44534,Lünen,51.62709043049498,7.483262845707693,ogc-api-nrw
121629,"Lünen, KG Kardinal-von-Galen-Schule",Grundschule,"Schulstr., Schulstr. 54",44534,Lünen,51.62650350879178,7.51756690396468,ogc-api-nrw
121630,"Lünen, KG Gottfriedschule",Grundschule,"Matthias-Claudius-Str., Matthias-Claudius-Str. 9",44534,Lünen,51.6256433637616,7.550217205067795,ogc-api-nrw
121654,"Selm, GG (Verb.) Auf den Äckern",Grundschule,"Waltroper Str., Waltroper Str. 17",59379,Selm,51.663769327777885,7.467303822622227,ogc-api-nrw
121680,"Selm, KG Ludgeri",Grundschule,"Südkirchener Str., Südkirchener Str. 10",59379,Selm,51.70068586988656,7.470340139757748,ogc-api-nrw
121691,"Ascheberg, KG Marien",Grundschule,"Altenhammstr., Altenhammstr. 46",59387,Ascheberg,51.74023036505401,7.657744685556224,ogc-api-nrw
121708,"Werne, KG Kardinal-von-Galen-Schule",Grundschule,"Kirchstr., Kirchstr. 9",59368,Werne,51.67175601081421,7.700075169450438,ogc-api-nrw
121721,"Lüdinghausen, KG Ostwallschule",Grundschule,"Ostwall, Ostwall 7a",59348,Lüdinghausen,51.77197804518024,7.448595407549871,ogc-api-nrw
121733,"Lüdinghausen, KG Ludgeri",Grundschule,"Tüllinghofer Str., Tüllinghofer Str. 16 b",59348,Lüdinghausen,51.766894262124985,7.441552400005552,ogc-api-nrw
121745,"Lüdinghausen, KG Marien",Grundschule,"Alter Berg, Alter Berg 5",59348,Lüdinghausen,51.76322865631136,7.397653498307368,ogc-api-nrw
121769,"Nordkirchen, KG Mauritiusschule",Grundschule,"Mauritiusstr., Mauritiusstr. 11",59394,Nordkirchen,51.740764560238794,7.52741600438746,ogc-api-nrw
121770,"Nordkirchen, KG (Verb.) Hauptstraße",Grundschule,"Hauptstr., Hauptstr. 9",59394,Nordkirchen,51.70986164052104,7.54859698006875,ogc-api-nrw
121794,"Olfen, KG Wieschhofschule",Grundschule,"Kirchstr., Kirchstr. 30",59399,Olfen,51.70518805478492,7.380890369190932,ogc-api-nrw
121800,"Senden, KG Davert",Grundschule,"Clemens-Hagemann-Str., Clemens-Hagemann-Str. 23",48308,Senden,51.825321328236534,7.540810923217257,ogc-api-nrw
121812,"Greven, EG Martin-Luther-Schule",Grundschule,"Am Wilhelmplatz, Am Wilhelmplatz 8",48268,Greven,52.09475893808223,7.61006366465945,ogc-api-nrw
121836,"Greven, KG St. Marien Schule",Grundschule,"Am Fiskediek, Am Fiskediek 7",48268,Greven,52.08827067041047,7.61954854444059,ogc-api-nrw
121848,"Greven, KG St.Martini",Grundschule,"Barkenstr., Barkenstr. 12",48268,Greven,52.09452738560923,7.614070806978434,ogc-api-nrw
121850,"Greven, GG Erich Kästner Grundschule",Grundschule,"Grevener Landstr., Grevener Landstr. 99",48268,Greven,52.120154226799436,7.55794556532554,ogc-api-nrw
121861,"Greven, KG St. Josef Schule",Grundschule,"Im Deipen Brook, Im Deipen Brook 18",48268,Greven,52.09568916433708,7.590720621141742,ogc-api-nrw
121885,"Havixbeck, KG Baumberge-Schule",Grundschule,"Dirkes Allee, Dirkes Allee 11",48329,Havixbeck,51.97716241345678,7.414652577852932,ogc-api-nrw
121897,"Saerbeck, KG St. Georg",Grundschule,"Schulstr., Schulstr. 14-16",48369,Saerbeck,52.17438080643966,7.638850080597937,ogc-api-nrw
121903,"Emsdetten, KG Emanuel-von-Ketteler",Grundschule,"Kettelerstr., Kettelerstr. 41",48282,Emsdetten,52.19027803725803,7.552049213584797,ogc-api-nrw
121915,"Nottuln, KG Marienschule",Grundschule,"Schulstr., Schulstr. 7",48301,Nottuln,51.896301060150385,7.423546933956216,ogc-api-nrw
121927,"Nottuln, KG St. Martinus-Schule",Grundschule,"St.Amand-Montrond-Str., St.Amand-Montrond-Str. 8",48301,Nottuln,51.92475786339298,7.349890484400273,ogc-api-nrw
121940,"Münster, GG Ludgerusschule",Grundschule,"Hohe Geist, Hohe Geist 8",48163,Münster,51.92301732655452,7.527784721925874,ogc-api-nrw
121964,"Münster,KG A.v.-Droste-Hülshoff Nienbe.",Grundschule,"Kirmstr., Kirmstr. 1",48161,Münster,51.99587304732222,7.56016558310186,ogc-api-nrw
121976,"Münster,KG Marienschule Roxel",Grundschule,"Auf dem Dorn, Auf dem Dorn 14",48161,Münster,51.95507568736473,7.530882411259534,ogc-api-nrw
121988,"Münster, KG Loevelingloh",Grundschule,"Wiedaustr., Wiedaustr. 114",48163,Münster,51.89411284768711,7.577837935930376,ogc-api-nrw
121990,"Münster, KG Davertschule",Grundschule,"Zum Häpper, Zum Häpper 10",48163,Münster,51.884996272397906,7.607244562196509,ogc-api-nrw
122002,"Münster,GG Matthias-Claudius Drostestr.",Grundschule,"Drostestr., Drostestr. 7",48157,Münster,51.98977541426182,7.703221523296228,ogc-api-nrw
122014,"Münster, KG Kardinal-von-Galen",Grundschule,"Ludwig-Wolker-Str., Ludwig-Wolker-Str. 13",48157,Münster,51.98792247195809,7.700711873579497,ogc-api-nrw
122026,"Münster, GG Paul-Gerhardt-Schule",Grundschule,"Bodelschwinghstr., Bodelschwinghstr. 22",48165,Münster,51.906612315639194,7.64575396182416,ogc-api-nrw
122038,"Münster, KG Ludgerusschule",Grundschule,"An der Alten Kirche, An der Alten Kirche 161",48165,Münster,51.90368327202193,7.626552347092225,ogc-api-nrw
122040,"Münster, KG Clemensschule Hiltrup",Grundschule,"Unckelstr., Unckelstr. 19",48165,Münster,51.906559426336585,7.646627787500306,ogc-api-nrw
122051,"Münster, KG Marienschule Hiltrup",Grundschule,"Loddenweg, Loddenweg 12",48165,Münster,51.907204067623354,7.666074041283621,ogc-api-nrw
122063,"Münster, GG Astrid-Lindgren-Schule",Grundschule,"Gelmerheide, Gelmerheide 3",48157,Münster,52.02982480918486,7.675051723385448,ogc-api-nrw
122087,"Münster, KG Sprakel",Grundschule,"Weißdornweg, Weißdornweg 40",48159,Münster,52.03680081336017,7.610156335323024,ogc-api-nrw
122099,"Münster, KG Pleisterschule",Grundschule,"An der Konradkirche, An der Konradkirche 7",48155,Münster,51.96312854135032,7.677718091355418,ogc-api-nrw
122117,"Telgte, GG Brüder-Grimm-Schule",Grundschule,"Paul-Gerhardt-Weg, Paul-Gerhardt-Weg 2",48291,Telgte,51.98676218349312,7.800691771764457,ogc-api-nrw
122129,"Telgte, GG Marienschule",Grundschule,"Immenweg, Immenweg 10",48291,Telgte,51.98315889133523,7.779906337691749,ogc-api-nrw
122130,"Telgte, KG St. Christophorus",Grundschule,"Engeldamm, Engeldamm 6",48291,Telgte,52.02457600292011,7.780149583780695,ogc-api-nrw
122142,"Sendenhorst, KG Ludgerus",Grundschule,"Wersetal, Wersetal 1",48324,Sendenhorst,51.8660705669189,7.73142979943345,ogc-api-nrw
122166,"Münster,KG Annette-v.-Droste-Hülsh.Ange.",Grundschule,"Höftestr., Höftestr. 4",48167,Münster,51.92114054718666,7.680377373029131,ogc-api-nrw
122178,"Münster, GG Eichendorff",Grundschule,"Eichendorffstr., Eichendorffstr. 36",48167,Münster,51.915221572047926,7.6946692488578865,ogc-api-nrw
122180,"Drensteinfurt, KG Rinkerode",Grundschule,"Mägdestiege, Mägdestiege 8",48317,Drensteinfurt,51.846824782132,7.682842393625086,ogc-api-nrw
122191,"Münster, KG Nikolaischule Wolbeck",Grundschule,"Am Wigbold, Am Wigbold 11",48167,Münster,51.91535481038881,7.729023395626087,ogc-api-nrw
122208,"Haltern, KG Marienschule",Grundschule,"Sixtusstr., Sixtusstr. 22a",45721,Haltern am See,51.74355255303623,7.193019269690091,ogc-api-nrw
122210,"Haltern, KG Silverbergschule",Grundschule,"Germanikusstr., Germanikusstr. 34",45721,Haltern am See,51.741387423012775,7.16875652690824,ogc-api-nrw
122221,"Haltern, EG (Verb.) Katharina-von-Bora",Grundschule,"Alte Ringstr., Alte Ringstr. 25",45721,Haltern am See,51.752807082433044,7.185521486841563,ogc-api-nrw
122245,"Herten, GG Ludgerusschule",Grundschule,"Paschenbergstr., Paschenbergstr. 97",45699,Herten,51.60195456025519,7.122978495379444,ogc-api-nrw
122257,"Herten, GG (Verb.) Süder Grundschule",Grundschule,"In der Feige, In der Feige 192",45699,Herten,51.58183491565794,7.1414319517579745,ogc-api-nrw
122269,"Herten, GG Waldschule",Grundschule,"Langenbochumer Str., Langenbochumer Str. 248",45701,Herten,51.61126816483874,7.1121515791614955,ogc-api-nrw
122270,"Herten, GG Herten-Mitte",Grundschule,"Vitusstr., Vitusstr. 9",45699,Herten,51.593929246731385,7.141948889789856,ogc-api-nrw
122282,"Herten, GG Goetheschule",Grundschule,"Josefstr., Josefstr. 92",45699,Herten,51.60755201216962,7.149278166203813,ogc-api-nrw
122294,"Herten, GG Comenius",Grundschule,"Jahnstr., Jahnstr. 2",45701,Herten,51.61967739053484,7.139250338711143,ogc-api-nrw
122336,"Herten, GG Martini",Grundschule,"Paschenbergstr., Paschenbergstr. 91",45699,Herten,51.6003655522594,7.124834598046068,ogc-api-nrw
122348,"Bottrop, GG (Verb.) Gregor./Marienschule",Grundschule,"Gregorstr., Gregorstr. 12",46244,Bottrop,51.59165952250944,6.91582037745727,ogc-api-nrw
122373,"Bottrop, KG Grafenwald",Grundschule,"Schneiderstr., Schneiderstr. 86",46244,Bottrop,51.57520556872082,6.89734919625807,ogc-api-nrw
122385,"Bottrop, KG (Verb.) Johannesschule",Grundschule,"Gartenstr., Gartenstr. 32",46244,Bottrop,51.60862721234362,6.925861058533047,ogc-api-nrw
122403,"Datteln, GG Albert-Schweitzer-Schule",Grundschule,"Eichenstr., Eichenstr. 76",45711,Datteln,51.66619795932685,7.355037235434744,ogc-api-nrw
122415,"Datteln, EG Böckenheckschule",Grundschule,"Böckenheckstr., Böckenheckstr. 21",45711,Datteln,51.63081740778307,7.323560879301672,ogc-api-nrw
122439,"Datteln, KG Meckinghoven",Grundschule,"Bahnhofstr., Bahnhofstr. 22",45711,Datteln,51.626569033434386,7.311364420863803,ogc-api-nrw
122440,"Datteln, GG Gustav-Adolf-Schule",Grundschule,"Mozartstr., Mozartstr. 1",45711,Datteln,51.64173465293895,7.3318010221062675,ogc-api-nrw
122464,"Datteln, KG Lohschule",Grundschule,"Grüner Weg, Grüner Weg 12",45711,Datteln,51.65801511366154,7.343535860614532,ogc-api-nrw
122476,"Haltern, KG (Verb.) Heideschule",Grundschule,"Zum Dachsberg, Zum Dachsberg 8",45721,Haltern am See,51.71844247058634,7.23180691138075,ogc-api-nrw
122488,"Oer-Erkenschwick, GG Clemens-Höppe",Grundschule,"Steinrapener Weg, Steinrapener Weg 21",45739,Oer-Erkenschwick,51.642737423453276,7.28100453227232,ogc-api-nrw
122490,"Oer-Erkenschwick, GG Ewaldschule",Grundschule,"Grüner Weg, Grüner Weg 28",45739,Oer-Erkenschwick,51.647911304696926,7.256828084687296,ogc-api-nrw
122506,"Oer-Erkenschwick, GG Haardschule",Grundschule,"Haardstr., Haardstr. 36",45739,Oer-Erkenschwick,51.65066124173597,7.236238654826719,ogc-api-nrw
122518,"Oer-Erkenschwick, EG Albert-Schweitzer",Grundschule,"Königsberger Str., Königsberger Str. 9",45739,Oer-Erkenschwick,51.632342793665934,7.255445436673957,ogc-api-nrw
122555,"Dorsten, GG Albert-Schweitzer",Grundschule,"Glück-Auf-Str., Glück-Auf-Str. 267",46284,Dorsten,51.67296399579581,7.013868846732175,ogc-api-nrw
122579,"Dorsten, GG Pestalozzischule",Grundschule,"Storchsbaumstr., Storchsbaumstr. 65",46282,Dorsten,51.659586169254865,6.950746795756547,ogc-api-nrw
122580,"Dorsten, GG Antoniusschule",Grundschule,"Heroldstr., Heroldstr. 1",46284,Dorsten,51.67624173658699,6.936933347152343,ogc-api-nrw
122592,"Dorsten, GG (Verb.) Augustaschule",Grundschule,"Halterner Str., Halterner Str. 62",46284,Dorsten,51.669548474953494,6.977095943014374,ogc-api-nrw
122610,"Dorsten, KG Agathaschule",Grundschule,"Nonnenkamp, Nonnenkamp 22",46282,Dorsten,51.65197917367899,6.9554414858165785,ogc-api-nrw
122646,"Dorsten, KG Don-Bosco",Grundschule,"Weißdornweg, Weißdornweg 5",46286,Dorsten,51.76258223194936,7.002053746774888,ogc-api-nrw
122658,"Dorsten, KG Urbanus",Grundschule,"Erler Str., Erler Str. 41",46286,Dorsten,51.751597355561564,6.93008112822301,ogc-api-nrw
122660,"Dorsten, KG Wittenbrinkschule",Grundschule,"Großer Ring, Großer Ring 73",46286,Dorsten,51.71656860258987,7.025017047384773,ogc-api-nrw
122713,"Marl, GG Käthe-Kollwitz-Schule",Grundschule,"Merkelheider Weg, Merkelheider Weg 194",45772,Marl,51.68239614016331,7.138965376061243,ogc-api-nrw
122737,"Marl, GG Sickingmühleschule",Grundschule,"Alte Str., Alte Str. 30",45772,Marl,51.69943952015397,7.122738043133225,ogc-api-nrw
122749,"Marl, GG Goethe",Grundschule,"Hervester Str., Hervester Str. 81",45768,Marl,51.65435707230944,7.076458980731637,ogc-api-nrw
122774,"Marl, GG August-Döhr-Schule",Grundschule,"Max-Planck-Str., Max-Planck-Str. 15",45768,Marl,51.663169905053884,7.099655683614747,ogc-api-nrw
122798,"Marl, GG Martin-Buber-Schule",Grundschule,"Emslandstr., Emslandstr. 16",45770,Marl,51.65118420228884,7.105867319429397,ogc-api-nrw
122804,"Marl, GG Pestalozzi",Grundschule,"Carl-Duisberg-Str., Carl-Duisberg-Str. 15",45772,Marl,51.671632697187384,7.127127799259001,ogc-api-nrw
122816,"Marl, GG Haard-/Johannesschule",Grundschule,"In de Flaslänne, In de Flaslänne 22",45770,Marl,51.66590853374838,7.186393133465225,ogc-api-nrw
122828,"Marl, GG Harkortschule",Grundschule,"Lipper Weg, Lipper Weg 140",45772,Marl,51.6717966200224,7.1120941832026565,ogc-api-nrw
122830,"Marl, GG Bonifatiusschule",Grundschule,"Bonifatiusstr., Bonifatiusstr. 20",45768,Marl,51.657785937735675,7.088184122691858,ogc-api-nrw
122841,"Marl, KG Canisiusschule",Grundschule,"Max-Reger-Str., Max-Reger-Str. 51",45772,Marl,51.65728202684163,7.144780213647337,ogc-api-nrw
122889,"Marl, GG Overberg",Grundschule,"Ophoffstr., Ophoffstr. 27",45768,Marl,51.64496445701862,7.083895875078442,ogc-api-nrw
122907,"Marl, KG Aloysiusschule",Grundschule,"Westfalenstr., Westfalenstr. 68a",45770,Marl,51.65044493144089,7.113010504401982,ogc-api-nrw
122920,"Herten, GG Barbaraschule",Grundschule,"Wallstr., Wallstr. 32",45701,Herten,51.61224839760979,7.0739645447034585,ogc-api-nrw
122932,"Marl, KG Bartholomäusschule",Grundschule,"Dorfstr., Dorfstr. 27",45768,Marl,51.62632431587943,7.055018855343779,ogc-api-nrw
122944,"Castrop-Rauxel, KG Alter Garten",Grundschule,"Alter Garten, Alter Garten 18",44581,Castrop-Rauxel,51.60123481879009,7.316824227945431,ogc-api-nrw
122968,"Waltrop, GG (Verb.) Lindgren Schule",Grundschule,"Taeglichsbeckstr., Taeglichsbeckstr. 29",45731,Waltrop,51.62131057531825,7.403409328135771,ogc-api-nrw
122970,"Waltrop, GG Kardinal-von-Galen",Grundschule,"In der Baut, In der Baut 27",45731,Waltrop,51.62629057624264,7.392080766087529,ogc-api-nrw
122981,"Waltrop, GG August-Hermann-Francke",Grundschule,"Hafenstr., Hafenstr. 76",45731,Waltrop,51.614684620629994,7.385760016435317,ogc-api-nrw
123018,"Steinfurt, KG Marien",Grundschule,"Nikomedesstr., Nikomedesstr. 6",48565,Steinfurt,52.12615717653703,7.396849417217708,ogc-api-nrw
123031,"Steinfurt, GG Dumte",Grundschule,"Dumte, Dumte 12",48565,Steinfurt,52.11502412310325,7.369863755071121,ogc-api-nrw
123043,"Steinfurt, GG Regenbogenschule",Grundschule,"Hangenkamp, Hangenkamp 11",48565,Steinfurt,52.13274596276411,7.401332283198938,ogc-api-nrw
123055,"Steinfurt, GG Bismarck",Grundschule,"Bismarckstr., Bismarckstr. 2",48565,Steinfurt,52.146545876154676,7.334263241982977,ogc-api-nrw
123067,"Steinfurt, GG (Verb.) Graf-Ludwig-Schule",Grundschule,"Kreuzstiege, Kreuzstiege 23",48565,Steinfurt,52.14222810484665,7.326517982312547,ogc-api-nrw
123080,"Emsdetten, KG Josefschule",Grundschule,"Grafensteinweg, Grafensteinweg 6",48282,Emsdetten,52.17347647966981,7.504042166427438,ogc-api-nrw
123092,"Emsdetten, KG Hollingen",Grundschule,"Bühlsand, Bühlsand 16",48282,Emsdetten,52.156942999432,7.524887653370119,ogc-api-nrw
123109,"Emsdetten, KG Johannesschule",Grundschule,"Schützenstr., Schützenstr. 112",48282,Emsdetten,52.167695306468374,7.550150482782572,ogc-api-nrw
123134,"Emsdetten, KG Kardinal-von-Galen",Grundschule,"Wilhelmstr., Wilhelmstr. 12",48282,Emsdetten,52.175093308659186,7.526773454277796,ogc-api-nrw
123146,"Emsdetten, KG Wilhelmschule",Grundschule,"Wannenmacherstr., Wannenmacherstr. 55",48282,Emsdetten,52.17823981082646,7.525294644239759,ogc-api-nrw
123158,"Rheine, GG Edith-Stein-Schule",Grundschule,"Bühnertstr., Bühnertstr. 11",48431,Rheine,52.2639720000284,7.441282166933818,ogc-api-nrw
123160,"Rheine, GG Ludgerusschule Schotthock",Grundschule,"Ludgeristr., Ludgeristr. 17",48429,Rheine,52.28915754383925,7.4440638082003865,ogc-api-nrw
123183,"Rheine, GG Annetteschule",Grundschule,"Siedlerstr., Siedlerstr. 10",48429,Rheine,52.28754385124617,7.47474921991804,ogc-api-nrw
123195,"Rheine, GG Johannesschule",Grundschule,"Osnabrücker Str., Osnabrücker Str. 170",48429,Rheine,52.28442913726018,7.459227642835488,ogc-api-nrw
123201,"Rheine, GG Michaelschule",Grundschule,"Frankenburgstr., Frankenburgstr. 77",48431,Rheine,52.2765134931125,7.419528842961626,ogc-api-nrw
123213,"Rheine, GG Gertruden",Grundschule,"Randelbachweg, Randelbachweg 16",48431,Rheine,52.29025989394067,7.412719829214104,ogc-api-nrw
123225,"Rheine, GG Bodelschwinghschule",Grundschule,"Wihostr., Wihostr. 101",48429,Rheine,52.296432024105364,7.44546597506051,ogc-api-nrw
123237,"Rheine, GG Paul-Gerhardt",Grundschule,"Wieteschstr., Wieteschstr. 24",48431,Rheine,52.28595834627339,7.425878361173742,ogc-api-nrw
123249,"Rheine, KG Südesch",Grundschule,"Meisenstr., Meisenstr. 30",48429,Rheine,52.27711368077531,7.4782149802186515,ogc-api-nrw
123262,"Metelen, KG St.-Vitus-Grundschule",Grundschule,"Zum Freistein, Zum Freistein 33",48629,Metelen,52.13988169624218,7.215556046951307,ogc-api-nrw
123274,"Neuenkirchen, KG Ludgeri",Grundschule,"Westfalenring, Westfalenring 25",48485,Neuenkirchen,52.23858765190329,7.371900692202844,ogc-api-nrw
123298,"Neuenkirchen,KG (Verb) Lindenschule",Grundschule,"Zum Thie, Zum Thie 30",48485,Neuenkirchen,52.2461821978301,7.369059171786066,ogc-api-nrw
123304,"Nordwalde, KG Gangolf",Grundschule,"Bahnhofstr., Bahnhofstr. 84",48356,Nordwalde,52.082249745762546,7.467047322856602,ogc-api-nrw
123316,"Nordwalde, KG Wichern",Grundschule,"Barkhof, Barkhof 52",48356,Nordwalde,52.08704454022449,7.486704512184185,ogc-api-nrw
123328,"Wettringen, KG Ludgerusschule",Grundschule,"Bültstr., Bültstr. 2",48493,Wettringen,52.208334815832906,7.325264158826201,ogc-api-nrw
123341,"Horstmar, KG (Verb.) Astrid-Lindgren",Grundschule,"Schulstr., Schulstr. 3",48612,Horstmar,52.08033641320266,7.308767189798479,ogc-api-nrw
123353,"Laer, KG Werner-Rolevinck-Schule",Grundschule,"Kolpingweg, Kolpingweg 9",48366,Laer,52.05296184865952,7.3587493264713615,ogc-api-nrw
123365,"Ochtrup, KG von-Galen-Schule",Grundschule,"Dionysiusweg, Dionysiusweg 11",48607,Ochtrup,52.201565762253544,7.257090333621882,ogc-api-nrw
123377,"Ochtrup, KG Lamberti",Grundschule,"Schillerstr., Schillerstr. 28",48607,Ochtrup,52.204395844743075,7.1777894607523605,ogc-api-nrw
123389,"Ochtrup, KG Marienschule",Grundschule,"Overbergstr., Overbergstr. 6",48607,Ochtrup,52.20729847692118,7.19287752972663,ogc-api-nrw
123407,"Rheine, KG Franziskus",Grundschule,"Franziskusstr., Franziskusstr. 16",48432,Rheine,52.22383659678793,7.478661055942012,ogc-api-nrw
123419,"Rheine,KG (Verb) Johannessch.Mesum/Elte",Grundschule,"Schulstr., Schulstr. 5",48432,Rheine,52.230562565283485,7.4934110358433195,ogc-api-nrw
123420,"Rheine, KG Kardinal-von-Galen",Grundschule,"Ludwig-Dürr-Str., Ludwig-Dürr-Str. 23",48431,Rheine,52.26474850502045,7.415858674797074,ogc-api-nrw
123444,"Rheine, KG Marien",Grundschule,"Hauptstr., Hauptstr. 19",48432,Rheine,52.23864252781342,7.452846732324233,ogc-api-nrw
123468,"Rheine, KG (Verb.) Canisiusschule",Grundschule,"Canisiusstr., Canisiusstr. 62",48429,Rheine,52.298864707377156,7.463712931158074,ogc-api-nrw
123470,"Lengerich, GG Stadtfeldmark",Grundschule,"Poolweg, Poolweg 18",49525,Lengerich,52.17211599548918,7.830926492613499,ogc-api-nrw
123481,"Lengerich, GG Kirchpatt",Grundschule,"Kirchpatt, Kirchpatt 38",49525,Lengerich,52.194247957846045,7.844186534937696,ogc-api-nrw
123493,"Lengerich, GG Intrup",Grundschule,"Banningstr., Banningstr. 20",49525,Lengerich,52.182024938896795,7.86040264112468,ogc-api-nrw
123500,"Lengerich, GG Hohne",Grundschule,"Schrägweg, Schrägweg 20",49525,Lengerich,52.16836647779214,7.900085200022729,ogc-api-nrw
123511,"Ladbergen, GG Auf dem Rott",Grundschule,"Auf dem Rott, Auf dem Rott 8",49549,Ladbergen,52.1353960865619,7.741823104695575,ogc-api-nrw
123523,"Lienen, GG Schulstr.",Grundschule,"Schulstr., Schulstr. 5",49536,Lienen,52.14519809274788,7.973070889854319,ogc-api-nrw
123535,"Lienen, GG Kattenvenne",Grundschule,"Auf den Kämpen, Auf den Kämpen 2",49536,Lienen,52.10934208389747,7.877458276163499,ogc-api-nrw
123559,"Mettingen, GG Paul-Gerhardt-Schule",Grundschule,"Diekbreede, Diekbreede 8",49497,Mettingen,52.31288954754813,7.7855437880741665,ogc-api-nrw
123572,"Mettingen, KG Ludgeri-Schule",Grundschule,"Kolpingstr., Kolpingstr. 18",49497,Mettingen,52.31420002663473,7.776617721496825,ogc-api-nrw
123596,"Recke, KG Raphael",Grundschule,"Kirchstr., Kirchstr. 31",49509,Recke,52.34847262639685,7.691765777140553,ogc-api-nrw
123602,"Recke, KG Overberg",Grundschule,"Jahnstr., Jahnstr. 3",49509,Recke,52.37075600802588,7.715873307309388,ogc-api-nrw
123614,"Westerkappeln, GG Handarpe",Grundschule,"Ortfeld, Ortfeld 3",49492,Westerkappeln,52.28269234328767,7.844129364564312,ogc-api-nrw
123626,"Westerkappeln, GG am Bullerdiek",Grundschule,"Osnabrücker Str., Osnabrücker Str. 23",49492,Westerkappeln,52.313906007561606,7.883072253260453,ogc-api-nrw
123640,"Hopsten, KG (Verb.) Franziskusschule",Grundschule,"Am Vogelbusch, Am Vogelbusch 15",48496,Hopsten,52.38720140962137,7.603378693323268,ogc-api-nrw
123663,"Ibbenbüren, GG Barbara",Grundschule,"Heitkampweg, Heitkampweg 16",49479,Ibbenbüren,52.31485631720391,7.670135184506836,ogc-api-nrw
123705,"Ibbenbüren,GG Kardinal-v-Galen-Europasch",Grundschule,"Meyringstr., Meyringstr. 5",49479,Ibbenbüren,52.25988800870016,7.788223124205479,ogc-api-nrw
123730,"Ibbenbüren, GG Ludgeri",Grundschule,"Am Hedwigsheim, Am Hedwigsheim 8",49479,Ibbenbüren,52.298428909057925,7.6542023171627696,ogc-api-nrw
123754,"Ibbenbüren, GG Michaelschule",Grundschule,"Oeynhausenstr., Oeynhausenstr. 85",49477,Ibbenbüren,52.29239945131254,7.725017775224987,ogc-api-nrw
123766,"Ibbenbüren, GG Johannes-Bosco-Schule",Grundschule,"Johannesstr., Johannesstr. 31",49477,Ibbenbüren,52.27473348412785,7.677741811456051,ogc-api-nrw
123780,"Ibbenbüren, GG Albert-Schweitzer",Grundschule,"Schillerstr., Schillerstr. 11",49477,Ibbenbüren,52.27062611993128,7.724470141527917,ogc-api-nrw
123791,"Lotte, GG Osnabrücker Str.",Grundschule,"Osnabrücker Str., Osnabrücker Str. 9",49504,Lotte,52.2731539010419,7.917264778643126,ogc-api-nrw
123808,"Lotte, GG Wersen",Grundschule,"Am Herrengarten, Am Herrengarten 18",49504,Lotte,52.31170499505246,7.933854086386222,ogc-api-nrw
123810,"Lotte, GG Regenbogenschule",Grundschule,"Schulstr., Schulstr. 1",49504,Lotte,52.30539368720412,7.9786525185749175,ogc-api-nrw
123821,"Hörstel, KG St. Antonius",Grundschule,"Auf der Burg, Auf der Burg 4",48477,Hörstel,52.271344905445886,7.5802753198123245,ogc-api-nrw
123833,"Hörstel, KG St. Anna",Grundschule,"Jahnstr., Jahnstr. 8",48477,Hörstel,52.33350286352299,7.503931689285002,ogc-api-nrw
123857,"Hörstel, KG St. Ludgerus",Grundschule,"Ibbenbürener Str., Ibbenbürener Str. 11",48477,Hörstel,52.300759710694976,7.589659577167967,ogc-api-nrw
123869,"Hörstel, KG St.Bonifatius Schule",Grundschule,"Riehenweg, Riehenweg 28",48477,Hörstel,52.244740335394475,7.648489073718944,ogc-api-nrw
123870,"Hörstel, KG Sünte-Rendel",Grundschule,"Sünte-Rendel-Str., Sünte-Rendel-Str. 16",48477,Hörstel,52.26177354446937,7.628555748861445,ogc-api-nrw
123882,"Tecklenburg, GG (Verb) Teutoburger Wald",Grundschule,"Am Mühlenteich, Am Mühlenteich 8",49545,Tecklenburg,52.224504210840045,7.744839947465348,ogc-api-nrw
123924,"Warendorf, EG Bodelschwinghschule",Grundschule,"Königsberger Str., Königsberger Str. 2",48231,Warendorf,51.946550854648535,7.981950178050331,ogc-api-nrw
123936,"Warendorf, GG Laurentiusschule",Grundschule,"Dr.-Leve-Str., Dr.-Leve-Str. 9",48231,Warendorf,51.94464801882236,7.991741181534807,ogc-api-nrw
123948,"Warendorf, KG Overbergschule",Grundschule,"Barentiner Str., Barentiner Str. 8",48231,Warendorf,51.95267643049745,7.98223345132642,ogc-api-nrw
123950,"Warendorf, KG Josef",Grundschule,"Kapellenstr., Kapellenstr. 27",48231,Warendorf,51.95891217556299,7.999571287761171,ogc-api-nrw
123961,"Everswinkel, KG (Verb.) am Kehlbach",Grundschule,"Worthstr., Worthstr. 1",48351,Everswinkel,51.92480640669389,7.842467779683673,ogc-api-nrw
123973,"Sassenberg, KG Johannes",Grundschule,"Brookstr., Brookstr. 9",48336,Sassenberg,51.98912980596175,8.043680814295076,ogc-api-nrw
123985,"Sassenberg, GG Wilh.-Emanuel-v.-Ketteler",Grundschule,"Von-Korff-Str., Von-Korff-Str. 8",48336,Sassenberg,52.05086750442175,8.027677619180515,ogc-api-nrw
123997,"Warendorf, GG Dechant-Wessing-Schule",Grundschule,"Dechant-Wessing-Str., Dechant-Wessing-Str. 28",48231,Warendorf,51.87103297357571,7.910796952180956,ogc-api-nrw
124000,"Warendorf, KG Everwordschule",Grundschule,"Am Wörden, Am Wörden 1",48231,Warendorf,51.91731911289351,7.970499436614028,ogc-api-nrw
124011,"Beelen, GG Gaffelstadt",Grundschule,"Gaffelstadt, Gaffelstadt 7",48361,Beelen,51.933151076633585,8.116317967350508,ogc-api-nrw
124059,"Harsewinkel, KG Kardinal-von-Galen",Grundschule,"Am Pfingstknapp, Am Pfingstknapp 10",33428,Harsewinkel,51.96219387792858,8.222228673708706,ogc-api-nrw
124060,"Harsewinkel,GG(Verb.)Astrid-Lind/St.Joh.",Grundschule,"Overbergstr., Overbergstr. 19",33428,Harsewinkel,51.96416561565323,8.213155745108281,ogc-api-nrw
124084,"Harsewinkel, GG Marienschule",Grundschule,"Klosterstr., Klosterstr. 11",33428,Marienfeld,51.948468212490106,8.282310795471469,ogc-api-nrw
124102,"Warendorf, KG (Verb) W.-Achtermann-Milte",Grundschule,"Schulstr., Schulstr. 12",48231,Warendorf,51.9997802958331,7.946248295257992,ogc-api-nrw
124114,"Ostbevern, KG Ambrosius",Grundschule,"Schulstr., Schulstr. 5",48346,Ostbevern,52.03520476765024,7.840799370243934,ogc-api-nrw
124126,"Bielefeld, KG Klosterschule",Grundschule,"Klosterplatz, Klosterplatz 3a",33602,Bielefeld,52.02068963187074,8.529195428632109,ogc-api-nrw
124138,"Bielefeld, GG Sudbrack",Grundschule,"Klarhorststr., Klarhorststr. 8",33613,Bielefeld,52.04181595345136,8.530825183264946,ogc-api-nrw
124151,"Bielefeld, GG Osningschule",Grundschule,"Neue Str., Neue Str. 13-15",33605,Bielefeld,52.0014164736924,8.560367306330793,ogc-api-nrw
124163,"Bielefeld, GG Diesterwegschule",Grundschule,"Rohrteichstr., Rohrteichstr. 73",33602,Bielefeld,52.014688966263044,8.541950116527302,ogc-api-nrw
124175,"Bielefeld, GG Volkeningschule",Grundschule,"Petristr., Petristr. 48",33609,Bielefeld,52.031625106004356,8.564910632054913,ogc-api-nrw
124187,"Bielefeld, GG Eichendorffschule",Grundschule,"Weihestr., Weihestr. 4-6",33613,Bielefeld,52.045464155451775,8.52135280013084,ogc-api-nrw
124199,"Bielefeld, GG (Verb.) Wel-Hob-Uer",Grundschule,"Wellensiek, Wellensiek 208",33619,Bielefeld,52.03851308691849,8.486918140314394,ogc-api-nrw
124205,"Bielefeld, GG Rußheideschule",Grundschule,"Spindelstr., Spindelstr. 119",33604,Bielefeld,52.01832097105266,8.56559347033272,ogc-api-nrw
124217,"Bielefeld, GG Plaß",Grundschule,"Meyer-zu-Eissen-Weg, Meyer-zu-Eissen-Weg 4",33611,Bielefeld,52.05035113011375,8.559493481165042,ogc-api-nrw
124229,"Bielefeld, GG (Verb.) Hellingskampschule",Grundschule,"Herforder Str., Herforder Str. 263",33609,Bielefeld,52.03861358061038,8.565586325747024,ogc-api-nrw
124230,"Bielefeld, GG Bückardtschule",Grundschule,"Heeper Str., Heeper Str. 50",33607,Bielefeld,52.02104232262257,8.545747194058057,ogc-api-nrw
124242,"Bielefeld, GG Wellbachschule",Grundschule,"Am Wellbach, Am Wellbach 21",33609,Bielefeld,52.04702134420622,8.588471307978864,ogc-api-nrw
124254,"Bielefeld, GG Martinschule",Grundschule,"Deckertstr., Deckertstr. 1",33617,Bielefeld,52.01060012549498,8.519889046070952,ogc-api-nrw
124266,"Bielefeld, GG Stieghorst",Grundschule,"Detmolder Str., Detmolder Str. 415",33605,Bielefeld,51.99851998380743,8.584764839065894,ogc-api-nrw
124278,"Bielefeld, GG Fröbelschule",Grundschule,"Fröbelstr., Fröbelstr. 7",33604,Bielefeld,52.01383531303106,8.549069545214895,ogc-api-nrw
124280,"Bielefeld, GG Stapenhorstschule",Grundschule,"Große-Kurfürsten-Str., Große-Kurfürsten-Str. 53",33615,Bielefeld,52.0257389618646,8.5238225317658,ogc-api-nrw
124291,"Bielefeld, GG Stifts",Grundschule,"Stapelbrede, Stapelbrede 65",33611,Bielefeld,52.05536625855897,8.537888065050598,ogc-api-nrw
124308,"Bielefeld, GG Frölenbergschule",Grundschule,"Schulstr., Schulstr. 29",33647,Bielefeld,51.99329436014067,8.50945666085111,ogc-api-nrw
124310,"Bielefeld, GG Vogelruthschule",Grundschule,"Wikingerstr., Wikingerstr. 15",33647,Bielefeld,51.98903691526877,8.510493471262246,ogc-api-nrw
124321,"Bielefeld, GG Brocker Schule",Grundschule,"Von-Möller-Str., Von-Möller-Str. 54",33649,Bielefeld,51.98459763344609,8.485714230321983,ogc-api-nrw
124333,"Bielefeld, GG Queller-Schule",Grundschule,"Carl-Severing-Str., Carl-Severing-Str. 165",33649,Bielefeld,51.99640491376328,8.471945637374427,ogc-api-nrw
124345,"Bielefeld, GG Ummeln",Grundschule,"Quittenweg, Quittenweg 15",33649,Bielefeld,51.9719241243822,8.458505657758018,ogc-api-nrw
124357,"Bielefeld, GG Südschule",Grundschule,"Wilhelm-Thielke-Str., Wilhelm-Thielke-Str. 33",33647,Bielefeld,51.979088584012395,8.50732593791895,ogc-api-nrw
124370,"Schloß Holte-Stukenbrock, GG Michael",Grundschule,"Forellenweg, Forellenweg 5-11",33758,Schloß Holte-Stukenbrock,51.87457085784738,8.614523801875151,ogc-api-nrw
124382,"Schloß Holte-Stukenbrock, KG Stukenbrock",Grundschule,"Pfarrer-Huckschlag-Weg, Pfarrer-Huckschlag-Weg 7",33758,Schloß Holte-Stukenbrock,51.91020288257493,8.65818028993673,ogc-api-nrw
124394,"Bielefeld, GG Bahnhofschule",Grundschule,"Buschkampstr., Buschkampstr. 134",33659,Bielefeld,51.95671091362087,8.53411522961497,ogc-api-nrw
124400,"Bielefeld, GG Windflöte",Grundschule,"An der Windflöte, An der Windflöte 38",33659,Bielefeld,51.94990017383134,8.500137842433498,ogc-api-nrw
124412,"Bielefeld, GG Buschkamp",Grundschule,"Am Flugplatz, Am Flugplatz 40",33659,Bielefeld,51.967757782349075,8.549473914753891,ogc-api-nrw
124424,"Bielefeld, GG Brüder-Grimm-Schule",Grundschule,"Am Stadion, Am Stadion 181",33689,Bielefeld,51.9531116709497,8.601976737586826,ogc-api-nrw
124436,"Bielefeld, GG Hans-Christian-Andersen",Grundschule,"Vennhofallee, Vennhofallee 85",33689,Bielefeld,51.949189467669136,8.578134667221681,ogc-api-nrw
124448,"Bielefeld, GG Astrid-Lindgren-Schule",Grundschule,"Werraweg, Werraweg 54",33689,Bielefeld,51.9527336087948,8.588767510630205,ogc-api-nrw
124450,"Bielefeld, GG Babenhausen",Grundschule,"Babenhauser Str., Babenhauser Str. 155",33619,Bielefeld,52.058296379401405,8.491796481067775,ogc-api-nrw
124461,"Bielefeld,GG (Verb) Dornberg-Schröttingh",Grundschule,"Großer Kamp, Großer Kamp 47",33619,Bielefeld,52.04560461802909,8.450499833797991,ogc-api-nrw
124497,"Bielefeld, GG Altenhagen",Grundschule,"Kafkastr., Kafkastr. 38",33729,Bielefeld,52.04648127596146,8.640503824694097,ogc-api-nrw
124503,"Bielefeld, GG Brake",Grundschule,"Am Bohnenkamp, Am Bohnenkamp 15",33729,Bielefeld,52.074374930786036,8.602504251029401,ogc-api-nrw
124515,"Bielefeld, GG Am Homersen",Grundschule,"Rüggesiek, Rüggesiek 11",33719,Bielefeld,52.03073475545653,8.611127104367355,ogc-api-nrw
124527,"Bielefeld, GG Heeperholz",Grundschule,"Wedepohlstr., Wedepohlstr. 1",33719,Bielefeld,52.022807789268775,8.606634185492842,ogc-api-nrw
124539,"Bielefeld, GG Hillegossen",Grundschule,"Detmolder Str., Detmolder Str. 613",33699,Bielefeld,51.992973868036074,8.611512566086637,ogc-api-nrw
124540,"Bielefeld, GG Milse",Grundschule,"Elverdisser Str., Elverdisser Str. 2-4",33729,Bielefeld,52.058291132900386,8.613600782056414,ogc-api-nrw
124552,"Bielefeld, GG Oldentrup",Grundschule,"Krähenwinkel, Krähenwinkel 2",33719,Bielefeld,52.01131565311161,8.606137584136308,ogc-api-nrw
124564,"Bielefeld, GG Ubbedissen",Grundschule,"Detmolder Str., Detmolder Str. 697",33699,Bielefeld,51.985993344580365,8.632848133045472,ogc-api-nrw
124576,"Bielefeld, GG Dreekerheide",Grundschule,"Bargholzstr., Bargholzstr. 32",33739,Bielefeld,52.098407460669726,8.500815317679153,ogc-api-nrw
124588,"Bielefeld, GG Theesen",Grundschule,"Theesener Str., Theesener Str. 34",33739,Bielefeld,52.068799799850765,8.52237257798807,ogc-api-nrw
124590,"Bielefeld, GG Vilsendorf",Grundschule,"Bardenhorst, Bardenhorst 20",33739,Bielefeld,52.07181264842509,8.55001766144328,ogc-api-nrw
124606,"Büren, GG (Verb.) Wegwarte",Grundschule,"Briloner Str., Briloner Str. 23",33142,Büren,51.550580090859036,8.555496078968002,ogc-api-nrw
124618,"Lichtenau, KG Altenautal",Grundschule,"Zum Heiligenstock, Zum Heiligenstock 30",33165,Lichtenau,51.59305957321318,8.788021719740096,ogc-api-nrw
124631,"Bad Wünnenberg, KG Haaren",Grundschule,"Kirchweg, Kirchweg 7",33181,Bad Wünnenberg,51.566495075347596,8.725688141259877,ogc-api-nrw
124679,"Büren, KG (Verb.) Almetal",Grundschule,"Meinolfusstr., Meinolfusstr. 1",33142,Büren,51.60743429150663,8.654321521293241,ogc-api-nrw
124692,"Lichtenau, KG Kilianstr.",Grundschule,"Kilianstr., Kilianstr. 3",33165,Lichtenau,51.613181943820436,8.893516328856805,ogc-api-nrw
124709,"Delbrück, KG Lippe-Grundschule",Grundschule,"Landolinusplatz, Landolinusplatz 9",33129,Delbrück,51.73011459178369,8.567478502862203,ogc-api-nrw
124722,"Salzkotten, KG Tudorf",Grundschule,"Im Hagen, Im Hagen 16",33154,Salzkotten,51.632341258416645,8.676512986046836,ogc-api-nrw
124734,"Salzkotten, KG Liboriusschule",Grundschule,"Am Alten Hellweg, Am Alten Hellweg 1",33154,Salzkotten,51.66536460049746,8.605110514519865,ogc-api-nrw
124746,"Salzkotten, KG (Verb.) Scharmede-Thüle",Grundschule,"Bahnhofstr., Bahnhofstr. 13",33154,Salzkotten,51.713981786587496,8.632912599223443,ogc-api-nrw
124771,"Salzkotten, KG (Verb.) Verne-Verlar",Grundschule,"Marienstr., Marienstr. 10",33154,Salzkotten,51.680943294120624,8.568308746540435,ogc-api-nrw
124801,"Bad Wünnenberg, KG Fürstenberg",Grundschule,"Poststr., Poststr. 3",33181,Bad Wünnenberg,51.51649467373203,8.742605412804124,ogc-api-nrw
124825,"Marsberg, GG Egge-Diemel-Schule",Grundschule,"Franziskusstr., Franziskusstr. 4",34431,Marsberg,51.493310278556585,8.910245749184377,ogc-api-nrw
124850,"Bad Wünnenberg, KG Schulstr.",Grundschule,"Schulstr., Schulstr. 8",33181,Bad Wünnenberg,51.519895044943006,8.697978344493938,ogc-api-nrw
124862,"Augustdorf, GG in der Senne",Grundschule,"Schlingweg, Schlingweg 22",32832,Augustdorf,51.9107366823704,8.748716884022086,ogc-api-nrw
124874,"Blomberg, GG Reelkirchen",Grundschule,"Fasanenweg, Fasanenweg 3",32825,Blomberg,51.917213166859895,9.032845230155745,ogc-api-nrw
124898,"Blomberg, GG am Weinberg",Grundschule,"Schulstr., Schulstr. 11",32825,Blomberg,51.94487649575199,9.089125122954574,ogc-api-nrw
124904,"Blomberg, GG Großenmarpe",Grundschule,"Turnhallenstr., Turnhallenstr. 9",32825,Blomberg,51.97528055981106,9.017717705810961,ogc-api-nrw
124941,"Detmold, GG (Verb.) Oetternbachschule",Grundschule,"Lagesche Str., Lagesche Str. 191",32756,Detmold,51.95421484736158,8.861016815558312,ogc-api-nrw
124953,"Detmold, GG Schule am Leistruper Wald",Grundschule,"Leistruper-Wald-Str., Leistruper-Wald-Str. 13",32760,Detmold,51.92974976811103,8.950202123361082,ogc-api-nrw
124965,"Detmold, GG Kusselberg-Schule",Grundschule,"Am Zwiebelkamp, Am Zwiebelkamp 8",32758,Detmold,51.94282865557002,8.786566155200578,ogc-api-nrw
124977,"Detmold, GG Heidenoldendorf",Grundschule,"Adolf-Meier-Str., Adolf-Meier-Str. 40",32758,Detmold,51.944728955075355,8.83306912294324,ogc-api-nrw
124989,"Detmold, GG Hasselbachschule",Grundschule,"Stifterstr., Stifterstr. 2",32758,Detmold,51.951297839087715,8.807188034723124,ogc-api-nrw
124990,"Detmold, GG (Verb.) Freiligrathschule",Grundschule,"Berliner Allee, Berliner Allee 50",32756,Detmold,51.924844859624905,8.880884928524386,ogc-api-nrw
125003,"Detmold, GG Hiddesen",Grundschule,"Jahnstr., Jahnstr. 15a",32760,Detmold,51.926852359290955,8.844478872226208,ogc-api-nrw
125015,"Detmold, GG Bachschule",Grundschule,"Emilienstr., Emilienstr. 37-41",32756,Detmold,51.936906036478696,8.867921514106891,ogc-api-nrw
125027,"Detmold, GG Heiligenkirchen",Grundschule,"Hohler Weg, Hohler Weg 10",32760,Detmold,51.90657039409602,8.876456096813984,ogc-api-nrw
125039,"Detmold, GG (Verb.) Bildungshaus Weerth",Grundschule,"Siegfriedstr., Siegfriedstr. 4",32756,Detmold,51.93866672926495,8.883481273581893,ogc-api-nrw
125052,"Lage, GG Sedanplatz",Grundschule,"Sedanplatz, Sedanplatz 3",32791,Lage,51.99114135719439,8.799021500167532,ogc-api-nrw
125064,"Lage, GG (Verb.) Bunte Schule",Grundschule,"Hörster Bruch, Hörster Bruch 18",32791,Lage,51.94517882859763,8.755973445239386,ogc-api-nrw
125088,"Lage, GG Waddenhausen",Grundschule,"Altdorferstr., Altdorferstr. 60",32791,Lage,52.01689692283511,8.772355855676755,ogc-api-nrw
125090,"Lage, GG Heiden",Grundschule,"Clausewitzstr., Clausewitzstr. 3",32791,Lage,51.98128013921046,8.848338267664872,ogc-api-nrw
125106,"Lage, GG Ehrentrup",Grundschule,"In der Bülte, In der Bülte 52",32791,Lage,51.986669701949054,8.792037086684818,ogc-api-nrw
125118,"Lage, GG Kachtenhausen",Grundschule,"Am Sportplatz, Am Sportplatz 17",32791,Lage,51.97924914732726,8.744795699350783,ogc-api-nrw
125120,"Lügde, GG Marienschule",Grundschule,"Waldstr., Waldstr. 1",32676,Lügde,51.958555043048605,9.253704234304964,ogc-api-nrw
125155,"Lügde, GG Rischenau",Grundschule,"Müernstr., Müernstr. 2",32676,Lügde,51.88025758468646,9.286328628358222,ogc-api-nrw
125167,"Horn-Bad Meinberg, GG Horn",Grundschule,"Franz-Hausmann-Str., Franz-Hausmann-Str. 16",32805,Horn-Bad Meinberg,51.86903902476048,8.944096421420959,ogc-api-nrw
125180,"Horn-Bad Meinberg, GG am Silvaticum",Grundschule,"Am Müllerberg, Am Müllerberg 5",32805,Horn-Bad Meinberg,51.89763290306965,8.977095361544324,ogc-api-nrw
125210,"Schieder-Schwalenberg,GG Alexander-Zeiss",Grundschule,"Brinkfeldweg, Brinkfeldweg 2",32816,Schieder-Schwalenberg,51.87554234929257,9.19610483218612,ogc-api-nrw
125222,"Schieder-Schwalenberg, GG am Schloßpark",Grundschule,"Parkallee, Parkallee 7",32816,Schieder-Schwalenberg,51.91680264318384,9.153756191194894,ogc-api-nrw
125234,"Schlangen, GG Rosenstr.",Grundschule,"Friedrich-Copei-Platz, Friedrich-Copei-Platz 2",33189,Schlangen,51.81151775317427,8.840814564951616,ogc-api-nrw
125246,"Schlangen, GG Sennerand",Grundschule,"Zur Kammersenne, Zur Kammersenne 14",33189,Schlangen,51.83674033943899,8.835849003255815,ogc-api-nrw
125258,"Borgholzhausen,GG (Verb.) Violenbachsch.",Grundschule,"Osningstr., Osningstr. 10",33829,Borgholzhausen,52.101339795714686,8.307205007146402,ogc-api-nrw
125271,"Steinhagen, GG Amshausen",Grundschule,"Auf dem Kampe, Auf dem Kampe 2",33803,Steinhagen,52.02259977193101,8.419287294289195,ogc-api-nrw
125283,"Steinhagen, GG Brockhagen",Grundschule,"Kellerstr., Kellerstr. 20-22",33803,Steinhagen,51.98919994157369,8.339461470363148,ogc-api-nrw
125295,"Halle, GG Gartnisch",Grundschule,"Bredenstr., Bredenstr. 1",33790,Halle (Westf.),52.0518592023251,8.370767638603713,ogc-api-nrw
125301,"Halle, GG Hörste",Grundschule,"Ruthebachstr., Ruthebachstr. 8",33790,Halle (Westf.),52.04618317953975,8.30317334692215,ogc-api-nrw
125313,"Halle, GG Künsebeck",Grundschule,"Teutoburger Str., Teutoburger Str. 14",33790,Halle (Westf.),52.035947853625224,8.383193184228608,ogc-api-nrw
125325,"Steinhagen, GG Pestalozzistr.",Grundschule,"Pestalozzistr., Pestalozzistr. 1",33803,Steinhagen,52.007738950508,8.41956708273746,ogc-api-nrw
125349,"Versmold, GG (Verb.) Loxten-Bockhorst",Grundschule,"Mittel-Loxten, Mittel-Loxten 4",33775,Versmold,52.05920869214718,8.159428888911167,ogc-api-nrw
125362,"Versmold, GG (Verb) Peckeloh-Oesterweg",Grundschule,"Peckeloh, Peckeloh 12",33775,Versmold,52.01992512424877,8.123469642125078,ogc-api-nrw
125374,"Versmold, GG Sonnenschule",Grundschule,"Wersestr., Wersestr. 18",33775,Versmold,52.03773915417143,8.144610986606903,ogc-api-nrw
125398,"Werther, GG (Verb.) Werther-Langenheide",Grundschule,"Mühlenstr., Mühlenstr. 8",33824,Werther (Westf.),52.07294116820743,8.417627643192267,ogc-api-nrw
125404,"Bünde, EG Holsen-Ahle",Grundschule,"Engelmannstr., Engelmannstr. 17",32257,Bünde,52.20566568786095,8.515404134468028,ogc-api-nrw
125416,"Bünde, GG Bustedt",Grundschule,"An der Waldstr., An der Waldstr. 11-13",32257,Bünde,52.177073144077944,8.598693807883004,ogc-api-nrw
125428,"Bünde, GG Ennigloh",Grundschule,"Schulstr., Schulstr. 48",32257,Bünde,52.20330164479942,8.547227421200063,ogc-api-nrw
125430,"Bünde, GG Bünde-Mitte",Grundschule,"Haßkampstr., Haßkampstr. 42-50",32257,Bünde,52.19274764837413,8.584171848249422,ogc-api-nrw
125465,"Bünde, GG Hunnebrock",Grundschule,"Eichholzstr., Eichholzstr. 37",32257,Bünde,52.18322111309419,8.580121436272167,ogc-api-nrw
125477,"Bünde, GG Spradow",Grundschule,"Meyerhofstr., Meyerhofstr. 10",32257,Bünde,52.21059863823074,8.601084709909868,ogc-api-nrw
125489,"Bünde, GG Südlengerheide",Grundschule,"Max-Planck-Str., Max-Planck-Str. 58",32257,Bünde,52.19108531590579,8.608091120867726,ogc-api-nrw
125490,"Bünde, EG Dünne",Grundschule,"Lessingstr., Lessingstr. 5-7",32257,Bünde,52.22712647080107,8.583718986037363,ogc-api-nrw
125507,"Enger, GG Westerenger",Grundschule,"Holunderweg, Holunderweg 69",32130,Enger,52.13720580721507,8.510054455012689,ogc-api-nrw
125519,"Enger, GG Oldinghausen/Pödinghausen",Grundschule,"Schulstr., Schulstr. 84",32130,Enger,52.120551970254766,8.569215744559358,ogc-api-nrw
125520,"Enger, GG Poststr.",Grundschule,"Poststr., Poststr. 17",32130,Enger,52.13901562909691,8.55376816801103,ogc-api-nrw
125532,"Enger, GG Belke-Steinbeck",Grundschule,"Humboldtstr., Humboldtstr. 20",32130,Enger,52.15461887370927,8.576867884670534,ogc-api-nrw
125544,"Herford, KG Wilhelm-Oberhaus-Schule",Grundschule,"Schulwall, Schulwall 5",32052,Herford,52.11834618652203,8.671619118190488,ogc-api-nrw
125556,"Herford, GG Herringhausen",Grundschule,"Auf der Heide, Auf der Heide 6",32051,Herford,52.12796322701227,8.625327818065527,ogc-api-nrw
125568,"Herford, GG Eickum",Grundschule,"Stedefreunder Str., Stedefreunder Str. 48",32051,Herford,52.11066412203846,8.584833671709154,ogc-api-nrw
125570,"Herford, GG Mindener Str.",Grundschule,"Mindener Str., Mindener Str. 98",32049,Herford,52.1260162773097,8.685147843387808,ogc-api-nrw
125581,"Herford, GG Falkstr.",Grundschule,"Falkstr., Falkstr. 10",32052,Herford,52.10778620497584,8.66991528906141,ogc-api-nrw
125593,"Herford, GG Altensenne",Grundschule,"Elverdisser Str., Elverdisser Str. 198",32052,Herford,52.09736861597243,8.65212388903165,ogc-api-nrw
125600,"Herford, GG Radewig",Grundschule,"Diebrocker Str., Diebrocker Str. 94",32051,Herford,52.11713328151068,8.647019045712417,ogc-api-nrw
125611,"Herford, GG Stiftberg",Grundschule,"Steinweg, Steinweg 23",32049,Herford,52.11574351911618,8.686549209895627,ogc-api-nrw
125623,"Herford, GG Landsberger Straße",Grundschule,"Landsberger Str., Landsberger Str. 19",32049,Herford,52.13197797308189,8.699233284608146,ogc-api-nrw
125635,"Herford, GG Elverdissen",Grundschule,"Schulstr., Schulstr. 30",32052,Herford,52.07963947277208,8.649372414774563,ogc-api-nrw
125647,"Hiddenhausen, EG Sundern",Grundschule,"Siedlungstr., Siedlungstr. 11",32120,Hiddenhausen,52.137325571293815,8.64967944935208,ogc-api-nrw
125659,"Hiddenhausen, GG (Verb.) Regenbogen",Grundschule,"Alter Kirchweg, Alter Kirchweg 11",32120,Hiddenhausen,52.153205790132006,8.66604227189589,ogc-api-nrw
125702,"Hiddenhausen, GG (Verb) Paul-Maar-Schule",Grundschule,"Schulstr., Schulstr. 31",32120,Hiddenhausen,52.17025931018034,8.629271536675985,ogc-api-nrw
125714,"Kirchlengern, GG Stift Quernheim",Grundschule,"Stiftstr., Stiftstr. 57",32278,Kirchlengern,52.24139661008926,8.630216806436325,ogc-api-nrw
125726,"Kirchlengern, GG (Verb.) Elseaue",Grundschule,"Lübbecker Str., Lübbecker Str. 69a",32278,Kirchlengern,52.20008861562855,8.64027533720472,ogc-api-nrw
125751,"Löhne, EG Löhne-Bahnhof",Grundschule,"Königstr., Königstr. 47",32584,Löhne,52.19217367387755,8.714802417382757,ogc-api-nrw
125763,"Löhne, EG Löhne-Ort",Grundschule,"Neuer Kamp, Neuer Kamp 14",32584,Löhne,52.17997076164107,8.682149058396504,ogc-api-nrw
125775,"Löhne, EG Gohfeld",Grundschule,"Goethestr., Goethestr. 25",32584,Löhne,52.19841308195756,8.76355799958299,ogc-api-nrw
125787,"Löhne, GG Melbergen-Wittel",Grundschule,"Goethestr., Goethestr. 69",32584,Löhne,52.19879387402154,8.774368625010526,ogc-api-nrw
125799,"Löhne, EG Ostscheid",Grundschule,"Siemshofer Kirchstr., Siemshofer Kirchstr. 57-59",32584,Löhne,52.219488244732716,8.734462340389697,ogc-api-nrw
125817,"Löhne, EG (Verb.) Menninghüffen-Halstern",Grundschule,"Zur Schule, Zur Schule 4",32584,Löhne,52.22044509577431,8.709380739820325,ogc-api-nrw
125829,"Löhne, EG Obernbeck",Grundschule,"Bahnhofstr., Bahnhofstr. 151",32584,Löhne,52.209517397264136,8.690119213835382,ogc-api-nrw
125842,"Rödinghausen,GG Am Wiehen",Grundschule,"An der Stertwelle, An der Stertwelle 32",32289,Rödinghausen,52.24780868300928,8.50543876456042,ogc-api-nrw
125878,"Rödinghausen, EG Bruchmühlen-Ostkilver",Grundschule,"Niedernfeld, Niedernfeld 5",32289,Rödinghausen,52.21230561169213,8.458588072023964,ogc-api-nrw
125880,"Spenge, GG Spenge/ Hücker-Aschen",Grundschule,"Schulstr., Schulstr. 1",32139,Spenge,52.14381471430124,8.48078407478047,ogc-api-nrw
125891,"Spenge, GG (Verb.) Spenge-Land",Grundschule,"Turnerstr., Turnerstr. 5",32139,Spenge,52.11748952342672,8.484887281469097,ogc-api-nrw
125910,"Vlotho, GG Herforder Str.",Grundschule,"Herforder Str., Herforder Str. 8",32602,Vlotho,52.16545926132366,8.856719149172898,ogc-api-nrw
125921,"Vlotho, GG Hans-Schwarze",Grundschule,"Topsundernweg, Topsundernweg 18",32602,Vlotho,52.149500877423684,8.856843456186155,ogc-api-nrw
125969,"Beverungen, GG (Verb) d.Stadt Beverungen",Grundschule,"Kolpingstr., Kolpingstr. 2-4",37688,Beverungen,51.66202353570189,9.37451807061702,ogc-api-nrw
126123,"Höxter, KG Lüchtringen",Grundschule,"Lambertweg, Lambertweg 18",37671,Höxter,51.791788755278645,9.422004619963838,ogc-api-nrw
126135,"Höxter, KG Albaxen",Grundschule,"Wehrstr., Wehrstr. 21",37671,Höxter,51.82050567786468,9.404470735087772,ogc-api-nrw
126159,"Höxter, GG Ottbergen",Grundschule,"In der Woort, In der Woort 16",37671,Höxter,51.70790835167671,9.302273443111998,ogc-api-nrw
126184,"Höxter, KG Petrischule",Grundschule,"An der Petrischule, An der Petrischule 1",37671,Höxter,51.772075878487385,9.372587619331881,ogc-api-nrw
126196,"Höxter, GG Schule am Nicolaitor",Grundschule,"Rohrweg, Rohrweg 10",37671,Höxter,51.77865696000578,9.383948091333004,ogc-api-nrw
126240,"Marienmünster, KG Schulstraße",Grundschule,"Schulstr., Schulstr. 3",37696,Marienmünster,51.81859739768559,9.232635260333046,ogc-api-nrw
126251,"Nieheim, KG Zur Warte",Grundschule,"Zur Warte, Zur Warte 14",33039,Nieheim,51.800977253829366,9.115307823031223,ogc-api-nrw
126317,"Steinheim, GG an den Linden",Grundschule,"Schulweg, Schulweg 3",32839,Steinheim,51.8464352301286,9.031675889152138,ogc-api-nrw
126330,"Barntrup, GG (Verb.) von Haxthausen",Grundschule,"Große Twete, Große Twete 2",32683,Barntrup,51.988280833851825,9.114827099776193,ogc-api-nrw
126380,"Lemgo, GG Kirchheide",Grundschule,"Wilhelm-Stölting-Weg, Wilhelm-Stölting-Weg 12",32657,Lemgo,52.08214387349628,8.866179843019054,ogc-api-nrw
126408,"Lemgo, GG Lemgo-West",Grundschule,"Bielefelder Str., Bielefelder Str. 164",32657,Lemgo,52.02582105766831,8.828453200547164,ogc-api-nrw
126410,"Lemgo, GG Südschule",Grundschule,"Am Stiftsland, Am Stiftsland 8",32657,Lemgo,52.01528984033883,8.894983245151709,ogc-api-nrw
126421,"Lemgo, GG Kampstr.",Grundschule,"Kampstr., Kampstr. 4",32657,Lemgo,52.032744558242534,8.898790730547105,ogc-api-nrw
126433,"Lemgo, GG Am Schloss",Grundschule,"Güldene Mine, Güldene Mine 1",32657,Lemgo,52.01433417206568,8.913913453409062,ogc-api-nrw
126445,"Oerlinghausen,GG (Verb) Oerlinghausen",Grundschule,"Albert-Schweitzer-Str., Albert-Schweitzer-Str. 50",33813,Oerlinghausen,51.942636453191376,8.655998937916872,ogc-api-nrw
126457,"Oerlinghausen, GG Helpup",Grundschule,"Lagesche Str., Lagesche Str. 26",33813,Oerlinghausen,51.96903480448951,8.709626932807378,ogc-api-nrw
126469,"Bad Salzuflen, GG Knetterheide",Grundschule,"Asper Platz, Asper Platz 19",32107,Bad Salzuflen,52.06200101419631,8.728337289259546,ogc-api-nrw
126470,"Bad Salzuflen, GG Lockhausen",Grundschule,"Schötmarsche Str., Schötmarsche Str. 2",32107,Bad Salzuflen,52.06418392187601,8.684284548335164,ogc-api-nrw
126494,"Bad Salzuflen, GG Wüsten",Grundschule,"Kirchheider Str., Kirchheider Str. 44",32108,Bad Salzuflen,52.098424649798005,8.80128423599807,ogc-api-nrw
126500,"Bad Salzuflen, GG Ahornstr.",Grundschule,"Ahornstr., Ahornstr. 7",32105,Bad Salzuflen,52.08198461918257,8.751375448322335,ogc-api-nrw
126512,"Bad Salzuflen, GG Elkenbreder Weg",Grundschule,"Elkenbreder Weg, Elkenbreder Weg 20",32105,Bad Salzuflen,52.09127505326294,8.736158291572433,ogc-api-nrw
126524,"Bad Salzuflen, GG Schötmar-Wasserfuhr",Grundschule,"Wasserfuhr, Wasserfuhr 112",32108,Bad Salzuflen,52.0686844456466,8.767686761719288,ogc-api-nrw
126536,"Bad Salzuflen, GG Schötmar Kirchplatz",Grundschule,"Am Kirchplatz, Am Kirchplatz 3",32108,Bad Salzuflen,52.07186368858414,8.757019611979702,ogc-api-nrw
126561,"Extertal, GG Silixen",Grundschule,"Im Graben, Im Graben 12",32699,Extertal,52.13521931922423,9.067310989380308,ogc-api-nrw
126573,"Extertal, GG Bösingfeld",Grundschule,"Hummerbrucher Str., Hummerbrucher Str. 9a",32699,Extertal,52.066443784507584,9.127573263434892,ogc-api-nrw
126597,"Dörentrup, GG (Verb.) Dörentrup",Grundschule,"Grenzstr., Grenzstr. 2",32694,Dörentrup,52.03904549496352,9.006823072360257,ogc-api-nrw
126615,"Kalletal, GG Hohenhausen",Grundschule,"Hohle Str., Hohle Str. 5",32689,Kalletal,52.10361711109482,8.951804539312132,ogc-api-nrw
126627,"Kalletal, GG Am Teimer",Grundschule,"Am Teimer, Am Teimer 5",32689,Kalletal,52.07825769952611,8.940231225047661,ogc-api-nrw
126639,"Kalletal, GG Am Habichtsberg",Grundschule,"An der Heide, An der Heide 6",32689,Kalletal,52.14552908986716,8.969909849199325,ogc-api-nrw
126640,"Leopoldshöhe, GG Nord",Grundschule,"Schulstr., Schulstr. 21",33818,Leopoldshöhe,52.017486032852645,8.691447766683343,ogc-api-nrw
126652,"Leopoldshöhe, GG Asemissen",Grundschule,"Berliner Str., Berliner Str. 10",33818,Leopoldshöhe,51.98446148836019,8.674506690480118,ogc-api-nrw
126664,"Lübbecke, GG Im Kleinen Feld",Grundschule,"Vom-Stein-Str., Vom-Stein-Str. 3",32312,Lübbecke,52.30680467779746,8.61384630970693,ogc-api-nrw
126690,"Espelkamp, GG am Auewald",Grundschule,"Koloniestr., Koloniestr. 63",32339,Espelkamp,52.381369018007426,8.596873565296931,ogc-api-nrw
126706,"Espelkamp, GG Mittwaldschule",Grundschule,"Isenstedter Str., Isenstedter Str. 75",32339,Espelkamp,52.38255447847899,8.629450023236133,ogc-api-nrw
126720,"Stemwede,GG Dr.Jürgen u. Irmgard Ulderup",Grundschule,"Süsterstr., Süsterstr. 7",32351,Stemwede,52.424647410392254,8.378635427577855,ogc-api-nrw
126731,"Stemwede, GG Oppenwehe",Grundschule,"Wagenfelder Str., Wagenfelder Str. 17",32351,Stemwede,52.47105223530786,8.525346500445366,ogc-api-nrw
126780,"Hüllhorst, EG Oberbauerschaft",Grundschule,"Oberbauerschafter Str., Oberbauerschafter Str. 159",32609,Hüllhorst,52.26684340503037,8.608932832595242,ogc-api-nrw
126792,"Hüllhorst, GG Mühlengrundschule",Grundschule,"Schulstr., Schulstr. 23",32609,Hüllhorst,52.25618264625407,8.698555014272957,ogc-api-nrw
126809,"Stemwede, GG Levern",Grundschule,"Buchhofstr., Buchhofstr. 11",32351,Stemwede,52.3738149579814,8.45707061995135,ogc-api-nrw
126810,"Lübbecke, GG Blasheim",Grundschule,"Schulstr., Schulstr. 19",32312,Lübbecke,52.30498322804324,8.573103958935146,ogc-api-nrw
126834,"Preußisch Oldendorf, EG Bad Holzhausen",Grundschule,"Bahnhofstr., Bahnhofstr. 16",32361,Preußisch Oldendorf,52.288590499997746,8.53655014581288,ogc-api-nrw
126846,"Preußisch Oldendorf,GG Preußisch Oldend.",Grundschule,"Pestalozzistr., Pestalozzistr. 1",32361,Preußisch Oldendorf,52.306548644171066,8.49371085613881,ogc-api-nrw
126860,"Rahden, GG Schulstr.",Grundschule,"Schulstr., Schulstr. 2",32369,Rahden,52.433047639346896,8.61084639875427,ogc-api-nrw
126871,"Rahden,GG (Verb) Rahdener Land",Grundschule,"Tonnenheider Schulweg, Tonnenheider Schulweg 7",32369,Rahden,52.40706785755405,8.674065889378639,ogc-api-nrw
126883,"Rahden, GG Varl",Grundschule,"Varler Schulweg, Varler Schulweg 8",32369,Rahden,52.436102437070296,8.561482164876173,ogc-api-nrw
126895,"Minden, GG Bierpohl",Grundschule,"Bierpohlweg, Bierpohlweg 51",32425,Minden,52.30816994451929,8.903898803871316,ogc-api-nrw
126913,"Minden, GG Hohenstaufen",Grundschule,"Kuhlenstr., Kuhlenstr. 70",32427,Minden,52.28406383721808,8.890625476682551,ogc-api-nrw
126937,"Minden, GG Eine-Welt-Schule",Grundschule,"Fröbelstr., Fröbelstr. 5",32423,Minden,52.28615759252489,8.910778087051181,ogc-api-nrw
126949,"Minden, KG Domschule",Grundschule,"Immanuelstr., Immanuelstr. 2",32427,Minden,52.29233705695445,8.914812447988247,ogc-api-nrw
126950,"Minden, GG Mosaik-Schule",Grundschule,"Bugenhagenstr., Bugenhagenstr. 13",32425,Minden,52.30626675218904,8.886757394316936,ogc-api-nrw
126962,"Bad Oeynhausen, GG Altstadt",Grundschule,"Paul-Baehr-Str., Paul-Baehr-Str. 10",32545,Bad Oeynhausen,52.20294994339414,8.800657380916302,ogc-api-nrw
126974,"Bad Oeynhausen, GG (Verb.) Wichern-Lohe",Grundschule,"Schulstr., Schulstr. 69-73",32547,Bad Oeynhausen,52.19448181880189,8.812282247183399,ogc-api-nrw
126986,"Porta Westfalica, GG Barkhausen",Grundschule,"Osterfeldstr., Osterfeldstr. 14",32457,Porta Westfalica,52.25325407069954,8.913305207222388,ogc-api-nrw
126998,"Minden, GG Am Wiehen",Grundschule,"Schülerweg, Schülerweg 14",32429,Minden,52.2635958004162,8.875905868233232,ogc-api-nrw
127024,"Hille, GG (Verb.) An der Bergkante",Grundschule,"Schülerweg, Schülerweg 5",32479,Hille,52.285830955750875,8.751496786097668,ogc-api-nrw
127048,"Minden, GG Michael-Ende-Schule",Grundschule,"Königstr., Königstr. 336",32427,Minden,52.30506452081436,8.856019600966915,ogc-api-nrw
127050,"Hille, GG Schlandorfstr.",Grundschule,"Schlandorfstr., Schlandorfstr. 26",32479,Hille,52.334025341448104,8.737313877486963,ogc-api-nrw
127061,"Hille, GG Nordhemmern",Grundschule,"Friedensweg, Friedensweg 51",32479,Hille,52.34261724519171,8.79484822833873,ogc-api-nrw
127073,"Porta Westfalica,GG(Verb.)Eisbergen-Velt",Grundschule,"Albert-Schweitzer-Str., Albert-Schweitzer-Str. 11",32457,Porta Westfalica,52.20303649229848,9.01454502310513,ogc-api-nrw
127085,"Porta Westfalica, GG Hausberge",Grundschule,"Kirchhofsweg, Kirchhofsweg 6",32457,Porta Westfalica,52.23560176203734,8.920705298532605,ogc-api-nrw
127097,"Porta Westfalica,GG (Verb) Holzh-Venneb.",Grundschule,"Rektor-Seemann-Str., Rektor-Seemann-Str. 16",32457,Porta Westfalica,52.23032663064632,8.900113691435546,ogc-api-nrw
127139,"Vlotho, GG (Verb.) Uffeln-Exter",Grundschule,"Buhnstr., Buhnstr. 60",32602,Vlotho,52.17647318731062,8.881296143201057,ogc-api-nrw
127164,"Petershagen,EG (Verb)Eldagsen-Friedewald",Grundschule,"Maaslinger Grenzweg, Maaslinger Grenzweg 8",32469,Petershagen,52.39145474764818,8.925334446723136,ogc-api-nrw
127188,"Minden, GG Kutenhausen",Grundschule,"Kutenhauser Dorfstr., Kutenhauser Dorfstr. 32",32425,Minden,52.33527059972221,8.897235682947318,ogc-api-nrw
127206,"Petershagen, GG Koppelweg",Grundschule,"Koppelweg, Koppelweg 12",32469,Petershagen,52.375047277516785,8.963481645357144,ogc-api-nrw
127218,"Bad Oeynhausen, GG (Verb.) Weser/Wiehen",Grundschule,"Dehmer Str., Dehmer Str. 103",32549,Bad Oeynhausen,52.23693731998164,8.83768622824813,ogc-api-nrw
127220,"Bad Oeynhausen, GG Eidinghausen",Grundschule,"Kirchbreite, Kirchbreite 5",32549,Bad Oeynhausen,52.221526220075674,8.796328929533809,ogc-api-nrw
127243,"Bad Oeynhausen, GG Rehme-Oberbecksen",Grundschule,"Zur Ramsiekquelle, Zur Ramsiekquelle 3",32547,Bad Oeynhausen,52.19264622597557,8.841943822945113,ogc-api-nrw
127267,"Bad Oeynhausen, GG (Verb.) Werste-Wulf.",Grundschule,"Diesterwegstr., Diesterwegstr. 31",32549,Bad Oeynhausen,52.21736821038966,8.778929259476742,ogc-api-nrw
127292,"Minden, GG Dankersen-Leteln",Grundschule,"Mainstr., Mainstr. 20",32423,Minden,52.296993435341626,8.967563750174085,ogc-api-nrw
127310,"Petershagen, GG (Verb) Lahde-Frille",Grundschule,"Schulstr., Schulstr. 40",32469,Petershagen,52.37173546549783,8.99957403336426,ogc-api-nrw
127346,"Petershagen, GG Hans-Lüken-Schule",Grundschule,"Hans-Lüken-Str., Hans-Lüken-Str. 26",32469,Petershagen,52.41161552421166,9.016642380220494,ogc-api-nrw
127360,"Bad Lippspringe, EG an der Lippeaue",Grundschule,"Im Bruch, Im Bruch 5",33175,Bad Lippspringe,51.77936709212613,8.817546664409774,ogc-api-nrw
127371,"Bad Lippspringe, KG Concordiaschule",Grundschule,"Triftstr., Triftstr. 5",33175,Bad Lippspringe,51.78522472538052,8.820335504823971,ogc-api-nrw
127383,"Paderborn, KG Overberg-Dom",Grundschule,"Löffelmannweg, Löffelmannweg 1",33102,Paderborn,51.730001997542416,8.743870549462974,ogc-api-nrw
127395,"Paderborn, EG Lutherschule",Grundschule,"Am Abdinghof, Am Abdinghof 3",33098,Paderborn,51.71798329873795,8.753593793781272,ogc-api-nrw
127401,"Paderborn, GG (Verb.) Riemeke-Theodor",Grundschule,"Erzbergerstr., Erzbergerstr. 26",33102,Paderborn,51.7177540180211,8.731041899689687,ogc-api-nrw
127425,"Paderborn, GG Marienschule",Grundschule,"Marienmünsterweg, Marienmünsterweg 2",33098,Paderborn,51.71128177446344,8.774530128467664,ogc-api-nrw
127450,"Paderborn, KG Bonifatiusschule",Grundschule,"Bayernweg, Bayernweg 33",33102,Paderborn,51.74167281831837,8.75656438730727,ogc-api-nrw
127462,"Paderborn, GG Stephanusschule",Grundschule,"Arndtstr., Arndtstr. 1",33100,Paderborn,51.726736463860924,8.783270696119045,ogc-api-nrw
127474,"Paderborn, KG Marienloh",Grundschule,"Sommerbrede, Sommerbrede 33",33104,Paderborn,51.76613161295126,8.785444155129724,ogc-api-nrw
127486,"Paderborn, KG Alme",Grundschule,"Am Kindergarten, Am Kindergarten 18",33106,Paderborn,51.6863677693901,8.688525188995674,ogc-api-nrw
127498,"Paderborn, GG Elisabeth",Grundschule,"Pankratiusstr., Pankratiusstr. 84",33098,Paderborn,51.7050953897816,8.747846207071447,ogc-api-nrw
127516,"Paderborn, GG Karl",Grundschule,"Karlstr., Karlstr. 24",33098,Paderborn,51.71355441873465,8.751171695388653,ogc-api-nrw
127528,"Altenbeken, GG (Verb.) Egge",Grundschule,"Gardeweg, Gardeweg 5",33184,Altenbeken,51.75962348641741,8.941869927230957,ogc-api-nrw
127530,"Paderborn,KG (Verb) Benhausen-Neuenbeken",Grundschule,"Teichweg, Teichweg 11",33100,Paderborn,51.74019162221312,8.82329487070529,ogc-api-nrw
127565,"Delbrück, GG Johannesschule",Grundschule,"Graf-Sporck-Str., Graf-Sporck-Str. 7",33129,Delbrück,51.76691874429133,8.558431961598155,ogc-api-nrw
127589,"Delbrück, KG Ostenland",Grundschule,"Osterloher Str., Osterloher Str. 85",33129,Delbrück,51.79589617574039,8.611439289061632,ogc-api-nrw
127590,"Delbrück, KG (Verb.) Westenholz-Hagen",Grundschule,"Anton-Pieper-Str., Anton-Pieper-Str. 14",33129,Delbrück,51.75480350354906,8.470436366920941,ogc-api-nrw
127607,"Delbrück, KG Westerloh",Grundschule,"Zur Alten Kapelle, Zur Alten Kapelle 25",33129,Delbrück,51.79636310333327,8.553054602660085,ogc-api-nrw
127619,"Borchen, KG (Verb.) Kirchborchen-Etteln",Grundschule,"Hohlweg, Hohlweg 3",33178,Borchen,51.65832909964457,8.73088783700041,ogc-api-nrw
127620,"Borchen, KG (Verb.) Nordborchen-Alfen",Grundschule,"Wegelange, Wegelange 17",33178,Borchen,51.669802108181244,8.726930007301016,ogc-api-nrw
127632,"Paderborn, KG Margarethenschule Dahl",Grundschule,"Schlotmannstr., Schlotmannstr. 19",33100,Paderborn,51.6944087018444,8.850109231583312,ogc-api-nrw
127656,"Paderborn, KG Dionysiusschule Elsen",Grundschule,"Simonstr., Simonstr. 2",33106,Paderborn,51.73420231419552,8.681853806627332,ogc-api-nrw
127668,"Hövelhof, KG Kirchschule",Grundschule,"Dr.-Sonnenschein-Str., Dr.-Sonnenschein-Str. 22",33161,Hövelhof,51.82002354331127,8.652871133465483,ogc-api-nrw
127670,"Hövelhof, KG (Verb.) Senne",Grundschule,"Sennestr., Sennestr. 144",33161,Hövelhof,51.828204543799544,8.684413427936837,ogc-api-nrw
127681,"Paderborn, KG Sande",Grundschule,"Sennelagerstr., Sennelagerstr. 21",33106,Paderborn,51.758754088193385,8.667525709915795,ogc-api-nrw
127693,"Paderborn,GG (Verb) Bonhoeffer-Heinrich",Grundschule,"Memelstr., Memelstr. 11-13",33104,Paderborn,51.75086678258751,8.718445011208416,ogc-api-nrw
127700,"Paderborn, GG Thune",Grundschule,"Sennelagerstr., Sennelagerstr. 183",33104,Paderborn,51.77461368701595,8.711340191276946,ogc-api-nrw
127711,"Paderborn, KG Josef",Grundschule,"Mastbruchstr., Mastbruchstr. 77",33104,Paderborn,51.75197640972598,8.735517862301135,ogc-api-nrw
127735,"Warburg, GG Johannes-Daniel-Falk-Schule",Grundschule,"Papenheimer Str., Papenheimer Str. 1",34414,Warburg,51.49024762224609,9.141010328713325,ogc-api-nrw
127747,"Warburg, KG (Verb.) Graf-Dodiko-Schule",Grundschule,"Graf-Dodiko-Weg, Graf-Dodiko-Weg 14",34414,Warburg,51.48832968140199,9.143236863284862,ogc-api-nrw
127759,"Borgentreich, KG Platz der Stadt Rue",Grundschule,"Platz der Stadt Rue, Platz der Stadt Rue 2",34434,Borgentreich,51.57139921330375,9.235339335779347,ogc-api-nrw
127814,"Bad Driburg, GG Dringenberg",Grundschule,"Ludwig-von-Dringenberg-Str., Ludwig-von-Dringenberg-Str. 10",33014,Bad Driburg,51.67148024332838,9.05928973805224,ogc-api-nrw
127840,"Willebadessen, KG Schule an d. 7 Quellen",Grundschule,"Weißer Weg, Weißer Weg 1",34439,Willebadessen,51.620753618962176,9.024411681756291,ogc-api-nrw
127851,"Willebadessen, KG Sankt-Nikolaus",Grundschule,"Grundweg, Grundweg 1a",34439,Willebadessen,51.59493816451202,9.115853667692582,ogc-api-nrw
127929,"Warburg, KG Scherfede-Rimbeck",Grundschule,"Schulstr., Schulstr. 24",34414,Warburg,51.53191624808399,9.025632802259508,ogc-api-nrw
127942,"Gütersloh, GG Paul-Gerhardt-Schule",Grundschule,"Südring, Südring 53",33332,Gütersloh,51.89042964450402,8.371934834006636,ogc-api-nrw
127954,"Gütersloh, KG Kapellenschule",Grundschule,"Dr.-Thomas-Plaßmann-Weg, Dr.-Thomas-Plaßmann-Weg 10",33335,Gütersloh,51.912290679511806,8.436543487610598,ogc-api-nrw
127966,"Gütersloh, GG Edith-Stein-Schule",Grundschule,"Franz-Grochtmann-Str., Franz-Grochtmann-Str. 36",33334,Gütersloh,51.89150971358618,8.430467646712444,ogc-api-nrw
127978,"Gütersloh, KG Josefschule",Grundschule,"Bruder-Konrad-Str., Bruder-Konrad-Str. 116",33334,Gütersloh,51.88122530421963,8.407119906569802,ogc-api-nrw
127980,"Gütersloh, GG Isselhorst",Grundschule,"Niehorster Str., Niehorster Str. 69",33334,Gütersloh,51.948718550875476,8.402825582127328,ogc-api-nrw
128004,"Gütersloh, KG Overbergschule",Grundschule,"Neuenkirchener Str., Neuenkirchener Str. 44",33332,Gütersloh,51.89911776583936,8.377496517388854,ogc-api-nrw
128016,"Gütersloh, GG Pavenstädt-Schule",Grundschule,"Pavenstädter Weg, Pavenstädter Weg 72",33334,Gütersloh,51.908329689755526,8.348498552455485,ogc-api-nrw
128030,"Gütersloh, GG Neißeweg",Grundschule,"Neißeweg, Neißeweg 3",33330,Gütersloh,51.92891332378717,8.387526735587068,ogc-api-nrw
128053,"Gütersloh, GG Blücher",Grundschule,"Blücherstr., Blücherstr. 7",33330,Gütersloh,51.91520850314358,8.37852440165281,ogc-api-nrw
128065,"Gütersloh, GG Große Heide",Grundschule,"Pelikanweg, Pelikanweg 4",33335,Gütersloh,51.93569822955918,8.478273286260027,ogc-api-nrw
128089,"Gütersloh, GG Avenwedde-Bahnhof",Grundschule,"Albertus-Magnus-Str., Albertus-Magnus-Str. 11a",33335,Gütersloh,51.936129879811595,8.442965165141821,ogc-api-nrw
128090,"Gütersloh, GG Kattenstroth",Grundschule,"Ludwigstr., Ludwigstr. 11",33330,Gütersloh,51.89715743347823,8.365664310922723,ogc-api-nrw
128119,"Gütersloh, GG Sundern",Grundschule,"Sundernstr., Sundernstr. 20",33332,Gütersloh,51.90361600369644,8.40051675649004,ogc-api-nrw
128120,"Gütersloh, GG Altstadtschule",Grundschule,"Schulstr., Schulstr. 29",33330,Gütersloh,51.9084186250488,8.37653932194591,ogc-api-nrw
128132,"Gütersloh, GG Blankenhagen",Grundschule,"Dresdner Str., Dresdner Str. 15",33330,Gütersloh,51.931345106128724,8.362898890249133,ogc-api-nrw
128144,"Herzebrock-Clarholz, KG Wilbrandschule",Grundschule,"Schulstr., Schulstr. 18",33442,Herzebrock-Clarholz,51.90289704664306,8.196871408226043,ogc-api-nrw
128156,"Herzebrock-Clarholz, GG Bolandschule",Grundschule,"Wiesenstr., Wiesenstr. 3",33442,Herzebrock-Clarholz,51.88122273762138,8.246378313210666,ogc-api-nrw
128168,"Herzebrock-Clarholz, KG Josefschule",Grundschule,"Jahnstr., Jahnstr. 17",33442,Herzebrock-Clarholz,51.88390374156636,8.24242510502065,ogc-api-nrw
128193,"Langenberg, GG (Verb) Brinkmann-Schmedd.",Grundschule,"Schulstr., Schulstr. 18-22",33449,Langenberg,51.77358710561535,8.315554142423487,ogc-api-nrw
128200,"Rheda-Wiedenbrück,KG(Verb.)Eichend.Postd",Grundschule,"Triftstr., Triftstr. 28",33378,Rheda-Wiedenbrück,51.841730559181194,8.31979041640671,ogc-api-nrw
128259,"Rheda-Wiedenbrück, GG Park",Grundschule,"Parkstr., Parkstr. 17",33378,Rheda-Wiedenbrück,51.85800631831387,8.303136416052912,ogc-api-nrw
128260,"Rheda-Wiedenbrück, KG Johannisschule",Grundschule,"Lessingstr., Lessingstr. 5",33378,Rheda-Wiedenbrück,51.853346799925795,8.278931968368294,ogc-api-nrw
128284,"Rheda-Wiedenbrück,GG(Verb.)Andreas-Wenne",Grundschule,"Schafstallstr., Schafstallstr. 35",33378,Rheda-Wiedenbrück,51.861838063595826,8.2853892659945,ogc-api-nrw
128296,"Rheda-Wiedenbrück, GG Brüder-Grimm",Grundschule,"Burgweg, Burgweg 25a",33378,Rheda-Wiedenbrück,51.82897237303504,8.315237353042269,ogc-api-nrw
128302,"Rheda-Wiedenbrück, KG Pius-Bonifatius",Grundschule,"Heidbrinkstr., Heidbrinkstr. 11",33378,Rheda-Wiedenbrück,51.82953700484671,8.305723613735019,ogc-api-nrw
128338,"Rietberg, KG Rudolf-Bracht",Grundschule,"Riekstr., Riekstr. 81",33397,Rietberg,51.758421756940564,8.391342971955329,ogc-api-nrw
128375,"Rietberg,KG (Verb.) Sieben-Meilen-Schule",Grundschule,"Laurentiusstr., Laurentiusstr. 7",33397,Rietberg,51.814749885017754,8.493075530187857,ogc-api-nrw
128387,"Rietberg,KG (Verb) an den Kastanien",Grundschule,"Lange Str., Lange Str. 171",33397,Rietberg,51.83475713736808,8.44179312425809,ogc-api-nrw
128417,"Verl, GG (Verb.) Kaunitz-Bornholte",Grundschule,"Fröbelstr., Fröbelstr. 13",33415,Verl,51.854350520963386,8.568190510542484,ogc-api-nrw
128429,"Verl, GG Am Bühlbusch",Grundschule,"Am Bühlbusch, Am Bühlbusch 6",33415,Verl,51.87804090988982,8.50824230663674,ogc-api-nrw
128442,"Verl, GG St. Georg-Schule",Grundschule,"Thaddäusstr., Thaddäusstr. 74",33415,Verl,51.88977435941142,8.464942643568353,ogc-api-nrw
128454,"Verl, KG Marienschule",Grundschule,"Kühlmannweg, Kühlmannweg 13",33415,Verl,51.88374969280203,8.505942541767372,ogc-api-nrw
128480,"Bochum, GG Frauenlob",Grundschule,"Frauenlobstr., Frauenlobstr. 91",44805,Bochum,51.51500917594454,7.262195414088953,ogc-api-nrw
128491,"Bochum, GG In der Vöde",Grundschule,"Castroper Str., Castroper Str. 235",44791,Bochum,51.492574330891074,7.246611866679525,ogc-api-nrw
128510,"Bochum, GG Köllerholz",Grundschule,"Köllerholzweg, Köllerholzweg 61",44879,Bochum,51.4384057496375,7.164038217778348,ogc-api-nrw
128533,"Bochum, GG Amtmann-Kreyenfeld-Schule",Grundschule,"Kreyenfeldstr., Kreyenfeldstr. 80",44894,Bochum,51.49048876135108,7.3103621477581004,ogc-api-nrw
128545,"Bochum, GG (Verb.) Lina-Morgenstern",Grundschule,"Bonhoefferstr., Bonhoefferstr. 50",44803,Bochum,51.480880088109444,7.2451593983548195,ogc-api-nrw
128557,"Bochum, GG Linden",Grundschule,"Donnerbecke, Donnerbecke 3",44879,Bochum,51.42487128328345,7.166896712684889,ogc-api-nrw
128569,"Bochum, GG (Verb) Schule im Kirchviertel",Grundschule,"Markstr., Markstr. 290",44801,Bochum,51.448599605438204,7.23102692346964,ogc-api-nrw
128582,"Bochum, GG Emil-von-Behring",Grundschule,"Rastenburger Str., Rastenburger Str. 11",44809,Bochum,51.50322299764691,7.186390686284045,ogc-api-nrw
128594,"Bochum, GG Laer",Grundschule,"Alte Wittener Str., Alte Wittener Str. 19",44803,Bochum,51.47101603382766,7.270030552686129,ogc-api-nrw
128600,"Bochum, GG Maischützenschule",Grundschule,"Maischützenstr., Maischützenstr. 70",44805,Bochum,51.50070203306184,7.2792804612732995,ogc-api-nrw
128612,"Bochum, GG Arnoldschule",Grundschule,"Arnoldstr., Arnoldstr. 31",44793,Bochum,51.47725900014443,7.209080001573674,ogc-api-nrw
128624,"Bochum, KG Weilenbrink-Schule",Grundschule,"Arndtstr., Arndtstr. 27-29",44787,Bochum,51.48202626682728,7.223338902388476,ogc-api-nrw
128636,"Bochum, GG Drusenberg",Grundschule,"Drusenbergstr., Drusenbergstr. 33",44789,Bochum,51.46643785182323,7.214197388953966,ogc-api-nrw
128673,"Bochum, GG Vels-Heide",Grundschule,"Sanderweg, Sanderweg 25",44803,Bochum,51.47080018753777,7.244019968148262,ogc-api-nrw
128685,"Bochum, GG Von-Waldthausen-Schule",Grundschule,"Von-Waldthausen-Str., Von-Waldthausen-Str. 82",44894,Bochum,51.48486891659929,7.300444447183819,ogc-api-nrw
128697,"Bochum, GG (Verb.) Bunte Schule",Grundschule,"Am Neggenborn, Am Neggenborn 75",44892,Bochum,51.46527671923452,7.305606858988778,ogc-api-nrw
128739,"Bochum, GG Dahlhausen",Grundschule,"Dr.-C.-Otto-Str., Dr.-C.-Otto-Str. 112-114",44879,Bochum,51.42669197703641,7.146008507588708,ogc-api-nrw
128740,"Bochum, GG Sonnenschule",Grundschule,"Lange Malterse, Lange Malterse 18",44795,Bochum,51.46204587598898,7.198101159485263,ogc-api-nrw
128776,"Bochum, GG (Verb)Hans-Christian-Andersen",Grundschule,"Heinrichstr., Heinrichstr. 40",44805,Bochum,51.51594740786169,7.276414241935422,ogc-api-nrw
128806,"Bochum, GG (Verb.) Feldsieper Schule",Grundschule,"Feldsieper Str., Feldsieper Str. 94",44809,Bochum,51.494540945714654,7.2071781060044975,ogc-api-nrw
128818,"Bochum, GG Natorp",Grundschule,"Natorpstr., Natorpstr. 51",44795,Bochum,51.44241370560986,7.208601750205603,ogc-api-nrw
128820,"Bochum, GG Neuling",Grundschule,"Neulingstr., Neulingstr. 15",44795,Bochum,51.43972839427988,7.201785640458691,ogc-api-nrw
128843,"Bochum, KG Don-Bosco-Schule",Grundschule,"Friederikastr., Friederikastr. 21",44789,Bochum,51.469081737192916,7.223669074200609,ogc-api-nrw
128867,"Bochum, GG Liborius",Grundschule,"Josephinenstr., Josephinenstr. 80",44807,Bochum,51.499613141086485,7.233864394387299,ogc-api-nrw
128879,"Bochum, GG Friederika",Grundschule,"Friederikastr., Friederikastr. 19",44789,Bochum,51.46949891379725,7.223307305003688,ogc-api-nrw
128880,"Bochum, GG Schule am Volkspark",Grundschule,"Alte Bahnhofstr., Alte Bahnhofstr. 170",44892,Bochum,51.47491138290191,7.30647384265666,ogc-api-nrw
128910,"Bochum, GG (Verb.) Michael-Ende-Schule",Grundschule,"Oberstr., Oberstr. 65",44892,Bochum,51.47579666386311,7.3318432433212495,ogc-api-nrw
128922,"Bochum, GG Gräfin-Imma",Grundschule,"Kemnader Str., Kemnader Str. 218",44797,Bochum,51.43043849659158,7.231311358749946,ogc-api-nrw
128960,"Bochum, GG An der Maarbrücke",Grundschule,"An der Maarbrücke, An der Maarbrücke 75",44793,Bochum,51.482081851090456,7.18586140603578,ogc-api-nrw
128971,"Bochum, GG Hufeland",Grundschule,"Hufelandstr., Hufelandstr. 17",44801,Bochum,51.45451117668765,7.269200899434562,ogc-api-nrw
128995,"Bochum, GG Auf dem alten Kamp",Grundschule,"Auf dem Alten Kamp, Auf dem Alten Kamp 35-37",44803,Bochum,51.457303121218935,7.241687924835415,ogc-api-nrw
129010,"Castrop-Rauxel, GG Am Busch",Grundschule,"Am Busch, Am Busch 15a",44581,Castrop-Rauxel,51.58875472394029,7.321948425257893,ogc-api-nrw
129021,"Castrop-Rauxel, GG Waldschule",Grundschule,"Ahornstr., Ahornstr. 34",44579,Castrop-Rauxel,51.568335356275,7.302123879960279,ogc-api-nrw
129045,"Castrop-Rauxel, GG Marktschule",Grundschule,"Kirchstr., Kirchstr. 56",44581,Castrop-Rauxel,51.59151720195548,7.339777245375033,ogc-api-nrw
129070,"Castrop-Rauxel, GG Löwenherz",Grundschule,"Kleine Lönsstr., Kleine Lönsstr. 60",44575,Castrop-Rauxel,51.55215185128236,7.303577634617478,ogc-api-nrw
129082,"Castrop-Rauxel, GG Lindenschule",Grundschule,"In der Fühle, In der Fühle 81",44577,Castrop-Rauxel,51.527374349043875,7.354495597598158,ogc-api-nrw
129094,"Castrop-Rauxel, GG Wilhelmschule",Grundschule,"Wilhelmstr., Wilhelmstr. 48",44575,Castrop-Rauxel,51.555800717853295,7.317795348079118,ogc-api-nrw
129100,"Castrop-Rauxel, GG Erich Kästner",Grundschule,"Lessingstr., Lessingstr. 27",44579,Castrop-Rauxel,51.588085571116096,7.30791257771504,ogc-api-nrw
129124,"Castrop-Rauxel, GG (Verb.) Cottenburg",Grundschule,"Cottenburgstr., Cottenburgstr. 156",44575,Castrop-Rauxel,51.54156925540861,7.326857545613473,ogc-api-nrw
129136,"Castrop-Rauxel, KG Elisabeth",Grundschule,"Elisabethstr., Elisabethstr. 1",44575,Castrop-Rauxel,51.54016824624604,7.312545962223702,ogc-api-nrw
129150,"Dortmund, GG Steinhammerschule",Grundschule,"Schulte-Heuthaus-Str., Schulte-Heuthaus-Str. 28",44379,Dortmund,51.508045070969985,7.385237888465729,ogc-api-nrw
129161,"Dortmund, GG Hohwart",Grundschule,"Winkelriedweg, Winkelriedweg 2",44141,Dortmund,51.50896810663886,7.510707102127253,ogc-api-nrw
129173,"Dortmund, GG Brücherhofschule",Grundschule,"Ziegelhüttenstr., Ziegelhüttenstr. 11",44263,Dortmund,51.478205822583554,7.496674942196287,ogc-api-nrw
129185,"Dortmund, GG Petrischule",Grundschule,"Beurhausstr., Beurhausstr. 15-17",44137,Dortmund,51.50933986680786,7.460113587309843,ogc-api-nrw
129197,"Dortmund, GG Schragmüller",Grundschule,"Castroper Str., Castroper Str. 153",44357,Dortmund,51.564837589011375,7.366114460703094,ogc-api-nrw
129203,"Dortmund, GG Herderschule",Grundschule,"Gretelweg, Gretelweg 15",44339,Dortmund,51.556934187648785,7.485482617830384,ogc-api-nrw
129215,"Dortmund, GG Funke",Grundschule,"Grundstr., Grundstr. 14",44149,Dortmund,51.50919698658361,7.420964599294209,ogc-api-nrw
129227,"Dortmund, GG Erich Kästner-Schule",Grundschule,"Flughafenstr., Flughafenstr. 73",44309,Dortmund,51.52846690151861,7.546818867445663,ogc-api-nrw
129239,"Dortmund, GG Freiligrathschule",Grundschule,"Uranusstr., Uranusstr. 50",44388,Dortmund,51.51847540930697,7.323639404318961,ogc-api-nrw
129264,"Dortmund, KG Josef",Grundschule,"Dollersweg, Dollersweg 14",44319,Dortmund,51.53432652611768,7.619502868409067,ogc-api-nrw
129276,"Dortmund, GG Widey",Grundschule,"Egilmarstr., Egilmarstr. 40",44379,Dortmund,51.526147424069606,7.373554736308579,ogc-api-nrw
129288,"Dortmund, KG Roncallischule",Grundschule,"Husener Eichwaldstr., Husener Eichwaldstr. 270",44319,Dortmund,51.55581325201357,7.591862896277491,ogc-api-nrw
129306,"Dortmund, KG Marienborn",Grundschule,"Evastr., Evastr. 1",44388,Dortmund,51.49936683198623,7.326833252698702,ogc-api-nrw
129318,"Dortmund, KG Elisabeth-Grundschule",Grundschule,"Lothringer Str., Lothringer Str. 8",44339,Dortmund,51.55570500439654,7.467001337692965,ogc-api-nrw
129355,"Dortmund, KG Gutenbergschule",Grundschule,"Arminiusstr., Arminiusstr. 10",44149,Dortmund,51.51394134970707,7.423365903719541,ogc-api-nrw
129379,"Dortmund, GG Kreuz",Grundschule,"Kreuzstr., Kreuzstr. 145",44137,Dortmund,51.502005214780006,7.446038918038972,ogc-api-nrw
129392,"Dortmund, KG Brüder-Grimm-Schule",Grundschule,"Leostr., Leostr. 33",44225,Dortmund,51.47479069263996,7.433629753410971,ogc-api-nrw
129409,"Dortmund, GG Peter-Vischer-Schule",Grundschule,"Schillingstr., Schillingstr. 26a",44139,Dortmund,51.50437651547867,7.4539985439294085,ogc-api-nrw
129410,"Dortmund, KG Overberg",Grundschule,"Am Hohen Teich, Am Hohen Teich 5",44359,Dortmund,51.572252936089896,7.383396318550087,ogc-api-nrw
129446,"Dortmund, GG Libori",Grundschule,"Paderborner Str., Paderborner Str. 109",44143,Dortmund,51.51493623825432,7.509777413176323,ogc-api-nrw
129458,"Dortmund, KG Franziskusschule",Grundschule,"Robert-Koch-Str., Robert-Koch-Str. 50",44143,Dortmund,51.51213400176095,7.493151512259341,ogc-api-nrw
129460,"Dortmund, KG Winfriedschule",Grundschule,"Ruhrallee, Ruhrallee 84-90",44139,Dortmund,51.502689116370135,7.467945536217717,ogc-api-nrw
129495,"Dortmund, KG Urbanusschule",Grundschule,"Roßbachstr., Roßbachstr. 21",44369,Dortmund,51.5293889518625,7.414585684165494,ogc-api-nrw
129501,"Dortmund, GG Bodelschwinghschule",Grundschule,"Auf dem Kellerkamp, Auf dem Kellerkamp 11",44357,Dortmund,51.553435394280434,7.363551592371632,ogc-api-nrw
129513,"Dortmund, GG Reichshofschule",Grundschule,"Am Westheck, Am Westheck 73",44309,Dortmund,51.52770715616417,7.541393671749943,ogc-api-nrw
129525,"Dortmund, GG Fine-Frau",Grundschule,"Am Wasserfall, Am Wasserfall 26",44149,Dortmund,51.50035039241294,7.40648787700064,ogc-api-nrw
129537,"Dortmund, GG Kautskyschule",Grundschule,"Kautskystr., Kautskystr. 23-25",44328,Dortmund,51.5559035723356,7.541112071494598,ogc-api-nrw
129549,"Dortmund, GG Eichlinghofer",Grundschule,"Stortsweg, Stortsweg 52-54",44227,Dortmund,51.47841043360672,7.408606416592067,ogc-api-nrw
129550,"Dortmund, GG Westholzschule",Grundschule,"Westholz, Westholz 100",44328,Dortmund,51.54441371014254,7.535523462235747,ogc-api-nrw
129562,"Dortmund, GG Ostenbergschule",Grundschule,"An der Margarethenkapelle, An der Margarethenkapelle 5",44227,Dortmund,51.49022397248657,7.4277422696359015,ogc-api-nrw
129574,"Dortmund, GG Albrecht-Brinkmann-Schule",Grundschule,"Münsterstr., Münsterstr. 138-140",44145,Dortmund,51.52762757206506,7.4592082826902475,ogc-api-nrw
129586,"Dortmund, GG Eichwaldschule",Grundschule,"Husener Eichwaldstr., Husener Eichwaldstr. 272",44319,Dortmund,51.55603314484274,7.592952424361847,ogc-api-nrw
129598,"Dortmund, GG Gilden",Grundschule,"Friedrichsruher Str., Friedrichsruher Str. 11",44369,Dortmund,51.535183715648735,7.410866111476551,ogc-api-nrw
129616,"Dortmund, GG Bach",Grundschule,"Dollersweg, Dollersweg 14",44319,Dortmund,51.53432652611768,7.619502868409067,ogc-api-nrw
129628,"Dortmund, GG Grafenschule",Grundschule,"Deusener Str., Deusener Str. 230",44369,Dortmund,51.546957489112934,7.427748631391361,ogc-api-nrw
129630,"Dortmund, GG Stiftschule",Grundschule,"Am Bruchheck, Am Bruchheck 47",44263,Dortmund,51.480636173358775,7.501779591539708,ogc-api-nrw
129641,"Dortmund, GG Libellen-Grundschule",Grundschule,"Burgholzstr., Burgholzstr. 148",44145,Dortmund,51.53285822418891,7.463097571468555,ogc-api-nrw
129653,"Dortmund, GG (Verb.) Harkortschule",Grundschule,"Behringstr., Behringstr. 59",44225,Dortmund,51.47684552055338,7.440716394793882,ogc-api-nrw
129665,"Dortmund, GG Comenius",Grundschule,"Akazienstr., Akazienstr. 84-86",44143,Dortmund,51.51906754907564,7.52287431664267,ogc-api-nrw
129677,"Dortmund, GG Westricher Schule",Grundschule,"Sumbecks Holz, Sumbecks Holz 7-9",44379,Dortmund,51.51710701105765,7.358497846630116,ogc-api-nrw
129689,"Dortmund, GG Hansa",Grundschule,"Welkenerstr., Welkenerstr. 24",44369,Dortmund,51.53302654996353,7.394432332157234,ogc-api-nrw
129690,"Dortmund, GG Hangeneyschule",Grundschule,"Hangeneystr., Hangeneystr. 60",44379,Dortmund,51.51416908585461,7.366414976354363,ogc-api-nrw
129707,"Dortmund, GG Kirchhörderschule",Grundschule,"Kobbendelle, Kobbendelle 6",44229,Dortmund,51.4517592275127,7.455877535459165,ogc-api-nrw
129719,"Dortmund, GG Bruktererschule",Grundschule,"Gürtlerstr., Gürtlerstr. 1",44329,Dortmund,51.58204606274745,7.561665446821907,ogc-api-nrw
129720,"Dortmund, GG Brechtener",Grundschule,"Evinger Str., Evinger Str. 600",44339,Dortmund,51.58088985820032,7.461982665284401,ogc-api-nrw
129732,"Dortmund, GG Wichlinghoferschule",Grundschule,"Benninghofer Str., Benninghofer Str. 256",44267,Dortmund,51.469361614724946,7.515366345519663,ogc-api-nrw
129744,"Dortmund, GG Weingartenschule am See",Grundschule,"Weingartenstr., Weingartenstr. 49",44263,Dortmund,51.49339008793384,7.506922015995813,ogc-api-nrw
129756,"Dortmund, GG Siegfried-Drupp",Grundschule,"Siegfried-Drupp-Str., Siegfried-Drupp-Str. 5",44328,Dortmund,51.54497719168684,7.531683581692029,ogc-api-nrw
129768,"Dortmund, GG Uhlandschule",Grundschule,"Heilbronner Str., Heilbronner Str. 4",44143,Dortmund,51.51641333418049,7.504309968804241,ogc-api-nrw
129770,"Dortmund, GG Fichteschule",Grundschule,"Haslindestr., Haslindestr. 44",44309,Dortmund,51.51539913070283,7.559788068856666,ogc-api-nrw
129781,"Dortmund, EG Liebigschule",Grundschule,"Harnackstr., Harnackstr. 57",44139,Dortmund,51.50013177718644,7.456706785990528,ogc-api-nrw
129793,"Dortmund, GG Dietrich-Bonhoeffer-Schule",Grundschule,"Derner Kippshof, Derner Kippshof 36",44329,Dortmund,51.573722719036844,7.516441908440001,ogc-api-nrw
129800,"Dortmund, GG Mörike",Grundschule,"Somborner Str., Somborner Str. 110",44388,Dortmund,51.49106706826795,7.348427934230525,ogc-api-nrw
129811,"Dortmund, GG Westhausen",Grundschule,"Wenemarstr., Wenemarstr. 11-13",44357,Dortmund,51.54797558545416,7.376396530997639,ogc-api-nrw
129823,"Dortmund, GG Berghofer-Grundschule",Grundschule,"Busenbergstr., Busenbergstr. 5",44269,Dortmund,51.47846213380042,7.5282188315702365,ogc-api-nrw
129835,"Dortmund, GG Kerschensteinerschule",Grundschule,"Joseph-Cremer-Str., Joseph-Cremer-Str. 25",44141,Dortmund,51.50056588192567,7.501270143324966,ogc-api-nrw
129847,"Dortmund, GG Schubertschule",Grundschule,"Am Hombruchsfeld, Am Hombruchsfeld 55b",44225,Dortmund,51.47393660616775,7.450564087871754,ogc-api-nrw
129859,"Dortmund, GG Emschertalschule",Grundschule,"Sichterweg, Sichterweg 8",44289,Dortmund,51.49923224984416,7.584271585870939,ogc-api-nrw
129860,"Dortmund, GG Jungferntalschule",Grundschule,"Jungferntalstr., Jungferntalstr. 60-64",44369,Dortmund,51.52845069761228,7.382093928063361,ogc-api-nrw
129884,"Dortmund, GG Diesterwegschule",Grundschule,"Heroldstr., Heroldstr. 29",44145,Dortmund,51.52260284845619,7.468978204678698,ogc-api-nrw
129896,"Dortmund, GG Schopenhauerschule",Grundschule,"Karl-Schurz-Str., Karl-Schurz-Str. 14",44359,Dortmund,51.559528933244735,7.385376830547118,ogc-api-nrw
129902,"Dortmund, GG Aplerbecker-Mark-Schule",Grundschule,"Schwerter Str., Schwerter Str. 269",44287,Dortmund,51.48334163013337,7.56274262601298,ogc-api-nrw
129914,"Dortmund, GG Berswordt-Europa",Grundschule,"Davidisstr., Davidisstr. 24",44143,Dortmund,51.51308261593038,7.493494915605991,ogc-api-nrw
129926,"Dortmund, GG Lieberfeldschule",Grundschule,"Rispenstr., Rispenstr. 40-42",44265,Dortmund,51.46576281751697,7.491973040206779,ogc-api-nrw
129938,"Dortmund, GG Holte",Grundschule,"Limbecker Str., Limbecker Str. 70",44388,Dortmund,51.49938871899002,7.330261497600713,ogc-api-nrw
129940,"Dortmund, GG Friedensschule",Grundschule,"Lina-Schäfer-Str., Lina-Schäfer-Str. 36",44379,Dortmund,51.50153005651523,7.361579140706052,ogc-api-nrw
129963,"Dortmund, GG Steinbrinkschule",Grundschule,"Langschedestr., Langschedestr. 18",44319,Dortmund,51.527949289574146,7.609460170459576,ogc-api-nrw
129975,"Dortmund, GG Lessingschule",Grundschule,"Fichtestr., Fichtestr. 19",44147,Dortmund,51.520773384381336,7.444751458082509,ogc-api-nrw
129987,"Dortmund, GG Landgrafenschule",Grundschule,"Landgrafenstr., Landgrafenstr. 1",44139,Dortmund,51.50438686184727,7.475395737909156,ogc-api-nrw
129999,"Dortmund, GG Kruckeler",Grundschule,"Rüdinghauser Str., Rüdinghauser Str. 15",44227,Dortmund,51.454881061157884,7.4135558585080785,ogc-api-nrw
130000,"Dortmund, GG Aplerbeckerschule",Grundschule,"Köln-Berliner Str., Köln-Berliner Str. 72",44287,Dortmund,51.49558029022539,7.562011937354566,ogc-api-nrw
130011,"Dortmund, GG Hellweg",Grundschule,"Am Petersheck, Am Petersheck 9",44319,Dortmund,51.52766086637903,7.589819576459377,ogc-api-nrw
130023,"Dortmund, GG Gerhart-Hauptmann-Schule",Grundschule,"Untere Pekingstr., Untere Pekingstr. 24",44269,Dortmund,51.49302761822198,7.528758129107932,ogc-api-nrw
130035,"Dortmund, GG Benninghofer Schule",Grundschule,"Overgünne, Overgünne 125",44267,Dortmund,51.47395119733296,7.507844816670227,ogc-api-nrw
130059,"Dortmund, GG Graf-Konrad-Schule",Grundschule,"Grävingholzstr., Grävingholzstr. 59",44339,Dortmund,51.556729208192564,7.459378998423622,ogc-api-nrw
130060,"Dortmund, GG Regenbogen",Grundschule,"Adalmundstr., Adalmundstr. 1",44359,Dortmund,51.57277476024302,7.3814584976433135,ogc-api-nrw
130072,"Dortmund, GG Hoechstener Schule",Grundschule,"Lührmannstr., Lührmannstr. 1",44267,Dortmund,51.45877346900788,7.522878498194924,ogc-api-nrw
130096,"Dortmund, GG Mosaik-Grundschule Eving",Grundschule,"Osterfeldstr., Osterfeldstr. 131",44339,Dortmund,51.55179726287359,7.47558523632045,ogc-api-nrw
130102,"Dortmund, GG Olpketal",Grundschule,"Olpketalstr., Olpketalstr. 81",44229,Dortmund,51.46091045888911,7.467286545277782,ogc-api-nrw
130114,"Dortmund, GG Oesterholzschule",Grundschule,"Oesterholzstr., Oesterholzstr. 69",44145,Dortmund,51.52486266366377,7.483029660525213,ogc-api-nrw
130126,"Dortmund, GG Nordmarktschule",Grundschule,"Nordmarkt, Nordmarkt 18-20",44145,Dortmund,51.52568501635014,7.4646798059752975,ogc-api-nrw
130138,"Dortmund, GG Friedrich-Ebert-Schule",Grundschule,"Bergmeisterstr., Bergmeisterstr. 12",44269,Dortmund,51.499046195532436,7.535436616794299,ogc-api-nrw
130140,"Dortmund, GG Kirchderner Schule",Grundschule,"Merckenbuschweg, Merckenbuschweg 41",44329,Dortmund,51.553353825213236,7.507122970432522,ogc-api-nrw
130151,"Dortmund, GG Am Dorney",Grundschule,"Kleybredde, Kleybredde 38",44149,Dortmund,51.486890233714135,7.372561145175951,ogc-api-nrw
130175,"Hagen, KG Overbergschule",Grundschule,"Overbergstr., Overbergstr. 37",58099,Hagen,51.38101309699828,7.465344370155765,ogc-api-nrw
130187,"Hagen, KG Goethe",Grundschule,"Kirchstr., Kirchstr. 9",58099,Hagen,51.396152351639415,7.471895896102342,ogc-api-nrw
130217,"Hagen, KG Meinolfschule",Grundschule,"Stadionstr., Stadionstr. 22",58097,Hagen,51.3713307655813,7.474504036058657,ogc-api-nrw
130229,"Hagen, GG (Verb) Freiherr-vom-Stein",Grundschule,"Lindenstr., Lindenstr. 16a",58089,Hagen,51.381168973723476,7.4329626477924,ogc-api-nrw
130230,"Hagen, GG Hermann-Löns",Grundschule,"Overbergstr., Overbergstr. 39",58099,Hagen,51.38105676458305,7.465932093363483,ogc-api-nrw
130242,"Hagen, GG Friedrich-Harkort-Schule",Grundschule,"Twittingstr., Twittingstr. 23a",58135,Hagen,51.34495975610827,7.396735204548363,ogc-api-nrw
130254,"Hagen, GG Vincke",Grundschule,"Schwerter Str., Schwerter Str. 170",58099,Hagen,51.39770983307103,7.4734109249028196,ogc-api-nrw
130278,"Hagen, GG Hestert",Grundschule,"Schlesierstr., Schlesierstr. 36",58135,Hagen,51.34194517212427,7.431788205531208,ogc-api-nrw
130291,"Hagen, GG Astrid-Lindgren",Grundschule,"Selbecker Str., Selbecker Str. 55",58091,Hagen,51.344216077881946,7.490323368356513,ogc-api-nrw
130308,"Hagen, GG Emst",Grundschule,"Karl-Ernst-Osthaus-Str., Karl-Ernst-Osthaus-Str. 60",58093,Hagen,51.35494230010471,7.5063004993395195,ogc-api-nrw
130310,"Hagen, GG (Verb.) Goldbergschule",Grundschule,"Schulstr., Schulstr. 9-11",58095,Hagen,51.353338228331744,7.476710281564222,ogc-api-nrw
130321,"Hagen, GG Emil-Schumacher-Schule",Grundschule,"Siemensstr., Siemensstr. 10",58089,Hagen,51.35256505360294,7.456802279216086,ogc-api-nrw
130333,"Hagen, GG Karl-Ernst-Osthaus-Schule",Grundschule,"Lützowstr., Lützowstr. 121",58095,Hagen,51.368344645132034,7.495319529274829,ogc-api-nrw
130345,"Hagen, GG Helfe",Grundschule,"Helfer Str., Helfer Str. 76",58099,Hagen,51.39273470976146,7.485018231231733,ogc-api-nrw
130357,"Hagen, GG Kuhlerkamp",Grundschule,"Heinrichstr., Heinrichstr. 31",58089,Hagen,51.35800077311298,7.446910116124715,ogc-api-nrw
130369,"Hagen, GG Kipperschule",Grundschule,"Gabelsbergerstr., Gabelsbergerstr. 50",58135,Hagen,51.337407398854246,7.404090981250623,ogc-api-nrw
130370,"Hagen, GG Funckeparkschule",Grundschule,"Funckestr., Funckestr. 33",58097,Hagen,51.365658145331054,7.471876917652535,ogc-api-nrw
130382,"Hagen, GG Gebrüder-Grimm-Schule",Grundschule,"Schillerstr., Schillerstr. 23",58089,Hagen,51.38019942248714,7.454752098970091,ogc-api-nrw
130412,"Hagen, GG Altenhagen",Grundschule,"Fraunhoferstr., Fraunhoferstr. 5",58097,Hagen,51.37351171588524,7.466600996504826,ogc-api-nrw
130424,"Hagen, GG Henry-van-de-Velde-Schule",Grundschule,"Blücherstr., Blücherstr. 22",58095,Hagen,51.36189642831759,7.48064945173053,ogc-api-nrw
130436,"Hagen, GG Janusz-Korczak",Grundschule,"Grünstr., Grünstr. 4",58095,Hagen,51.35557136556157,7.463853711076574,ogc-api-nrw
130461,"Hamm, GG Bodelschwinghschule",Grundschule,"Ahornallee, Ahornallee 10",59063,Hamm,51.673022735516916,7.828144863795442,ogc-api-nrw
130473,"Hamm, GG Ludgerischule",Grundschule,"Großer Sandweg, Großer Sandweg 21",59065,Hamm,51.6921916213329,7.80387856249071,ogc-api-nrw
130485,"Hamm, GG Johannes",Grundschule,"An der Johanneskirche, An der Johanneskirche 26",59065,Hamm,51.69111714723973,7.794647430892022,ogc-api-nrw
130497,"Hamm, GG Wilhelm-Busch-Schule",Grundschule,"Wilhelmstr., Wilhelmstr. 99a",59067,Hamm,51.67047090251674,7.798955505206511,ogc-api-nrw
130503,"Hamm, GG Geistschule",Grundschule,"Titaniastr., Titaniastr. 5",59067,Hamm,51.66078262338564,7.794180221017172,ogc-api-nrw
130515,"Hamm, GG Theodor-Heuss-Schule",Grundschule,"Brändströmstr., Brändströmstr. 7",59065,Hamm,51.68593936906206,7.82587289641024,ogc-api-nrw
130527,"Hamm, GG Matthias-Claudius",Grundschule,"Lessingstr., Lessingstr. 26",59063,Hamm,51.67008373607594,7.8219879486647,ogc-api-nrw
130539,"Hamm, GG Hermann-Gmeiner",Grundschule,"Bonifatiusweg, Bonifatiusweg 15",59067,Hamm,51.66791405857728,7.77686961323983,ogc-api-nrw
130540,"Hamm, GG Ketteler",Grundschule,"Heithofer Allee, Heithofer Allee 45",59071,Hamm,51.68666143078832,7.859922651256798,ogc-api-nrw
130552,"Hamm, GG Hellwegschule",Grundschule,"Fischerstr., Fischerstr. 124",59069,Hamm,51.648985212915484,7.829733271251062,ogc-api-nrw
130564,"Hamm, GG Dietrich-Bonhoeffer",Grundschule,"Brehmstr., Brehmstr. 11",59069,Hamm,51.6559557351843,7.855460040414426,ogc-api-nrw
130576,"Herne, KG an der Bergstraße",Grundschule,"Bergstr., Bergstr. 13",44625,Herne,51.527675909774004,7.230659244908734,ogc-api-nrw
130588,"Herne, GG an der Vellwigstraße",Grundschule,"Vellwigstr., Vellwigstr. 28",44628,Herne,51.550497696853625,7.266699361332836,ogc-api-nrw
130618,"Herne, GG an der Max-Wiethoff-Straße",Grundschule,"Max-Wiethoff-Str., Max-Wiethoff-Str. 14a",44627,Herne,51.538349225466575,7.258234912305208,ogc-api-nrw
130643,"Herne, GG am Schloss",Grundschule,"Lackmanns Hof, Lackmanns Hof 95",44629,Herne,51.55209669342982,7.203819558333669,ogc-api-nrw
130679,"Herne, GG an der Ohmstraße",Grundschule,"Ohmstr., Ohmstr. 2",44629,Herne,51.55408922097585,7.218310556570266,ogc-api-nrw
130680,"Herne, GG Pantrings Hof",Grundschule,"Eberhard-Wildermuth-Str., Eberhard-Wildermuth-Str. 43",44628,Herne,51.568723870401094,7.2352129427153375,ogc-api-nrw
130722,"Herne, GG Kunterbunt",Grundschule,"Neustr., Neustr. 16",44623,Herne,51.54073932037863,7.21976943666288,ogc-api-nrw
130734,"Herne, GG an der Börsinghauser Straße",Grundschule,"Börsinghauser Str., Börsinghauser Str. 64",44627,Herne,51.54695565383282,7.279598241178274,ogc-api-nrw
130758,"Iserlohn, GG Bömberg",Grundschule,"Freiligrathstr., Freiligrathstr. 24",58636,Iserlohn,51.379910134153405,7.710314650326477,ogc-api-nrw
130760,"Iserlohn, GG Lichte Kammer",Grundschule,"Lichte Kammer, Lichte Kammer 22",58638,Iserlohn,51.39753830196845,7.683900448679565,ogc-api-nrw
130783,"Iserlohn, GG (Verb.) Nußberg",Grundschule,"Langerfeldstr., Langerfeldstr. 84",58638,Iserlohn,51.385622546364715,7.689444803042229,ogc-api-nrw
130795,"Iserlohn, GG Im Wiesengrund",Grundschule,"Im Wiesengrund, Im Wiesengrund 35",58636,Iserlohn,51.3776787234871,7.719214265288689,ogc-api-nrw
130813,"Iserlohn, GG Burgschule",Grundschule,"Bleichstr., Bleichstr. 33",58638,Iserlohn,51.377868883986665,7.692468224536677,ogc-api-nrw
130825,"Iserlohn, GG Südschule",Grundschule,"Waisenhausstr., Waisenhausstr. 4",58644,Iserlohn,51.37135188017095,7.694306092356633,ogc-api-nrw
130849,"Lünen, GG Wittekind",Grundschule,"Diesterwegstr., Diesterwegstr. 20",44536,Lünen,51.598517823935055,7.436350045414321,ogc-api-nrw
130850,"Lünen, GG (Verb.) Osterfeld",Grundschule,"Virchowstr., Virchowstr. 75",44536,Lünen,51.61078416675602,7.498393639784127,ogc-api-nrw
130862,"Lünen, GG (Verb.) Overbergschule",Grundschule,"Weißenburger Str., Weißenburger Str. 27",44532,Lünen,51.58839826349317,7.528595019109766,ogc-api-nrw
130874,"Lünen, GG Viktoria",Grundschule,"Augustastr., Augustastr. 1",44534,Lünen,51.61830805315426,7.533752490003514,ogc-api-nrw
130886,"Lünen, KG Elisabeth",Grundschule,"Zum Karrenbusch, Zum Karrenbusch 6",44536,Lünen,51.60442586371909,7.447873012820174,ogc-api-nrw
130898,"Lünen, KG Leo",Grundschule,"Hubertusstr., Hubertusstr. 3",44532,Lünen,51.60709774035235,7.523946866517382,ogc-api-nrw
130904,"Lünen, GG Schule am Lüserbach",Grundschule,"Querstr., Querstr. 25",44532,Lünen,51.58903964022268,7.549780467956317,ogc-api-nrw
130977,"Herne, GG am Eickeler Park",Grundschule,"Reichsstr., Reichsstr. 44",44651,Herne,51.51175062253312,7.17034299479925,ogc-api-nrw
130989,"Herne, GG Freiherr-vom-Stein-Schule",Grundschule,"Steinstr., Steinstr. 17",44652,Herne,51.523973985094585,7.169334038761882,ogc-api-nrw
130990,"Herne, GG Sonnenschule",Grundschule,"Rottbruchstr., Rottbruchstr. 10",44625,Herne,51.53472910550529,7.187272534617108,ogc-api-nrw
131003,"Herne, GG Horstschule",Grundschule,"Richardstr., Richardstr. 6",44625,Herne,51.52904742858305,7.197302055698814,ogc-api-nrw
131015,"Herne, GG Südschule",Grundschule,"Plutostr., Plutostr. 115",44651,Herne,51.51385893366612,7.1596796503222,ogc-api-nrw
131027,"Herne, GG Laurentiusschule",Grundschule,"Gahlenstr., Gahlenstr. 5",44653,Herne,51.5433518768217,7.1480483184086046,ogc-api-nrw
131039,"Herne, GG Claudiusschule",Grundschule,"Claudiusstr., Claudiusstr. 88",44649,Herne,51.53563787388393,7.168779505570889,ogc-api-nrw
131040,"Herne, GG Michaelschule",Grundschule,"Michaelstr., Michaelstr. 16",44649,Herne,51.52836932365282,7.145729749538384,ogc-api-nrw
131052,"Herne, GG Europaschule Königstraße",Grundschule,"Königstr., Königstr. 25",44651,Herne,51.51733989119306,7.178738373186722,ogc-api-nrw
131064,"Herne, GG Josefschule",Grundschule,"Stöckstr., Stöckstr. 113",44649,Herne,51.5383314212479,7.151309271592529,ogc-api-nrw
131088,"Bochum, GG Kirchschule Höntrop",Grundschule,"Wattenscheider Hellweg, Wattenscheider Hellweg 87-89",44867,Bochum,51.463624852174235,7.151652628904184,ogc-api-nrw
131090,"Bochum, GG Westenfeld",Grundschule,"Westenfelder Str., Westenfelder Str. 107",44867,Bochum,51.47139582790742,7.145463628630623,ogc-api-nrw
131120,"Bochum, GG Regenbogen",Grundschule,"Preins Feld, Preins Feld 3",44869,Bochum,51.45380934933253,7.143412952131382,ogc-api-nrw
131131,"Bochum, GG Günnigfeld",Grundschule,"Marktstr., Marktstr. 21",44866,Bochum,51.495956271909186,7.141556575746009,ogc-api-nrw
131155,"Bochum, GG Glückaufschule",Grundschule,"Bochumer Str., Bochumer Str. 69-71",44866,Bochum,51.47927661398142,7.156492482298248,ogc-api-nrw
131167,"Bochum, GG Leithe",Grundschule,"Schulstr., Schulstr. 7",44866,Bochum,51.479693395583865,7.126058919057029,ogc-api-nrw
131179,"Bochum, GG Dietrich-Bonhoeffer",Grundschule,"Ruhrstr., Ruhrstr. 150",44869,Bochum,51.4464547906985,7.167514660945029,ogc-api-nrw
131209,"Witten, GG Bruch",Grundschule,"Ardeystr., Ardeystr. 124",58452,Witten,51.43636547752615,7.3497400212717166,ogc-api-nrw
131210,"Witten, GG Crengeldanzschule",Grundschule,"Crengeldanzstr., Crengeldanzstr. 60",58455,Witten,51.44851316287446,7.329959568814034,ogc-api-nrw
131222,"Witten, GG Rüdinghauser",Grundschule,"In der Dickete, In der Dickete 4",58454,Witten,51.44948813766955,7.403812392167381,ogc-api-nrw
131234,"Witten, GG Dorfschule",Grundschule,"Steinhügel, Steinhügel 54",58455,Witten,51.43599172208966,7.30402907817916,ogc-api-nrw
131246,"Witten, GG Hellwegschule",Grundschule,"Hellweg, Hellweg 42",58455,Witten,51.443290714605865,7.310665915873707,ogc-api-nrw
131260,"Witten, GG Hüllbergschule",Grundschule,"Hüllbergweg, Hüllbergweg 31",58454,Witten,51.44165115293,7.385105959783609,ogc-api-nrw
131271,"Witten, GG Erlenschule",Grundschule,"Holzkampstr., Holzkampstr. 9",58453,Witten,51.44408342617974,7.369176475918641,ogc-api-nrw
131283,"Witten, GG Harkort",Grundschule,"Hörder Str., Hörder Str. 304",58454,Witten,51.467590716773415,7.365991568344911,ogc-api-nrw
131295,"Witten, GG Baedeker",Grundschule,"In den Höfen, In den Höfen 15",58453,Witten,51.452109308253085,7.372085663766926,ogc-api-nrw
131301,"Witten, GG Borbach",Grundschule,"Große Borbach, Große Borbach 20",58453,Witten,51.42927591631365,7.372652863078083,ogc-api-nrw
131313,"Witten, GG Gerichtsschule",Grundschule,"Gerichtsstr., Gerichtsstr. 12",58452,Witten,51.43632267677261,7.335267362528884,ogc-api-nrw
131325,"Witten, GG Bredde",Grundschule,"Breddestr., Breddestr. 32",58452,Witten,51.438883156404906,7.330670597540996,ogc-api-nrw
131337,"Witten, GG Brenschen",Grundschule,"Auf dem Brenschen, Auf dem Brenschen 15",58452,Witten,51.423555723281495,7.3386225440829875,ogc-api-nrw
131350,"Altena, GG Breitenhagen",Grundschule,"Bergfelder Weg, Bergfelder Weg 21",58762,Altena,51.284075801671484,7.679531966807289,ogc-api-nrw
131404,"Plettenberg, GG Holthausen",Grundschule,"Auf der Lied, Auf der Lied 26",58840,Plettenberg,51.20215211533895,7.847977806981671,ogc-api-nrw
131430,"Plettenberg, GG (Verb.) Hallenschule",Grundschule,"Hallenstr., Hallenstr. 17",58840,Plettenberg,51.23623915210674,7.870662023150577,ogc-api-nrw
131441,"Plettenberg, GG Eschenschule",Grundschule,"Brockhauser Weg, Brockhauser Weg 21",58840,Plettenberg,51.23174279955645,7.882832274673596,ogc-api-nrw
131453,"Plettenberg, GG (Verb.) Martin-Luther",Grundschule,"Königstr., Königstr. 20",58840,Plettenberg,51.21085221118747,7.877095784247503,ogc-api-nrw
131477,"Werdohl, GG (Verb.) Schulweg",Grundschule,"Schulweg, Schulweg 16",58791,Werdohl,51.235775228867645,7.761677792211889,ogc-api-nrw
131507,"Werdohl, KG St.Michael-Schule",Grundschule,"Schulstr., Schulstr. 19",58791,Werdohl,51.257745779299995,7.765243661973669,ogc-api-nrw
131519,"Werdohl, EG Martin Luther",Grundschule,"Danziger Str., Danziger Str. 30",58791,Werdohl,51.25511650872287,7.747988356331917,ogc-api-nrw
131556,"Nachrodt-Wiblingwerde,GG (Verb) Nachrodt",Grundschule,"Ehrenmalstr., Ehrenmalstr. 61",58769,Nachrodt-Wiblingwerde,51.33215857056744,7.648752482041968,ogc-api-nrw
131568,"Halver, GG (Verb.) Regenbogenschule",Grundschule,"Pestalozziweg, Pestalozziweg 1",58553,Halver,51.185898073587005,7.493084055738957,ogc-api-nrw
131581,"Halver, GG Lindenhofschule",Grundschule,"Schulstr., Schulstr. 7",58553,Halver,51.18850121934587,7.502515490732584,ogc-api-nrw
131600,"Kierspe, GG (Verb.) Bismarckschule",Grundschule,"Richelnkamp, Richelnkamp 20",58566,Kierspe,51.13592863566008,7.590038001531901,ogc-api-nrw
131611,"Kierspe, GG (Verb.) Pestalozzi",Grundschule,"Haunerbusch, Haunerbusch 84-86",58566,Kierspe,51.12858969070824,7.611770408820347,ogc-api-nrw
131623,"Lüdenscheid, GG Lösenbach",Grundschule,"Kaiserallee, Kaiserallee 28",58511,Lüdenscheid,51.224672214174795,7.642737100473098,ogc-api-nrw
131635,"Lüdenscheid, GG Otfried-Preußler-Schule",Grundschule,"Brockhauser Weg, Brockhauser Weg 34",58507,Lüdenscheid,51.24096012545222,7.622143485822912,ogc-api-nrw
131659,"Lüdenscheid, GG Adolf-Kolping-Schule",Grundschule,"Danziger Weg, Danziger Weg 45",58511,Lüdenscheid,51.21995166302154,7.65056570324091,ogc-api-nrw
131660,"Lüdenscheid, GG Pestalozzi",Grundschule,"Weißenburger Str., Weißenburger Str. 14",58511,Lüdenscheid,51.213828448104984,7.639762857620356,ogc-api-nrw
131684,"Lüdenscheid, GG Westschule",Grundschule,"Kalver Str., Kalver Str. 65",58511,Lüdenscheid,51.216417502705276,7.663097704409427,ogc-api-nrw
131702,"Lüdenscheid, GG Knapper",Grundschule,"Lessingstr., Lessingstr. 14",58507,Lüdenscheid,51.220697064062996,7.624223575419038,ogc-api-nrw
131738,"Lüdenscheid, GG Bierbaum",Grundschule,"Kirchstr., Kirchstr. 12",58515,Lüdenscheid,51.20105494364817,7.651862305863598,ogc-api-nrw
131751,"Lüdenscheid, GG Wehberger",Grundschule,"Im Olpendahl, Im Olpendahl 10a",58507,Lüdenscheid,51.23364032828594,7.618351401773701,ogc-api-nrw
131775,"Meinerzhagen, GG Auf der Wahr",Grundschule,"Südstr., Südstr. 3",58540,Meinerzhagen,51.101199889696915,7.641842905293548,ogc-api-nrw
131799,"Meinerzhagen, GG Ebbeschule-Valbert",Grundschule,"Schulstr., Schulstr. 8",58540,Meinerzhagen,51.11992137806757,7.748888862452746,ogc-api-nrw
131817,"Neuenrade, GG (Verb.) Burgschule",Grundschule,"Alte Burg, Alte Burg 2",58809,Neuenrade,51.28115262290392,7.780618132325343,ogc-api-nrw
131842,"Schalksmühle, GG Spormecke",Grundschule,"Spormecke, Spormecke 4",58579,Schalksmühle,51.25804220286619,7.570812424304772,ogc-api-nrw
131854,"Arnsberg, GG Norbertusschule",Grundschule,"Klosterstr., Klosterstr. 12",59821,Arnsberg,51.39306123417543,8.063937096246779,ogc-api-nrw
131866,"Arnsberg, KG Kath. Johannesschule",Grundschule,"Sauerstr., Sauerstr. 5",59821,Arnsberg,51.39340957139831,8.076104334427397,ogc-api-nrw
131878,"Arnsberg, GG (Verb.) Regenbogen",Grundschule,"Alter Soestweg, Alter Soestweg 36",59821,Arnsberg,51.40811754374794,8.062119981852465,ogc-api-nrw
131880,"Arnsberg, GG Adolf-Sauer-Schule",Grundschule,"Sauerstr., Sauerstr. 1",59821,Arnsberg,51.3945317117656,8.075866122178567,ogc-api-nrw
131891,"Arnsberg, GG Moosfelde",Grundschule,"Eschenstr., Eschenstr. 4",59755,Arnsberg,51.46156925051139,7.986790001772848,ogc-api-nrw
131910,"Arnsberg, GG Röhr",Grundschule,"Marktstr., Marktstr. 42",59759,Arnsberg,51.43062013555013,7.9901216562149875,ogc-api-nrw
131921,"Arnsberg, GG Mühlenberg",Grundschule,"Hochstr., Hochstr. 6",59759,Arnsberg,51.430090823222216,7.984019667917338,ogc-api-nrw
131933,"Arnsberg, GG Graf-Gottfried-Schule",Grundschule,"Mendener Str., Mendener Str. 38",59755,Arnsberg,51.45546048598998,7.95669981567782,ogc-api-nrw
131945,"Arnsberg, GG Rote Schule",Grundschule,"Schulstr., Schulstr. 14",59755,Arnsberg,51.449862865478046,7.968383638691951,ogc-api-nrw
131957,"Arnsberg, KG St.Josef-Bergheim",Grundschule,"Marienstr., Marienstr. 1",59757,Arnsberg,51.45482292674117,7.9407526343061035,ogc-api-nrw
131970,"Balve, GG St. Johannes Balve",Grundschule,"Brucknerweg, Brucknerweg 7",58802,Balve,51.32945843787371,7.868244191222353,ogc-api-nrw
131982,"Balve, GG Beckum",Grundschule,"Nikolausstr., Nikolausstr. 4",58802,Balve,51.35460789627822,7.893432230964449,ogc-api-nrw
132007,"Balve, KG Dreikönige",Grundschule,"Schulstr., Schulstr. 3",58802,Balve,51.31907549707345,7.8301409572487195,ogc-api-nrw
132020,"Meschede, KG (Verb.) St. Nikolaus-Schule",Grundschule,"Pestalozzistr., Pestalozzistr. 3",59872,Meschede,51.37552875240681,8.173001870366239,ogc-api-nrw
132044,"Arnsberg, KG Dinschede",Grundschule,"Dinscheder Str., Dinscheder Str. 8",59823,Arnsberg,51.39897839906464,8.136598006175847,ogc-api-nrw
132068,"Arnsberg, KG Rodentelgenschule",Grundschule,"Rodentelgenstr., Rodentelgenstr. 28",59759,Arnsberg,51.42400075809692,8.021795432765199,ogc-api-nrw
132081,"Sundern, KG Hachen",Grundschule,"Schulstr., Schulstr. 12",59846,Sundern (Sauerland),51.3748352051372,7.984180121576801,ogc-api-nrw
132093,"Arnsberg, KG (Verb) Kath Heinrich-Knoche",Grundschule,"Heinrich-Knoche-Weg, Heinrich-Knoche-Weg 3",59757,Arnsberg,51.42092361305369,7.961988048569097,ogc-api-nrw
132135,"Arnsberg, KG Müschede",Grundschule,"St.-Hubertus-Platz, St.-Hubertus-Platz 1",59757,Arnsberg,51.40340972916497,8.000597912946597,ogc-api-nrw
132160,"Arnsberg, KG Urbanus",Grundschule,"Fuchswinkel, Fuchswinkel 10",59757,Arnsberg,51.463850206953666,7.905417981367196,ogc-api-nrw
132172,"Sundern, KG Allendorf",Grundschule,"Kaspar-Kellermann-Str., Kaspar-Kellermann-Str. 4",59846,Sundern (Sauerland),51.280797304955755,7.947929311286435,ogc-api-nrw
132202,"Sundern, KG Sebastianschule",Grundschule,"Am Wenne, Am Wenne 8",59846,Sundern (Sauerland),51.292969214852874,7.985199008060159,ogc-api-nrw
132214,"Sundern, GG Johannes",Grundschule,"Grünewaldstr., Grünewaldstr. 13",59846,Sundern (Sauerland),51.32853542681106,8.002126030285824,ogc-api-nrw
132226,"Sundern, GG Marienschule",Grundschule,"Silmecke, Silmecke 23",59846,Sundern (Sauerland),51.317139556896166,8.006046833749688,ogc-api-nrw
132287,"Warstein, KG (Verb.) Lioba-Schule",Grundschule,"Schwarzer Weg, Schwarzer Weg 25",59581,Warstein,51.448928354028254,8.341487549509338,ogc-api-nrw
132299,"Brilon, KG St.Engelbert-Schule",Grundschule,"Am Derker Tor, Am Derker Tor 1",59929,Brilon,51.39231229290827,8.566819366753677,ogc-api-nrw
132317,"Brilon, KG Ratmerstein",Grundschule,"Scharfenberger Str., Scharfenberger Str. 25",59929,Brilon,51.401101690203426,8.565543169512866,ogc-api-nrw
132342,"Winterberg, KG Am Postteich",Grundschule,"Am Postteich, Am Postteich 1",59955,Winterberg,51.19212861560273,8.540507346054833,ogc-api-nrw
132366,"Medebach, GG (Verb.) Hanse",Grundschule,"Prozessionsweg, Prozessionsweg 27",59964,Medebach,51.19751367911868,8.701035588196204,ogc-api-nrw
132408,"Olsberg, KG Kardinal-von-Galen-Schule",Grundschule,"Am Schwesternheim, Am Schwesternheim 3",59939,Olsberg,51.35670510080868,8.48691650394063,ogc-api-nrw
132410,"Olsberg, KG St.Martinus-Schule",Grundschule,"Schulstr., Schulstr. 18",59939,Olsberg,51.357332903952006,8.472375236187254,ogc-api-nrw
132433,"Olsberg, KG Franziskus",Grundschule,"Am Istenberg, Am Istenberg 6-8",59939,Olsberg,51.318030262856254,8.53200408883621,ogc-api-nrw
132457,"Winterberg, KG St.Josef",Grundschule,"Grimmeweg, Grimmeweg 3",59955,Winterberg,51.25087813338323,8.471015293236826,ogc-api-nrw
132470,"Hallenberg, KG Elbersbach",Grundschule,"Elbersbach, Elbersbach 14",59969,Hallenberg,51.1150463443805,8.615219857752983,ogc-api-nrw
132524,"Marsberg,GG Naturparkgrundschule Giersh.",Grundschule,"Zur Heide, Zur Heide 3",34431,Marsberg,51.40661144751277,8.823361503515875,ogc-api-nrw
132550,"Marsberg, GG Schule am Burghof",Grundschule,"Am Burghof, Am Burghof 11",34431,Marsberg,51.45842575801341,8.851718278185052,ogc-api-nrw
132573,"Winterberg, KG Niedersfeld",Grundschule,"In der Ecke, In der Ecke 5",59955,Winterberg,51.25892183984992,8.526728727826374,ogc-api-nrw
132640,"Brilon, KG (Verb.) Thülen-Alme-Hoppecke",Grundschule,"Am Stemmel, Am Stemmel 9",59929,Brilon,51.419286797619165,8.64389249263848,ogc-api-nrw
132652,"Breckerfeld, GG Ostring",Grundschule,"Ostring, Ostring 14",58339,Breckerfeld,51.26101264646849,7.4693302146081875,ogc-api-nrw
132676,"Hagen, GG Volmetal",Grundschule,"Ribbertstr., Ribbertstr. 60",58091,Hagen,51.307571212508705,7.5234921111815485,ogc-api-nrw
132706,"Ennepetal, GG Büttenberg",Grundschule,"Erlenstr., Erlenstr. 7",58256,Ennepetal,51.30030537663803,7.321917547954623,ogc-api-nrw
132718,"Ennepetal, GG (Verb.) Wassermaus",Grundschule,"Deterberger Str., Deterberger Str. 30",58256,Ennepetal,51.29170074749315,7.346040038586158,ogc-api-nrw
132720,"Ennepetal, GG Altenvoerde",Grundschule,"Fettweide, Fettweide 6",58256,Ennepetal,51.30271693065981,7.36782296501671,ogc-api-nrw
132731,"Ennepetal, GG Voerde",Grundschule,"Bussardweg, Bussardweg 16",58256,Ennepetal,51.31081489027604,7.384352059678307,ogc-api-nrw
132755,"Ennepetal, KG Kirchstr.",Grundschule,"Kirchstr., Kirchstr. 52",58256,Ennepetal,51.299059045128395,7.34619155213303,ogc-api-nrw
132779,"Gevelsberg, GG Pestalozzischule",Grundschule,"Teichstr., Teichstr. 16",58285,Gevelsberg,51.32523068265501,7.334944658609132,ogc-api-nrw
132780,"Gevelsberg, GG Am Strückerberg",Grundschule,"Alter Hohlweg, Alter Hohlweg 54",58285,Gevelsberg,51.31303461409108,7.326618855670689,ogc-api-nrw
132792,"Gevelsberg, GG Schnellmark",Grundschule,"Grünewaldstr., Grünewaldstr. 6",58285,Gevelsberg,51.32637561652989,7.358715499821083,ogc-api-nrw
132810,"Gevelsberg, GG Silschede",Grundschule,"Brandteich, Brandteich 11",58285,Gevelsberg,51.349051593825095,7.331711753416317,ogc-api-nrw
132822,"Hattingen, GG Bredenscheid",Grundschule,"Habichtstr., Habichtstr. 24a",45527,Hattingen,51.374174982455536,7.195059289777989,ogc-api-nrw
132834,"Hattingen, GG Oberwinzerfeld",Grundschule,"Regerstr., Regerstr. 33",45529,Hattingen,51.41038360065749,7.169762724662863,ogc-api-nrw
132860,"Hattingen, KG Weiltor St.Franzsikus",Grundschule,"Bahnhofstr., Bahnhofstr. 17",45525,Hattingen,51.39914107200872,7.179484424002027,ogc-api-nrw
132883,"Hattingen, GG Heggerfeld",Grundschule,"Blankensteiner Str., Blankensteiner Str. 24",45525,Hattingen,51.40120235182103,7.191220548132672,ogc-api-nrw
132895,"Hattingen, GG Bruchfeld",Grundschule,"Lessingstr., Lessingstr. 10",45525,Hattingen,51.392737781253,7.180040519482968,ogc-api-nrw
132901,"Hattingen, GG Holthausen",Grundschule,"Am Hagen, Am Hagen 8",45527,Hattingen,51.3917235599757,7.2193795907247384,ogc-api-nrw
132937,"Hattingen,GG Niederwenigern Nikol.Groß",Grundschule,"Rüggenweg, Rüggenweg 11",45529,Hattingen,51.406368791950385,7.132466302529286,ogc-api-nrw
132950,"Hattingen, GG Alt-Blankenstein",Grundschule,"Vidumestr., Vidumestr. 31",45527,Hattingen,51.40674262978454,7.2218157001360925,ogc-api-nrw
132962,"Hattingen, GG Erik-Nölting",Grundschule,"Richard-Dehmel-Str., Richard-Dehmel-Str. 10",45527,Hattingen,51.41016606170611,7.204527677686775,ogc-api-nrw
132974,"Witten, GG Buchholzer Schule",Grundschule,"Buchholzer Str., Buchholzer Str. 37",58456,Witten,51.397838202880955,7.255211413896164,ogc-api-nrw
132986,"Witten, GG Vormholzer Schule",Grundschule,"Vormholzer Ring, Vormholzer Ring 54",58456,Witten,51.41909298334696,7.290315337665273,ogc-api-nrw
133000,"Witten, GG Herbeder",Grundschule,"Wilhelmstr., Wilhelmstr. 4",58456,Witten,51.420272520062504,7.281195692807135,ogc-api-nrw
133024,"Herdecke, GG Hugo Knauer",Grundschule,"Am Berge, Am Berge 35",58313,Herdecke,51.41650631737666,7.41530195530687,ogc-api-nrw
133036,"Herdecke, GG Schraberg",Grundschule,"Neue Str., Neue Str. 46",58313,Herdecke,51.424063199313636,7.426878487864085,ogc-api-nrw
133048,"Herdecke, GG Robert-Bonnermann-Schule",Grundschule,"Bahnhofstr., Bahnhofstr. 7",58313,Herdecke,51.40122141816386,7.432205446135437,ogc-api-nrw
133050,"Schwelm, GG Nordstadt",Grundschule,"Hattinger Str., Hattinger Str. 47",58332,Schwelm,51.29425758344355,7.284988526817164,ogc-api-nrw
133073,"Schwelm, GG Engelbertstr.",Grundschule,"Engelbertstr., Engelbertstr. 2",58332,Schwelm,51.28415205823339,7.28823309007158,ogc-api-nrw
133085,"Schwelm, GG Ländchenweg",Grundschule,"Ländchenweg, Ländchenweg 8",58332,Schwelm,51.28396357157235,7.30308227097329,ogc-api-nrw
133097,"Schwelm, KG St.Marien",Grundschule,"Jahnstr., Jahnstr. 22",58332,Schwelm,51.287616928504185,7.306963181366299,ogc-api-nrw
133115,"Sprockhövel, GG Hobeuken",Grundschule,"Hobeuken, Hobeuken 11",45549,Sprockhövel,51.323377082270646,7.257005637019451,ogc-api-nrw
133127,"Sprockhövel, GG Haßlinghausen",Grundschule,"Geschwister-Scholl-Str., Geschwister-Scholl-Str. 6",45549,Sprockhövel,51.33413687916135,7.284089217386759,ogc-api-nrw
133139,"Sprockhövel, GG Börgersbruch",Grundschule,"Dresdener Str., Dresdener Str. 43",45549,Sprockhövel,51.36269031107205,7.2501265254403835,ogc-api-nrw
133140,"Sprockhövel, GG Gennebreck-Herzkamp",Grundschule,"Zum Sportplatz, Zum Sportplatz 10a",45549,Sprockhövel,51.312630266468695,7.206960809967033,ogc-api-nrw
133152,"Wetter, KG St. Rafael",Grundschule,"Königstr., Königstr. 17",58300,Wetter (Ruhr),51.38771432529741,7.3956579817638985,ogc-api-nrw
133164,"Wetter, GG Bergstr.",Grundschule,"Bergstr., Bergstr. 23",58300,Wetter (Ruhr),51.38876941245229,7.389972538952712,ogc-api-nrw
133176,"Wetter, GG Grundschöttel",Grundschule,"Steinkampstr., Steinkampstr. 35",58300,Wetter (Ruhr),51.374627339842355,7.366832662601819,ogc-api-nrw
133190,"Wetter, GG (Verb.) Elbschebach",Grundschule,"Albringhauser Str., Albringhauser Str. 136",58300,Wetter (Ruhr),51.37141622944601,7.315971010530998,ogc-api-nrw
133206,"Wetter, GG Volmarstein",Grundschule,"Schulstr., Schulstr. 11",58300,Wetter (Ruhr),51.37097332700893,7.382824216097221,ogc-api-nrw
133218,"Hagen, GG Heide Hohenlimburg",Grundschule,"Heideschulweg, Heideschulweg 12",58119,Hagen,51.357230272547255,7.57296987832573,ogc-api-nrw
133231,"Hagen, KG Wesselbach",Grundschule,"Neuer Schloßweg, Neuer Schloßweg 15",58119,Hagen,51.34653233241689,7.568075417442647,ogc-api-nrw
133255,"Hagen, GG (Verb.) Im Kley",Grundschule,"Kiebitzweg, Kiebitzweg 6",58119,Hagen,51.36250013844471,7.564891309355902,ogc-api-nrw
133267,"Iserlohn, GG Saat",Grundschule,"Saatweg, Saatweg 31",58644,Iserlohn,51.363627426909815,7.65144636507445,ogc-api-nrw
133280,"Iserlohn, GG Bartholomäusschule",Grundschule,"Unterfeldstr., Unterfeldstr. 12",58642,Iserlohn,51.37105768120493,7.623054439256382,ogc-api-nrw
133292,"Iserlohn, KG Kilianschule",Grundschule,"Im Nordfeld, Im Nordfeld 8",58642,Iserlohn,51.36958500163148,7.60574384207619,ogc-api-nrw
133309,"Menden, KG Josefschule Menden",Grundschule,"Werringser Str., Werringser Str. 2",58706,Menden (Sauerland),51.439337932426966,7.797172263225125,ogc-api-nrw
133322,"Menden, GG (Verb.) Albert-Schweitzer",Grundschule,"Beethovenstr., Beethovenstr. 2",58706,Menden (Sauerland),51.44618459134786,7.806317303494283,ogc-api-nrw
133358,"Schwerte, GG Friedrich-Kayser-Schule",Grundschule,"Eintrachtstr., Eintrachtstr. 10",58239,Schwerte,51.44082086711039,7.563833295093581,ogc-api-nrw
133360,"Schwerte, GG Lenningskamp",Grundschule,"Am Lenningskamp, Am Lenningskamp 2",58239,Schwerte,51.446101386037675,7.553752482125341,ogc-api-nrw
133383,"Schwerte, GG Heide",Grundschule,"Heidestr., Heidestr. 77",58239,Schwerte,51.46431462692753,7.571647226043435,ogc-api-nrw
133401,"Hagen, GG Berchum/Garenfeld",Grundschule,"Auf dem Blumenkampe, Auf dem Blumenkampe 3",58093,Hagen,51.38615017669099,7.54155905148068,ogc-api-nrw
133413,"Schwerte, EG Ergste",Grundschule,"Am Derkmannsstück, Am Derkmannsstück 29",58239,Schwerte,51.41955765232062,7.577429564328005,ogc-api-nrw
133437,"Hemer, GG Oesetalschule",Grundschule,"Oesestr., Oesestr. 18",58675,Hemer,51.39588941666776,7.782586459180039,ogc-api-nrw
133449,"Hemer, GG Deilinghofenerschule",Grundschule,"Brockhauser Weg, Brockhauser Weg 30",58675,Hemer,51.37873217755662,7.808848748631563,ogc-api-nrw
133450,"Hemer, GG Brabeckschule",Grundschule,"Stübecker Weg, Stübecker Weg 45",58675,Hemer,51.40325715196222,7.757173755315851,ogc-api-nrw
133462,"Hemer, GG Woesteschule",Grundschule,"Kantstr., Kantstr. 5",58675,Hemer,51.39071399419124,7.763234103414501,ogc-api-nrw
133474,"Hemer, GG Freiherr-vom-Stein",Grundschule,"Berliner Str., Berliner Str. 50",58675,Hemer,51.37729664918736,7.76914209439204,ogc-api-nrw
133486,"Hemer, GG Diesterwegschule",Grundschule,"Schulstr., Schulstr. 3",58675,Hemer,51.372623453515736,7.754943224720717,ogc-api-nrw
133498,"Hemer, GG Wulfertschule",Grundschule,"An der Steinert, An der Steinert 19",58675,Hemer,51.38412006939707,7.7629951141817095,ogc-api-nrw
133504,"Hemer, GG Ihmerter",Grundschule,"Heinrich-Goswin-Str., Heinrich-Goswin-Str. 18",58675,Hemer,51.330452020627654,7.736750824203579,ogc-api-nrw
133516,"Menden, GG Nikolaus-Groß-Schule/Bösperde",Grundschule,"Bahnhofstraße in Bösperde, Bahnhofstraße in Bösperde 3",58708,Menden (Sauerland),51.45899310459674,7.759877955815688,ogc-api-nrw
133530,"Menden, GG (Verb.) Bischof-von-Ketteler",Grundschule,"Salzweg, Salzweg 45",58710,Menden (Sauerland),51.420750016134306,7.835370768160346,ogc-api-nrw
133565,"Menden, KG Josefschule Lendringsen",Grundschule,"Friedhofstr., Friedhofstr. 6",58710,Menden (Sauerland),51.41346226116202,7.834966392494969,ogc-api-nrw
133590,"Iserlohn, GG Sümmern",Grundschule,"Burggräfte, Burggräfte 15",58640,Iserlohn,51.419530098119004,7.714362918273698,ogc-api-nrw
133607,"Dortmund, GG Eintracht",Grundschule,"Heinrich-Pieper-Str., Heinrich-Pieper-Str. 2",44267,Dortmund,51.443832538296654,7.522526049161869,ogc-api-nrw
133619,"Dortmund, GG Lichtendorf",Grundschule,"Schulstr., Schulstr. 2",44289,Dortmund,51.47091457145494,7.596177545108898,ogc-api-nrw
133620,"Schwerte, GG Villigst",Grundschule,"Schulstr., Schulstr. 12",58239,Schwerte,51.43156942136528,7.59289548709829,ogc-api-nrw
133644,"Schwerte, GG Reichshofschule",Grundschule,"Meiner Weg, Meiner Weg 8",58239,Schwerte,51.419933989882004,7.529955937748576,ogc-api-nrw
133668,"Geseke, KG Alfred-Delp-Schule",Grundschule,"Auf den Strickern, Auf den Strickern 28",59590,Geseke,51.64210966770273,8.494179213162928,ogc-api-nrw
133670,"Geseke, KG Dr.-Adenauer-Schule",Grundschule,"Ostmauer, Ostmauer 2",59590,Geseke,51.641723098857156,8.513346293213605,ogc-api-nrw
133681,"Geseke, KG St.Marienschule",Grundschule,"Am Freistuhl, Am Freistuhl 8",59590,Geseke,51.63311314874378,8.507832293763608,ogc-api-nrw
133700,"Lippstadt, GG (Verb.) Friedrichschule",Grundschule,"Friedrichstr., Friedrichstr. 16",59555,Lippstadt,51.676579220761575,8.336224077449392,ogc-api-nrw
133711,"Lippstadt, GG Hans-Christian-Andersen",Grundschule,"St.-Hedwig-Str., St.-Hedwig-Str. 44",59557,Lippstadt,51.65380634306456,8.339924923405198,ogc-api-nrw
133723,"Lippstadt, GG an der Pappelallee",Grundschule,"Ulmenstr., Ulmenstr. 35",59557,Lippstadt,51.664838803226274,8.331927822928742,ogc-api-nrw
133735,"Lippstadt, GG Josefschule",Grundschule,"Bökenförder Str., Bökenförder Str. 12-14",59557,Lippstadt,51.66738927939945,8.347362324695382,ogc-api-nrw
133747,"Lippstadt, GG Nikolaischule",Grundschule,"Ostendorfallee, Ostendorfallee 3",59555,Lippstadt,51.67802550302158,8.343984142778647,ogc-api-nrw
133760,"Lippstadt, GG Martin-Schule",Grundschule,"Cappeler Stiftsallee, Cappeler Stiftsallee 16",59556,Lippstadt,51.682395766558564,8.30041140617596,ogc-api-nrw
133772,"Lippstadt, GG (Verb.) Lipperode-Lipperbr",Grundschule,"Schulstr., Schulstr. 10",59558,Lippstadt,51.69379928797845,8.379203278287676,ogc-api-nrw
133784,"Anröchte, KG (Verb.) Pankratiusschule",Grundschule,"Kapellenweg, Kapellenweg 10",59609,Anröchte,51.5601421010665,8.332381116425784,ogc-api-nrw
133802,"Lippstadt, GG Benninghausen",Grundschule,"Im Brühl, Im Brühl 29",59556,Lippstadt,51.6558700733471,8.245163492872473,ogc-api-nrw
133814,"Erwitte, GG Erich Kästner",Grundschule,"Glasmerweg, Glasmerweg 14",59597,Erwitte,51.61225087925908,8.331097018097655,ogc-api-nrw
133838,"Erwitte, GG Astrid-Lindgren",Grundschule,"Schützenstr., Schützenstr. 10",59597,Erwitte,51.62990420165899,8.365599057943578,ogc-api-nrw
133863,"Rüthen, GG Luzia-Schule",Grundschule,"Luziastr., Luziastr. 10",59602,Rüthen,51.56524139347897,8.426055535579504,ogc-api-nrw
133875,"Rüthen, GG (Verb.) Nikolausschule",Grundschule,"Schulstr., Schulstr. 9",59602,Rüthen,51.49284704448668,8.433144631485744,ogc-api-nrw
133899,"Lippstadt, GG (Verb.) Im Kleefeld",Grundschule,"Kleefeld, Kleefeld 5",59558,Lippstadt,51.67092292225662,8.396102732271745,ogc-api-nrw
133917,"Geseke, KG Pankratiusschule",Grundschule,"Albert-Brand-Str., Albert-Brand-Str. 1",59590,Geseke,51.637534822125915,8.468147411720363,ogc-api-nrw
133930,"Meschede, KG St. Johannes-Schule",Grundschule,"Wehrstapeler Str., Wehrstapeler Str. 29",59872,Meschede,51.35093765872042,8.335871180918543,ogc-api-nrw
133954,"Bestwig, GG am Sengenberg",Grundschule,"Zum Kreuzberg, Zum Kreuzberg 5",59909,Bestwig,51.370450219098416,8.420549867381132,ogc-api-nrw
133966,"Bestwig, GG Wilhelmine-Lübke",Grundschule,"Schulstr., Schulstr. 5",59909,Bestwig,51.310273497174606,8.400547666137317,ogc-api-nrw
133978,"Bestwig, GG Andreas",Grundschule,"Zum Ostenberg, Zum Ostenberg 1",59909,Bestwig,51.35715360960271,8.38576078567464,ogc-api-nrw
133980,"Eslohe, KG (Verb.) Raphael-Schule",Grundschule,"Schulstr., Schulstr. 5",59889,Eslohe (Sauerland),51.25622012560052,8.166674951483316,ogc-api-nrw
134028,"Schmallenberg, KG Berghausen",Grundschule,"Berghausen, Berghausen 2",57392,Schmallenberg,51.185783329732004,8.243495743579865,ogc-api-nrw
134030,"Schmallenberg, GG Bödefeld",Grundschule,"Mutter-Teresa-Platz, Mutter-Teresa-Platz 4",57392,Schmallenberg,51.24818666359274,8.394363195150026,ogc-api-nrw
134065,"Schmallenberg, KG Bad Fredeburg",Grundschule,"Alte Mittelstr., Alte Mittelstr. 21",57392,Schmallenberg,51.148299803067516,8.32062652814609,ogc-api-nrw
134089,"Meschede, KG Luziaschule Berge",Grundschule,"Herstweg, Herstweg 3",59872,Meschede,51.33579784521187,8.162376212635788,ogc-api-nrw
134119,"Meschede, KG Marienschule",Grundschule,"Von-Westphalen-Str., Von-Westphalen-Str. 5",59872,Meschede,51.35722453084058,8.273966314187783,ogc-api-nrw
134132,"Meschede, KG (Verb) Unter dem Regenbogen",Grundschule,"Am Rautenschemm, Am Rautenschemm 20",59872,Meschede,51.33949120173343,8.284051967115083,ogc-api-nrw
134156,"Schmallenberg, KG Fleckenberg",Grundschule,"Latroper Str., Latroper Str. 18",57392,Schmallenberg,51.13348304333242,8.261730339818397,ogc-api-nrw
134181,"Schmallenberg, KG St.Michael",Grundschule,"Zur Lüttmecke, Zur Lüttmecke 3",57392,Schmallenberg,51.15662433303653,8.37502857229228,ogc-api-nrw
134211,"Schmallenberg, GG (Verb.) Ringstraße",Grundschule,"Ringstr., Ringstr. 18",57392,Schmallenberg,51.1546318527236,8.281726079252218,ogc-api-nrw
134247,"Attendorn, GG Ennest",Grundschule,"Hülschotter Str., Hülschotter Str. 8",57439,Attendorn,51.14554844061757,7.912349547026583,ogc-api-nrw
134259,"Attendorn, KG Marienschule",Grundschule,"Schulstr., Schulstr. 6",57439,Attendorn,51.116452202773075,7.9561954149644025,ogc-api-nrw
134260,"Attendorn, KG (Verb.) Sonnenschule",Grundschule,"Westwall, Westwall 44",57439,Attendorn,51.12797515802242,7.9015867678652585,ogc-api-nrw
134296,"Drolshagen, KG (Verb) Gräfin-Sayn-Schule",Grundschule,"Am Buscheid, Am Buscheid 2",57489,Drolshagen,51.023620338639766,7.782396871931206,ogc-api-nrw
134387,"Finnentrop,GG (Verb) Lennetal Gutenberg",Grundschule,"Gutenbergstr., Gutenbergstr. 1",57413,Finnentrop,51.16999258008224,7.973296240897263,ogc-api-nrw
134399,"Finnentrop, GG Heggen",Grundschule,"Schulstr., Schulstr. 10",57413,Finnentrop,51.152458861498644,7.954210732935435,ogc-api-nrw
134405,"Finnentrop, KG (Verb.) Frettertal",Grundschule,"Spreeweg, Spreeweg 25",57413,Finnentrop,51.19498660160109,8.047090135878443,ogc-api-nrw
134417,"Kirchhundem, GG Welschen Ennest",Grundschule,"Schulstr., Schulstr. 5",57399,Kirchhundem,51.04427409152038,8.000100644759732,ogc-api-nrw
134429,"Kirchhundem, GG St. Katharina",Grundschule,"Bergstr., Bergstr. 15",57399,Kirchhundem,51.03920197142319,8.153771693279653,ogc-api-nrw
134454,"Kirchhundem, GG am Kreuzberg",Grundschule,"Flaper Str., Flaper Str. 23",57399,Kirchhundem,51.085015360054115,8.089800260395796,ogc-api-nrw
134480,"Lennestadt, KG (Verb.) St.-Agatha-Schule",Grundschule,"Hochstr., Hochstr. 16",57368,Lennestadt,51.103435901940536,8.076512102569476,ogc-api-nrw
134521,"Lennestadt, KG (Verb.) Oene-Elspe-Tal",Grundschule,"Pfarrer-Brill-Weg, Pfarrer-Brill-Weg 12",57368,Lennestadt,51.15327218634574,8.062891830539394,ogc-api-nrw
134533,"Lennestadt, GG Marienschule",Grundschule,"Fasanenweg, Fasanenweg 6",57368,Lennestadt,51.11778383046748,8.170739501426182,ogc-api-nrw
134569,"Lennestadt, GG St. Nikolaus",Grundschule,"Schulstr., Schulstr. 4",57368,Lennestadt,51.13728697976467,8.017303694943191,ogc-api-nrw
134570,"Lennestadt, KG (Verb.) Franziskus-Schule",Grundschule,"Johannes-Dosch-Str., Johannes-Dosch-Str. 2",57368,Lennestadt,51.1236324261948,8.066221029057731,ogc-api-nrw
134582,"Olpe, KG Franz-Hitze-Schule",Grundschule,"Am Kreuzberg, Am Kreuzberg 3",57462,Olpe,51.05128692089826,7.863196230058048,ogc-api-nrw
134600,"Olpe, KG (Verb.) Düringerschule",Grundschule,"Rüblinghauser Str., Rüblinghauser Str. 13",57462,Olpe,51.02026292648273,7.836822200390575,ogc-api-nrw
134648,"Olpe, GG Olpe am Hohenstein",Grundschule,"Bergstr., Bergstr. 18",57462,Olpe,51.02813579770632,7.849958627677312,ogc-api-nrw
134661,"Wenden, GG Gerlingen",Grundschule,"Eichhagenstr., Eichhagenstr. 10",57482,Wenden,50.98570231971676,7.851263996522738,ogc-api-nrw
134685,"Wenden, GG Hünsborn",Grundschule,"Kardinal-Jaeger-Str., Kardinal-Jaeger-Str. 9",57482,Wenden,50.93877359113843,7.8956322734310405,ogc-api-nrw
134703,"Wenden, KG (Verb.) Wendener Land",Grundschule,"Westerbergstr., Westerbergstr. 1",57482,Wenden,50.97073112342454,7.876430101252462,ogc-api-nrw
134727,"Hilchenbach, GG Florenburg-Schule",Grundschule,"Jung-Stilling-Allee, Jung-Stilling-Allee 10",57271,Hilchenbach,50.99892567009105,8.10221691842998,ogc-api-nrw
134739,"Hilchenbach, GG Müsen",Grundschule,"Kindelsbergstr., Kindelsbergstr. 8",57271,Hilchenbach,50.98919890202781,8.040424633456242,ogc-api-nrw
134764,"Siegen, GG (Verb.) auf dem Hubenfeld",Grundschule,"Wehrstr., Wehrstr. 34",57080,Siegen,50.84516968858291,7.982147273489138,ogc-api-nrw
134790,"Siegen, GG (Verb.) Eiserfeld",Grundschule,"Gilbergstr., Gilbergstr. 1",57080,Siegen,50.8405836325573,7.988396965074491,ogc-api-nrw
134831,"Siegen, GG Friedrich-Flender-Schule",Grundschule,"Engsbachstr., Engsbachstr. 6",57076,Siegen,50.9007353976948,8.037039211310633,ogc-api-nrw
134843,"Siegen, GG Birlenbacherschule",Grundschule,"Am Nöchel, Am Nöchel 9",57078,Siegen,50.90365461223845,7.988765788805158,ogc-api-nrw
134855,"Siegen, GG Albert-Schweitzer-Schule",Grundschule,"Amselweg, Amselweg 14",57078,Siegen,50.91391290672367,7.997846845988417,ogc-api-nrw
134867,"Siegen, GG Glückaufschule",Grundschule,"Glückaufstr., Glückaufstr. 35",57076,Siegen,50.9057707617653,8.023964121814624,ogc-api-nrw
134879,"Siegen, GG Geisweider",Grundschule,"Dahlienweg, Dahlienweg 2",57078,Siegen,50.92015730016711,8.004541773556022,ogc-api-nrw
134892,"Siegen, GG Jung-Stilling-Schule",Grundschule,"Stockweg, Stockweg 85",57076,Siegen,50.89552803363626,8.046844435950277,ogc-api-nrw
134909,"Siegen, GG Sonnenhangschule",Grundschule,"Schelderberg, Schelderberg 41",57072,Siegen,50.880698133121,7.961400963769554,ogc-api-nrw
134910,"Siegen, GG Diesterwegschule",Grundschule,"Rosterstr., Rosterstr. 41",57074,Siegen,50.86715716848967,8.015647210722662,ogc-api-nrw
134922,"Siegen, GG Montessori am Lindenberg",Grundschule,"Westerwaldstr., Westerwaldstr. 52",57074,Siegen,50.86614452953197,8.046406387099603,ogc-api-nrw
134934,"Siegen, GG Giersbergschule",Grundschule,"Giersbergstr., Giersbergstr. 145",57072,Siegen,50.88498754539921,8.042353894338328,ogc-api-nrw
134946,"Siegen, GG Kaan-Marienborn",Grundschule,"Hauptstr., Hauptstr. 77",57074,Siegen,50.87197046529396,8.056179408811069,ogc-api-nrw
134960,"Siegen, KG Hammerhütter",Grundschule,"Gleiwitzer Str., Gleiwitzer Str. 21",57072,Siegen,50.87836995879542,7.993335878093779,ogc-api-nrw
134971,"Siegen, GG Spandauer",Grundschule,"Hans-Kruse-Str., Hans-Kruse-Str. 15",57074,Siegen,50.870128058407865,8.022449017169162,ogc-api-nrw
134995,"Siegen, GG Obenstruth",Grundschule,"Obenstruthstr., Obenstruthstr. 14",57072,Siegen,50.88201049668263,8.0217028340537,ogc-api-nrw
135008,"Siegen, GG Nordschule",Grundschule,"Nordstr., Nordstr. 30",57072,Siegen,50.87857384693416,8.02800076554089,ogc-api-nrw
135033,"Burbach, GG Marktplatz",Grundschule,"Marktplatz, Marktplatz 2",57299,Burbach,50.745205145704205,8.078744242671398,ogc-api-nrw
135045,"Freudenberg, GG Alchen",Grundschule,"Bühler Str., Bühler Str. 11",57258,Freudenberg,50.89973428757407,7.944139794216411,ogc-api-nrw
135057,"Freudenberg, GG Büschergrund",Grundschule,"Hermann-Vomhof-Str., Hermann-Vomhof-Str. 3",57258,Freudenberg,50.90896985198042,7.886053833558794,ogc-api-nrw
135069,"Freudenberg, GG Am Alten Flecken",Grundschule,"Schulstr., Schulstr. 7",57258,Freudenberg,50.89565947765849,7.870999751729322,ogc-api-nrw
135070,"Freudenberg, GG Oberfischbach",Grundschule,"Am Kaltland, Am Kaltland 4",57258,Freudenberg,50.87005791985235,7.914780416928092,ogc-api-nrw
135094,"Kreuztal, GG Bodelschwingh Schule",Grundschule,"Alte Schulstr., Alte Schulstr. 14",57223,Kreuztal,50.935313207756096,8.006993429507759,ogc-api-nrw
135100,"Kreuztal, GG (Verb.) Adolf-Wurmbach",Grundschule,"Eichener Str., Eichener Str. 127",57223,Kreuztal,50.97925289225692,7.96765110872528,ogc-api-nrw
135112,"Kreuztal, GG Fellinghausen",Grundschule,"Schulweg, Schulweg 4",57223,Kreuztal,50.95932187081315,7.977547700724998,ogc-api-nrw
135124,"Kreuztal, GG Jung-Stilling-Schule",Grundschule,"Dr.-Stelbrink-Str., Dr.-Stelbrink-Str. 14",57223,Kreuztal,50.96890727941935,8.037766527212195,ogc-api-nrw
135136,"Kreuztal, KG St. Martin-Schule",Grundschule,"Dr.-Erich-Moning-Str., Dr.-Erich-Moning-Str. 17",57223,Kreuztal,50.95697814744039,7.998700564937522,ogc-api-nrw
135148,"Kreuztal,GG an Dreslers Park",Grundschule,"Ziegeleifeld, Ziegeleifeld 8",57223,Kreuztal,50.96138786613441,7.99071691536309,ogc-api-nrw
135161,"Neunkirchen, GG Salchendorf",Grundschule,"Fasanenstr., Fasanenstr. 7",57290,Neunkirchen,50.797775587987715,8.01453717339212,ogc-api-nrw
135185,"Neunkirchen, GG Kopernikus",Grundschule,"Am Porzhain, Am Porzhain 25",57290,Neunkirchen,50.78826339830105,8.016964564377865,ogc-api-nrw
135197,"Netphen, GG Johannlandschule",Grundschule,"Kirchweg, Kirchweg 30",57250,Netphen,50.855762093093006,8.206822103742544,ogc-api-nrw
135215,"Netphen, GG (Verb.) Frohnhausener Str.",Grundschule,"Frohnhausener Str., Frohnhausener Str. 1",57250,Netphen,50.915455629587946,8.096526197057607,ogc-api-nrw
135240,"Netphen, GG Deuz",Grundschule,"Pestalozzistr., Pestalozzistr. 11",57250,Netphen,50.88631739173124,8.145313381611468,ogc-api-nrw
135264,"Netphen, GG (Verb.) Dreisbachtalschule",Grundschule,"Im Storchennest, Im Storchennest 1",57250,Netphen,50.91639692026182,8.05081400681984,ogc-api-nrw
135288,"Wilnsdorf, GG Vorm Brand",Grundschule,"Vorm Brand, Vorm Brand 30",57234,Wilnsdorf,50.81245966346847,8.10353953258958,ogc-api-nrw
135290,"Wilnsdorf, GG Wilgersdorf",Grundschule,"Jahnstr., Jahnstr. 2",57234,Wilnsdorf,50.814091774395536,8.141181475981664,ogc-api-nrw
135331,"Wilnsdorf, GG Dielfen",Grundschule,"Augraben, Augraben 11",57234,Wilnsdorf,50.85522434216717,8.088839293699449,ogc-api-nrw
135343,"Wilnsdorf, KG Rudersdorf",Grundschule,"Bürgerstr., Bürgerstr. 56",57234,Wilnsdorf,50.840247992954225,8.155372895290117,ogc-api-nrw
135355,"Ense, GG Bernhardusschule Niederense",Grundschule,"Bernhardusplatz, Bernhardusplatz 6",59469,Ense,51.49371983649336,7.993510381450576,ogc-api-nrw
135367,"Ense, KG Fürstenberg",Grundschule,"Am Gelke, Am Gelke 17",59469,Ense,51.48785108942679,7.93977137523469,ogc-api-nrw
135379,"Ense, GG Höingen",Grundschule,"Auf den Kreuzen, Auf den Kreuzen 11",59469,Ense,51.483117905528594,7.974791086596203,ogc-api-nrw
135380,"Lippetal, KG St. Stephanus-Schule",Grundschule,"Schulstr., Schulstr. 9",59510,Lippetal,51.63828836856302,8.100500487889668,ogc-api-nrw
135392,"Lippetal, KG St. Ida-Schule Herzfeld",Grundschule,"Lippstädter Str., Lippstädter Str. 29",59510,Lippetal,51.66316092293597,8.147707118710079,ogc-api-nrw
135409,"Lippetal, KG Ludgerus-Schule Lippborg",Grundschule,"Ludgeristr., Ludgeristr. 5",59510,Lippetal,51.664862169550425,8.04398814384428,ogc-api-nrw
135434,"Möhnesee, GG (Verb.) Möhnesee",Grundschule,"Hospitalstr., Hospitalstr. 14",59519,Möhnesee,51.50111671735216,8.129007171023023,ogc-api-nrw
135446,"Bad Sassendorf, GG Sälzer",Grundschule,"Zur Sälzerschule, Zur Sälzerschule 48",59505,Bad Sassendorf,51.59407243999011,8.158254761047617,ogc-api-nrw
135458,"Soest, GG Hellweg",Grundschule,"Am Hellweg, Am Hellweg 15",59494,Soest,51.55533011955065,8.055907448021788,ogc-api-nrw
135460,"Soest, GG Johannes",Grundschule,"Hamburger Str., Hamburger Str. 29",59494,Soest,51.555895978245815,8.113464489094422,ogc-api-nrw
135471,"Soest, KG Patroklischule",Grundschule,"Schonekindstr., Schonekindstr. 17",59494,Soest,51.57309972291958,8.103115377847196,ogc-api-nrw
135483,"Soest, GG Petrischule",Grundschule,"Oelmüllerweg, Oelmüllerweg 29",59494,Soest,51.57313770747827,8.091685998496912,ogc-api-nrw
135495,"Soest, GG Wiese",Grundschule,"Im Tabrock, Im Tabrock 18",59494,Soest,51.579932936645456,8.117268774328721,ogc-api-nrw
135501,"Soest, KG Bruno",Grundschule,"Niederbergheimer Str., Niederbergheimer Str. 40",59494,Soest,51.5636824692014,8.119372443016404,ogc-api-nrw
135513,"Welver, GG Borgeln",Grundschule,"Bördestr., Bördestr. 74",59514,Welver,51.602858505560434,8.043355974153453,ogc-api-nrw
135525,"Welver, GG Bernhard-Honkamp-Schule",Grundschule,"Im Hagen, Im Hagen 19",59514,Welver,51.61920959492533,7.9612835560657285,ogc-api-nrw
135537,"Werl, KG Walburgisschule",Grundschule,"Paul-Gerhardt-Str., Paul-Gerhardt-Str. 17",59457,Werl,51.554260120878624,7.920356355792947,ogc-api-nrw
135549,"Werl, KG St.Josef-Schule",Grundschule,"Westönner Kirchstr., Westönner Kirchstr. 7",59457,Werl,51.55160720715005,7.961165349399733,ogc-api-nrw
135550,"Werl, KG Marienschule",Grundschule,"Kunibertstr., Kunibertstr. 17",59457,Werl,51.5463391281475,7.879225378924416,ogc-api-nrw
135562,"Werl, KG Petrischule",Grundschule,"Langenwiedenweg, Langenwiedenweg 18",59457,Werl,51.56142887509801,7.913766769151497,ogc-api-nrw
135586,"Wickede, GG Melanchthonschule",Grundschule,"Friedhofstr., Friedhofstr. 4",58739,Wickede (Ruhr),51.49676156435288,7.8684847139934,ogc-api-nrw
135598,"Wickede, GG Engelhardschule",Grundschule,"Kirchstr., Kirchstr. 49",58739,Wickede (Ruhr),51.49673504469038,7.862953397573942,ogc-api-nrw
135604,"Kamen, GG Eichendorff",Grundschule,"In der Kaiserau, In der Kaiserau 29",59174,Kamen,51.571657567995956,7.606929073393576,ogc-api-nrw
135616,"Kamen, GG Diesterweg",Grundschule,"Hammer Str., Hammer Str. 21",59174,Kamen,51.59546534085048,7.669394486382701,ogc-api-nrw
135630,"Kamen, GG (Verb.) Südschule",Grundschule,"Südkamener Str., Südkamener Str. 62",59174,Kamen,51.577920242550164,7.655070795383655,ogc-api-nrw
135653,"Kamen, GG Astrid-Lindgren-Schule",Grundschule,"Westfälische Str., Westfälische Str. 23",59174,Kamen,51.57952925819777,7.711930929564832,ogc-api-nrw
135665,"Kamen, GG Friedrich-Ebert",Grundschule,"Weddinghofer Str., Weddinghofer Str. 97",59174,Kamen,51.59277286945488,7.6485975496911776,ogc-api-nrw
135677,"Kamen, GG Jahn",Grundschule,"Heimstr., Heimstr. 28",59174,Kamen,51.575549563317566,7.603765046533547,ogc-api-nrw
135690,"Unna, GG Lünern",Grundschule,"Lünerner Schulstr., Lünerner Schulstr. 13",59427,Unna,51.54763930676557,7.764247647234208,ogc-api-nrw
135707,"Unna, GG Hemmerde",Grundschule,"Friedhofsweg, Friedhofsweg 2",59427,Unna,51.545479938754255,7.811118870248988,ogc-api-nrw
135720,"Unna, GG Sonnenschule",Grundschule,"Karlstr., Karlstr. 15",59427,Unna,51.52928699480265,7.64929613449996,ogc-api-nrw
135732,"Unna, GG Schillerschule",Grundschule,"Massener Hellweg, Massener Hellweg 7a",59427,Unna,51.53949722940856,7.651993208783651,ogc-api-nrw
135744,"Unna, GG Grilloschule",Grundschule,"Dahlienstr., Dahlienstr. 6",59425,Unna,51.557972001835964,7.684900376180391,ogc-api-nrw
135756,"Unna, KG Katharinenschule",Grundschule,"Bornekampstr., Bornekampstr. 1",59423,Unna,51.53150550290261,7.690305627000798,ogc-api-nrw
135768,"Unna, GG am Friedrichsborn",Grundschule,"Friedrich-Ebert-Str., Friedrich-Ebert-Str. 113",59425,Unna,51.5518663463858,7.684903380612927,ogc-api-nrw
135781,"Unna, GG Osterfeldschule",Grundschule,"Zum Osterfeld, Zum Osterfeld 9",59425,Unna,51.54373150858646,7.728415982037285,ogc-api-nrw
135793,"Bergkamen, GG Gerhart-Hauptmann-Schule",Grundschule,"Am Friedrichsberg, Am Friedrichsberg 33",59192,Bergkamen,51.623369446500675,7.648280967431858,ogc-api-nrw
135823,"Bergkamen, GG Schiller",Grundschule,"Bambergstr., Bambergstr. 79",59192,Bergkamen,51.606717236546565,7.63982204081914,ogc-api-nrw
135835,"Bergkamen, GG Freiherr-von-Ketteler",Grundschule,"Rünther Str., Rünther Str. 100",59192,Bergkamen,51.646433126506686,7.664693987880161,ogc-api-nrw
135847,"Bergkamen, GG Preinschule",Grundschule,"Hermannstr., Hermannstr. 5",59192,Bergkamen,51.616003549734224,7.588570709927157,ogc-api-nrw
135859,"Bergkamen, GG Jahn",Grundschule,"Jahnstr., Jahnstr. 17",59192,Bergkamen,51.60667953371748,7.588643280557188,ogc-api-nrw
135860,"Bergkamen, GG Overberger",Grundschule,"Kamer Heide, Kamer Heide 49",59192,Bergkamen,51.62467725895656,7.669883602277396,ogc-api-nrw
135872,"Bergkamen, GG Pfalz",Grundschule,"Pfalzstr., Pfalzstr. 90",59192,Bergkamen,51.60889543451472,7.621502301817821,ogc-api-nrw
135884,"Fröndenberg/Ruhr, GG Friedhofstr.",Grundschule,"Friedhofstr., Friedhofstr. 13",58730,Fröndenberg/Ruhr,51.476092931468095,7.769796504711483,ogc-api-nrw
135896,"Fröndenberg/Ruhr, KG Overbergschule",Grundschule,"Overbergstr., Overbergstr. 18",58730,Fröndenberg/Ruhr,51.47645747626329,7.77197548175183,ogc-api-nrw
135902,"Fröndenberg/Ruhr, GG Sonnenbergschule",Grundschule,"Sonnenbergstr., Sonnenbergstr. 18",58730,Fröndenberg/Ruhr,51.47572483394195,7.716988300076297,ogc-api-nrw
135926,"Bönen, GG Goetheschule",Grundschule,"Wolfgang-Fräger-Str., Wolfgang-Fräger-Str. 1",59199,Bönen,51.595348937499395,7.753814255791044,ogc-api-nrw
135938,"Bönen, GG Hellwegschule",Grundschule,"Weetfelder Str., Weetfelder Str. 1",59199,Bönen,51.60016079054373,7.777001537348707,ogc-api-nrw
135951,"Holzwickede, GG Nordschule",Grundschule,"Nordstr., Nordstr. 54",59439,Holzwickede,51.50930549401191,7.617593394846986,ogc-api-nrw
135963,"Holzwickede, GG Paul-Gerhardt-Schule",Grundschule,"Schulstr., Schulstr. 8",59439,Holzwickede,51.482427083531206,7.630590422468219,ogc-api-nrw
135975,"Holzwickede, KG Aloysiusschule",Grundschule,"Hauptstr., Hauptstr. 64",59439,Holzwickede,51.4988769033743,7.615517378492781,ogc-api-nrw
135987,"Holzwickede, EG Dudenroth",Grundschule,"Im Hof, Im Hof 2",59439,Holzwickede,51.49645497764876,7.618313575940415,ogc-api-nrw
135999,"Hamm, GG Jahnschule",Grundschule,"Dortmunder Str., Dortmunder Str. 170",59077,Hamm,51.662939852618415,7.74601800089274,ogc-api-nrw
136001,"Hamm, GG Schillerschule",Grundschule,"Kopernikusstr., Kopernikusstr. 13 a",59077,Hamm,51.63630562160063,7.744339532435406,ogc-api-nrw
136013,"Hamm, GG Lessingschule",Grundschule,"Holzstr., Holzstr. 16",59077,Hamm,51.65852559230286,7.739373706686911,ogc-api-nrw
136025,"Hamm, GG Selmigerheide",Grundschule,"Auf der Horst, Auf der Horst 18",59077,Hamm,51.63814760752436,7.777439434287611,ogc-api-nrw
136037,"Hamm, GG Carl-Orff-Schule",Grundschule,"An der Windmühle, An der Windmühle 14-16",59069,Hamm,51.62857051075077,7.854964653973048,ogc-api-nrw
136050,"Hamm, GG Im grünen Winkel",Grundschule,"Brandheide, Brandheide 94",59071,Hamm,51.67464364466741,7.884724032822654,ogc-api-nrw
136062,"Hamm, GG (Verb.) Maximilianschule",Grundschule,"Alter Uentroper Weg, Alter Uentroper Weg 225",59071,Hamm,51.69173119731585,7.895516772632802,ogc-api-nrw
136074,"Bad Berleburg, GG Burgfeld",Grundschule,"Eichenweg, Eichenweg 12",57319,Bad Berleburg,51.05727760084636,8.38898069148488,ogc-api-nrw
136086,"Bad Berleburg, GG Im Odeborntal",Grundschule,"Schüllarhammer, Schüllarhammer 7",57319,Bad Berleburg,51.07608041790386,8.415255484525092,ogc-api-nrw
136098,"Bad Laasphe, GG (Verb.) Bahnhofstraße",Grundschule,"Bahnhofstr., Bahnhofstr. 35",57334,Bad Laasphe,50.92898719711297,8.414981466497245,ogc-api-nrw
136104,"Bad Berleburg, GG Aue-Wingeshausen",Grundschule,"An der Schule, An der Schule 6",57319,Bad Berleburg,51.05922655522809,8.282532652813318,ogc-api-nrw
136128,"Bad Berleburg, GG (Verb.) Edertalschule",Grundschule,"Zum Kinderzentrum, Zum Kinderzentrum 2",57319,Bad Berleburg,51.03538582251611,8.353156713791876,ogc-api-nrw
136153,"Bad Berleburg, GG Unterm Heiligenberg",Grundschule,"Unterm Heiligenberg, Unterm Heiligenberg 2",57319,Bad Berleburg,51.022198396929795,8.513615956061876,ogc-api-nrw
136189,"Erndtebrück, GG Schulstr.",Grundschule,"Schulstr., Schulstr. 2",57339,Erndtebrück,50.986114100856774,8.25342780975108,ogc-api-nrw
136190,"Bad Laasphe, GG Banfe",Grundschule,"Schulstr., Schulstr. 12",57334,Bad Laasphe,50.91609330123871,8.352265499870871,ogc-api-nrw
136207,"Bad Laasphe, GG Feudingen",Grundschule,"Tannenwald, Tannenwald 9",57334,Bad Laasphe,50.944240304517635,8.303776629032319,ogc-api-nrw
136281,"Düsseldorf, GH Graf-Recke-Str.",Hauptschule,"Graf-Recke-Str., Graf-Recke-Str. 230",40235,Düsseldorf,51.24605494222856,6.823128353062144,ogc-api-nrw
136323,"Düsseldorf, KH Itterstr.",Hauptschule,"Itterstr., Itterstr. 16",40589,Düsseldorf,51.17487938480723,6.830846833006313,ogc-api-nrw
136359,"Düsseldorf, GH Dumont-Lindemann",Hauptschule,"Weberstr., Weberstr. 3",40215,Düsseldorf,51.209878876476395,6.779375132543906,ogc-api-nrw
136384,"Düsseldorf, GH Schule am Eller Forst",Hauptschule,"Vennhauser Allee, Vennhauser Allee 167",40627,Düsseldorf,51.20619223176088,6.858023706560067,ogc-api-nrw
136440,"Düsseldorf, KH St.-Benedikt-Schule",Hauptschule,"Charlottenstr., Charlottenstr. 110",40210,Düsseldorf,51.223840043297066,6.790461848285005,ogc-api-nrw
136505,"Düsseldorf, GH Benrath",Hauptschule,"Melanchthonstr., Melanchthonstr. 2",40597,Düsseldorf,51.166830051779506,6.867515586664929,ogc-api-nrw
136566,"Düsseldorf, GH Rather Kreuzweg",Hauptschule,"Rather Kreuzweg, Rather Kreuzweg 21",40472,Düsseldorf,51.262789386314864,6.808060382618344,ogc-api-nrw
136967,"Essen, KH Marienschule",Hauptschule,"Steeler Bergstr., Steeler Bergstr. 8",45276,Essen,51.445497715542956,7.087898080182784,ogc-api-nrw
136980,"Essen, GH an der Wächtlerstraße",Hauptschule,"Wächtlerstr., Wächtlerstr. 37",45139,Essen,51.45170395280131,7.026122144072209,ogc-api-nrw
137364,"Essen, GH Bochold",Hauptschule,"Jahnstr., Jahnstr. 46",45355,Essen,51.4743479877362,6.966131543059981,ogc-api-nrw
137674,"Leverkusen, GH Theodor-Wuppermann",Hauptschule,"Scharnhorststr., Scharnhorststr. 5",51377,Leverkusen,51.03186119201268,7.018115578281431,ogc-api-nrw
137716,"Mönchengladbach, KH Neuwerk",Hauptschule,"Nespelerstr., Nespelerstr. 75",41066,Mönchengladbach,51.22072945321951,6.466678701231612,ogc-api-nrw
137728,"Mönchengladbach, KH Anna Schiller",Hauptschule,"Geusenstr., Geusenstr. 29",41179,Mönchengladbach,51.15019114547801,6.367066808655914,ogc-api-nrw
137807,"Mönchengladbach, GH Heinrich-Lersch",Hauptschule,"Rohrstr., Rohrstr. 43",41065,Mönchengladbach,51.199058940208715,6.461111259322238,ogc-api-nrw
137947,"Mülheim an der Ruhr, GH Sch.a.Hexbachtal",Hauptschule,"Borbecker Str., Borbecker Str. 86-92",45475,Mülheim an der Ruhr,51.46131637364847,6.907340013761112,ogc-api-nrw
138344,"Mönchengladbach, GH Comenius-Schule",Hauptschule,"Dohler Str., Dohler Str. 79",41238,Mönchengladbach,51.17665409671664,6.462743411695908,ogc-api-nrw
138368,"Mönchengladbach, GH Kirschhecke",Hauptschule,"Kirschhecke, Kirschhecke 10",41199,Mönchengladbach,51.14044694774122,6.457924376372911,ogc-api-nrw
138393,"Mönchengladbach, GH Dohr",Hauptschule,"Altenbroicher Str., Altenbroicher Str. 50-52",41238,Mönchengladbach,51.1538126491898,6.463324921417722,ogc-api-nrw
138538,"Wuppertal, KH St.-Laurentius-Schule",Hauptschule,"Bundesallee, Bundesallee 30",42103,Wuppertal,51.25296992346037,7.1349919829184705,ogc-api-nrw
138540,"Wuppertal, KH Bernhard-Letterhaus-Schule",Hauptschule,"Carnaper Str., Carnaper Str. 13",42283,Wuppertal,51.27307340419037,7.191397284658144,ogc-api-nrw
138629,"Wuppertal, GH Helene-Weber-Schule",Hauptschule,"Dieckerhoffstr., Dieckerhoffstr. 6",42389,Wuppertal,51.272290774592435,7.243943555634515,ogc-api-nrw
138680,"Wuppertal, GH Oberbarmen",Hauptschule,"Hügelstr., Hügelstr. 8",42277,Wuppertal,51.2760125081468,7.224775255996886,ogc-api-nrw
138708,"Wuppertal, GH Barmen-Südwest",Hauptschule,"Emilienstr., Emilienstr. 36",42287,Wuppertal,51.26362941649798,7.1878261936608645,ogc-api-nrw
138848,"Duisburg, GH Ludgerusstraße",Hauptschule,"Ludgerusstr., Ludgerusstr. 1",47179,Duisburg,51.528261811540844,6.748616135182686,ogc-api-nrw
139099,"Velbert, GH Martin-Luther-King-Schule",Hauptschule,"Grünstr., Grünstr. 35",42551,Velbert,51.340195733720854,7.051707893741041,ogc-api-nrw
139166,"Erkrath, GH Carl-Fuhlrott-Schule",Hauptschule,"Rankestr., Rankestr. 2",40699,Erkrath,51.20806429502959,6.9648873950744745,ogc-api-nrw
139518,"Korschenbroich, GH Korschenbroich",Hauptschule,"Von-Stauffenberg-Str., Von-Stauffenberg-Str. 47",41352,Korschenbroich,51.192753976565704,6.551790237194174,ogc-api-nrw
139671,"Schwalmtal, GH Schwalmtal",Hauptschule,"Schulstr., Schulstr. 50",41366,Schwalmtal,51.214638039726786,6.281117812521494,ogc-api-nrw
139701,"Viersen, GH Max-von-der-Grün-Schule",Hauptschule,"Hindenburgstr., Hindenburgstr. 128",41749,Viersen,51.28342371103349,6.3587483466765296,ogc-api-nrw
139828,"Goch, GH Gustav-Adolf-Schule",Hauptschule,"Wiesenstr., Wiesenstr. 87",47574,Goch,51.68378604388591,6.153253673391698,ogc-api-nrw
139993,"Moers, GH Justus-von-Liebig-Schule",Hauptschule,"Römerstr., Römerstr. 597",47443,Moers,51.45446166793979,6.654552520100042,ogc-api-nrw
140272,"Rees, GH Rheinschule Rees",Hauptschule,"Westring, Westring 6",46459,Rees,51.76010668917072,6.390138863906653,ogc-api-nrw
140387,"Hückeswagen, GH Weststraße",Hauptschule,"Weststr., Weststr. 41",42499,Hückeswagen,51.15140938971376,7.332029302679035,ogc-api-nrw
140478,"Leverkusen, KH Im Hederichsfeld",Hauptschule,"Im Hederichsfeld, Im Hederichsfeld 19",51379,Leverkusen,51.06464623358855,7.00511159479622,ogc-api-nrw
140545,"Bonn, GH Karl-Simrock-Schule",Hauptschule,"Am Burggraben, Am Burggraben 20",53121,Bonn,50.72461003472159,7.07248440050557,ogc-api-nrw
140594,"Bonn, GH August-Macke-Schule",Hauptschule,"Gaußstr., Gaußstr. 2",53125,Bonn,50.70193912274273,7.0537145900220475,ogc-api-nrw
140673,"Bonn, GH Johannes-Rau-Schule",Hauptschule,"Albertus-Magnus-Str., Albertus-Magnus-Str. 21",53177,Bonn,50.674819132589704,7.168365955818533,ogc-api-nrw
140685,"Bonn, KH St.Hedwig-Schule",Hauptschule,"An der Josefshöhe, An der Josefshöhe 1",53117,Bonn,50.75147541851433,7.077420408615341,ogc-api-nrw
140843,"Köln, GH Kurt-Tucholsky-Schule",Hauptschule,"Helene-Weber-Platz, Helene-Weber-Platz 3-5",51109,Köln,50.9350785977714,7.057588500652121,ogc-api-nrw
140867,"Köln, GH Bilderstöckchen",Hauptschule,"Reutlinger Str., Reutlinger Str. 49",50739,Köln,50.968604536917205,6.932785440006729,ogc-api-nrw
140879,"Köln, GH Ursula-Kuhr-Schule",Hauptschule,"Volkhovener Weg, Volkhovener Weg 140",50767,Köln,51.007939848630684,6.89783552256798,ogc-api-nrw
140892,"Köln, KH Adolph-Kolping-Schule",Hauptschule,"Falckensteinstr., Falckensteinstr. 34",51103,Köln,50.944291202260246,7.0054997986445695,ogc-api-nrw
140909,"Köln, KH Großer Griechenmarkt",Hauptschule,"Großer Griechenmarkt, Großer Griechenmarkt 76",50676,Köln,50.93209540058848,6.950444761124641,ogc-api-nrw
140960,"Köln, GH Baadenberger Str.",Hauptschule,"Baadenberger Str., Baadenberger Str. 111",50825,Köln,50.964378595141355,6.918673896429093,ogc-api-nrw
141021,"Köln, KH Kath. Hauptschule am Rhein",Hauptschule,"Niederichstr., Niederichstr. 1-3",50668,Köln,50.94844138625526,6.963023333278238,ogc-api-nrw
141070,"Köln, GH Tiefentalstr.",Hauptschule,"Tiefentalstr., Tiefentalstr. 66",51063,Köln,50.97532541501227,7.009013637330686,ogc-api-nrw
141082,"Köln, GH Nelson-Mandela-Schule",Hauptschule,"Wuppertaler Str., Wuppertaler Str. 19",51067,Köln,50.96010598727431,7.023178853188663,ogc-api-nrw
141161,"Bedburg, GH Arnold-von-Harff-Schule",Hauptschule,"Goethestr., Goethestr. 3",50181,Bedburg,50.987258278694206,6.565614623316663,ogc-api-nrw
141173,"Bergheim, GH Erich Kästner",Hauptschule,"Gutenbergstr., Gutenbergstr. 10",50126,Bergheim,50.94930347301421,6.6316709953396735,ogc-api-nrw
141240,"Kerpen, GH Mühlengraben",Hauptschule,"Mühlengraben, Mühlengraben 5-7",50169,Kerpen,50.912605475578,6.713205476922484,ogc-api-nrw
141252,"Kerpen, GH Adolf-Kolping-Schule",Hauptschule,"Schulstr., Schulstr. 30-32",50171,Kerpen,50.87011363504709,6.688379423398384,ogc-api-nrw
141276,"Erftstadt, GH Theodor-Heuss-Schule",Hauptschule,"Dr.-Josef-Fieger-Str., Dr.-Josef-Fieger-Str. 1",50374,Erftstadt,50.8053977541834,6.771418062375516,ogc-api-nrw
141331,"Bad Münstereifel, GH Friedrich-Haass",Hauptschule,"Trierer Str., Trierer Str. 16",53902,Bad Münstereifel,50.55041907840016,6.763066888742794,ogc-api-nrw
141367,"Zülpich, GH Keltenweg",Hauptschule,"Keltenweg, Keltenweg 10",53909,Zülpich,50.691711525258164,6.65506576369046,ogc-api-nrw
141392,"Hellenthal, GH Kalberbenden",Hauptschule,"Kalberbenden, Kalberbenden 14",53940,Hellenthal,50.48916020924107,6.439915578676053,ogc-api-nrw
141483,"Brühl, GH Clemens-August-Schule",Hauptschule,"Clemens-August-Str., Clemens-August-Str. 33",50321,Brühl,50.826572772792666,6.898014066790631,ogc-api-nrw
141513,"Frechen, GH Herbertskaul",Hauptschule,"Kapfenberger Str., Kapfenberger Str. 50",50226,Frechen,50.90167701647844,6.809279454847137,ogc-api-nrw
141549,"Hürth, GH Kendenich",Hauptschule,"Steinackerstr., Steinackerstr. 6",50354,Hürth,50.86402053204058,6.884903790773476,ogc-api-nrw
141628,"Wesseling, GH Wilhelm-Busch-Schule",Hauptschule,"Berzdorfer Str., Berzdorfer Str.",50389,Wesseling,50.82478293318167,6.974772480909327,ogc-api-nrw
141665,"Bergneustadt, GH Goethestr.",Hauptschule,"Goethestr., Goethestr. 17",51702,Bergneustadt,51.023903739883494,7.654113182583933,ogc-api-nrw
141847,"Bergisch Gladbach, GH Im Kleefeld",Hauptschule,"Im Kleefeld, Im Kleefeld 19",51467,Bergisch Gladbach,51.00098765817298,7.1227243805703875,ogc-api-nrw
141860,"Köln, GH Johann-Amos-Comenius",Hauptschule,"Heerstr., Heerstr. 7",51143,Köln,50.866824321400514,7.054287608606344,ogc-api-nrw
141872,"Köln, GH Kopernikusschule",Hauptschule,"Bonner Str., Bonner Str. 40",51145,Köln,50.88798156452065,7.071321532740174,ogc-api-nrw
141902,"Wipperfürth, GH Konrad-Adenauer-Schule",Hauptschule,"Am Mühlenberg, Am Mühlenberg 1",51688,Wipperfürth,51.11626650744249,7.405664697321712,ogc-api-nrw
141914,"Lindlar, GH Wilhelm-Breidenbach-Weg",Hauptschule,"Wilhelm-Breidenbach-Weg, Wilhelm-Breidenbach-Weg 6",51789,Lindlar,51.01552101473151,7.372082698093403,ogc-api-nrw
142025,"Sankt Augustin, GH Niederpleis",Hauptschule,"Alte Marktstr., Alte Marktstr. 7",53757,Sankt Augustin,50.778077994043485,7.211868295857945,ogc-api-nrw
142177,"Meckenheim, GH Geschwister-Scholl-Schule",Hauptschule,"Königsberger Str., Königsberger Str. 30",53340,Meckenheim,50.62226228054785,7.041454320866639,ogc-api-nrw
142268,"Troisdorf, GH Rupert-Neudeck-Schule",Hauptschule,"Lohmarer Str., Lohmarer Str. 33",53840,Troisdorf,50.81565323445516,7.171237081670167,ogc-api-nrw
142359,"Aachen, GH Drimborn",Hauptschule,"Obere Drimbornstr., Obere Drimbornstr. 50",52066,Aachen,50.76336815552572,6.117866932538393,ogc-api-nrw
142426,"Aachen, GH Aretzstr.",Hauptschule,"Aretzstr., Aretzstr. 10-20",52070,Aachen,50.77519947954396,6.1034636013075225,ogc-api-nrw
142529,"Eschweiler, GH Adam-Ries-Schule",Hauptschule,"Jahnstr., Jahnstr. 21",52249,Eschweiler,50.819591830623196,6.2578920537944756,ogc-api-nrw
142797,"Düren, GH Burgauer Allee",Hauptschule,"Dechant-Bohnekamp-Str., Dechant-Bohnekamp-Str. 26",52349,Düren,50.79028209986724,6.490924651629095,ogc-api-nrw
142827,"Düren, GH Matthias-Claudius-Schule",Hauptschule,"Matthias-Claudius-Str., Matthias-Claudius-Str. 12",52353,Düren,50.82957588830656,6.464986529858188,ogc-api-nrw
142839,"Inden, GH Goltstein-Schule Inden",Hauptschule,"Merödgener Str., Merödgener Str. 33",52459,Inden,50.850790201761136,6.359814906244718,ogc-api-nrw
142967,"Erkelenz, GH Zehnthofweg",Hauptschule,"Zehnthofweg, Zehnthofweg 2",41812,Erkelenz,51.079952556230346,6.3132570364738765,ogc-api-nrw
143054,"Hückelhoven, GH In der Schlee",Hauptschule,"In der Schlee, In der Schlee 95",41836,Hückelhoven,51.0639885762865,6.225581814554228,ogc-api-nrw
143170,"Wegberg, GH Schule am Grenzlandring",Hauptschule,"Markusstr., Markusstr. 60",41844,Wegberg,51.13671346551728,6.281625840448913,ogc-api-nrw
143212,"Bocholt, GH Hohe-Giethorst-Schule",Hauptschule,"Büningweg, Büningweg 29",46397,Bocholt,51.847935440708554,6.632229045946327,ogc-api-nrw
143224,"Bocholt, KH Arnold-Janssen-Schule",Hauptschule,"Karolingerstr., Karolingerstr. 30",46395,Bocholt,51.832916554670135,6.609981093857755,ogc-api-nrw
143273,"Bottrop, GH Welheim",Hauptschule,"Welheimer Str., Welheimer Str. 80-82",46238,Bottrop,51.5269960805256,6.978793986284933,ogc-api-nrw
143364,"Gelsenkirchen, GH Am Dahlbusch",Hauptschule,"Am Dahlbusch, Am Dahlbusch 98",45884,Gelsenkirchen,51.49182189386068,7.091319047957808,ogc-api-nrw
143390,"Gelsenkirchen, GH Emmastr.",Hauptschule,"Emmastr., Emmastr. 12-16",45888,Gelsenkirchen,51.51918304929333,7.106045427788079,ogc-api-nrw
143418,"Gelsenkirchen, GH Grillostraße",Hauptschule,"Grillostr., Grillostr. 111",45881,Gelsenkirchen,51.517966022596674,7.08206772255701,ogc-api-nrw
143492,"Gelsenkirchen, GH Schwalbenstr.",Hauptschule,"Schwalbenstr., Schwalbenstr. 22",45899,Gelsenkirchen,51.55386334882002,7.039517468284064,ogc-api-nrw
143662,"Gladbeck, GH Erich-Fried",Hauptschule,"Kortenkamp, Kortenkamp 19-21",45968,Gladbeck,51.54377926730737,7.014207147055955,ogc-api-nrw
143777,"Münster, GH Waldschule Kinderhaus",Hauptschule,"Große Wiese, Große Wiese 14",48159,Münster,52.0008126395902,7.610586689619999,ogc-api-nrw
143996,"Stadtlohn, GH Losbergschule",Hauptschule,"Engelbert-Sundermann-Str., Engelbert-Sundermann-Str. 21-25",48703,Stadtlohn,51.99660764733002,6.920354955411389,ogc-api-nrw
144101,"Ahlen, KH Overbergschule",Hauptschule,"Hans-Sachs-Str., Hans-Sachs-Str. 13",59227,Ahlen,51.758265885574275,7.888373682603046,ogc-api-nrw
144174,"Hamm, GH Martin-Luther",Hauptschule,"Bockelweg, Bockelweg 83",59073,Hamm,51.70821940791646,7.814947675643008,ogc-api-nrw
144411,"Coesfeld, GH Kreuz",Hauptschule,"Am Wietkamp, Am Wietkamp 20",48653,Coesfeld,51.93291142445114,7.180169559430382,ogc-api-nrw
144447,"Dülmen, KH Kardinal-von-Galen-Schule",Hauptschule,"Haverlandhöhe, Haverlandhöhe 10",48249,Dülmen,51.838336079322495,7.271067193831976,ogc-api-nrw
144551,"Hamm, GH Albert-Schweitzer-Schule",Hauptschule,"Stefanstr., Stefanstr. 33",59075,Hamm,51.69522007167314,7.745936232058292,ogc-api-nrw
144599,"Senden, GH Edith-Stein-Schule",Hauptschule,"Schulstr., Schulstr. 1",48308,Senden,51.85493552858484,7.485632404404734,ogc-api-nrw
144800,"Münster, GH Hiltrup",Hauptschule,"Westfalenstr., Westfalenstr. 199",48165,Münster,51.90143387865575,7.641142029589067,ogc-api-nrw
144836,"Haltern, GH Joseph-Hennewig-Schule",Hauptschule,"Holtwicker Str., Holtwicker Str. 27",45721,Haltern am See,51.742132821487225,7.180850464766884,ogc-api-nrw
144976,"Oer-Erkenschwick, GH Paul-Gerhardt",Hauptschule,"Lortzingstr., Lortzingstr. 2",45739,Oer-Erkenschwick,51.637910804043216,7.253743209123028,ogc-api-nrw
145130,"Marl, KH Merkelheider Weg",Hauptschule,"Merkelheider Weg, Merkelheider Weg 21",45772,Marl,51.68965943490809,7.126354768291043,ogc-api-nrw
145233,"Steinfurt, GH am Bagno",Hauptschule,"Liedekerker Str., Liedekerker Str. 64",48565,Steinfurt,52.1496285972617,7.3488673035218,ogc-api-nrw
145245,"Emsdetten, GH Marienschule",Hauptschule,"Bergstr., Bergstr. 51",48282,Emsdetten,52.16781008445565,7.5448680573029305,ogc-api-nrw
145403,"Ochtrup, GH Lortzingstr.",Hauptschule,"Lortzingstr., Lortzingstr. 2",48607,Ochtrup,52.20708046148064,7.198023595964479,ogc-api-nrw
145464,"Mettingen, GH Josef-Schule",Hauptschule,"Nierenburger Str., Nierenburger Str. 31",49497,Mettingen,52.31933317224964,7.78701063691354,ogc-api-nrw
145476,"Recke, KH Dietrich-Bonhoeffer-Schule",Hauptschule,"Brookweg, Brookweg 5",49509,Recke,52.368731125215916,7.712392118381832,ogc-api-nrw
145490,"Hopsten, GH St.Georg",Hauptschule,"Am Schulplatz, Am Schulplatz 2",48496,Hopsten,52.38469467117973,7.602767198271984,ogc-api-nrw
145506,"Ibbenbüren, GH Mettinger Straße",Hauptschule,"Mettinger Str., Mettinger Str. 54",49479,Ibbenbüren,52.26725684100595,7.788725635855145,ogc-api-nrw
145634,"Everswinkel,GH (RS)Verbundsch.Alverskir.",Hauptschule,"Alverskirchener Str., Alverskirchener Str. 14",48351,Everswinkel,51.92489212639353,7.8411276266678085,ogc-api-nrw
146067,"Detmold, GH Heidenoldendorf",Hauptschule,"Niedernfeldweg, Niedernfeldweg 12",32758,Detmold,51.947392531866655,8.84117785094391,ogc-api-nrw
146547,"Lemgo, GH Heinrich-Drake-Schule",Hauptschule,"Vogelsang, Vogelsang 8a",32657,Lemgo,52.03409102248599,8.907067771649826,ogc-api-nrw
146584,"Bad Salzuflen, GH Lohfeld",Hauptschule,"Wasserfuhr, Wasserfuhr 25e",32108,Bad Salzuflen,52.077181592320095,8.76355699012016,ogc-api-nrw
146675,"Espelkamp, EH Bischof-H.-Kunst-Förderh.",Hauptschule,"Präses-Ernst-Wilm-Str., Präses-Ernst-Wilm-Str. 2",32339,Espelkamp,52.382548058935036,8.616168352190876,ogc-api-nrw
147084,"Hövelhof, GH Krollbachschule",Hauptschule,"Sennestr., Sennestr. 34",33161,Hövelhof,51.82259695532928,8.669130793111831,ogc-api-nrw
147102,"Paderborn, GH Mastbruchschule",Hauptschule,"Schatenweg, Schatenweg 130",33104,Paderborn,51.752093393446394,8.73958793503326,ogc-api-nrw
147370,"Bochum, GH Werner-von-Siemens-Schule",Hauptschule,"Haydnstr., Haydnstr. 3",44805,Bochum,51.50550554834583,7.267773401458429,ogc-api-nrw
147709,"Dortmund, GH Kley",Hauptschule,"Kleybredde, Kleybredde 44",44149,Dortmund,51.48792925086918,7.3716166893315815,ogc-api-nrw
147801,"Dortmund, GH Emscherschule Aplerbeck",Hauptschule,"Schweizer Allee, Schweizer Allee 25",44287,Dortmund,51.491062134401595,7.559489228099725,ogc-api-nrw
147898,"Dortmund, GH Am Externberg",Hauptschule,"Evinger Parkweg, Evinger Parkweg 10",44339,Dortmund,51.55461557471896,7.467586117600604,ogc-api-nrw
147941,"Dortmund, GH Scharnhorst",Hauptschule,"Meuselwitzstr., Meuselwitzstr. 40",44328,Dortmund,51.553673194997394,7.53099967522832,ogc-api-nrw
147977,"Dortmund, GH Schule am Hafen",Hauptschule,"Scharnhorststr., Scharnhorststr. 40",44147,Dortmund,51.52043733399201,7.446535855857953,ogc-api-nrw
148015,"Dortmund, GH Jeanette-Wolff-Schule",Hauptschule,"Mengeder Markt, Mengeder Markt 6-8",44359,Dortmund,51.57150940016529,7.382297122012063,ogc-api-nrw
148076,"Dortmund, GH Konrad von der Mark Schule",Hauptschule,"Stettiner Str., Stettiner Str. 10",44263,Dortmund,51.47908511087418,7.4916200458263384,ogc-api-nrw
148143,"Dortmund, KH Husenschule",Hauptschule,"Husener Eichwaldstr., Husener Eichwaldstr. 270",44319,Dortmund,51.55581325201357,7.591862896277491,ogc-api-nrw
148192,"Hagen, GH Ernst-Eversbusch-Schule",Hauptschule,"Berliner Str., Berliner Str. 109",58135,Hagen,51.34816468327623,7.428847452342169,ogc-api-nrw
148258,"Hagen, GH Geschwister-Scholl-Schule",Hauptschule,"Kapellenstr., Kapellenstr. 38",58099,Hagen,51.38369843874717,7.468516792503127,ogc-api-nrw
148349,"Hamm, GH Karlschule",Hauptschule,"Westberger Weg, Westberger Weg 17-19",59065,Hamm,51.694307518426115,7.80946565398546,ogc-api-nrw
148350,"Hamm, GH Anne-Frank-Schule",Hauptschule,"Frankenstr., Frankenstr. 12",59067,Hamm,51.670356249129746,7.778249961593209,ogc-api-nrw
148453,"Herne, GH Hans-Tilkowski-Schule",Hauptschule,"Edmund-Weber-Str., Edmund-Weber-Str. 127",44651,Herne,51.51045577517297,7.168045801056742,ogc-api-nrw
148519,"Iserlohn, GH Martin-Luther",Hauptschule,"Gerlingser Weg, Gerlingser Weg 7",58638,Iserlohn,51.37563560674939,7.688163883488622,ogc-api-nrw
148532,"Lünen, GH ProfilSchuleLünen-Brambauer",Hauptschule,"Friedhofstr., Friedhofstr. 4",44536,Lünen,51.597121888251685,7.4443102921982955,ogc-api-nrw
148544,"Lünen, GH Heinrich-Bussmann-Schule",Hauptschule,"Bebelstr., Bebelstr. 54",44532,Lünen,51.602651240178616,7.52718125582366,ogc-api-nrw
148740,"Bochum, GH Liselotte-Rauner-Schule",Hauptschule,"Voedestr., Voedestr. 46-48",44866,Bochum,51.48155272053171,7.140039505823613,ogc-api-nrw
148805,"Witten, GH Freiligrath",Hauptschule,"Hamburgstr., Hamburgstr. 25",58453,Witten,51.45047942105606,7.37516602176078,ogc-api-nrw
148891,"Plettenberg,GH Zeppelin-Teilst.ort Böddi",Hauptschule,"Zeppelinstr., Zeppelinstr. 24",58840,Plettenberg,51.20508502880066,7.871180806417269,ogc-api-nrw
149135,"Arnsberg, KH Grimme",Hauptschule,"Schwester-Aicharda-Str., Schwester-Aicharda-Str. 14",59755,Arnsberg,51.450757847540324,7.967902935768549,ogc-api-nrw
149172,"Meschede, GH Konrad-Adenauer",Hauptschule,"Im Ohl, Im Ohl 15",59872,Meschede,51.37453946133649,8.17809142043706,ogc-api-nrw
149214,"Sundern, GH Sundern",Hauptschule,"Berliner Str., Berliner Str. 57",59846,Sundern (Sauerland),51.32126780421998,7.999801028573154,ogc-api-nrw
149408,"Gevelsberg, GH Gevelsberg",Hauptschule,"Am Hofe, Am Hofe 14",58285,Gevelsberg,51.324233717868594,7.316164276251972,ogc-api-nrw
149548,"Sprockhövel, GH Mathilde-Anneke-Schule",Hauptschule,"Dresdener Str., Dresdener Str. 45",45549,Sprockhövel,51.362317474084534,7.248646796938506,ogc-api-nrw
149603,"Iserlohn, GH Letmathe",Hauptschule,"Aucheler Str., Aucheler Str. 12",58642,Iserlohn,51.37273143473915,7.604154033102734,ogc-api-nrw
149792,"Lippstadt, GH Kopernikusschule",Hauptschule,"Landsberger Str., Landsberger Str. 9",59557,Lippstadt,51.656613694186056,8.340274462519679,ogc-api-nrw
149913,"Eslohe, GH Christine-Koch",Hauptschule,"Schulstr., Schulstr. 7",59889,Eslohe (Sauerland),51.256631270004874,8.1663235811045,ogc-api-nrw
149949,"Meschede, KH St.Walburga-Schule",Hauptschule,"Zum Schulzentrum, Zum Schulzentrum 1",59909,Bestwig,51.36342611213761,8.409477799510608,ogc-api-nrw
149950,"Schmallenberg, GH Schule am Wilzenberg",Hauptschule,"Obringhauser Str., Obringhauser Str. 38",57392,Schmallenberg,51.161196458478635,8.286157563155541,ogc-api-nrw
150228,"Siegen, GH Achenbacher Schule",Hauptschule,"Achenbacher Furt, Achenbacher Furt 7",57072,Siegen,50.86562064954362,7.993653121018523,ogc-api-nrw
150447,"Wilnsdorf, GH Dillenburger Str.",Hauptschule,"Dillenburger Str., Dillenburger Str. 87",57234,Wilnsdorf,50.84003480252211,8.156981651084996,ogc-api-nrw
150721,"Bönen, GH Pestalozzischule",Hauptschule,"Woortstr., Woortstr. 110",59199,Bönen,51.59551046720943,7.769979878959323,ogc-api-nrw
150733,"Holzwickede, GH Josef-Reding-Schule",Hauptschule,"Opherdicker Str., Opherdicker Str. 44",59439,Holzwickede,51.49759372736584,7.624920652200421,ogc-api-nrw
150782,"Hamm, GH Erlenbachschule",Hauptschule,"Kirchweg, Kirchweg 90",59071,Hamm,51.674146997597546,7.877895519923808,ogc-api-nrw
150800,"Bad Berleburg,GH L.-zu-Sayn-Wittgenstein",Hauptschule,"Hermann-Böttger-Weg, Hermann-Böttger-Weg 7",57319,Bad Berleburg,51.04014123702585,8.377695343914386,ogc-api-nrw
150850,"Düsseldorf, GG Montessori",Grundschule,"Lindenstr., Lindenstr. 102",40233,Düsseldorf,51.228344174852595,6.804226164985098,ogc-api-nrw
150861,"Düsseldorf, GG Aloys-Odenthal-Schule",Grundschule,"Diepenstr., Diepenstr. 24",40625,Düsseldorf,51.23086461187874,6.844974241924421,ogc-api-nrw
150873,"Wuppertal, V Dönberg",Volksschule,"Höhenstr., Höhenstr. 56",42111,Wuppertal,51.29627071221851,7.159932296541012,ogc-api-nrw
150885,"Köln, GG Montessori ( Ferdinandstr. )",Grundschule,"Ferdinandstr., Ferdinandstr. 43",51063,Köln,50.947517227784076,6.989088897409554,ogc-api-nrw
150897,"Köln, GG Rosenmaarschule",Grundschule,"Am Rosenmaar, Am Rosenmaar 3",51061,Köln,50.993171519907015,7.038404641269418,ogc-api-nrw
150903,"Köln, GG Montessori ( Gilbachstr. )",Grundschule,"Franz-Hitze-Str., Franz-Hitze-Str. 6",50672,Köln,50.94457205511789,6.933737991846542,ogc-api-nrw
150927,"Reichshof, GG Denklingen",Grundschule,"Hermann-Löns-Weg, Hermann-Löns-Weg 8",51580,Reichshof,50.91623898573523,7.660379902009154,ogc-api-nrw
150940,"Reichshof, GG Eckenhagen",Grundschule,"Hahnbucher Str., Hahnbucher Str. 23",51580,Reichshof,50.99373414962149,7.693090813332331,ogc-api-nrw
150952,"Reichshof, GG Hunsheim",Grundschule,"Dorner Weg, Dorner Weg 24",51580,Reichshof,50.98525299602054,7.614982098747782,ogc-api-nrw
150988,"Bad Honnef, GG Theodor-Weinz",Grundschule,"Burgwiesenstr., Burgwiesenstr. 31",53604,Bad Honnef,50.6617673757906,7.308037906468977,ogc-api-nrw
150990,"Lohmar, GG Birk",Grundschule,"Zur neuen Schule, Zur neuen Schule 1",53797,Lohmar,50.832014763586876,7.271043771892457,ogc-api-nrw
151002,"Neunkirchen-Seel., GG Seelscheid",Grundschule,"Breite Str., Breite Str. 26",53819,Neunkirchen-Seelscheid,50.8728089177566,7.320888403006888,ogc-api-nrw
151040,"Siegburg, GG Kaldauen",Grundschule,"Friedensstr., Friedensstr. 30",53721,Siegburg,50.803616081520374,7.26398834386592,ogc-api-nrw
151051,"Troisdorf, GG Siegauenschule",Grundschule,"Glockenstr., Glockenstr. 64",53844,Troisdorf,50.77606093802028,7.087036537810756,ogc-api-nrw
151063,"Wachtberg, KG (Verb.) Villip",Grundschule,"Villiper Hauptstr., Villiper Hauptstr. 21",53343,Wachtberg,50.63656601879404,7.092041690983142,ogc-api-nrw
151087,"Wachtberg, GG Drachenfelsschule",Grundschule,"Langenbergsweg, Langenbergsweg 2",53343,Wachtberg,50.64624864938201,7.177172356132604,ogc-api-nrw
151105,"Wachtberg, GG Adendorf",Grundschule,"Neue Schule, Neue Schule 15",53343,Wachtberg,50.61539072598874,7.059721084637301,ogc-api-nrw
151117,"Wachtberg, GG Berkum",Grundschule,"Stumpebergweg, Stumpebergweg 5",53343,Wachtberg,50.62744219216086,7.1323134851578915,ogc-api-nrw
151130,"Windeck, GG Leuscheid",Grundschule,"Reidershofer Str., Reidershofer Str. 9",51570,Windeck,50.77129972099996,7.560397379603106,ogc-api-nrw
151142,"Windeck, GG (Verb.) Ernst-Moritz-Roth",Grundschule,"Dreifelder Kirchweg, Dreifelder Kirchweg 3",51570,Windeck,50.802079259465415,7.562190647412416,ogc-api-nrw
151166,"Aachen, GG Montessori",Grundschule,"Reumontstr., Reumontstr. 52",52064,Aachen,50.76644055428446,6.079410277753564,ogc-api-nrw
151178,"Düren, KG Echtz",Grundschule,"St.-Michael-Str., St.-Michael-Str. 9",52353,Düren,50.82566866242957,6.419712789843755,ogc-api-nrw
151191,"Hürtgenwald, GG Gey",Grundschule,"Hormer Str., Hormer Str. 5",52393,Hürtgenwald,50.74340695628329,6.429229442806391,ogc-api-nrw
151221,"Hürtgenwald, GG (Verb.) Eifelfüchse",Grundschule,"Im Oberdorf, Im Oberdorf 16",52393,Hürtgenwald,50.68533902408532,6.371283539758082,ogc-api-nrw
151245,"Langerwehe, KG Martinusschule",Grundschule,"Rektor-Niederau-Str., Rektor-Niederau-Str. 1",52379,Langerwehe,50.80135616463633,6.397051515048209,ogc-api-nrw
151282,"Vettweiß, GG (Verb.) Regenbogenschule",Grundschule,"Tannenweg, Tannenweg 1",52391,Vettweiß,50.734924965496994,6.593933662060817,ogc-api-nrw
151397,"Ahlen, GG Lambertischule",Grundschule,"Lambertistr., Lambertistr. 6",59229,Ahlen,51.71078763528946,7.919021682074971,ogc-api-nrw
151403,"Bocholt, GG Biemenhorster",Grundschule,"Birkenallee, Birkenallee 70",46395,Bocholt,51.81627178238268,6.629145068636961,ogc-api-nrw
151415,"Bocholt, GG Kreuzschule Mussum",Grundschule,"Mussumer Esch, Mussumer Esch 4",46395,Bocholt,51.81644246187351,6.590219653662107,ogc-api-nrw
151476,"Haltern, KG (Verb.) Sythen-Lavesum",Grundschule,"Mosskamp, Mosskamp 27",45721,Haltern am See,51.77562490683593,7.218120605698676,ogc-api-nrw
151488,"Haltern, KG Lambertus",Grundschule,"Erzbischof-Buddenbrock-Str., Erzbischof-Buddenbrock-Str. 1",45721,Haltern am See,51.715380500392634,7.096859410572271,ogc-api-nrw
151490,"Raesfeld, KG Silvesterschule Erle",Grundschule,"Silvesterstr., Silvesterstr. 7",46348,Raesfeld,51.74639480311138,6.866474423906684,ogc-api-nrw
151567,"Lübbecke,GG Gehlenbeck-Nettelstedt Verb.",Grundschule,"Bleichstr., Bleichstr. 51",32312,Lübbecke,52.30790705628573,8.64723449693521,ogc-api-nrw
151622,"Warstein, KG Johannesschule",Grundschule,"Dorfstr., Dorfstr. 35",59581,Warstein,51.48083310303783,8.246155805937143,ogc-api-nrw
151634,"Warstein, KG St. Margaretha-Schule",Grundschule,"Ordensritterweg, Ordensritterweg 17",59581,Warstein,51.492539963078244,8.27894901547143,ogc-api-nrw
151646,"Iserlohn, GG Hennen",Grundschule,"Hennener Str., Hennener Str. 43",58640,Iserlohn,51.44450196374817,7.6503747058352864,ogc-api-nrw
151658,"Iserlohn, GG Kalthof",Grundschule,"Leckingser Str., Leckingser Str. 226",58640,Iserlohn,51.4244243613008,7.675015798865394,ogc-api-nrw
151660,"Erwitte, KG Cyriakus",Grundschule,"Schulstr., Schulstr. 3",59597,Erwitte,51.61211165476172,8.248619135444525,ogc-api-nrw
151804,"Düsseldorf, FÖ LE, ES Jan-Wellem-Schule",Förderschule,"Heerstr., Heerstr. 18-18a",40227,Düsseldorf,51.21270300829305,6.8089511976554595,ogc-api-nrw
151830,"Düsseldorf, FÖ GG Franz-Marc-Schule",Förderschule,"Lohbachweg, Lohbachweg 18",40625,Düsseldorf,51.22977239279971,6.842805025998027,ogc-api-nrw
151841,"Düsseldorf, FÖ SE Karl-Tietenberg-Schule",Förderschule,"Lärchenweg, Lärchenweg 23",40599,Düsseldorf,51.17468237619697,6.877454326151815,ogc-api-nrw
151865,"Düsseldorf, FÖ SQ Rudolf-Hildebrand",Förderschule,"Gotenstr., Gotenstr. 20",40225,Düsseldorf,51.196048428205295,6.7794678093491845,ogc-api-nrw
151877,"Düsseldorf, FÖ KM Schule am Volksgarten",Förderschule,"Brinckmannstr., Brinckmannstr. 8-10",40225,Düsseldorf,51.20332443116131,6.7884948815049775,ogc-api-nrw
151889,"Düsseldorf, FÖ GG Mosaikschule",Förderschule,"Am Massenberger Kamp, Am Massenberger Kamp 45",40589,Düsseldorf,51.18086314178159,6.820850025436729,ogc-api-nrw
151890,"Düsseldorf, FÖ GG Theodor-Andresen",Förderschule,"Lohbachweg, Lohbachweg 16",40625,Düsseldorf,51.22971188023835,6.842449751383297,ogc-api-nrw
151919,"Düsseldorf, FÖ LE, ES Alfred-Herrhausen",Förderschule,"Carl-Friedrich-Goerdeler-Str., Carl-Friedrich-Goerdeler-Str. 21",40595,Düsseldorf,51.14503329457594,6.9025208827044455,ogc-api-nrw
151932,"Düsseldorf, FÖ ES Martin-Luther-King",Förderschule,"Schönaustr., Schönaustr. 25",40625,Düsseldorf,51.234530211157875,6.858483957349228,ogc-api-nrw
151956,"Duisburg, FÖ ES Christian-Zeller",Förderschule,"Vorm Grindsbruch, Vorm Grindsbruch 30-32",47269,Duisburg,51.359647119002645,6.784548627087893,ogc-api-nrw
151981,"Duisburg, FÖ GG Buchholzer Waldschule",Förderschule,"Sittardsberger Allee, Sittardsberger Allee 263",47249,Duisburg,51.387167450228525,6.781250143328714,ogc-api-nrw
151993,"Duisburg, FÖ KM Christy-Brown-Schule",Förderschule,"Kalthoffstr., Kalthoffstr. 20",47166,Duisburg,51.497940539921295,6.790425697710226,ogc-api-nrw
152006,"Duisburg, FÖ SE Johanniterschule",Förderschule,"Johanniterstr., Johanniterstr. 103-105",47053,Duisburg,51.41893473659185,6.76388985464047,ogc-api-nrw
152020,"Duisburg, FÖ LE Eschenstr.",Förderschule,"Eschenstr., Eschenstr. 65a",47055,Duisburg,51.40152054365481,6.754329865800742,ogc-api-nrw
152031,"Duisburg, FÖ LE, SQ James-Rizzi-Schule",Förderschule,"Hoher Weg, Hoher Weg 15-17",47137,Duisburg,51.46658191278483,6.762971614632769,ogc-api-nrw
152109,"Duisburg, FÖ LE Duisburg-Nord",Förderschule,"Kopernikusstr., Kopernikusstr. 38",47167,Duisburg,51.50491909992213,6.79137057069302,ogc-api-nrw
152110,"Essen, FÖ LE, ES Möllhovenschule",Förderschule,"Möllhoven, Möllhoven 46",45355,Essen,51.47468266255164,6.942024362972734,ogc-api-nrw
152122,"Essen, FÖ LE, GG, ES Parkschule",Förderschule,"Tiefenbruchstr., Tiefenbruchstr. 20",45326,Essen,51.488389863025695,7.0124953893655375,ogc-api-nrw
152171,"Essen, FÖ LE,ES,SQ, am Steeler Tor",Förderschule,"Engelbertstr., Engelbertstr. 4",45127,Essen,51.45663155222563,7.02075618911553,ogc-api-nrw
152225,"Essen, FÖ LE, ES Theodor-Fliedner",Förderschule,"Lübecker Str., Lübecker Str. 15",45145,Essen,51.44437524276357,6.968787801600881,ogc-api-nrw
152286,"Essen,FÖ LE,ES Schule am Hellweg",Förderschule,"Hellweg, Hellweg 179",45279,Essen,51.4543094171571,7.1055366825168145,ogc-api-nrw
152353,"Essen, FÖ KM Helen-Keller-Schule",Förderschule,"Helen-Keller-Str., Helen-Keller-Str. 2",45141,Essen,51.46945224796683,7.020028511521405,ogc-api-nrw
152365,"Essen, FÖ SQ Albert-Liebmann-Schule",Förderschule,"Schloßwiese, Schloßwiese 79",45355,Essen,51.46462987993365,6.932398510150798,ogc-api-nrw
152377,"Essen, FÖ GG Franz Sales",Förderschule,"Steeler Str., Steeler Str. 261",45138,Essen,51.448005876011536,7.041551673183171,ogc-api-nrw
152407,"Krefeld,FÖ GG Friedrich-v.-Bodelschwingh",Förderschule,"Stettiner Str., Stettiner Str. 1",47829,Krefeld,51.363136706343084,6.617790445852223,ogc-api-nrw
152419,"Krefeld, FÖ KM Gerd Jansen Schule",Förderschule,"Luiter Weg, Luiter Weg 6",47802,Krefeld,51.37089431978457,6.5737927109350105,ogc-api-nrw
152470,"Krefeld, FÖ LE,ES,SQ am Uerdinger Rundw.",Förderschule,"Rundweg, Rundweg 10",47829,Krefeld,51.35058507309754,6.64061723727575,ogc-api-nrw
152493,"Leverkusen, FÖ ES Pestalozzischule",Förderschule,"Hermann-von-Helmholtz-Str., Hermann-von-Helmholtz-Str. 72",51373,Leverkusen,51.030227627897524,7.001940578326543,ogc-api-nrw
152511,"Mönchengladbach, FÖ KM LVR-Förderschule",Förderschule,"Max-Reger-Str., Max-Reger-Str. 45",41179,Mönchengladbach,51.1489140992007,6.364279481426504,ogc-api-nrw
152523,"Mönchengladbach,FÖ ES,GG,LE Karl-Barthol",Förderschule,"Heinz-Jakszt-Weg, Heinz-Jakszt-Weg 4",41065,Mönchengladbach,51.1854207317816,6.435413765628634,ogc-api-nrw
152614,"Mülheim a.d.Ruhr,FÖ LE,SQ,ES Ruhrstadts.",Förderschule,"Springweg, Springweg 21-23",45473,Mülheim an der Ruhr,51.44972897387996,6.891548453044693,ogc-api-nrw
152778,"Remscheid, FÖ GG Hilda-Heinemann-Schule",Förderschule,"Hackenberger Str., Hackenberger Str. 117-121",42897,Remscheid,51.19847873298485,7.282908519673726,ogc-api-nrw
152857,"Solingen, FÖ LE, ES, SQ Erika-Rohstein",Förderschule,"Fritz-Reuter-Str., Fritz-Reuter-Str. 40",42657,Solingen,51.156072743443815,7.0753350303932745,ogc-api-nrw
152882,"Solingen, FÖ GG Wilhelm-Hartschen",Förderschule,"Liebigstr., Liebigstr. 21a",42719,Solingen,51.17545938529402,7.029789822400609,ogc-api-nrw
152900,"Wuppertal, FÖ KM LVR-Förderschule",Förderschule,"Melanchthonstr., Melanchthonstr. 11",42281,Wuppertal,51.282001070184236,7.19940669699999,ogc-api-nrw
152924,"Wuppertal, FÖ ES Peter-Härtling-Schule",Förderschule,"Schusterstr., Schusterstr. 24",42105,Wuppertal,51.257680799507256,7.135460600864639,ogc-api-nrw
152936,"Wuppertal, FW Chr.-Morgenstern-Schule",Waldorfschule,"Wittensteinstr., Wittensteinstr. 76",42285,Wuppertal,51.26077830506905,7.173920435293007,ogc-api-nrw
153096,"Voerde, FÖ LE, ES Janusz-Korczak-Schule",Förderschule,"Peerdsbuschweg, Peerdsbuschweg 54",46562,Voerde (Niederrhein),51.5858091740141,6.702679333839302,ogc-api-nrw
153114,"Hünxe, FÖ GG Waldschule",Förderschule,"Waldheideweg, Waldheideweg 5",46569,Hünxe,51.626146790414445,6.712504321981598,ogc-api-nrw
153187,"Mettmann, FÖ GG Hans-Helmich-Schule",Förderschule,"Benninghofer Weg, Benninghofer Weg 104",40822,Mettmann,51.23778915831726,7.0015120618745215,ogc-api-nrw
153217,"Ratingen, FÖ GG Helen-Keller",Förderschule,"Scheifenkamp, Scheifenkamp 10",40878,Ratingen,51.29104823994252,6.8293627086352044,ogc-api-nrw
153266,"Wülfrath, FÖ ES Diakonie Aprath",Förderschule,"Erfurthweg, Erfurthweg 5",42489,Wülfrath,51.28508822497302,7.089506588354061,ogc-api-nrw
153308,"Düsseldorf, FÖ ES Ferdinand-Schule",Förderschule,"Buschgasser Weg, Buschgasser Weg 25",40489,Düsseldorf,51.31456981549609,6.757044004359208,ogc-api-nrw
153310,"Düsseldorf, FÖ ES, GG Minna-Schule",Förderschule,"Buschgasser Weg, Buschgasser Weg 25",40489,Düsseldorf,51.31456981549609,6.757044004359208,ogc-api-nrw
153321,"Geldern, FÖ LE,ES,SQ Gelderland-Schule",Förderschule,"Haagscher Weg, Haagscher Weg 32",47608,Geldern,51.52248067575364,6.320552897084204,ogc-api-nrw
153345,"Geldern, FÖ GG Don-Bosco-Schule",Förderschule,"Köln-Mindener-Bahn, Köln-Mindener-Bahn 3",47608,Geldern,51.51792600261375,6.336966003178476,ogc-api-nrw
153394,"Grevenbroich, FÖ GG Mosaik-Schule",Förderschule,"Winzerather Str., Winzerather Str. 21",41516,Grevenbroich,51.12090188099889,6.58817581225231,ogc-api-nrw
153400,"Kaarst, FÖ,LE,ES,GG Martinusschule",Förderschule,"Halestr., Halestr. 7",41564,Kaarst,51.23334548290201,6.621193254935846,ogc-api-nrw
153424,"Dormagen,FÖ LE,ES,SQ Schule am Chorbusch",Förderschule,"Hackhauser Str., Hackhauser Str. 65",41540,Dormagen,51.05851882342586,6.815383466927692,ogc-api-nrw
153436,"Dormagen, FÖ ES Raphaelschule",Förderschule,"Krefelder Str., Krefelder Str. 122",41539,Dormagen,51.10533874265547,6.8278476136372355,ogc-api-nrw
153450,"Kaarst, FÖ GG Sebastianus-Schule",Förderschule,"Bruchweg, Bruchweg 21-23",41564,Kaarst,51.21709209323027,6.621558840078544,ogc-api-nrw
153588,"Viersen, KR Hanns-Dieter-Hüsch-Schule",Förderschule,"Horionstr., Horionstr. 14",41749,Viersen,51.29661213114326,6.346557208605586,ogc-api-nrw
153590,"Viersen, FÖ GG Franziskus",Förderschule,"Josef-Deilmann-Str., Josef-Deilmann-Str. 1",41749,Viersen,51.30378509024607,6.3531166519420506,ogc-api-nrw
153710,"Duisburg, FÖ LE, ES Dahlingschule",Förderschule,"Dahlingstr., Dahlingstr. 40",47229,Duisburg,51.38331874331818,6.700606101666003,ogc-api-nrw
153783,"Neukirchen-Vluyn,FÖ ES,LE Sonneck-Schule",Förderschule,"Niederrheinallee, Niederrheinallee 64",47506,Neukirchen-Vluyn,51.445854218310636,6.5745551378135865,ogc-api-nrw
153795,"Moers, FÖ ES, LE Hans-Lenhard-Schule",Förderschule,"Lerschstr., Lerschstr. 21",47445,Moers,51.487712536683276,6.597370483139709,ogc-api-nrw
153849,"Emmerich am Rhein, FÖ SQ,LE,ES Förderz.",Förderschule,"Hinter dem Kapaunenberg, Hinter dem Kapaunenberg 3",46446,Emmerich am Rhein,51.84561167139381,6.25180915559035,ogc-api-nrw
153898,"Hückeswagen, FÖ LE,SQ,ES,GG Erich-Kästne",Förderschule,"Nordstr., Nordstr. 2",42499,Hückeswagen,51.15285948126644,7.334708216260749,ogc-api-nrw
153916,"Langenfeld, FÖ GG an der Virneburg",Förderschule,"Virneburgstr., Virneburgstr. 17",40764,Langenfeld (Rheinland),51.09025558736854,6.978175747497884,ogc-api-nrw
153941,"Leverkusen,FÖ LE,SQ,ES,GG an der Wupper",Förderschule,"Haus-Vorster Str., Haus-Vorster Str. 42-48",51379,Leverkusen,51.07827745681127,7.00072755438422,ogc-api-nrw
153977,"Bonn, FÖ LE, SQ, ES Siebengebirgsschule",Förderschule,"Winterstr., Winterstr. 53",53177,Bonn,50.68341735854807,7.146753901698412,ogc-api-nrw
154015,"Bonn, FÖ GG Königin-Juliana-Schule",Förderschule,"An der Burg Medinghoven, An der Burg Medinghoven 12",53123,Bonn,50.71339012650121,7.03238830075904,ogc-api-nrw
154027,"Bonn, FÖ SQ Astrid-Lindgren-Schule",Förderschule,"Ludwig-Richter-Str., Ludwig-Richter-Str. 29",53123,Bonn,50.71658607190978,7.0604744908306625,ogc-api-nrw
154040,"Bonn, FÖ KM Christophorusschule",Förderschule,"Waldenburger Ring, Waldenburger Ring 40",53119,Bonn,50.75301291334469,7.04172891446202,ogc-api-nrw
154088,"Bonn, KR Paul-Martini",Förderschule,"Kaiser-Karl-Ring, Kaiser-Karl-Ring 40a",53111,Bonn,50.74731085143793,7.089980782527092,ogc-api-nrw
154106,"Köln, FÖ HK Johann-Joseph-Gronewald",Förderschule,"Gronewaldstr., Gronewaldstr. 1",50931,Köln,50.93349589846496,6.918786482586861,ogc-api-nrw
154143,"Köln, KR Johann-Christoph-Winters-Schule",Förderschule,"Lindenburger Allee, Lindenburger Allee 38",50931,Köln,50.92720206719944,6.915865511260437,ogc-api-nrw
154179,"Köln, FÖ ES Blumenthalstr.",Förderschule,"Blumenthalstr., Blumenthalstr. 10-12",50670,Köln,50.95493720124436,6.959037052227213,ogc-api-nrw
154180,"Köln, FÖ ES Zülpicher Straße",Förderschule,"Zülpicher Str., Zülpicher Str. 194",50937,Köln,50.92444011865917,6.9279421724211065,ogc-api-nrw
154209,"Köln, FÖ ES Auguststr.",Förderschule,"Auguststr., Auguststr. 1",50733,Köln,50.96016401706507,6.9514169722937735,ogc-api-nrw
154210,"Köln, FÖ ES Eduard-Mörike-Schule",Förderschule,"Mörikeweg, Mörikeweg 2-6",51147,Köln,50.87469670135319,7.099204670699928,ogc-api-nrw
154222,"Köln, FÖ ES Berliner Str.",Förderschule,"Berliner Str., Berliner Str. 975",51069,Köln,51.00201219168707,7.041081973866382,ogc-api-nrw
154246,"Köln, FÖ SQ Paul-Maar-Schule",Förderschule,"Marienplatz, Marienplatz 2",50676,Köln,50.93392107078286,6.957110852208346,ogc-api-nrw
154260,"Köln, FÖ GG Kolkrabenweg",Förderschule,"Kolkrabenweg, Kolkrabenweg 8-10",50829,Köln,50.96453175048485,6.87772042080722,ogc-api-nrw
154337,"Köln, FÖ LE, ES Martin-Köllen-Schule",Förderschule,"Hachenburger Str., Hachenburger Str. 11",51105,Köln,50.93257404926333,6.99457260903892,ogc-api-nrw
154362,"Köln, FÖ LE, ES Getrud-Bollenrath-Schule",Förderschule,"Soldiner Str., Soldiner Str. 68",50767,Köln,51.00612492529316,6.887468629376565,ogc-api-nrw
154374,"Köln, FÖ LE Wilhelm-Leyendecker-Schule",Förderschule,"Leyendeckerstr., Leyendeckerstr. 20-24",50825,Köln,50.95545324193741,6.911426167845923,ogc-api-nrw
154428,"Köln, FÖ SE Severinschule",Förderschule,"Weberstr., Weberstr. 29-31",50676,Köln,50.93051494812286,6.9587971552977255,ogc-api-nrw
154465,"Köln, FÖ LE Thymianweg",Förderschule,"Thymianweg, Thymianweg 1a",51061,Köln,50.98049044427218,7.030918204144238,ogc-api-nrw
154490,"Köln, FÖ GG Auf dem Sandberg",Förderschule,"Auf dem Sandberg, Auf dem Sandberg 120",51105,Köln,50.91613594716485,6.995763200504248,ogc-api-nrw
154507,"Köln, FÖ GG Redwitzstr.",Förderschule,"Redwitzstr., Redwitzstr. 80",50937,Köln,50.92221359186147,6.923103538356112,ogc-api-nrw
154519,"Köln, FÖ ES Lindweiler Hof",Förderschule,"Paul-Humburg-Str., Paul-Humburg-Str. 13",50737,Köln,50.99429335601547,6.9222949762081525,ogc-api-nrw
154520,"Bergheim, FÖ ES, LE, SQ Jakob-von-Gils",Förderschule,"Van-Gils-Str., Van-Gils-Str. 10",50126,Bergheim,50.953704723993276,6.623857511696209,ogc-api-nrw
154556,"Kerpen, FÖ LE Martinusschule",Förderschule,"Pestalozzistr., Pestalozzistr. 42",50171,Kerpen,50.865168962562485,6.70077566086846,ogc-api-nrw
154593,"Euskirchen, FÖ KM LVR-Irena-Sendler",Förderschule,"Rheinstr., Rheinstr. 45",53881,Euskirchen,50.653578972045395,6.7566548758052,ogc-api-nrw
154600,"Euskirchen, FÖ GG Hans-Verbeek-Schule",Förderschule,"Im Auel, Im Auel 35",53879,Euskirchen,50.65373940475787,6.780996372792738,ogc-api-nrw
154623,"Euskirchen, FÖ HK Max-Ernst-Schule",Förderschule,"Augenbroicher Str., Augenbroicher Str. 49",53879,Euskirchen,50.650029798932934,6.783151804600199,ogc-api-nrw
154647,"Zülpich, FÖ LE, SQ, ES Stephanusschule",Förderschule,"Eldernstr., Eldernstr. 62",53909,Zülpich,50.62029147378642,6.699070926154342,ogc-api-nrw
154660,"Kall, FÖ ES Hermann-Josef-Haus Urft",Förderschule,"Urfttalstr., Urfttalstr. 41",53925,Kall,50.50682141905348,6.57445044856033,ogc-api-nrw
154684,"Schleiden, FÖ LE, ES, SQ Astrid-Lindgren",Förderschule,"Am Mühlenberg, Am Mühlenberg 5",53937,Schleiden,50.52677263128103,6.469727780842833,ogc-api-nrw
154696,"Brühl, FÖ LE, SQ, ES Pestalozzischule",Förderschule,"Kölnstr., Kölnstr. 85",50321,Brühl,50.83280776278808,6.905133225394774,ogc-api-nrw
154714,"Frechen, FÖ GG Paul-Kraemer-Schule",Förderschule,"Badstr., Badstr. 1A",50226,Frechen,50.916100000173266,6.754678958384932,ogc-api-nrw
154763,"Brühl, FÖ GG Maria-Montessori-Schule",Förderschule,"Bergstr., Bergstr. 58",50321,Brühl,50.835874287886405,6.872314584075473,ogc-api-nrw
154799,"Wiehl, FÖ GG Helen-Keller-Schule",Förderschule,"Fritz-Rau-Str., Fritz-Rau-Str. 1",51674,Wiehl,50.972824839540536,7.509093162471906,ogc-api-nrw
154805,"Gummersbach, FÖ LE,ES Jakob-Moreno",Förderschule,"Reininghauser Str., Reininghauser Str. 28",51643,Gummersbach,51.03196941459379,7.569991281499068,ogc-api-nrw
154817,"Reichshof, FÖ ES, LE Antoniusschule",Förderschule,"Blockhausstr., Blockhausstr. 7",51580,Reichshof,50.988371221338475,7.697644194433069,ogc-api-nrw
154829,"Waldbröl, FÖ LE, ES, SQ Roseggerschule",Förderschule,"Zuccalmagliostr., Zuccalmagliostr. 15",51545,Waldbröl,50.87393889736828,7.62207950533114,ogc-api-nrw
154830,"Bergisch Gladbach,FÖ LE,ES,SB Mitte",Förderschule,"Ginsterweg, Ginsterweg 9",51427,Bergisch Gladbach,50.9606400749413,7.109184925205671,ogc-api-nrw
154842,"Bergisch Gladbach, FÖ GG Friedr.-Fröbel",Förderschule,"Fröbelstr., Fröbelstr. 15",51429,Bergisch Gladbach,50.969591869736924,7.1876586592404,ogc-api-nrw
154880,"Köln, FÖ GG Pestalozzi",Förderschule,"Sportplatzstr., Sportplatzstr. 82-84",51147,Köln,50.86510804142676,7.101882804150335,ogc-api-nrw
154945,"Rösrath, FÖ LE, SQ, ES Albert-Einstein",Förderschule,"Walter-Gropius-Str., Walter-Gropius-Str. 11-13",51503,Rösrath,50.904796548547814,7.1890100126306935,ogc-api-nrw
154957,"Rösrath,FÖ KM Schule am Königsforst",Förderschule,"Paffrather Weg, Paffrather Weg 11",51503,Rösrath,50.905818714629696,7.17552878336527,ogc-api-nrw
154969,"Wipperfürth, FÖ GG Anne-Frank-Schule",Förderschule,"Ostlandstr., Ostlandstr. 25",51688,Wipperfürth,51.11573529052685,7.412226850824055,ogc-api-nrw
154970,"Kürten, FÖ ES Die Gute Hand",Förderschule,"Jahnstr., Jahnstr. 31",51515,Kürten,51.0215845042036,7.238918465847626,ogc-api-nrw
154982,"Sankt Augustin, FÖ LE, SQ, ES Gutenberg",Förderschule,"Pauluskirchstr., Pauluskirchstr. 12",53757,Sankt Augustin,50.769830167290976,7.187944891272651,ogc-api-nrw
154994,"Bornheim, FÖ LE, SQ Bornh. Verbundschule",Förderschule,"Heisterbacher Str., Heisterbacher Str. 175",53332,Bornheim,50.7823393483451,7.0335523668705315,ogc-api-nrw
155007,"Hennef, FÖ LE, ES in der Geisbach",Förderschule,"Hanftalstr., Hanftalstr. 31",53773,Hennef (Sieg),50.76747033294341,7.301220633900083,ogc-api-nrw
155019,"Hennef, FÖ ES, LE St. Ansgar-Schule",Förderschule,"Siebengebirgsweg, Siebengebirgsweg 25",53773,Hennef (Sieg),50.79299176923765,7.296733919352074,ogc-api-nrw
155068,"Niederkassel, FÖ ES, LE, SQ Laurentius",Förderschule,"Unterdorfstr., Unterdorfstr. 7",53859,Niederkassel,50.77423551759415,7.06959370905397,ogc-api-nrw
155081,"Sankt Augustin,FÖ GG Heinrich-Hanselmann",Förderschule,"Arnold-Janssen-Str., Arnold-Janssen-Str. 25c",53757,Sankt Augustin,50.7762886917992,7.178773197547701,ogc-api-nrw
155100,"Troisdorf, FÖ LE Don-Bosco-Schule",Förderschule,"Kettelerstr., Kettelerstr. 11",53844,Troisdorf,50.80344755439249,7.123600148376131,ogc-api-nrw
155135,"Aachen, KR Janusz-Korczak-Schule",Förderschule,"Neuenhofer Weg, Neuenhofer Weg 21a",52074,Aachen,50.77219087069148,6.042410551362209,ogc-api-nrw
155147,"Aachen, FÖ KM Viktor-Frankl-Schule",Förderschule,"Kalverbenden, Kalverbenden 89",52066,Aachen,50.755065762645785,6.099744392769412,ogc-api-nrw
155159,"Aachen, FÖ HK David-Hirsch-Schule",Förderschule,"Hander Weg, Hander Weg 95",52072,Aachen,50.80410715093954,6.053113287280958,ogc-api-nrw
155196,"Aachen, FÖ LE Schule am Rödgerbach",Förderschule,"Sonnenscheinstr., Sonnenscheinstr. 1",52078,Aachen,50.76408608967406,6.13933833235751,ogc-api-nrw
155226,"Aachen, FÖ ES Marienschule",Förderschule,"Harscampstr., Harscampstr. 45",52062,Aachen,50.772610324030694,6.091963068790677,ogc-api-nrw
155240,"Aachen, FÖ SE Johannes-Kepler-Schule",Förderschule,"Hander Weg, Hander Weg 95",52072,Aachen,50.80410715093954,6.053113287280958,ogc-api-nrw
155329,"Eschweiler, FÖ LE, ES, SQ Willi-Fährmann",Förderschule,"Franz-Rüth-Str., Franz-Rüth-Str. 5",52249,Eschweiler,50.82107962956797,6.2538430698511025,ogc-api-nrw
155445,"Düren, FÖ GG Christophorus-Schule",Förderschule,"Rudolf-Diesel-Str., Rudolf-Diesel-Str. 19",52351,Düren,50.777668861577716,6.511772821887433,ogc-api-nrw
155457,"Düren, FÖ LE, SQ, ES Bürgewaldschule",Förderschule,"Stammelner Fließ, Stammelner Fließ 30",52353,Düren,50.829716425352146,6.462763388958025,ogc-api-nrw
155470,"Düren, FÖ SE Louis-Braille-Schule",Förderschule,"Meckerstr., Meckerstr. 1-3",52353,Düren,50.81357724741793,6.477551654723193,ogc-api-nrw
155494,"Jülich, FÖ LE, ES, SQ Schirmerschule",Förderschule,"Linnicher Str., Linnicher Str. 62",52428,Jülich,50.932103934235016,6.350001281125447,ogc-api-nrw
155536,"Gangelt, FÖ LE,SQ,ES Mercator-Schule",Förderschule,"Frankenstr., Frankenstr. 41",52538,Gangelt,50.99256169663273,6.004639835478955,ogc-api-nrw
155561,"Hückelhoven, FÖ LE, ES, SQ Peter-Jordan",Förderschule,"In der Schlee, In der Schlee 101",41836,Hückelhoven,51.0648909827139,6.226084539533485,ogc-api-nrw
155597,"Bocholt, FÖ LE Overbergschule",Förderschule,"Don-Bosco-Str., Don-Bosco-Str. 52",46397,Bocholt,51.836555804159524,6.627150274203068,ogc-api-nrw
155615,"Bottrop, FÖ GG am Tetraeder",Förderschule,"In der Welheimer Mark, In der Welheimer Mark 62",46238,Bottrop,51.51086983994971,6.970875156508865,ogc-api-nrw
155690,"Gelsenkirchen, FÖ LE, ES Malteserschule",Förderschule,"Malteserstr., Malteserstr. 2",45879,Gelsenkirchen,51.500676876950806,7.102216549501726,ogc-api-nrw
155731,"Gelsenkirchen, FÖ LE, ES Antoniusschule",Förderschule,"Antoniusstr., Antoniusstr. 2",45881,Gelsenkirchen,51.52059151541146,7.095838927596135,ogc-api-nrw
155779,"Gelsenkirchen, FÖ SE Focus-Schule",Förderschule,"Lasthausstr., Lasthausstr. 10",45894,Gelsenkirchen,51.59037901670312,7.053855105723909,ogc-api-nrw
155780,"Gelsenkirchen, FÖ HK Glückauf-Schule",Förderschule,"Marler Str., Marler Str. 41",45894,Gelsenkirchen,51.591346885236824,7.057451942838713,ogc-api-nrw
155792,"Gelsenkirchen, FÖ KM Löchter",Förderschule,"Lasthausstr., Lasthausstr. 8",45894,Gelsenkirchen,51.59037901670312,7.053855105723909,ogc-api-nrw
155809,"Gelsenkirchen, FÖ GG Hansa",Förderschule,"Hansastr., Hansastr. 4",45888,Gelsenkirchen,51.515795387655345,7.127488846834354,ogc-api-nrw
155822,"Gladbeck, FÖ LE, ES, SQ Roßheideschule",Förderschule,"Roßheidestr., Roßheidestr. 40",45968,Gladbeck,51.549487582364726,7.001899933707678,ogc-api-nrw
155858,"Münster, FÖ LE Albert-Schweitzer-Schule",Förderschule,"Manfred-von-Richthofen-Str., Manfred-von-Richthofen-Str. 49",48145,Münster,51.95891577055409,7.6566512111362,ogc-api-nrw
155895,"Münster, FÖ SE Irisschule",Förderschule,"Bröderichweg, Bröderichweg 41",48159,Münster,51.99513678364187,7.618045408059123,ogc-api-nrw
155901,"Münster, FÖ GG Papst-Johannes-Schule",Förderschule,"Diesterwegstr., Diesterwegstr. 80",48159,Münster,52.002122118803875,7.603465966904046,ogc-api-nrw
155913,"Münster, FÖ HK Münsterlandschule",Förderschule,"Bröderichweg, Bröderichweg 45",48159,Münster,51.994626561266614,7.619007896643934,ogc-api-nrw
155925,"Münster, KR Helen-Keller-Schule",Förderschule,"Schmeddingstr., Schmeddingstr. 54",48149,Münster,51.958798288510756,7.591961412658212,ogc-api-nrw
155949,"Recklinghausen, FÖ LE,ES Alb.-Schweitzer",Förderschule,"Weißenburgstr., Weißenburgstr. 48",45663,Recklinghausen,51.57360513345856,7.2208089399904205,ogc-api-nrw
155998,"Vreden, FÖ LE, SQ, ES St.-Felicitas",Förderschule,"Am Berkelsee, Am Berkelsee 2",48691,Vreden,52.03010244904791,6.8315033490247705,ogc-api-nrw
156048,"Hamm, FÖ LE Erich-Kästner-Schule",Förderschule,"Glückaufstr., Glückaufstr. 2",59073,Hamm,51.700396658252814,7.833833903648694,ogc-api-nrw
156073,"Sendenhorst, KR Sankt-Josef-Stift",Förderschule,"Westtor, Westtor 7",48324,Sendenhorst,51.842809598034236,7.821374919131379,ogc-api-nrw
156097,"Reken, FÖ KM Maria-Veen",Förderschule,"Marianne-Barisch-Weg, Marianne-Barisch-Weg 1",48734,Reken,51.83475811420752,7.0925842201729985,ogc-api-nrw
156127,"Dülmen, FÖ LE Pestalozzischule",Förderschule,"An der Kreuzkirche, An der Kreuzkirche 5",48249,Dülmen,51.825856550715194,7.284068850643161,ogc-api-nrw
156139,"Gescher, FÖ GG Haus Hall",Förderschule,"Tungerloh-Capellen, Tungerloh-Capellen 4",48712,Gescher,51.950864341034965,7.017342152703466,ogc-api-nrw
156255,"Herten, FÖ LE, SQ, ES Achtenbeckschule",Förderschule,"Feldstr., Feldstr. 43",45699,Herten,51.600271181585185,7.1352786303248505,ogc-api-nrw
156309,"Dorsten,FÖ LE,ES,SQ von-Ketteler-Schule",Förderschule,"Bismarckstr., Bismarckstr. 189",46284,Dorsten,51.68569517268485,6.965916086135486,ogc-api-nrw
156334,"Marl, KR Schule in der Haard",Förderschule,"Halterner Str., Halterner Str. 525",45770,Marl,51.69024065493364,7.185709968093371,ogc-api-nrw
156358,"Marl, FÖ LE, ES Heinrich-Kielhorn-Schule",Förderschule,"Riegestr., Riegestr. 84",45768,Marl,51.65145932394244,7.073039858428193,ogc-api-nrw
156401,"Rheine, FÖ LE Grüterschule",Förderschule,"Mittelstr., Mittelstr. 41",48431,Rheine,52.26781671252697,7.4308298301734785,ogc-api-nrw
156425,"Wettringen, FÖ ES Josefsschule",Förderschule,"Dorfbauerschaft, Dorfbauerschaft 30",48493,Wettringen,52.192304593188425,7.292771728072864,ogc-api-nrw
156530,"Bielefeld,FÖ ES,LE,SQ Ernst-Hansen-Schu.",Förderschule,"Krähenwinkel, Krähenwinkel 6",33719,Bielefeld,52.01103286031357,8.607611656362097,ogc-api-nrw
156541,"Bielefeld, FÖ LE, SQ, ES Hamfeldschule",Förderschule,"Hamfeldstr., Hamfeldstr. 10",33611,Bielefeld,52.04568061249999,8.541881227781108,ogc-api-nrw
156565,"Bielefeld, FÖ GG, KM Mamre-Patmos-Schule",Förderschule,"Maraweg, Maraweg 29",33617,Bielefeld,52.00547420646731,8.526295730569123,ogc-api-nrw
156589,"Bielefeld, FÖ KM Albatros-Schule",Förderschule,"Westkampweg, Westkampweg 81",33659,Bielefeld,51.9564972537049,8.548509902740237,ogc-api-nrw
156644,"Blomberg, FÖ LE, SQ Pestalozzischule",Förderschule,"Ulmenallee, Ulmenallee 11",32825,Blomberg,51.94824416630124,9.104860087099146,ogc-api-nrw
156656,"Detmold, FÖ LE Gustav-Heinemann-Schule",Förderschule,"Heidenoldendorfer Str., Heidenoldendorfer Str. 80",32758,Detmold,51.94117980595485,8.85519446754432,ogc-api-nrw
156700,"Bünde, FÖ LE Pestalozzi-Schule",Förderschule,"Pestalozzistr., Pestalozzistr. 19",32257,Bünde,52.176117057619926,8.574718922126394,ogc-api-nrw
156735,"Hiddenhausen, FÖ ES Eickhofschule",Förderschule,"Matthias-Claudius-Weg, Matthias-Claudius-Weg 5",32120,Hiddenhausen,52.15695118108316,8.674346368188944,ogc-api-nrw
156796,"Höxter, FÖ KR Klinikschule Heiligenberg",Förderschule,"Brenkhäuser Str., Brenkhäuser Str. 71 b",37671,Höxter,51.78641134810413,9.365819302567067,ogc-api-nrw
156814,"Lemgo, FÖ GG Topehlen-Schule",Förderschule,"Alter Rintelner Weg, Alter Rintelner Weg 26",32657,Lemgo,52.04912206812346,8.904892966963054,ogc-api-nrw
156840,"Bad Salzuflen, FÖ LE Erich Kästner",Förderschule,"Otto-Hahn-Str., Otto-Hahn-Str. 69",32108,Bad Salzuflen,52.06167482240713,8.751648683004015,ogc-api-nrw
156899,"Minden, FÖ LE Kuhlenkampschule",Förderschule,"Am Schäferfeld, Am Schäferfeld 20a",32425,Minden,52.31291473582116,8.89102378712116,ogc-api-nrw
156917,"Porta Westfalica, FÖ ES Lutherschule",Förderschule,"Gotteshütte, Gotteshütte 1",32457,Porta Westfalica,52.237881526040205,9.028776003862731,ogc-api-nrw
156930,"Bad Oeynhausen, FÖ KM am Weserbogen",Förderschule,"Heisenbergstr., Heisenbergstr. 1",32549,Bad Oeynhausen,52.21944605741271,8.789312091815091,ogc-api-nrw
156942,"Bad Oeynhausen, FÖ GG, KM Wittekindshof",Förderschule,"Dr.-Klevinghaus-Str., Dr.-Klevinghaus-Str. 11",32549,Bad Oeynhausen,52.25997884842677,8.786057882882698,ogc-api-nrw
156980,"Paderborn, FÖ SE Pauline-Schule",Förderschule,"Leostr., Leostr. 1",33098,Paderborn,51.71546084211242,8.759933061539007,ogc-api-nrw
157004,"Hövelhof, FÖ ES Salvator Kolleg Schule",Förderschule,"Salvatorstr., Salvatorstr. 45",33161,Hövelhof,51.80303946341491,8.688345449437548,ogc-api-nrw
157016,"Paderborn, FÖ LE Sertürnerschule",Förderschule,"Am Schloßgarten, Am Schloßgarten 3",33104,Paderborn,51.74733003654871,8.71342616399331,ogc-api-nrw
157028,"Warburg, FÖ ES Petrus-Damian-Schule",Förderschule,"Landfurt, Landfurt 45",34414,Warburg,51.49328980248209,9.152989831012116,ogc-api-nrw
157030,"Warburg, FÖ GG, KM Laurentius-Schule",Förderschule,"Stiepenweg, Stiepenweg 70",34414,Warburg,51.48776756584359,9.123589777484343,ogc-api-nrw
157065,"Gütersloh, FÖ LE, ES Mosaikschule",Förderschule,"Im Reke, Im Reke 4",33332,Gütersloh,51.90202180973097,8.410654338811547,ogc-api-nrw
157107,"Rietberg, FÖ LE, ES Martinschule",Förderschule,"Lange Str., Lange Str. 173",33397,Rietberg,51.835171195535075,8.441889598649047,ogc-api-nrw
157120,"Bochum, FÖ LE Else-Hirsch-Schule",Förderschule,"Hegelstr., Hegelstr. 6",44805,Bochum,51.51869477383611,7.276728516377088,ogc-api-nrw
157200,"Bochum, FÖ KM am Haus Langendreer",Förderschule,"Hauptstr., Hauptstr. 157",44892,Bochum,51.47661314004516,7.325405196102169,ogc-api-nrw
157247,"Castrop-Rauxel, FÖ LE,ES,SQ Luther-King",Förderschule,"Bahnhofstr., Bahnhofstr. 266",44579,Castrop-Rauxel,51.57028646960114,7.307707821462568,ogc-api-nrw
157296,"Dortmund, FÖ LE Paul-Dohrmann-Schule",Förderschule,"Sanderoth, Sanderoth 2-4",44328,Dortmund,51.55534022423606,7.53703336544093,ogc-api-nrw
157326,"Dortmund, FÖ LE, ES Kielhornschule",Förderschule,"Flurstr., Flurstr. 70a",44145,Dortmund,51.5277382895283,7.484966800419006,ogc-api-nrw
157338,"Dortmund, FÖ LE Adolf-Schulte-Schule",Förderschule,"Diakon-Koch-Weg, Diakon-Koch-Weg 3",44287,Dortmund,51.4924881845252,7.5591849807530895,ogc-api-nrw
157351,"Dortmund, FÖ LE, ES Dellwigschule",Förderschule,"Westermannstr., Westermannstr. 21",44388,Dortmund,51.50232753301159,7.337099053857487,ogc-api-nrw
157363,"Dortmund, FÖ LE Wilhelm-Rein-Schule",Förderschule,"Castroper Str., Castroper Str. 121",44357,Dortmund,51.566703480934216,7.369019933234402,ogc-api-nrw
157430,"Bochum, FÖ HK am Leithenhaus",Förderschule,"Hauptstr., Hauptstr. 155",44892,Bochum,51.47583750631689,7.32524640065323,ogc-api-nrw
157442,"Dortmund, FÖ GG Max-Wittmann-Schule",Förderschule,"Oberevinger Str., Oberevinger Str. 155",44339,Dortmund,51.54511353652774,7.479558350794477,ogc-api-nrw
157454,"Dortmund, FÖ SE Martin-Bartels-Schule",Förderschule,"Marsbruchstr., Marsbruchstr. 178",44287,Dortmund,51.503206853471205,7.54387636057382,ogc-api-nrw
157466,"Dortmund, FÖ KM am Marsbruch",Förderschule,"Marsbruchstr., Marsbruchstr. 176",44287,Dortmund,51.50374750826919,7.545415276211864,ogc-api-nrw
157491,"Hagen, FÖ LE Fritz-Reuter-Schule",Förderschule,"Kapellenstr., Kapellenstr. 75",58099,Hagen,51.381855210515106,7.465100641790185,ogc-api-nrw
157510,"Hagen, FÖ LE Friedrich-von-Bodelschwingh",Förderschule,"Eugen-Richter-Str., Eugen-Richter-Str. 77-79",58089,Hagen,51.34842612373212,7.451857849394829,ogc-api-nrw
157533,"Hamm, KR Klinikschule im Heithof",Förderschule,"Heithofer Allee, Heithofer Allee 64",59071,Hamm,51.685828247196675,7.86395070221202,ogc-api-nrw
157648,"Herne, FÖ ES, Klinikschule a.d Dorneburg",Förderschule,"Königstr., Königstr. 72",44651,Herne,51.5209047576266,7.180138519223898,ogc-api-nrw
157650,"Herne, FÖ GG Forellstraße",Förderschule,"Forellstr., Forellstr. 101-113",44629,Herne,51.55398078276803,7.200600630115227,ogc-api-nrw
157727,"Witten, FÖ LE, ES, SQ Pestalozzischule",Förderschule,"Beek, Beek 2a",58452,Witten,51.4354940515856,7.343426494449011,ogc-api-nrw
157818,"Arnsberg, FÖ ES, LE, SQ Fröbelschule",Förderschule,"Neuer Schulweg, Neuer Schulweg 11",59821,Arnsberg,51.40892819882114,8.06229031472285,ogc-api-nrw
157855,"Warstein, FÖ LE Grimmeschule",Förderschule,"Mönchlandstr., Mönchlandstr. 13",59581,Warstein,51.443535122144155,8.34827040174511,ogc-api-nrw
157867,"Brilon, FÖ ES Hans-Zulliger-Schule",Förderschule,"Drübelweg, Drübelweg 15",59929,Brilon,51.39188475505891,8.57530328848864,ogc-api-nrw
157892,"Olsberg, FÖ KM Schule an der Ruhraue",Förderschule,"Stadionstr., Stadionstr. 5",59939,Olsberg,51.35930030965819,8.471964844667417,ogc-api-nrw
157922,"Marsberg, KR Klinikschule am Bomberg",Förderschule,"Bredelarer Str., Bredelarer Str. 33",34431,Marsberg,51.45746835235826,8.841574177441462,ogc-api-nrw
157934,"Ennepetal, FÖ ES LE Loher-Nocken-Schule",Förderschule,"Lohernockenstr., Lohernockenstr. 47",58256,Ennepetal,51.30326178853309,7.383110981006972,ogc-api-nrw
157958,"Gevelsberg, FÖ LE, SQ, ES Fer.-Hasencl.",Förderschule,"Am Hofe, Am Hofe 12",58285,Gevelsberg,51.32376963617697,7.316410917171435,ogc-api-nrw
158010,"Sprockhövel, FÖ GG Schule Hiddinghausen",Förderschule,"Langenbruchstr., Langenbruchstr. 4",45549,Sprockhövel,51.356138858845554,7.288150494488042,ogc-api-nrw
158021,"Wetter, FÖ KM Oberlinschule",Förderschule,"Hartmannstr., Hartmannstr. 18-20",58300,Wetter (Ruhr),51.37000674976527,7.378605640497234,ogc-api-nrw
158070,"Iserlohn, FÖ LE Brabeckschule",Förderschule,"Im Nordfeld, Im Nordfeld 8",58642,Iserlohn,51.36958500163148,7.60574384207619,ogc-api-nrw
158136,"Lippstadt, FÖ LE Im Grünen Winkel",Förderschule,"Johannes-Westermann-Platz, Johannes-Westermann-Platz 8",59555,Lippstadt,51.67724745869617,8.34797270016041,ogc-api-nrw
158215,"Lennestadt, FÖ LE Janusz-Korczak-Schule",Förderschule,"Hangstr., Hangstr. 11",57368,Lennestadt,51.13849933101543,8.018178492250609,ogc-api-nrw
158276,"Siegen, FÖ LE, ES Pestalozzischule",Förderschule,"Westerwaldstr., Westerwaldstr. 50",57074,Siegen,50.86636316086384,8.045648754001988,ogc-api-nrw
158318,"Kreuztal,FÖ LE,ES,SQ Kindelsberg-Lachsba",Förderschule,"Siepenstr., Siepenstr. 19",57223,Kreuztal,50.96141959549925,8.014439774721858,ogc-api-nrw
158331,"Soest, FÖ SE von-Vincke-Schule",Förderschule,"Hattroper Weg, Hattroper Weg 70",59494,Soest,51.576500825516135,8.08822763465827,ogc-api-nrw
158355,"Soest, FÖ GG Bodelschwingh-Schule",Förderschule,"Vor dem Schültingertor, Vor dem Schültingertor 57",59494,Soest,51.583826393496096,8.107753843664748,ogc-api-nrw
158379,"Soest, FÖ LE Clarenbachschule",Förderschule,"Friedrich-Bertram-Weg, Friedrich-Bertram-Weg 8",59494,Soest,51.56329929168707,8.122236382221068,ogc-api-nrw
158410,"Hemer, FÖ KM Felsenmeerschule",Förderschule,"Gustav-Reinhard-Str., Gustav-Reinhard-Str. 1",58675,Hemer,51.38859787480311,7.758706393740197,ogc-api-nrw
158471,"Bergkamen,FÖ GG Fried.-von-Bodelschwingh",Förderschule,"Königslandwehr, Königslandwehr 116",59192,Bergkamen,51.63322482053372,7.6029627469480525,ogc-api-nrw
158550,"Düsseldorf, RS Werner-von-Siemens",Realschule,"Rethelstr., Rethelstr. 13",40237,Düsseldorf,51.23123566535482,6.799203743381671,ogc-api-nrw
158574,"Düsseldorf, RS Florastraße",Realschule,"Florastr., Florastr. 69",40217,Düsseldorf,51.21142040849042,6.771998436370641,ogc-api-nrw
158586,"Düsseldorf,RS Justus-von-Liebig-Realsch.",Realschule,"Ottweilerstr., Ottweilerstr. 20",40476,Düsseldorf,51.2469804509258,6.781428323519065,ogc-api-nrw
158598,"Düsseldorf, RS Anne-Frank",Realschule,"Ackerstr., Ackerstr. 174",40233,Düsseldorf,51.23056283545336,6.808876274727279,ogc-api-nrw
158604,"Düsseldorf, RS Thomas-Edison",Realschule,"Schlüterstr., Schlüterstr. 18-20",40235,Düsseldorf,51.23182613489718,6.821622725821976,ogc-api-nrw
158616,"Düsseldorf, RS Toni-Turek",Realschule,"Klapheckstr., Klapheckstr. 31",40474,Düsseldorf,51.25899683084985,6.757887468479793,ogc-api-nrw
158630,"Düsseldorf, RS Freiherr-vom-Stein",Realschule,"Färberstr., Färberstr. 40",40223,Düsseldorf,51.20925604209459,6.787322940711405,ogc-api-nrw
158641,"Düsseldorf, RS Benrath",Realschule,"Marbacher Str., Marbacher Str.  114",40597,Düsseldorf,51.16462332904295,6.8584771492640995,ogc-api-nrw
158665,"Düsseldorf, RS Friedrichstadt",Realschule,"Luisenstr., Luisenstr. 73",40215,Düsseldorf,51.21700527069239,6.7847746259659365,ogc-api-nrw
158689,"Düsseldorf, RS Theodor-Litt",Realschule,"Theodor-Litt-Str., Theodor-Litt-Str. 5",40593,Düsseldorf,51.15091031863267,6.88776880120947,ogc-api-nrw
158690,"Düsseldorf, RS Benzenberg",Realschule,"Siegburger Str., Siegburger Str. 38",40591,Düsseldorf,51.20314280426342,6.811351984673016,ogc-api-nrw
158707,"Duisburg, RS Karl-Lehr",Realschule,"Wacholderstr., Wacholderstr. 12",47055,Duisburg,51.405129984408454,6.767194907546735,ogc-api-nrw
158719,"Duisburg, RS Gustav-Stresemann-Realsch.",Realschule,"Weststr., Weststr. 40-42",47139,Duisburg,51.47757274753459,6.731671069496022,ogc-api-nrw
158744,"Duisburg, RS Gustav-Heinemann-Schule",Realschule,"Landgerichtsstr., Landgerichtsstr. 17",47051,Duisburg,51.434253201776556,6.768753134894071,ogc-api-nrw
158781,"Essen, RS Albert-Einstein",Realschule,"Ardeyplatz, Ardeyplatz 1",45134,Essen,51.424970708385835,7.044536337192679,ogc-api-nrw
158811,"Essen, RS Gertrud-Bäumer",Realschule,"Grünstr., Grünstr. 54",45326,Essen,51.49257343845815,7.006248398520402,ogc-api-nrw
158823,"Essen, RS Elsa-Brändström",Realschule,"Bergerhauser Str., Bergerhauser Str. 13",45136,Essen,51.44310239933421,7.038725092099966,ogc-api-nrw
158835,"Essen, RS Franz-Dinnendahl-Realschule",Realschule,"Schönscheidtstr., Schönscheidtstr. 174",45307,Essen,51.45536083404326,7.068571744939085,ogc-api-nrw
158847,"Essen, RS Schloß Borbeck",Realschule,"Schloßstr., Schloßstr. 121",45355,Essen,51.46981446646317,6.940832365343225,ogc-api-nrw
158859,"Essen, RS Geschwister-Scholl",Realschule,"Hülsmannstr., Hülsmannstr. 46",45355,Essen,51.47823684357265,6.95034700302987,ogc-api-nrw
158872,"Essen, RS Helmut-Rahn-Realschule",Realschule,"Mülheimer Str., Mülheimer Str. 126",45145,Essen,51.44352803683037,6.96919956268565,ogc-api-nrw
158884,"Essen, RS Helene-Lange",Realschule,"Joseph-Boismard-Weg, Joseph-Boismard-Weg 10",45276,Essen,51.4450552825822,7.072964235074974,ogc-api-nrw
158896,"Essen, RS Bertha-Krupp",Realschule,"Kerckhoffstr., Kerckhoffstr. 43",45144,Essen,51.45217368333185,6.9850229431106,ogc-api-nrw
158902,"Essen, RS Bertha-von-Suttner",Realschule,"Karolinenstr., Karolinenstr. 1-3",45130,Essen,51.43705204152409,7.019588400293261,ogc-api-nrw
158940,"Essen, RS Theodor Goldschmidt mit Aufbau",Realschule,"Frillendorfer Str., Frillendorfer Str. 42",45139,Essen,51.45882782192387,7.029413636453872,ogc-api-nrw
158975,"Krefeld, RS Horkesgath",Realschule,"Horkesgath, Horkesgath 33",47803,Krefeld,51.33699711577435,6.529077020757891,ogc-api-nrw
158999,"Krefeld, RS Freiherr-vom-Stein",Realschule,"Von-Ketteler-Str., Von-Ketteler-Str. 31",47807,Krefeld,51.312854283201276,6.582755021858973,ogc-api-nrw
159001,"Krefeld, RS Albert-Schweitzer-Schule",Realschule,"Lewerentzstr., Lewerentzstr. 136",47798,Krefeld,51.32553796722884,6.5573117419939315,ogc-api-nrw
159037,"Leverkusen, RS Montanus",Realschule,"Steinbücheler Str., Steinbücheler Str. 50",51377,Leverkusen,51.04839378060024,7.061682745742564,ogc-api-nrw
159049,"Leverkusen, RS Am Stadtpark",Realschule,"Am Stadtpark, Am Stadtpark 23",51373,Leverkusen,51.033536955115636,6.995622217628102,ogc-api-nrw
159050,"Mönchengladbach, RS Volksgarten",Realschule,"Luise-Vollmar-Str., Luise-Vollmar-Str. 25",41065,Mönchengladbach,51.18914998515414,6.453369200506592,ogc-api-nrw
159062,"Mönchengladbach, RS Geschwister-Scholl",Realschule,"Aachener Str., Aachener Str. 179",41061,Mönchengladbach,51.19023963658278,6.422235919831677,ogc-api-nrw
159086,"Mülheim an der Ruhr, RS Stadtmitte",Realschule,"Oberstr., Oberstr. 92-94",45468,Mülheim an der Ruhr,51.42548626272542,6.895210978424456,ogc-api-nrw
159098,"Mülheim an der Ruhr, RS Broich",Realschule,"Holzstr., Holzstr. 80",45479,Mülheim an der Ruhr,51.42045085004806,6.863452941446317,ogc-api-nrw
159104,"Mülheim an der Ruhr,RS Mellinghofer Str.",Realschule,"Mellinghofer Str., Mellinghofer Str. 56",45473,Mülheim an der Ruhr,51.441310824542036,6.888022114956659,ogc-api-nrw
159141,"Oberhausen, RS Anne-Frank",Realschule,"Goebenstr., Goebenstr. 140",46045,Oberhausen,51.46672381651948,6.851313560213969,ogc-api-nrw
159165,"Oberhausen, RS Friedrich-Ebert-Schule",Realschule,"Potsdamer Str., Potsdamer Str. 2",46145,Oberhausen,51.52433995385419,6.839403950180678,ogc-api-nrw
159177,"Oberhausen, RS Theodor-Heuss",Realschule,"Tackenbergstr., Tackenbergstr. 139",46119,Oberhausen,51.526111330671114,6.872839806619137,ogc-api-nrw
159189,"Remscheid, RS Alexander-von-Humboldt",Realschule,"Grunerstr., Grunerstr. 12",42857,Remscheid,51.181392852194016,7.170849751622643,ogc-api-nrw
159190,"Remscheid, RS Albert-Schweitzer",Realschule,"Hackenberger Str., Hackenberger Str. 105",42897,Remscheid,51.19885236138887,7.277126152655443,ogc-api-nrw
159207,"Mönchengladbach, RS an der Niers",Realschule,"Giesenkirchener Str., Giesenkirchener Str. 8",41238,Mönchengladbach,51.15152372157158,6.456085585913005,ogc-api-nrw
159220,"Solingen, RS Albert-Schweitzer-Schule",Realschule,"Kornstr., Kornstr. 6",42719,Solingen,51.174870266431824,7.0247217065655,ogc-api-nrw
159232,"Solingen, RS Theodor-Heuss",Realschule,"Felder Str., Felder Str. 35-37",42651,Solingen,51.16686416444486,7.092866200176072,ogc-api-nrw
159244,"Solingen, RS Vogelsang",Realschule,"Vogelsang, Vogelsang 33",42653,Solingen,51.186274330583934,7.062385452956127,ogc-api-nrw
159256,"Wuppertal, RS Hohenstein",Realschule,"Hohenstein, Hohenstein 123",42283,Wuppertal,51.27060792478045,7.191307731739525,ogc-api-nrw
159270,"Wuppertal, RS Neue Friedrichstr.",Realschule,"Neue Friedrichstr., Neue Friedrichstr. 19",42105,Wuppertal,51.264023835172736,7.146398978158729,ogc-api-nrw
159281,"Wuppertal, RS Leimbacher Straße",Realschule,"Leimbacher Str., Leimbacher Str. 4",42281,Wuppertal,51.273885419939965,7.193315266174233,ogc-api-nrw
159293,"Wuppertal, RS Hermann-von-Helmholtz",Realschule,"Helmholtzstr., Helmholtzstr. 40",42105,Wuppertal,51.265441897409424,7.142815568781061,ogc-api-nrw
159300,"Wuppertal, RS Vohwinkel",Realschule,"Yorckstr., Yorckstr. 28",42329,Wuppertal,51.23359559890086,7.082501281693192,ogc-api-nrw
159311,"Wuppertal, RS Friedrich-Bayer",Realschule,"Jung-Stilling-Weg, Jung-Stilling-Weg 45",42349,Wuppertal,51.23087462517532,7.141830051217795,ogc-api-nrw
159335,"Dinslaken, RS Gustav-Heinemann",Realschule,"Am Stadtbad, Am Stadtbad 9",46537,Dinslaken,51.5771142059527,6.735131550664761,ogc-api-nrw
159372,"Heiligenhaus, RS Nordring",Realschule,"Feldstr., Feldstr. 2",42579,Heiligenhaus,51.33086517613135,6.972502808351337,ogc-api-nrw
159384,"Hilden, RS Theresienschule",Realschule,"Gerresheimer Str., Gerresheimer Str. 53",40721,Hilden,51.17224181449274,6.927409412214862,ogc-api-nrw
159414,"Mettmann, RS Carl-Fuhlrott-Realschule",Realschule,"Goethestr., Goethestr. 33",40822,Mettmann,51.25603793718543,6.96920435348041,ogc-api-nrw
159438,"Ratingen, RS Friedrich-Ebert-Schule",Realschule,"Philippstr., Philippstr. 30",40878,Ratingen,51.29764486364031,6.842736966054046,ogc-api-nrw
159440,"Ratingen, RS Erzbischhöfl. Liebfrauen",Realschule,"Schwarzbachstr., Schwarzbachstr. 17",40878,Ratingen,51.29369172545347,6.857151671754619,ogc-api-nrw
159463,"Velbert, RS Kastanienallee",Realschule,"Kastanienallee, Kastanienallee 32",42549,Velbert,51.33416851563036,7.044584293005084,ogc-api-nrw
159487,"Erkrath, RS Karlstr.",Realschule,"Karlstr., Karlstr. 7-9",40699,Erkrath,51.227069615842105,6.90891896414471,ogc-api-nrw
159505,"Geldern, RS Liebfrauenschule",Realschule,"Weseler Str., Weseler Str. 17",47608,Geldern,51.520925922541046,6.335205079145209,ogc-api-nrw
159529,"Grevenbroich, RS Diedrich-Uhlhorn",Realschule,"Heyerweg, Heyerweg 12",41516,Grevenbroich,51.10167111867705,6.6227756144777175,ogc-api-nrw
159554,"Kaarst, RS Halestr.",Realschule,"Halestr., Halestr. 5",41564,Kaarst,51.23282929887511,6.621019326996904,ogc-api-nrw
159566,"Mönchengladbach, RS Wickrath",Realschule,"Kreuzhütte, Kreuzhütte 24",41189,Mönchengladbach,51.12675282463768,6.407335492401838,ogc-api-nrw
159580,"Dormagen, RS Hackenbroich",Realschule,"Dr.-Geldmacher-Str., Dr.-Geldmacher-Str. 1",41540,Dormagen,51.07550648350119,6.810014782372144,ogc-api-nrw
159591,"Meerbusch, RS Osterath",Realschule,"Görresstr., Görresstr. 6",40670,Meerbusch,51.27186711600702,6.616393389296768,ogc-api-nrw
159633,"Nettetal, RS Kornblumenweg",Realschule,"Kornblumenweg, Kornblumenweg 1",41334,Nettetal,51.31773343418251,6.188732659277282,ogc-api-nrw
159645,"Schwalmtal, RS Janusz-Korczak",Realschule,"Turmstr., Turmstr. 6",41366,Schwalmtal,51.21693910276866,6.2810537871652325,ogc-api-nrw
159669,"Viersen, RS Johannes-Kepler-Schule",Realschule,"Friedensstr., Friedensstr. 53",41749,Viersen,51.28735116020009,6.375003277033264,ogc-api-nrw
159670,"Viersen, RS An der Josefskirche",Realschule,"Josefsring, Josefsring 20",41747,Viersen,51.25020418429717,6.396682891878092,ogc-api-nrw
159694,"Goch, RS Leni-Valk",Realschule,"Leni-Valk-Str., Leni-Valk-Str. 37",47574,Goch,51.68120943236097,6.147888553329687,ogc-api-nrw
159748,"Xanten, RS Marienschule",Realschule,"Klever Str., Klever Str. 9",46509,Xanten,51.66203146847728,6.451514730287604,ogc-api-nrw
159773,"Moers, RS Heinrich-Pattberg-Schule",Realschule,"Uerdinger Str., Uerdinger Str. 74",47441,Moers,51.44623908605546,6.63518453155297,ogc-api-nrw
159815,"Rees, RS Westring",Realschule,"Westring, Westring 4",46459,Rees,51.76002658592326,6.39220144656389,ogc-api-nrw
159839,"Wesel, RS Konrad-Duden-Realschule",Realschule,"Barthel-Bruyn-Weg, Barthel-Bruyn-Weg 50",46483,Wesel,51.68058810934251,6.601926688398369,ogc-api-nrw
159852,"Hückeswagen, RS Kölner Str.",Realschule,"Kölner Str., Kölner Str. 57",42499,Hückeswagen,51.14517486473729,7.332497126304714,ogc-api-nrw
159876,"Langenfeld, RS Kopernikus-Realschule",Realschule,"Immigrather Str., Immigrather Str. 61",40764,Langenfeld (Rheinland),51.1199205498698,6.953616636865179,ogc-api-nrw
159918,"Leverkusen, RS Theodor-Heuss",Realschule,"Wiembachallee, Wiembachallee 42",51379,Leverkusen,51.07379783196628,7.004361097482684,ogc-api-nrw
159955,"Bonn, RS Margot-Barnard-Realschule",Realschule,"Rene-Schickele-Str., Rene-Schickele-Str. 4",53123,Bonn,50.71378942560403,7.037400460534595,ogc-api-nrw
159967,"Bonn, RS Beuel",Realschule,"Adelheidisstr., Adelheidisstr. 56",53225,Bonn,50.75003992416882,7.126247088078286,ogc-api-nrw
159980,"Bonn, RS Emilie-Heyermann-Schule",Realschule,"Robert-Koch-Str., Robert-Koch-Str. 36",53115,Bonn,50.71690159934298,7.089928280604311,ogc-api-nrw
159992,"Bonn, RS Freiherr-vom-Stein-Schule",Realschule,"Hirschberger Str., Hirschberger Str. 3",53119,Bonn,50.750939540746565,7.043587586838738,ogc-api-nrw
160027,"Bonn, RS Gertrud-Bäumer-Schule",Realschule,"Zeppelinstr., Zeppelinstr. 9-17",53177,Bonn,50.67901135158108,7.163290886488723,ogc-api-nrw
160064,"Köln, RS Henry-Ford-Realschule",Realschule,"Karl-Marx-Allee, Karl-Marx-Allee 43",50769,Köln,51.02056435964252,6.909712948975446,ogc-api-nrw
160076,"Köln, RS Geschwister-Scholl",Realschule,"Gravenreuthstr., Gravenreuthstr. 10",50823,Köln,50.952767410256385,6.921186182048977,ogc-api-nrw
160090,"Köln, RS Ferdinand-Lassalle-Realschule",Realschule,"Lassallestr., Lassallestr. 59",51065,Köln,50.958634661554974,7.008046921659475,ogc-api-nrw
160106,"Köln, RS Elly-Heuss-Knapp-Realschule",Realschule,"Jan-Wellem-Str., Jan-Wellem-Str. 25",51065,Köln,50.95883796871322,7.006785073733726,ogc-api-nrw
160118,"Köln, RS Im Hasental",Realschule,"Im Hasental, Im Hasental 41",50679,Köln,50.929206918694696,6.980286875095406,ogc-api-nrw
160120,"Köln, RS Edith-Stein",Realschule,"Henner-Berzau-Weg, Henner-Berzau-Weg 5",50733,Köln,50.97118148245978,6.9570714090329195,ogc-api-nrw
160131,"Köln, RS Peter-Ustinov-Schule",Realschule,"Neusser Str., Neusser Str. 421",50733,Köln,50.97151434741605,6.951430286290617,ogc-api-nrw
160155,"Köln, RS Ursulinenschule",Realschule,"Machabäerstr., Machabäerstr. 47",50668,Köln,50.94635168575671,6.96026737228645,ogc-api-nrw
160179,"Köln, RS Theodor-Heuss-Schule",Realschule,"Euskirchener Str., Euskirchener Str. 50",50935,Köln,50.917721490181776,6.915805455954604,ogc-api-nrw
160180,"Köln, RS Johann-Bendel-Schule",Realschule,"Danzierstr., Danzierstr. 146a",51063,Köln,50.95901757941805,7.001508429505706,ogc-api-nrw
160192,"Köln, RS Albert-Schweitzer-Schule",Realschule,"Hardtgenbuscher Kirchweg, Hardtgenbuscher Kirchweg 100",51107,Köln,50.92754357202017,7.047983626090151,ogc-api-nrw
160209,"Köln, RS Käthe-Kollwitz-Schule",Realschule,"Petersenstr., Petersenstr. 7",51109,Köln,50.94601381912631,7.076536787533481,ogc-api-nrw
160210,"Köln, RS Bertha-von-Suttner-Schule",Realschule,"Kolkrabenweg, Kolkrabenweg 65",50829,Köln,50.963011431927214,6.877205801108642,ogc-api-nrw
160222,"Köln, RS Eichendorff-Schule",Realschule,"Dechenstr., Dechenstr. 1",50825,Köln,50.95906558015468,6.915778432212118,ogc-api-nrw
160260,"Köln, RS am Rhein",Realschule,"Gereonswall, Gereonswall 57b",50670,Köln,50.9457044490044,6.948991973007556,ogc-api-nrw
160271,"Bedburg, RS Goethestraße",Realschule,"Goethestr., Goethestr. 1",50181,Bedburg,50.98772882156382,6.563594983600556,ogc-api-nrw
160283,"Bergheim, RS Geschwister-Scholl",Realschule,"Chaunyring, Chaunyring 11-13",50126,Bergheim,50.95027994016409,6.63680414880927,ogc-api-nrw
160295,"Bergheim, RS Albert-Einstein-Realschule",Realschule,"Brieystr., Brieystr. 28",50129,Bergheim,50.97853684939592,6.674748246620231,ogc-api-nrw
160301,"Kerpen, RS Mater Salvatoris",Realschule,"Theresia-von-Wüllenweber-Str., Theresia-von-Wüllenweber-Str. 28",50169,Kerpen,50.91228032217609,6.72049125659174,ogc-api-nrw
160313,"Kerpen, RS Horrem-Sindorf",Realschule,"Bruchhöhe, Bruchhöhe 27",50170,Kerpen,50.911619088422064,6.69051986211733,ogc-api-nrw
160337,"Erftstadt, RS Gottfried-Kinkel",Realschule,"Jahnstr., Jahnstr. 1",50374,Erftstadt,50.81252483915594,6.819189599672934,ogc-api-nrw
160350,"Euskirchen, RS Kaplan-Kellermann-Schule",Realschule,"Stettiner Str., Stettiner Str. 31",53879,Euskirchen,50.66628358463082,6.77330057386763,ogc-api-nrw
160386,"Schleiden, RS Ruppenberg",Realschule,"Ruppenberg, Ruppenberg 9",53937,Schleiden,50.527474129252106,6.478424944667921,ogc-api-nrw
160398,"Brühl, RS Elisabeth-von-Thüringen-Schule",Realschule,"Richard-Bertram-Str., Richard-Bertram-Str. 19",50321,Brühl,50.832192456942266,6.898926126001664,ogc-api-nrw
160404,"Brühl, RS Erich Kästner-Realschule",Realschule,"Römerstr., Römerstr. 294",50321,Brühl,50.831905794160704,6.896993345554621,ogc-api-nrw
160416,"Frechen, RS Allee zum Sportpark",Realschule,"Allee zum Sportpark, Allee zum Sportpark 3",50226,Frechen,50.91268967418377,6.802317597349006,ogc-api-nrw
160428,"Hürth, RS Friedrich-Ebert",Realschule,"Krankenhausstr., Krankenhausstr. 91",50354,Hürth,50.88792138864917,6.8890963943082335,ogc-api-nrw
160430,"Köln, RS Johann-Gutenberg-Schule",Realschule,"Kuckucksweg, Kuckucksweg 4",50997,Köln,50.851740428873605,6.971828902233089,ogc-api-nrw
160441,"Wesseling, RS Albert-Einstein",Realschule,"Schwarzdornweg, Schwarzdornweg",50389,Wesseling,50.824678080017605,6.971326532059262,ogc-api-nrw
160453,"Pulheim, RS Marion-Doenhoff-Realschule",Realschule,"Hackenbroicher Str., Hackenbroicher Str. 66",50259,Pulheim,51.00468508209815,6.798313781910059,ogc-api-nrw
160465,"Bergneustadt, RS Breiter Weg",Realschule,"Breiter Weg, Breiter Weg 8",51702,Bergneustadt,51.02806067664193,7.657429585789732,ogc-api-nrw
160477,"Gummersbach, RS Am Hepel",Realschule,"Am Hepel, Am Hepel 51",51643,Gummersbach,51.0289892602345,7.574860437738629,ogc-api-nrw
160519,"Waldbröl, RS Bohlenhagener Str.",Realschule,"Bohlenhagener Str., Bohlenhagener Str. 2",51545,Waldbröl,50.87510770630004,7.603140536426352,ogc-api-nrw
160532,"Bergisch Gladbach, RS Otto-Hahn",Realschule,"Saaler Mühle, Saaler Mühle 8",51429,Bergisch Gladbach,50.962901935783805,7.136878068160569,ogc-api-nrw
160544,"Bergisch Gladbach, RS Johannes-Gutenberg",Realschule,"Kaule, Kaule 19-21",51429,Bergisch Gladbach,50.96067997247172,7.154967193672829,ogc-api-nrw
160556,"Bergisch Gladbach, RS im Kleefeld",Realschule,"Im Kleefeld, Im Kleefeld 19",51467,Bergisch Gladbach,51.00098765817298,7.1227243805703875,ogc-api-nrw
160568,"Köln, RS Wilhelm-Busch-Realschule",Realschule,"Heerstr., Heerstr. 7",51143,Köln,50.866824321400514,7.054287608606344,ogc-api-nrw
160570,"Köln, RS Max-Planck",Realschule,"Planckstr., Planckstr. 14",51145,Köln,50.88717443427436,7.068198393680153,ogc-api-nrw
160581,"Köln, RS Otto-Lilienthal-Schule",Realschule,"Albert-Schweitzer-Str., Albert-Schweitzer-Str. 8",51147,Köln,50.86425724031799,7.088331307824346,ogc-api-nrw
160593,"Wipperfürth, RS Hermann-Voss-Realschule",Realschule,"Am Mühlenberg, Am Mühlenberg 2",51688,Wipperfürth,51.11630628612852,7.401991285220778,ogc-api-nrw
160600,"Lindlar, RS Schulzentrum",Realschule,"Wilhelm-Breidenbach-Weg, Wilhelm-Breidenbach-Weg 8",51789,Lindlar,51.01511725597537,7.372795432024087,ogc-api-nrw
160635,"Bornheim, RS Ursulinenschule Hersel",Realschule,"Rheinstr., Rheinstr. 182",53332,Bornheim,50.7732327483791,7.047182057898891,ogc-api-nrw
160714,"Siegburg, RS Alexander-von-Humboldt",Realschule,"Zeithstr., Zeithstr. 72",53721,Siegburg,50.799362538671524,7.216335113293977,ogc-api-nrw
160738,"Troisdorf, RS Heimbachstr.",Realschule,"Heimbachstr., Heimbachstr. 10",53840,Troisdorf,50.815797746842186,7.166120692477014,ogc-api-nrw
160787,"Aachen, RS Hugo-Junkers-Realschule",Realschule,"Bischofstr., Bischofstr. 21",52068,Aachen,50.77820621870118,6.106455671028552,ogc-api-nrw
160805,"Aachen, RS Luise-Hensel",Realschule,"Im Gillesbachtal, Im Gillesbachtal 35",52066,Aachen,50.76440233002441,6.101535333909941,ogc-api-nrw
160829,"Alsdorf, RS im KuBiZ",Realschule,"Konrad-Adenauer-Allee, Konrad-Adenauer-Allee 3",52477,Alsdorf,50.874065789787245,6.148414159025251,ogc-api-nrw
160830,"Baesweiler, RS Setterich",Realschule,"Am Weiher, Am Weiher",52499,Baesweiler,50.921649215750826,6.209058841233433,ogc-api-nrw
160842,"Eschweiler, RS Patternhof",Realschule,"Indestr., Indestr. 20a",52249,Eschweiler,50.81664376001905,6.276792722445519,ogc-api-nrw
160891,"Monschau, RS St.Ursula",Realschule,"Burgau, Burgau 5",52156,Monschau,50.55184623297481,6.2381117289719565,ogc-api-nrw
160933,"Düren, RS Bischöfl. St. Angela-Schule",Realschule,"Bismarckstr., Bismarckstr. 24",52351,Düren,50.80638201155243,6.489238549946499,ogc-api-nrw
160945,"Düren, RS Bretzelnweg",Realschule,"Bretzelnweg, Bretzelnweg 95",52353,Düren,50.81495989297801,6.472451192059836,ogc-api-nrw
160957,"Düren, RS Wernersstraße",Realschule,"Wernersstr., Wernersstr. 4-6",52351,Düren,50.80263727326645,6.489098716304019,ogc-api-nrw
160994,"Erkelenz, RS Europaschule",Realschule,"Schulring, Schulring 2",41812,Erkelenz,51.08185575048465,6.309191261954892,ogc-api-nrw
161019,"Geilenkirchen, RS Gillesweg",Realschule,"Gillesweg, Gillesweg 1",52511,Geilenkirchen,50.967128559170646,6.125009201355293,ogc-api-nrw
161032,"Heinsberg, RS Im Klevchen",Realschule,"Schafhausener Str., Schafhausener Str. 41",52525,Heinsberg,51.057776407677686,6.103808670616546,ogc-api-nrw
161044,"Hückelhoven, RS Schulzentrum Ratheim",Realschule,"Heerstr., Heerstr. 59",41836,Hückelhoven,51.06818480484467,6.184430939262492,ogc-api-nrw
161068,"Wegberg, RS Edith-Stein",Realschule,"Maaseiker Str., Maaseiker Str. 57",41844,Wegberg,51.13603552812106,6.280321813167329,ogc-api-nrw
161070,"Bocholt, RS Albert-Schweitzer-Schule",Realschule,"Herzogstr., Herzogstr. 14",46399,Bocholt,51.843165003495905,6.612458030494375,ogc-api-nrw
161081,"Bocholt, RS Israhel-van-Meckenem",Realschule,"Münsterstr., Münsterstr. 91",46397,Bocholt,51.83807512315253,6.631585200036097,ogc-api-nrw
161093,"Bottrop, RS Gustav-Heinemann",Realschule,"Paßstr., Paßstr. 12",46236,Bottrop,51.52262585033863,6.931876767631762,ogc-api-nrw
161100,"Bottrop, RS Marie-Curie",Realschule,"Friedrich-Ebert-Str., Friedrich-Ebert-Str. 120-124",46236,Bottrop,51.52110181501857,6.932147643685808,ogc-api-nrw
161111,"Gelsenkirchen, RS Gertrud-Bäumer",Realschule,"Rotthauser Str., Rotthauser Str. 2-4",45879,Gelsenkirchen,51.50708390468675,7.094154166430857,ogc-api-nrw
161123,"Gelsenkirchen, RS Mühlenstr.",Realschule,"Mühlenstr., Mühlenstr. 15",45894,Gelsenkirchen,51.58395808876721,7.048976224531112,ogc-api-nrw
161160,"Gelsenkirchen, RS Lessing",Realschule,"Grenzstr., Grenzstr. 3",45881,Gelsenkirchen,51.517115863831094,7.087277991473256,ogc-api-nrw
161196,"Gladbeck, RS Anne-Frank",Realschule,"Kortestr., Kortestr. 13",45964,Gladbeck,51.5692677304101,6.982215272598426,ogc-api-nrw
161202,"Gladbeck, RS Werner-von-Siemens",Realschule,"Kortestr., Kortestr. 10",45964,Gladbeck,51.57008068992836,6.982424590921426,ogc-api-nrw
161214,"Münster, RS Erich-Klausener-Schule",Realschule,"Bismarckallee, Bismarckallee 55",48151,Münster,51.952107755925454,7.6092987677809045,ogc-api-nrw
161226,"Münster, RS Erna-de-Vries",Realschule,"Spichernstr., Spichernstr. 17",48153,Münster,51.93476441452609,7.62320325680638,ogc-api-nrw
161240,"Münster, RS im Kreuzviertel",Realschule,"Finkenstr., Finkenstr. 76",48147,Münster,51.97380886595891,7.620361495833676,ogc-api-nrw
161275,"Recklinghausen, RS Otto-Burrmeister",Realschule,"Maybachstr., Maybachstr. 70",45659,Recklinghausen,51.59433499104587,7.21383387452401,ogc-api-nrw
161299,"Recklinghausen, RS Maristenschule",Realschule,"Hertener Str., Hertener Str. 60",45657,Recklinghausen,51.61017500036798,7.1859580688790095,ogc-api-nrw
161305,"Recklinghausen, RS Dietrich-Bonhoeffer",Realschule,"Hunsrückstr., Hunsrückstr. 15",45665,Recklinghausen,51.614878271766976,7.207625123675045,ogc-api-nrw
161317,"Gronau, RS Fridtjof-Nansen",Realschule,"Eschweg, Eschweg 7",48599,Gronau (Westf.),52.205154041620354,7.025958926489286,ogc-api-nrw
161329,"Stadtlohn, RS Herta-Lebenstein",Realschule,"Burgstr., Burgstr. 38-42",48703,Stadtlohn,51.99488947036719,6.921337760949312,ogc-api-nrw
161330,"Stadtlohn, RS St.-Anna",Realschule,"Klosterstr., Klosterstr. 38",48703,Stadtlohn,51.991044126839135,6.92153045845034,ogc-api-nrw
161380,"Hamm, RS Heessen",Realschule,"Jahnstr., Jahnstr. 23",59073,Hamm,51.70607944998632,7.835641584153,ogc-api-nrw
161421,"Sendenhorst, RS St. Martin",Realschule,"Auf der Geist, Auf der Geist 7",48324,Sendenhorst,51.845459283989776,7.818402246499266,ogc-api-nrw
161433,"Borken, RS Schönstätter Marienschule",Realschule,"Jahnstr., Jahnstr. 11",46325,Borken,51.84837675132864,6.851896441913984,ogc-api-nrw
161470,"Coesfeld, RS Theodor-Heuss",Realschule,"Holtwicker Str., Holtwicker Str. 4",48653,Coesfeld,51.94971676461032,7.167934899749408,ogc-api-nrw
161482,"Coesfeld, RS Freiherr-vom-Stein",Realschule,"Grimpingstr., Grimpingstr. 30",48653,Coesfeld,51.93622671686398,7.1730234349130795,ogc-api-nrw
161494,"Dülmen, RS Marienschule",Realschule,"An den Wiesen, An den Wiesen 20",48249,Dülmen,51.8337616855022,7.278601216632001,ogc-api-nrw
161548,"Hamm, RS Bockum-Hövel",Realschule,"Wernerstr., Wernerstr. 9",59075,Hamm,51.69207786685605,7.765077782342405,ogc-api-nrw
161573,"Senden, RS Geschwister-Scholl",Realschule,"Niesweg, Niesweg 3",48308,Senden,51.85608076396869,7.485187357655002,ogc-api-nrw
161603,"Greven, RS Anne-Frank",Realschule,"Im Deipen Brook, Im Deipen Brook 20",48268,Greven,52.09636448906876,7.58929783512031,ogc-api-nrw
161639,"Münster, RS Johannes-Gutenberg",Realschule,"Am Klosterwald, Am Klosterwald 30",48165,Münster,51.90223201624888,7.640958049489175,ogc-api-nrw
161664,"Haltern, RS Alexander-Lebenstein",Realschule,"Holtwicker Str., Holtwicker Str. 5",45721,Haltern am See,51.739430842071044,7.182899897870318,ogc-api-nrw
161676,"Herten, RS Erich-Klausener-Schule",Realschule,"Ebbelicher Weg, Ebbelicher Weg 19",45699,Herten,51.60067359366768,7.129486080314781,ogc-api-nrw
161690,"Datteln, RS Wiesenstr.",Realschule,"Wiesenstr., Wiesenstr. 12",45711,Datteln,51.64800020720004,7.330385706579333,ogc-api-nrw
161706,"Oer-Erkenschwick, RS Christoph-Stöver",Realschule,"Christoph-Stöver-Str., Christoph-Stöver-Str. 2",45739,Oer-Erkenschwick,51.638766049300266,7.257438976974916,ogc-api-nrw
161720,"Dorsten, RS St. Ursula",Realschule,"Nonnenkamp, Nonnenkamp 14",46282,Dorsten,51.65334816548911,6.95659427583415,ogc-api-nrw
161755,"Marl, RS Ernst-Immel-Realschule",Realschule,"Droste-Hülshoff-Str., Droste-Hülshoff-Str. 36",45772,Marl,51.662231165226494,7.136466134124878,ogc-api-nrw
161767,"Waltrop, RS Ziegeleistr.",Realschule,"Ziegeleistr., Ziegeleistr. 31",45731,Waltrop,51.62727907664408,7.394660929015417,ogc-api-nrw
161779,"Steinfurt, RS am Buchenberg",Realschule,"Emsdettener Str., Emsdettener Str. 46",48565,Steinfurt,52.13122479437807,7.393277811195937,ogc-api-nrw
161780,"Steinfurt, RS Tecklenburger Str.",Realschule,"Tecklenburger Str., Tecklenburger Str. 46",48565,Steinfurt,52.15187616316456,7.348842606903016,ogc-api-nrw
161792,"Emsdetten, RS Käthe-Kollwitz-Schule",Realschule,"Sträterstr., Sträterstr. 5",48282,Emsdetten,52.1770356534412,7.511747390992732,ogc-api-nrw
161809,"Emsdetten, RS Geschwister-Scholl-Schule",Realschule,"Diemshoff, Diemshoff 116",48282,Emsdetten,52.166182194625556,7.530328509609928,ogc-api-nrw
161810,"Rheine, RS Elsa-Brändström-Schule",Realschule,"Schüttemeyerstr., Schüttemeyerstr. 60",48431,Rheine,52.28476832823046,7.42699080525183,ogc-api-nrw
161846,"Ochtrup, RS Lortzingstr.",Realschule,"Lortzingstr., Lortzingstr. 2",48607,Ochtrup,52.20708046148064,7.198023595964479,ogc-api-nrw
161883,"Mettingen, RS Kardinal-von-Galen-Schule",Realschule,"Große Str., Große Str. 38",49497,Mettingen,52.3211022399977,7.786800859310478,ogc-api-nrw
161895,"Recke, RS Fürstenberg-Schule",Realschule,"Brookweg, Brookweg 7",49509,Recke,52.36860334134883,7.713042124272248,ogc-api-nrw
161913,"Ibbenbüren, RS Roncalli-Schule",Realschule,"Roncallistr., Roncallistr. 9",49477,Ibbenbüren,52.27015628973574,7.727590661090646,ogc-api-nrw
161925,"Ibbenbüren, RS Anne-Frank",Realschule,"Schulstr., Schulstr. 31",49477,Ibbenbüren,52.277840516181485,7.709076937339742,ogc-api-nrw
161949,"Warendorf, RS Johann-Heinrich-Schmülling",Realschule,"Rosenstr., Rosenstr. 16",48231,Warendorf,51.94804486776027,7.9800393665055935,ogc-api-nrw
161974,"Bielefeld, RS Luisenschule",Realschule,"Paulusstr., Paulusstr. 9-11",33602,Bielefeld,52.02731397832133,8.537769149445872,ogc-api-nrw
161986,"Bielefeld, RS Bosseschule",Realschule,"Bossestr., Bossestr. 10",33615,Bielefeld,52.02924850218896,8.517940218367285,ogc-api-nrw
161998,"Bielefeld, RS Gertrud-Bäumer",Realschule,"Stapenhorststr., Stapenhorststr. 100",33615,Bielefeld,52.03101451539519,8.514481119610208,ogc-api-nrw
162012,"Bielefeld, RS Brackwede",Realschule,"Kölner Str., Kölner Str. 40",33647,Bielefeld,51.98454941983663,8.50168891353536,ogc-api-nrw
162024,"Bielefeld, RS Senne",Realschule,"Klashofstr., Klashofstr. 79",33659,Bielefeld,51.960102870853326,8.527923849575588,ogc-api-nrw
162036,"Bielefeld, RS Theodor-Heuss",Realschule,"Wintersheide, Wintersheide 30",33689,Bielefeld,51.942346484406386,8.580439245227097,ogc-api-nrw
162048,"Bielefeld, RS Heepen",Realschule,"Alter Postweg, Alter Postweg 33",33719,Bielefeld,52.02896449718617,8.600662302184604,ogc-api-nrw
162050,"Bielefeld, RS Jöllenbeck",Realschule,"Dörpfeldstr., Dörpfeldstr. 8",33739,Bielefeld,52.097954357990005,8.519433516369428,ogc-api-nrw
162073,"Lichtenau, RS Zur Krulsmühle",Realschule,"Zur Krulsmühle, Zur Krulsmühle 4",33165,Lichtenau,51.62005942403425,8.902658088658347,ogc-api-nrw
162115,"Detmold, RS Heinrich-Drake",Realschule,"Sprottauer Str., Sprottauer Str. 7",32756,Detmold,51.93977008426897,8.856726443734644,ogc-api-nrw
162127,"Detmold, RS I Hornsche Str.",Realschule,"Hornsche Str., Hornsche Str. 50",32756,Detmold,51.93011748063089,8.884754190684179,ogc-api-nrw
162139,"Lage, RS Freiligrath-Schule",Realschule,"Breite Str., Breite Str. 3",32791,Lage,51.984450322161365,8.803317969456243,ogc-api-nrw
162164,"Steinhagen, RS Laukshof",Realschule,"Laukshof, Laukshof 10",33803,Steinhagen,52.001895088418905,8.425134554123721,ogc-api-nrw
162188,"Bünde, RS Nord",Realschule,"Ringstr., Ringstr. 65",32257,Bünde,52.205841359005824,8.557855051461079,ogc-api-nrw
162190,"Herford, RS Geschwister-Scholl-Schule",Realschule,"Wiesestr., Wiesestr. 33a",32052,Herford,52.111812516219075,8.679114648808602,ogc-api-nrw
162206,"Herford, RS Otto-Hahn-Schule",Realschule,"Uhlandstr., Uhlandstr. 16",32051,Herford,52.12151583431682,8.660641197218355,ogc-api-nrw
162218,"Herford, RS Ernst-Barlach-Realschule",Realschule,"Graf-Kanitz-Str., Graf-Kanitz-Str. 11",32049,Herford,52.124409252113594,8.686020988039791,ogc-api-nrw
162220,"Löhne, RS Herforder Straße",Realschule,"Herforder Str., Herforder Str. 27",32584,Löhne,52.18603295852069,8.689829045433514,ogc-api-nrw
162231,"Löhne, RS Goethe",Realschule,"Goethestr., Goethestr. 67",32584,Löhne,52.198396718890486,8.773551281946803,ogc-api-nrw
162292,"Höxter, RS Hoffmann-von-Fallersleben",Realschule,"An der Steinmühle, An der Steinmühle 2",37671,Höxter,51.77482697634928,9.372668250394147,ogc-api-nrw
162309,"Nieheim, RS Peter-Hille-Schule",Realschule,"Zur Warte, Zur Warte 15",33039,Nieheim,51.80140800583514,9.116150063817704,ogc-api-nrw
162310,"Steinheim, RS Jahnstraße",Realschule,"Jahnstr., Jahnstr. 24-26",32839,Steinheim,51.87377076085789,9.082433390121482,ogc-api-nrw
162322,"Lemgo, RS Lemgo",Realschule,"Kleiststr., Kleiststr. 11",32657,Lemgo,52.032509980149285,8.908805723563624,ogc-api-nrw
162334,"Bad Salzuflen,RS Eduard-Hoffmann-Realsch",Realschule,"Wasserfuhr, Wasserfuhr 25e",32108,Bad Salzuflen,52.077181592320095,8.76355699012016,ogc-api-nrw
162425,"Minden, RS Käthe-Kollwitz",Realschule,"Schülerweg, Schülerweg 11",32429,Minden,52.2637027440707,8.875011749496348,ogc-api-nrw
162437,"Minden, RS Freiherr-von-Vincke-Schule",Realschule,"Zähringerallee, Zähringerallee 5",32425,Minden,52.30243139533059,8.881252924619057,ogc-api-nrw
162450,"Porta Westfalica, RS Hausberge",Realschule,"Hoppenstr., Hoppenstr. 46",32457,Porta Westfalica,52.23164823798838,8.924270404377728,ogc-api-nrw
162462,"Bad Oeynhausen, RS Schulzentrum Nord",Realschule,"Im Leingarten, Im Leingarten 29",32549,Bad Oeynhausen,52.21811221940918,8.792567994440603,ogc-api-nrw
162504,"Paderborn, RS St. Michael",Realschule,"Michaelstr., Michaelstr. 17",33098,Paderborn,51.72012329055218,8.753611115123473,ogc-api-nrw
162528,"Hövelhof, RS Franz-Stock-Realschule",Realschule,"Staumühler Str., Staumühler Str. 31",33161,Hövelhof,51.8216665375173,8.667599654665754,ogc-api-nrw
162530,"Paderborn, RS Schloß Neuhaus",Realschule,"Residenzstr., Residenzstr. 2",33104,Paderborn,51.74496297149659,8.71247068600931,ogc-api-nrw
162577,"Gütersloh, RS Elly-Heuss-Knapp",Realschule,"Moltkestr., Moltkestr. 13",33330,Gütersloh,51.90922554220476,8.376106565377343,ogc-api-nrw
162589,"Gütersloh, RS Geschwister-Scholl",Realschule,"Am Anger, Am Anger 54",33332,Gütersloh,51.9009580821914,8.40652588120723,ogc-api-nrw
162607,"Rheda-Wiedenbrück, RS Osterrath",Realschule,"Burgweg, Burgweg 19",33378,Rheda-Wiedenbrück,51.82882784790101,8.315123452844336,ogc-api-nrw
162656,"Bochum, RS Annette-von-Droste-Hülshoff",Realschule,"Lohring, Lohring 22",44789,Bochum,51.4787313547579,7.235607350434959,ogc-api-nrw
162681,"Bochum, RS Hans-Böckler",Realschule,"Querenburger Str., Querenburger Str. 35",44789,Bochum,51.46867651235979,7.230768752497684,ogc-api-nrw
162711,"Bochum, RS Anne-Frank-Realschule",Realschule,"Heinrichstr., Heinrichstr. 2",44805,Bochum,51.51585059937588,7.274111809655254,ogc-api-nrw
162735,"Castrop-Rauxel, RS Fridtjof-Nansen",Realschule,"Lange Str., Lange Str. 18",44579,Castrop-Rauxel,51.58337107861985,7.307120637867652,ogc-api-nrw
162747,"Dortmund, RS Wilhelm-Röntgen",Realschule,"Kreuzstr., Kreuzstr. 159",44137,Dortmund,51.501413172026076,7.443436763507226,ogc-api-nrw
162760,"Dortmund, RS Albrecht-Dürer",Realschule,"Schweizer Allee, Schweizer Allee 25",44287,Dortmund,51.491062134401595,7.559489228099725,ogc-api-nrw
162784,"Dortmund, RS Johann-Gutenberg-Schule",Realschule,"Am Lieberfeld, Am Lieberfeld 13",44265,Dortmund,51.466510740852726,7.489299306616538,ogc-api-nrw
162796,"Dortmund, RS Ricarda-Huch",Realschule,"Prinz-Friedrich-Karl-Str., Prinz-Friedrich-Karl-Str. 72-78",44135,Dortmund,51.511655460549974,7.483929609418774,ogc-api-nrw
162814,"Dortmund, RS Gertrud-Bäumer-Schule",Realschule,"Goethestr., Goethestr. 20",44147,Dortmund,51.52871109498691,7.458176940398532,ogc-api-nrw
162826,"Dortmund, RS Marie-Reinders",Realschule,"Hochofenstr., Hochofenstr. 38",44263,Dortmund,51.48743656364715,7.492122239804956,ogc-api-nrw
162840,"Dortmund, RS Robert-Koch",Realschule,"Am Hombruchsfeld, Am Hombruchsfeld 69",44225,Dortmund,51.475765019058656,7.451466935942726,ogc-api-nrw
162851,"Dortmund, RS Albert-Schweitzer",Realschule,"Dörwerstr., Dörwerstr. 42",44359,Dortmund,51.55901921016248,7.392132063616881,ogc-api-nrw
162863,"Dortmund, RS Droste-Hülshoff-Schule",Realschule,"Sumbecks Holz, Sumbecks Holz 5",44379,Dortmund,51.51784822048384,7.360056684311758,ogc-api-nrw
162875,"Dortmund, RS Theodor-Heuss",Realschule,"In der Großen Heide, In der Großen Heide 15-17",44339,Dortmund,51.55272467665615,7.4930798354229,ogc-api-nrw
162887,"Dortmund, RS Max-Born-Realschule",Realschule,"Grüningsweg, Grüningsweg 42",44319,Dortmund,51.53186945433935,7.595081710300375,ogc-api-nrw
162899,"Dortmund, RS Wilhelm-Busch",Realschule,"Höfkerstr., Höfkerstr. 7",44149,Dortmund,51.517372979211395,7.409122368464561,ogc-api-nrw
162917,"Dortmund, FÖ HK Rheinisch-Westfälische",Förderschule,"Uhlandstr., Uhlandstr. 88",44147,Dortmund,51.52663754956338,7.455724163743822,ogc-api-nrw
162929,"Hagen, RS Haspe",Realschule,"Kurze Str., Kurze Str. 3",58135,Hagen,51.34785514507494,7.429906320218261,ogc-api-nrw
162930,"Hagen, RS Heinrich-Heine-Schule",Realschule,"Kapellenstr., Kapellenstr. 38",58099,Hagen,51.38369843874717,7.468516792503127,ogc-api-nrw
162978,"Hamm, RS Marienschule",Realschule,"Franziskanerstr., Franziskanerstr. 1",59065,Hamm,51.683742782714006,7.82202403139416,ogc-api-nrw
162980,"Hamm, RS Friedrich-Ebert",Realschule,"Auf dem Hilkenhohl, Auf dem Hilkenhohl 1-3",59067,Hamm,51.66477841830069,7.79275832103614,ogc-api-nrw
162991,"Herne, RS Sodingen",Realschule,"Castroper Str., Castroper Str. 251",44627,Herne,51.54814802643687,7.270178141253456,ogc-api-nrw
163004,"Herne, RS Strünkede",Realschule,"Bismarckstr., Bismarckstr. 41",44629,Herne,51.5461898025546,7.2127347191630315,ogc-api-nrw
163028,"Lünen, RS Altlünen",Realschule,"Rudolph-Nagell-Str., Rudolph-Nagell-Str. 23",44534,Lünen,51.63319229587208,7.5210190808616195,ogc-api-nrw
163030,"Lünen, RS Brambauer",Realschule,"Brechtener Str., Brechtener Str. 63",44536,Lünen,51.589499230370485,7.441813434453277,ogc-api-nrw
163041,"Lünen, RS Ludwig-Uhland",Realschule,"Preußenstr., Preußenstr. 162",44532,Lünen,51.59815024082789,7.556464125787442,ogc-api-nrw
163053,"Herne, RS Crange",Realschule,"Semlerstr., Semlerstr. 4",44649,Herne,51.53977393364765,7.1532553016881115,ogc-api-nrw
163065,"Herne, RS An der Burg",Realschule,"Burgstr., Burgstr. 71",44651,Herne,51.514963285458144,7.169335055221988,ogc-api-nrw
163077,"Bochum, RS Pestalozzi-Realschule",Realschule,"Graf-Adolf-Str., Graf-Adolf-Str. 40",44866,Bochum,51.47745978263117,7.149624395525642,ogc-api-nrw
163089,"Bochum, RS Höntrop",Realschule,"Höntroper Str., Höntroper Str. 99",44869,Bochum,51.46066832252095,7.162655359580566,ogc-api-nrw
163090,"Witten, RS Otto-Schott",Realschule,"Am Viehmarkt, Am Viehmarkt 5",58452,Witten,51.43809896370926,7.343217134968663,ogc-api-nrw
163107,"Witten, RS Adolf-Reichwein-Schule",Realschule,"Almstr., Almstr. 11",58455,Witten,51.449875762781026,7.3378830954388174,ogc-api-nrw
163119,"Plettenberg, RS Geschwister-Scholl",Realschule,"Albert-Schweitzer-Str., Albert-Schweitzer-Str. 4",58840,Plettenberg,51.23212316196108,7.8551932831929445,ogc-api-nrw
163144,"Lüdenscheid, RS Theodor-Heuss",Realschule,"Gustavstr., Gustavstr. 37",58511,Lüdenscheid,51.21322946571508,7.655630271776237,ogc-api-nrw
163156,"Lüdenscheid,RS Richard-Schirrmann-Schule",Realschule,"Buckesfelder Str., Buckesfelder Str. 73",58509,Lüdenscheid,51.224428750481714,7.605208217813357,ogc-api-nrw
163211,"Arnsberg, RS Hüsten",Realschule,"Vogelbruch, Vogelbruch 7",59759,Arnsberg,51.43253067961851,8.00216363248806,ogc-api-nrw
163235,"Balve, RS Am Krumpaul",Realschule,"Am Krumpaul, Am Krumpaul 4",58802,Balve,51.329376627181794,7.853361453858963,ogc-api-nrw
163247,"Sundern, RS Rotbuschweg",Realschule,"Rotbuschweg, Rotbuschweg 28",59846,Sundern (Sauerland),51.323169917542856,8.001410085456458,ogc-api-nrw
163260,"Brilon, RS Marienschule",Realschule,"Schulstr., Schulstr. 18-20",59929,Brilon,51.39378548608407,8.566417375312557,ogc-api-nrw
163314,"Gevelsberg, RS Alte Geer",Realschule,"Alte Geer, Alte Geer 4",58285,Gevelsberg,51.32510715007005,7.338910570301903,ogc-api-nrw
163326,"Hattingen, RS Grünstraße",Realschule,"Grünstr., Grünstr. 27-29",45525,Hattingen,51.39130976802146,7.1847974957180964,ogc-api-nrw
163340,"Schwelm, RS Dietrich-Bonhoeffer",Realschule,"Ländchenweg, Ländchenweg 9",58332,Schwelm,51.28422069458488,7.302829007642735,ogc-api-nrw
163351,"Hagen, RS Hohenlimburg",Realschule,"Im Kley, Im Kley 32",58119,Hagen,51.363778685477605,7.569433708074259,ogc-api-nrw
163363,"Iserlohn, RS Letmathe",Realschule,"Von-der-Kuhlen-Str., Von-der-Kuhlen-Str. 12",58642,Iserlohn,51.36697536457368,7.616970908673826,ogc-api-nrw
163375,"Menden, RS Klosterstraße",Realschule,"Klosterstr., Klosterstr. 20",58706,Menden (Sauerland),51.42928828492555,7.795781912304683,ogc-api-nrw
163405,"Hemer, RS Hans-Prinzhorn-Realschule",Realschule,"Urbecker Str., Urbecker Str. 52",58675,Hemer,51.38964539390716,7.774502310034947,ogc-api-nrw
163430,"Lippstadt, RS Drost-Rose",Realschule,"Dusternweg, Dusternweg 16",59557,Lippstadt,51.66832574666115,8.342765008439246,ogc-api-nrw
163442,"Lippstadt, RS Edith-Stein-Schule",Realschule,"Dusternweg, Dusternweg 18",59557,Lippstadt,51.6688525657454,8.342106671358392,ogc-api-nrw
163454,"Lippstadt, RS Graf-Bernhard-Schule",Realschule,"Sandstr., Sandstr. 7",59558,Lippstadt,51.692634259391504,8.37823540344048,ogc-api-nrw
163480,"Eslohe, RS Schulstr.",Realschule,"Schulstr., Schulstr. 6",59889,Eslohe (Sauerland),51.25697946108152,8.16723445562635,ogc-api-nrw
163491,"Schmallenberg, RS Erich Kästner",Realschule,"Leißestr., Leißestr. 3",57392,Schmallenberg,51.19013217051742,8.3052866461194,ogc-api-nrw
163508,"Meschede, RS St.Walburga-Schule",Realschule,"An Klocken Kapelle, An Klocken Kapelle 18",59872,Meschede,51.351587385592715,8.274112855796975,ogc-api-nrw
163510,"Meschede, RS August-Macke",Realschule,"Schederweg, Schederweg 59",59872,Meschede,51.34148824370929,8.296052078170945,ogc-api-nrw
163521,"Attendorn, RS St.Ursula",Realschule,"St.-Ursula-Str., St.-Ursula-Str. 12",57439,Attendorn,51.12340893169108,7.895121821904566,ogc-api-nrw
163569,"Lennestadt, RS Lessingschule",Realschule,"Lehmbergstr., Lehmbergstr. 74",57368,Lennestadt,51.13975099447183,8.01838065490937,ogc-api-nrw
163582,"Siegen, RS Auf der Morgenröthe",Realschule,"Höllenwaldstr., Höllenwaldstr. 100",57080,Siegen,50.847745168838664,7.982545791168202,ogc-api-nrw
163600,"Siegen, RS Am Oberen Schloss",Realschule,"Burgstr., Burgstr. 10-14",57072,Siegen,50.87511890230742,8.027802582984682,ogc-api-nrw
163648,"Kreuztal, RS Ernst-Moritz-Arndt",Realschule,"Hessengarten, Hessengarten 13",57223,Kreuztal,50.963981789212376,7.994306305247078,ogc-api-nrw
163685,"Soest, RS Christian-Rohlfs-Schule",Realschule,"Paradieser Weg, Paradieser Weg 20",59494,Soest,51.57147288133648,8.093840326865248,ogc-api-nrw
163697,"Werl, RS St.Ursula",Realschule,"Schloßstr., Schloßstr. 2",59457,Werl,51.55072926706556,7.909983141414284,ogc-api-nrw
163727,"Bergkamen, RS Freiherr-vom-Stein",Realschule,"Hochstr., Hochstr. 54 a",59192,Bergkamen,51.621453422181084,7.649782498526845,ogc-api-nrw
163739,"Bergkamen, RS Oberaden",Realschule,"Pantenweg, Pantenweg 12",59192,Bergkamen,51.610810025884206,7.597151856140146,ogc-api-nrw
163740,"Bönen, RS Humboldt",Realschule,"Billy-Montigny-Platz, Billy-Montigny-Platz 5",59199,Bönen,51.60275384115406,7.76444141851448,ogc-api-nrw
163764,"Hamm, RS Mark",Realschule,"Marker Dorfstr., Marker Dorfstr. 8",59071,Hamm,51.683348386576796,7.854885136844629,ogc-api-nrw
163776,"Bad Berleburg, RS Hermann-Böttger-Weg",Realschule,"Hermann-Böttger-Weg, Hermann-Böttger-Weg 9",57319,Bad Berleburg,51.03972137604498,8.376531357988934,ogc-api-nrw
163788,"Bad Laasphe, RS Schloß Wittgenstein",Realschule,"Schloß Wittgenstein, Schloß Wittgenstein 12",57334,Bad Laasphe,50.93289993326769,8.393998833076873,ogc-api-nrw
163790,"Erndtebrück, RS Ederfeldstr.",Realschule,"Ederfeldstr., Ederfeldstr. 4",57339,Erndtebrück,50.98833428989159,8.247664551637815,ogc-api-nrw
163820,"Duisburg, WBK RS, Gym Carstanjenstraße",Weiterbildungskolleg,"Carstanjenstr., Carstanjenstr. 10",47057,Duisburg,51.431630248081845,6.786937236606636,ogc-api-nrw
163831,"Essen, WBK RS Eiberg",Weiterbildungskolleg,"Sachsenring, Sachsenring 301",45279,Essen,51.44029641429003,7.10874996487816,ogc-api-nrw
163843,"Krefeld, WBK RS Danziger Platz",Weiterbildungskolleg,"Danziger Platz, Danziger Platz 1",47809,Krefeld,51.33579871161397,6.643702689483031,ogc-api-nrw
163922,"Bonn, WBK RS Dorotheenstr.",Weiterbildungskolleg,"Dorotheenstr., Dorotheenstr. 126",53111,Bonn,50.741396705139664,7.087471686474077,ogc-api-nrw
163960,"Bocholt, WBK RS, Gym,Kol Westmünsterland",Weiterbildungskolleg,"Paul-Schneider-Weg, Paul-Schneider-Weg 3",46399,Bocholt,51.84765922082534,6.596015464621612,ogc-api-nrw
163971,"Gelsenkirchen, WBK RS Bochumer Straße",Weiterbildungskolleg,"Bochumer Str., Bochumer Str. 190",45886,Gelsenkirchen,51.49427912848423,7.114799902629083,ogc-api-nrw
164021,"Rheine, WBK RS Mittelstraße",Weiterbildungskolleg,"Mittelstr., Mittelstr. 45",48431,Rheine,52.267904688577815,7.429331857999322,ogc-api-nrw
164033,"Bielefeld, WBK RS Falkschule",Weiterbildungskolleg,"Frachtstr., Frachtstr. 8",33602,Bielefeld,52.02669754695678,8.545719049554172,ogc-api-nrw
164045,"Bochum,WBK RS,Gym,KOL Ottil.-Schoenewald",Weiterbildungskolleg,"Wittener Str., Wittener Str. 61",44789,Bochum,51.4776153592416,7.230178021112213,ogc-api-nrw
164094,"Siegen, WBK RS, GYM, KOL An der Sommers.",Weiterbildungskolleg,"An der Sommerseite, An der Sommerseite 30",57074,Siegen,50.86451566635461,8.028818910217806,ogc-api-nrw
164100,"Düsseldorf, GE Dieter-Forte",Gesamtschule,"Heidelberger Str., Heidelberger Str. 75",40229,Düsseldorf,51.197135607783714,6.85213137859933,ogc-api-nrw
164112,"Krefeld, FW Kaiserstraße",Waldorfschule,"Kaiserstr., Kaiserstr. 61",47800,Krefeld,51.3370367618442,6.593586663915553,ogc-api-nrw
164124,"Leverkusen, GE Käthe-Kollwitz",Gesamtschule,"Deichtorstr., Deichtorstr. 2",51371,Leverkusen,51.05235005394198,6.95608354280967,ogc-api-nrw
164136,"Mülheim an der Ruhr, GE Gustav-Heinemann",Gesamtschule,"Boverstr., Boverstr. 150",45473,Mülheim an der Ruhr,51.448406002760834,6.9030226593576325,ogc-api-nrw
164148,"Oberhausen, GE Osterfeld",Gesamtschule,"Heinestr., Heinestr. 22",46117,Oberhausen,51.503759657636664,6.887051825847838,ogc-api-nrw
164150,"Wuppertal, FW Rudolf-Steiner-Schule",Waldorfschule,"Schluchtstr., Schluchtstr. 21",42285,Wuppertal,51.25962962676603,7.182164369451378,ogc-api-nrw
164161,"Köln, GE Rodenkirchen",Gesamtschule,"Sürther Str., Sürther Str. 191",50999,Köln,50.87542628006659,7.004461586509454,ogc-api-nrw
164173,"Bonn, FW Stettiner Straße",Waldorfschule,"Stettiner Str., Stettiner Str. 21",53119,Bonn,50.746593463237545,7.055832346742266,ogc-api-nrw
164185,"Gelsenkirchen, GE Berger Feld",Gesamtschule,"Adenauerallee, Adenauerallee 110",45891,Gelsenkirchen,51.557108247102505,7.071981779960615,ogc-api-nrw
164197,"Münster, GE Friedensschule",Gesamtschule,"Echelmeyerstr., Echelmeyerstr. 19",48163,Münster,51.93695996805979,7.592921655279298,ogc-api-nrw
164203,"Bielefeld, GE Martin-Niemöller",Gesamtschule,"Apfelstr., Apfelstr. 210",33611,Bielefeld,52.05419137562031,8.543252609320495,ogc-api-nrw
164215,"Borchen, FW Rudolf-Steiner-Schule",Waldorfschule,"Schloß Hamborn, Schloß Hamborn 5",33178,Borchen,51.66200235835106,8.771304894667962,ogc-api-nrw
164227,"Bochum, FW Rudolf-Steiner-Schule",Waldorfschule,"Hauptstr., Hauptstr. 238-246",44892,Bochum,51.46866296539171,7.322211989376972,ogc-api-nrw
164239,"Bochum, GE Erich Kästner",Gesamtschule,"Markstr., Markstr. 189",44799,Bochum,51.45127802146014,7.245891844766262,ogc-api-nrw
164240,"Dortmund, GE Scharnhorst",Gesamtschule,"Mackenrothweg, Mackenrothweg 15",44328,Dortmund,51.55101405799106,7.544917711659782,ogc-api-nrw
164252,"Dortmund, FW Rudolf-Steiner-Schule",Waldorfschule,"Mergelteichstr., Mergelteichstr. 51",44225,Dortmund,51.47188030881801,7.463088796977381,ogc-api-nrw
164264,"Herne, FW Hiberniaschule",Waldorfschule,"Holsterhauser Str., Holsterhauser Str. 70",44652,Herne,51.52377395634853,7.187722101365817,ogc-api-nrw
164276,"Kierspe, GE Otto-Ruhe-Str.",Gesamtschule,"Otto-Ruhe-Str., Otto-Ruhe-Str. 2-4",58566,Kierspe,51.12835524055746,7.593655753717915,ogc-api-nrw
164290,"Fröndenberg/Ruhr, GE Im Wiesengrund",Gesamtschule,"Im Wiesengrund, Im Wiesengrund 7",58730,Fröndenberg/Ruhr,51.47784420261238,7.773018263029915,ogc-api-nrw
164306,"Düsseldorf, Gym Suitbertus",Gymnasium,"An St. Swidbert, An St. Swidbert 53",40489,Düsseldorf,51.29941844036331,6.73383917944925,ogc-api-nrw
164318,"Düsseldorf, Gym Goethe",Gymnasium,"Lindemannstr., Lindemannstr. 57",40237,Düsseldorf,51.23460137867952,6.806979596972177,ogc-api-nrw
164320,"Düsseldorf, Gym Humboldt",Gymnasium,"Pempelforter Str., Pempelforter Str. 40",40211,Düsseldorf,51.22982948559558,6.792352194921667,ogc-api-nrw
164343,"Düsseldorf, Gym Schloß Benrath",Gymnasium,"Benrodestr., Benrodestr. 132",40597,Düsseldorf,51.16400352040743,6.855573585277214,ogc-api-nrw
164355,"Düsseldorf,Gym Annette v.Droste-Hülshoff",Gymnasium,"Brucknerstr., Brucknerstr. 19",40593,Düsseldorf,51.15818775304736,6.877925575239318,ogc-api-nrw
164379,"Düsseldorf, Gym Marie-Curie",Gymnasium,"Gräulinger Str., Gräulinger Str. 15",40625,Düsseldorf,51.23844334550966,6.862471320611526,ogc-api-nrw
164380,"Düsseldorf, Gym St.Ursula",Gymnasium,"Ritterstr., Ritterstr. 16",40213,Düsseldorf,51.229690387537744,6.773149938012787,ogc-api-nrw
164392,"Düsseldorf, Gym Cecilien, Europaschule",Gymnasium,"Schorlemerstr., Schorlemerstr. 99",40547,Düsseldorf,51.237785647686465,6.749234202482776,ogc-api-nrw
164409,"Düsseldorf, Gym Koblenzer Str.",Gymnasium,"Theodor-Litt-Str., Theodor-Litt-Str. 2",40593,Düsseldorf,51.14966062772171,6.88679632415918,ogc-api-nrw
164434,"Düsseldorf, Gym Comenius",Gymnasium,"Hansaallee, Hansaallee 90",40547,Düsseldorf,51.23534127513758,6.744196114910605,ogc-api-nrw
164446,"Düsseldorf, Gym Görres",Gymnasium,"Königsallee, Königsallee 57",40212,Düsseldorf,51.22123237127305,6.778141202127402,ogc-api-nrw
164458,"Düsseldorf, Gym Geschwister-Scholl",Gymnasium,"Redinghovenstr., Redinghovenstr. 41",40225,Düsseldorf,51.205421013969904,6.792360174613693,ogc-api-nrw
164460,"Düsseldorf, Gym Theodor-Fliedner",Gymnasium,"Kalkumer Schloßallee, Kalkumer Schloßallee 28",40489,Düsseldorf,51.305644075358664,6.746058293080412,ogc-api-nrw
164471,"Düsseldorf, Gym Leibniz-Montessori",Gymnasium,"Scharnhorststr., Scharnhorststr. 8",40477,Düsseldorf,51.241815737271516,6.785574144578332,ogc-api-nrw
164483,"Düsseldorf, Gym Lessing",Gymnasium,"Ellerstr., Ellerstr. 84",40227,Düsseldorf,51.21602441657181,6.796650087739403,ogc-api-nrw
164495,"Düsseldorf, Gym Max-Planck",Gymnasium,"Koetschaustr., Koetschaustr. 36",40474,Düsseldorf,51.25935491972178,6.760149082546967,ogc-api-nrw
164501,"Düsseldorf, Gym Luisen",Gymnasium,"Bastionstr., Bastionstr. 24",40213,Düsseldorf,51.2216522883525,6.776101597894047,ogc-api-nrw
164513,"Düsseldorf, Gym Gerresheim",Gymnasium,"Am Poth, Am Poth 60",40625,Düsseldorf,51.24046768189712,6.858580669017312,ogc-api-nrw
164525,"Düsseldorf, Gym Georg-Büchner-Gymnasium",Gymnasium,"Felix-Klein-Str., Felix-Klein-Str. 3",40474,Düsseldorf,51.253460450208614,6.761367196129928,ogc-api-nrw
164537,"Düsseldorf, Gym Friedrich-Rückert-Gym",Gymnasium,"Rückertstr., Rückertstr. 6",40470,Düsseldorf,51.25978931642621,6.813549575202662,ogc-api-nrw
164549,"Duisburg, Gym Landfermann",Gymnasium,"Mainstr., Mainstr. 10",47051,Duisburg,51.434414222096045,6.773435890965597,ogc-api-nrw
164586,"Duisburg, Gym Steinbart",Gymnasium,"Realschulstr., Realschulstr. 45",47051,Duisburg,51.427453374029575,6.765876373141919,ogc-api-nrw
164598,"Duisburg, Gym Bischöfl. St. Hildegardis",Gymnasium,"Realschulstr., Realschulstr. 11",47051,Duisburg,51.42803734053208,6.761603902336835,ogc-api-nrw
164604,"Duisburg, Gym Mercator",Gymnasium,"Musfeldstr., Musfeldstr. 152",47053,Duisburg,51.42275883084758,6.758812343048278,ogc-api-nrw
164616,"Duisburg, Gym Reinhard-u.-Max-Mannesmann",Gymnasium,"Am Ziegelkamp, Am Ziegelkamp 13-15",47259,Duisburg,51.37482482729477,6.750880509999046,ogc-api-nrw
164641,"Duisburg, Gym Abtei-Gymnasium",Gymnasium,"An der Abtei, An der Abtei 10",47166,Duisburg,51.49101201121917,6.762726392122689,ogc-api-nrw
164665,"Duisburg, Gym Max-Planck",Gymnasium,"Werner-Wild-Str., Werner-Wild-Str. 12",47137,Duisburg,51.466058610381964,6.776589230550172,ogc-api-nrw
164677,"Duisburg, Gym Elly-Heuss-Knapp",Gymnasium,"Am Grillopark, Am Grillopark 24",47169,Duisburg,51.50029087867659,6.7564938085288215,ogc-api-nrw
164707,"Essen, Gym Marien",Gymnasium,"Brückstr., Brückstr. 108",45239,Essen,51.38811071366565,7.008910359903868,ogc-api-nrw
164719,"Essen, Gym Werden",Gymnasium,"Grafenstr., Grafenstr. 9",45239,Essen,51.388524185353056,6.9999233653793524,ogc-api-nrw
164732,"Essen, Gym Grashof",Gymnasium,"Grashofstr., Grashofstr. 55",45133,Essen,51.416702755443964,6.988553847589466,ogc-api-nrw
164744,"Essen, Gym Mädchengymnasium Borbeck",Gymnasium,"Fürstäbtissinstr., Fürstäbtissinstr. 52-54",45355,Essen,51.471646513247514,6.945300165927583,ogc-api-nrw
164756,"Essen, Gym Burg",Gymnasium,"Burgplatz, Burgplatz 4",45127,Essen,51.4551394129104,7.014947840505131,ogc-api-nrw
164770,"Essen, Gym Leibniz",Gymnasium,"Stankeitstr., Stankeitstr. 22",45326,Essen,51.492383738235226,7.013085179214311,ogc-api-nrw
164781,"Essen, Gym Goethe",Gymnasium,"Ruschenstr., Ruschenstr. 1",45133,Essen,51.40900224883467,6.989984747351214,ogc-api-nrw
164793,"Essen, Gym am Stoppenberg",Gymnasium,"Im Mühlenbruch, Im Mühlenbruch 51",45141,Essen,51.48231458650319,7.033528600889054,ogc-api-nrw
164800,"Essen, Gym Helmholtz",Gymnasium,"Rosastr., Rosastr. 83",45130,Essen,51.43635225165371,7.0164963770117845,ogc-api-nrw
164811,"Essen, Gym Maria-Wächtler",Gymnasium,"Rosastr., Rosastr. 75",45130,Essen,51.43653186213857,7.01382671872512,ogc-api-nrw
164835,"Essen, Gym UNESCO/ Aufbaugymnasium",Gymnasium,"Steinmetzstr., Steinmetzstr. 9",45139,Essen,51.45401287536366,7.02812405457765,ogc-api-nrw
164847,"Essen, Gym Nord-Ost",Gymnasium,"Katzenbruchstr., Katzenbruchstr. 79",45141,Essen,51.47036327733956,7.022321725920345,ogc-api-nrw
164859,"Essen, Gym Prinzenstr.",Gymnasium,"Prinzenstr., Prinzenstr. 46",45355,Essen,51.47804073824045,6.953020113681737,ogc-api-nrw
164860,"Essen, Gym B.M.V. Bardelebenstr.",Gymnasium,"Bardelebenstr., Bardelebenstr. 9",45147,Essen,51.439131418670215,6.995899902397363,ogc-api-nrw
164872,"Essen, Gym Carl-Humann",Gymnasium,"Laurentiusweg, Laurentiusweg 20",45276,Essen,51.44780994237258,7.071495396046757,ogc-api-nrw
164884,"Essen, Gym Alfred-Krupp-Schule",Gymnasium,"Margaretenstr., Margaretenstr. 40",45144,Essen,51.449891502384176,6.983050881740985,ogc-api-nrw
164896,"Essen, Gym Don-Bosco-Gymnasium",Gymnasium,"Theodor-Hartz-Str., Theodor-Hartz-Str. 15",45355,Essen,51.47594767296336,6.961927276780908,ogc-api-nrw
164902,"Essen, Gym an der Wolfskuhle",Gymnasium,"Pinxtenweg, Pinxtenweg 6",45276,Essen,51.451396189721486,7.090602180298294,ogc-api-nrw
164914,"Krefeld, Gym Horkesgath",Gymnasium,"Horkesgath, Horkesgath 33",47803,Krefeld,51.33699711577435,6.529077020757891,ogc-api-nrw
164926,"Krefeld, Gym Fabritianum",Gymnasium,"Fabritiusstr., Fabritiusstr. 15a",47829,Krefeld,51.3493431642079,6.641470960369909,ogc-api-nrw
164938,"Krefeld, Gym Marienschule",Gymnasium,"Hubertusstr., Hubertusstr. 120",47798,Krefeld,51.33350392001649,6.555897562199249,ogc-api-nrw
164940,"Krefeld, Gym Hannah-Arendt",Gymnasium,"Dionysiusstr., Dionysiusstr. 51",47798,Krefeld,51.33182934083699,6.5558143684625305,ogc-api-nrw
164951,"Krefeld, Gym am Stadtpark",Gymnasium,"Nikolaus-Groß-Str., Nikolaus-Groß-Str. 31",47829,Krefeld,51.358391096190644,6.637027035061322,ogc-api-nrw
164975,"Krefeld, Gym Maria-Sibylla-Merian",Gymnasium,"Johannes-Blum-Str., Johannes-Blum-Str. 101",47807,Krefeld,51.31274020925287,6.585071472154371,ogc-api-nrw
164987,"Krefeld, Gym Am Moltkeplatz",Gymnasium,"Moltkeplatz, Moltkeplatz 12",47799,Krefeld,51.339048470501055,6.579050619587327,ogc-api-nrw
164999,"Krefeld, Gym Ricarda-Huch",Gymnasium,"Moerser Str., Moerser Str. 36",47798,Krefeld,51.33943758015037,6.565719307595334,ogc-api-nrw
165001,"Leverkusen, Gym Freiherr-vom-Stein",Gymnasium,"Morsbroicher Str., Morsbroicher Str. 77",51375,Leverkusen,51.035190119180385,7.038441990034668,ogc-api-nrw
165013,"Leverkusen, Gym Lise-Meitner",Gymnasium,"Am Stadtpark, Am Stadtpark 50",51373,Leverkusen,51.034369088782185,7.000621335434429,ogc-api-nrw
165037,"Mönchengladbach, Gym Marienschule",Gymnasium,"Viersener Str., Viersener Str. 209",41063,Mönchengladbach,51.20522104452262,6.424148151294848,ogc-api-nrw
165049,"Mönchengladbach, Gym Am Geroweiher",Gymnasium,"Balderichstr., Balderichstr. 8",41061,Mönchengladbach,51.1937724018098,6.427048564716529,ogc-api-nrw
165050,"Mönchengladbach, Gym Math., Naturw.",Gymnasium,"Rheydter Str., Rheydter Str. 65",41065,Mönchengladbach,51.18877742005548,6.43796101087658,ogc-api-nrw
165062,"Mönchengladbach, Gym Stift. Humanist.",Gymnasium,"Abteistr., Abteistr. 17",41061,Mönchengladbach,51.19303115095461,6.434246737442794,ogc-api-nrw
165086,"Mönchengladbach, Gym Rheindahlen",Gymnasium,"Geusenstr., Geusenstr. 29",41179,Mönchengladbach,51.15019114547801,6.367066808655914,ogc-api-nrw
165098,"Mülheim an der Ruhr, Gym Karl-Ziegler",Gymnasium,"Schulstr., Schulstr. 2-6",45468,Mülheim an der Ruhr,51.423333665703126,6.8815582048125075,ogc-api-nrw
165104,"Mülheim an der Ruhr, Gym Luisenschule",Gymnasium,"An den Buchen, An den Buchen 36",45470,Mülheim an der Ruhr,51.42234675361109,6.900173996536449,ogc-api-nrw
165116,"Mülheim an der Ruhr, Gym Broich",Gymnasium,"Ritterstr., Ritterstr. 21",45479,Mülheim an der Ruhr,51.421288419229285,6.863025502493057,ogc-api-nrw
165128,"Mülheim an der Ruhr, Gym Otto-Pankok",Gymnasium,"Von-Bock-Str., Von-Bock-Str. 81",45468,Mülheim an der Ruhr,51.42621793161692,6.894889639760706,ogc-api-nrw
165130,"Neuss, Gym Quirinus",Gymnasium,"Sternstr., Sternstr. 49",41460,Neuss,51.1967501899631,6.6835002845513936,ogc-api-nrw
165141,"Neuss, Gym Nelly-Sachs-Gymnasium",Gymnasium,"Eichendorffstr., Eichendorffstr. 65",41464,Neuss,51.18488364794119,6.695601206899852,ogc-api-nrw
165153,"Neuss, Gym Marienberg",Gymnasium,"Rheinstr., Rheinstr. 3",41460,Neuss,51.20029794937749,6.692813366420802,ogc-api-nrw
165165,"Neuss, Gym Alexander-von-Humboldt",Gymnasium,"Bergheimer Str., Bergheimer Str. 233",41464,Neuss,51.18289089080289,6.68896061790635,ogc-api-nrw
165189,"Neuss, Gym Marie-Curie",Gymnasium,"Jostenallee, Jostenallee 49-51",41462,Neuss,51.210150364911705,6.664929575866467,ogc-api-nrw
165190,"Oberhausen, Gym Bertha-von-Suttner",Gymnasium,"Bismarckstr., Bismarckstr. 53",46047,Oberhausen,51.47718585824391,6.869212696369732,ogc-api-nrw
165207,"Oberhausen, Gym Heinrich-Heine",Gymnasium,"Lohstr., Lohstr. 29",46047,Oberhausen,51.47230372714543,6.865321821190154,ogc-api-nrw
165219,"Oberhausen, Gym Elsa-Brändström",Gymnasium,"Christian-Steger-Str., Christian-Steger-Str. 11",46045,Oberhausen,51.47172606450399,6.855844850837508,ogc-api-nrw
165220,"Oberhausen, Gym Sophie-Scholl",Gymnasium,"Tirpitzstr., Tirpitzstr. 41",46145,Oberhausen,51.5196858931904,6.847956198336965,ogc-api-nrw
165244,"Oberhausen, Gym Freiherr-vom-Stein",Gymnasium,"Wilhelmstr., Wilhelmstr. 77",46145,Oberhausen,51.520668618947454,6.843196026502024,ogc-api-nrw
165256,"Remscheid, Gym Leibniz-Gymnasium",Gymnasium,"Lockfinker Str., Lockfinker Str. 23",42899,Remscheid,51.215648907720166,7.230563540874708,ogc-api-nrw
165268,"Remscheid, Gym Gertrud-Bäumer",Gymnasium,"Hindenburgstr., Hindenburgstr. 42",42853,Remscheid,51.18414159945049,7.179870348790625,ogc-api-nrw
165270,"Remscheid, Gym Emma-Herwegh",Gymnasium,"Elberfelder Str., Elberfelder Str. 48",42853,Remscheid,51.18221807287747,7.190949616357752,ogc-api-nrw
165281,"Remscheid, Gym Röntgen",Gymnasium,"Röntgenstr., Röntgenstr. 12",42897,Remscheid,51.19385648231299,7.267064921425723,ogc-api-nrw
165293,"Mönchengladbach, Gym Hugo-Junkers",Gymnasium,"Brucknerallee, Brucknerallee 58-60",41236,Mönchengladbach,51.170704890038905,6.444385485866434,ogc-api-nrw
165300,"Mönchengladbach, Gym an der Gartenstraße",Gymnasium,"Gartenstr., Gartenstr. 154",41236,Mönchengladbach,51.17440337757241,6.446942334305609,ogc-api-nrw
165311,"Mönchengladbach, Gym Odenkirchen",Gymnasium,"Mülgaustr., Mülgaustr. 43",41199,Mönchengladbach,51.13909774839029,6.4558539759668205,ogc-api-nrw
165335,"Solingen, Gym Humboldt",Gymnasium,"Humboldtstr., Humboldtstr. 5",42719,Solingen,51.17105551202156,7.021437081686742,ogc-api-nrw
165347,"Solingen, Gym Schwertstraße",Gymnasium,"Schwertstr., Schwertstr. 19",42651,Solingen,51.16859674646049,7.089919457365181,ogc-api-nrw
165359,"Solingen, Gym August-Dicke",Gymnasium,"Schützenstr., Schützenstr. 44",42659,Solingen,51.16549327653589,7.094281617382784,ogc-api-nrw
165360,"Solingen, Gym Vogelsang",Gymnasium,"Vogelsang, Vogelsang 33",42653,Solingen,51.186274330583934,7.062385452956127,ogc-api-nrw
165372,"Wuppertal, Gym Bayreuther Str.",Gymnasium,"Bayreuther Str., Bayreuther Str. 35",42115,Wuppertal,51.26172817714318,7.129291017779885,ogc-api-nrw
165384,"Wuppertal, Gym Carl-Fuhlrott",Gymnasium,"Jung-Stilling-Weg, Jung-Stilling-Weg 45",42349,Wuppertal,51.23087462517532,7.141830051217795,ogc-api-nrw
165396,"Wuppertal, Gym St.Anna-Schule",Gymnasium,"Dorotheenstr., Dorotheenstr. 11-19",42105,Wuppertal,51.25863005222883,7.133515945786813,ogc-api-nrw
165402,"Wuppertal, Gym Carl-Duisberg",Gymnasium,"Max-Planck-Str., Max-Planck-Str. 10",42277,Wuppertal,51.27730432228724,7.221011831128379,ogc-api-nrw
165414,"Wuppertal, Gym Vohwinkel",Gymnasium,"Nocken, Nocken 6",42329,Wuppertal,51.23039763821282,7.080528618111999,ogc-api-nrw
165438,"Wuppertal, Gym Wilhelm-Dörpfeld-Gym",Gymnasium,"Johannisberg, Johannisberg 20",42103,Wuppertal,51.25363667962169,7.144122561714248,ogc-api-nrw
165451,"Wuppertal, Gym Am Kothen",Gymnasium,"Schluchtstr., Schluchtstr. 34",42285,Wuppertal,51.25815192512213,7.183139942804831,ogc-api-nrw
165463,"Wuppertal, Gym Johannes Rau",Gymnasium,"Dietrich-Bonhoeffer-Weg, Dietrich-Bonhoeffer-Weg 1",42285,Wuppertal,51.25363667962169,7.144122561714248,ogc-api-nrw
165475,"Wuppertal, Gym Sedanstr.",Gymnasium,"Sedanstr., Sedanstr. 4-14",42275,Wuppertal,51.272145212177236,7.195935475901253,ogc-api-nrw
165487,"Dinslaken, Gym Otto-Hahn",Gymnasium,"Hagenstr., Hagenstr. 12",46535,Dinslaken,51.56997637985245,6.725514442628439,ogc-api-nrw
165505,"Dinslaken, Gym Theodor-Heuss",Gymnasium,"Voerder Str., Voerder Str. 30",46535,Dinslaken,51.563056447182426,6.72994329670627,ogc-api-nrw
165517,"Duisburg, Gym Kopernikus",Gymnasium,"Beckersloh, Beckersloh 81",47179,Duisburg,51.53350889220178,6.7380759440866465,ogc-api-nrw
165529,"Voerde, Gym Am Hallenbad",Gymnasium,"Am Hallenbad, Am Hallenbad 33",46562,Voerde (Niederrhein),51.61596834621066,6.64709935646079,ogc-api-nrw
165530,"Haan, Gym Adlerstr.",Gymnasium,"Adlerstr., Adlerstr. 3",42781,Haan,51.19559890309302,6.9976847826766155,ogc-api-nrw
165542,"Heiligenhaus, Gym Immanuel-Kant",Gymnasium,"Herzogstr., Herzogstr. 75",42579,Heiligenhaus,51.323365423085555,6.971498790644448,ogc-api-nrw
165554,"Hilden, Gym Helmholtz",Gymnasium,"Am Holterhöfchen, Am Holterhöfchen 30",40724,Hilden,51.16577251683442,6.947124568612191,ogc-api-nrw
165566,"Hilden, Gym Dietrich-Bonhoeffer",Gymnasium,"Gerresheimer Str., Gerresheimer Str. 74",40721,Hilden,51.17358383005464,6.928536673996049,ogc-api-nrw
165578,"Essen, Gym Theodor-Heuss",Gymnasium,"Hauptstr., Hauptstr. 148",45219,Essen,51.3655486187735,6.934739040678712,ogc-api-nrw
165580,"Velbert, Gym Langenberg",Gymnasium,"Panner Str., Panner Str. 34",42555,Velbert,51.346036943268814,7.130899622846393,ogc-api-nrw
165591,"Mettmann, Gym Konrad-Heresbach",Gymnasium,"Laubacher Str., Laubacher Str. 13",40822,Mettmann,51.24658815991879,6.9724435834341465,ogc-api-nrw
165608,"Ratingen, Gym C.F. von Weizsäcker",Gymnasium,"Karl-Mücher-Weg, Karl-Mücher-Weg 2",40878,Ratingen,51.29229260452454,6.852454730769108,ogc-api-nrw
165621,"Velbert, Gym Nikolaus-Ehlen",Gymnasium,"Friedrich-Ebert-Str., Friedrich-Ebert-Str. 81",42549,Velbert,51.337163016566784,7.044571706398564,ogc-api-nrw
165633,"Velbert, Gym Geschwister-Scholl",Gymnasium,"Von-Humboldt-Str., Von-Humboldt-Str. 54-58",42549,Velbert,51.34215270261751,7.0172066437854435,ogc-api-nrw
165645,"Wülfrath, Gym Kastanienallee",Gymnasium,"Kastanienallee, Kastanienallee 63",42489,Wülfrath,51.27502893294817,7.028471785406834,ogc-api-nrw
165657,"Erkrath, Gym am Neandertal",Gymnasium,"Heinrichstr., Heinrichstr. 12",40699,Erkrath,51.22557455469952,6.909301843442335,ogc-api-nrw
165669,"Erkrath, Gym Hochdahl",Gymnasium,"Hospitalstr., Hospitalstr. 45",40597,Düsseldorf,51.16701323651496,6.865232687027485,ogc-api-nrw
165670,"Mettmann, Gym Heinrich-Heine",Gymnasium,"Hasselbeckstr., Hasselbeckstr. 4",40822,Mettmann,51.266270221814956,6.964423970456904,ogc-api-nrw
165682,"Geldern, Gym Friedrich-Spee-Gymnasium",Gymnasium,"Westwall, Westwall 10",47608,Geldern,51.51799309338242,6.319389249941347,ogc-api-nrw
165694,"Geldern, Gym Lise-Meitner",Gymnasium,"Friedrich-Nettesheim-Weg, Friedrich-Nettesheim-Weg 6-8",47608,Geldern,51.51767329142015,6.332180335132005,ogc-api-nrw
165700,"Kevelaer, Gym Kardinal-von-Galen",Gymnasium,"Jahnstr., Jahnstr. 20",47623,Kevelaer,51.58093830735471,6.234425282951054,ogc-api-nrw
165712,"Grevenbroich, Gym Erasmus-Gymnasium",Gymnasium,"Röntgenstr., Röntgenstr. 2-10",41515,Grevenbroich,51.08510371730348,6.595936592511345,ogc-api-nrw
165724,"Grevenbroich, Gym Pascal-Gymnasium",Gymnasium,"Schwarzer Weg, Schwarzer Weg 1",41515,Grevenbroich,51.083349959172175,6.579820382593329,ogc-api-nrw
165736,"Kaarst, Gym Albert-Einstein",Gymnasium,"Am Schulzentrum, Am Schulzentrum 14",41564,Kaarst,51.226063453520176,6.6155959582681465,ogc-api-nrw
165748,"Dormagen, Gym Bettina-von-Arnim",Gymnasium,"Haberlandstr., Haberlandstr. 14",41539,Dormagen,51.099099250073166,6.821198210140239,ogc-api-nrw
165750,"Meerbusch, Gym Mönkesweg",Gymnasium,"Mönkesweg, Mönkesweg 58",40670,Meerbusch,51.278190957446746,6.650251900363759,ogc-api-nrw
165761,"Meerbusch, Gym Matare, Europaschule",Gymnasium,"Niederdonker Str., Niederdonker Str. 36",40667,Meerbusch,51.24119768472674,6.691712495166547,ogc-api-nrw
165773,"Dormagen, Gym Norbert",Gymnasium,"Knechtsteden, Knechtsteden 17",41540,Dormagen,51.07774709893228,6.753228069371865,ogc-api-nrw
165785,"Neuss, Gym Norf",Gymnasium,"Eichenallee, Eichenallee 8",41469,Neuss,51.15235711957596,6.723349456745454,ogc-api-nrw
165797,"Grefrath, Gym Liebfrauenschule",Gymnasium,"Hauptstr., Hauptstr. 87",47929,Grefrath,51.344365518204484,6.364636527045082,ogc-api-nrw
165803,"Kempen, Gym Thomaeum",Gymnasium,"Am Gymnasium, Am Gymnasium 4",47906,Kempen,51.36575409045116,6.413881932968986,ogc-api-nrw
165815,"Kempen, Gym Luise-von-Duesberg",Gymnasium,"Berliner Allee, Berliner Allee 42",47906,Kempen,51.36774918099947,6.41014867589203,ogc-api-nrw
165827,"Nettetal, Gym Werner-Jaeger",Gymnasium,"An den Sportplätzen, An den Sportplätzen 7",41334,Nettetal,51.31272243548566,6.271144128206126,ogc-api-nrw
165839,"Schwalmtal, Gym St.Wolfhelm",Gymnasium,"Turmstr., Turmstr. 2",41366,Schwalmtal,51.21646705398722,6.28009343711053,ogc-api-nrw
165852,"Viersen, Gym Erasmus-von-Rotterdam",Gymnasium,"Konrad-Adenauer-Ring, Konrad-Adenauer-Ring 30",41747,Viersen,51.2563956477782,6.381927798153292,ogc-api-nrw
165864,"Viersen, Gym Albertus-Magnus",Gymnasium,"Brandenburger Str., Brandenburger Str. 7",41751,Viersen,51.24612078892185,6.328858550100143,ogc-api-nrw
165876,"Viersen, Gym Clara-Schumann-Gymnasium",Gymnasium,"Brandenburger Str., Brandenburger Str. 1",41751,Viersen,51.24724583917883,6.327317254719336,ogc-api-nrw
165888,"Willich, Gym St. Bernhard",Gymnasium,"Albert-Oetker-Str., Albert-Oetker-Str. 98-100",47877,Willich,51.246269336759404,6.517293288214275,ogc-api-nrw
165906,"Goch, Gym Hubert-Houben-Str.",Gymnasium,"Hubert-Houben-Str., Hubert-Houben-Str. 9",47574,Goch,51.667555438638956,6.166783052758938,ogc-api-nrw
165918,"Goch, Gym Colleg.Augustinianum Gaesdonck",Gymnasium,"Gaesdoncker Str., Gaesdoncker Str. 220",47574,Goch,51.652467041853555,6.119272531376569,ogc-api-nrw
165920,"Kalkar, Gym Jan-Joest",Gymnasium,"Am Bollwerk, Am Bollwerk 16",47546,Kalkar,51.734379592848214,6.2976314967670595,ogc-api-nrw
165931,"Kleve, Gym Freiherr-vom-Stein",Gymnasium,"Römerstr., Römerstr. 9",47533,Kleve,51.78702242842059,6.12901853723552,ogc-api-nrw
165955,"Kleve, Gym Konrad-Adenauer",Gymnasium,"Köstersweg, Köstersweg 41",47533,Kleve,51.80348129700776,6.160106063600916,ogc-api-nrw
165979,"Duisburg, Gym Franz-Haniel",Gymnasium,"Wilhelmstr., Wilhelmstr. 25",47198,Duisburg,51.451938487513566,6.705176295148443,ogc-api-nrw
165980,"Kamp-Lintfort, Gym Georg-Forster",Gymnasium,"Moerser Str., Moerser Str. 167",47475,Kamp-Lintfort,51.505830296781326,6.540357122607942,ogc-api-nrw
165992,"Moers, Gym Grafschafter",Gymnasium,"Bankstr., Bankstr. 20",47441,Moers,51.45113135078013,6.633837712133025,ogc-api-nrw
166005,"Moers, Gym Adolfinum",Gymnasium,"Wilhelm-Schroeder-Str., Wilhelm-Schroeder-Str. 4",47441,Moers,51.45333977098394,6.629635408897568,ogc-api-nrw
166017,"Moers, Gym in den Filder Benden",Gymnasium,"Zahnstr., Zahnstr. 43",47447,Moers,51.44215672142874,6.620558256106869,ogc-api-nrw
166029,"Rheinberg, Gym Amplonius",Gymnasium,"Dr.-Aloys-Wittrup-Str., Dr.-Aloys-Wittrup-Str. 18",47495,Rheinberg,51.549937350759784,6.593371020456987,ogc-api-nrw
166030,"Duisburg, Gym Krupp",Gymnasium,"Flutweg, Flutweg 62",47228,Duisburg,51.40977814278054,6.696057174602339,ogc-api-nrw
166054,"Xanten, Gym Stiftsgymnasium",Gymnasium,"Johannes-Janssen-Str., Johannes-Janssen-Str. 6",46509,Xanten,51.657559286778785,6.451404252830303,ogc-api-nrw
166066,"Neukirchen-Vluyn, Gym Julius-Stursberg",Gymnasium,"Tersteegenstr., Tersteegenstr. 85a",47506,Neukirchen-Vluyn,51.44712179486288,6.549458808525521,ogc-api-nrw
166078,"Moers, Gym Rheinkamp, Europaschule",Gymnasium,"Kopernikusstr., Kopernikusstr. 8",47445,Moers,51.482056413805886,6.612374098247659,ogc-api-nrw
166080,"Duisburg, Gym Albert-Einstein",Gymnasium,"Schulallee, Schulallee 11",47239,Duisburg,51.396842426324476,6.655561111590729,ogc-api-nrw
166091,"Emmerich am Rhein, Gym Willibrord",Gymnasium,"Hansastr., Hansastr. 3",46446,Emmerich am Rhein,51.841724530205596,6.244045862238338,ogc-api-nrw
166110,"Wesel, Gym Andreas-Vesalius",Gymnasium,"Ritterstr., Ritterstr. 4",46483,Wesel,51.6590081717682,6.6135933188859255,ogc-api-nrw
166121,"Wesel, Gym Konrad-Duden",Gymnasium,"Barthel-Bruyn-Weg, Barthel-Bruyn-Weg 54",46483,Wesel,51.68058814068611,6.5997277428337435,ogc-api-nrw
166133,"Rees, Gym Aspel",Gymnasium,"Westring, Westring 8",46459,Rees,51.76047940714481,6.389508661472127,ogc-api-nrw
166145,"Langenfeld, Gym Konrad-Adenauer",Gymnasium,"Auf dem Sändchen, Auf dem Sändchen 24",40764,Langenfeld (Rheinland),51.1125509840401,6.9472413434835705,ogc-api-nrw
166157,"Leichlingen, Gym Am Hammer",Gymnasium,"Am Hammer, Am Hammer 2",42799,Leichlingen (Rheinland),51.109169825804486,7.01125232821286,ogc-api-nrw
166169,"Monheim, Gym Otto-Hahn",Gymnasium,"Berliner Ring, Berliner Ring 7",40789,Monheim am Rhein,51.0856445267673,6.887316863886171,ogc-api-nrw
166182,"Leverkusen, Gym Erzbisch. Marienschule",Gymnasium,"An St. Remigius, An St. Remigius 21",51379,Leverkusen,51.06875811230472,7.004692110651422,ogc-api-nrw
166194,"Leverkusen, Gym Landrat-Lucas",Gymnasium,"Peter-Neuenheuser-Str., Peter-Neuenheuser-Str. 7-11",51379,Leverkusen,51.063661565665754,7.001171894403924,ogc-api-nrw
166200,"Leverkusen, Gym Werner-Heisenberg",Gymnasium,"Werner-Heisenberg-Str., Werner-Heisenberg-Str. 1",51381,Leverkusen,51.06628318992431,7.042879743746184,ogc-api-nrw
166212,"Radevormwald, Gym Theodor-Heuss",Gymnasium,"Hermannstr., Hermannstr. 23",42477,Radevormwald,51.20650773136626,7.346459925407443,ogc-api-nrw
166224,"Wermelskirchen, Gym Stockhauser Str.",Gymnasium,"Stockhauser Str., Stockhauser Str. 13",42929,Wermelskirchen,51.13905534293304,7.218783892729401,ogc-api-nrw
166236,"Bonn, Gym Beethoven",Gymnasium,"Adenauerallee, Adenauerallee 51-53",53113,Bonn,50.73036157616642,7.108440467625529,ogc-api-nrw
166248,"Bonn, Gym Collegium Josephinum",Gymnasium,"Kölnstr., Kölnstr. 413",53117,Bonn,50.74929161201948,7.077524064904221,ogc-api-nrw
166250,"Bonn, Gym Ernst-Moritz-Arndt",Gymnasium,"Endenicher Allee, Endenicher Allee 1",53115,Bonn,50.729922715272544,7.08870428725166,ogc-api-nrw
166261,"Bonn, Gym Amos-Comenius",Gymnasium,"Behringstr., Behringstr. 27",53177,Bonn,50.674775748655314,7.1638950127199195,ogc-api-nrw
166273,"Bonn, Gym Kardinal-Frings",Gymnasium,"Elsa-Brändström-Str., Elsa-Brändström-Str. 71-91",53227,Bonn,50.72699626902996,7.126160643931039,ogc-api-nrw
166297,"Bonn, Gym Liebfrauenschule Bonn",Gymnasium,"Königstr., Königstr. 17-19",53113,Bonn,50.72806537859687,7.101632144262182,ogc-api-nrw
166315,"Bonn, Gym Carl-von-Ossietzky",Gymnasium,"Im Schmalzacker, Im Schmalzacker 49",53125,Bonn,50.69046446324208,7.069495241398524,ogc-api-nrw
166327,"Bonn, Gym Otto-Kuehne-Schule",Gymnasium,"Otto-Kühne-Platz, Otto-Kühne-Platz 1",53173,Bonn,50.68852771839213,7.166770215252353,ogc-api-nrw
166339,"Bonn, Gym St.Adelheid",Gymnasium,"Pützchens Chaussee, Pützchens Chaussee 133",53229,Bonn,50.742872367309026,7.147100425405142,ogc-api-nrw
166340,"Bonn, Gym Clara-Schumann",Gymnasium,"Loestr., Loestr. 14",53113,Bonn,50.72690823503016,7.101820619169375,ogc-api-nrw
166352,"Bonn, Gym Hardtberg",Gymnasium,"Gaußstr., Gaußstr. 1",53125,Bonn,50.70281091932268,7.054754840642755,ogc-api-nrw
166364,"Bonn, Gym Friedrich-Ebert",Gymnasium,"Ollenhauerstr., Ollenhauerstr. 5",53113,Bonn,50.709097832296436,7.125004780020676,ogc-api-nrw
166376,"Bonn, Gym Helmholtz-Gymnasium",Gymnasium,"Helmholtzstr., Helmholtzstr. 18",53123,Bonn,50.721061942828555,7.055968426326574,ogc-api-nrw
166388,"Bonn, Gym Nicolaus-Cusanus",Gymnasium,"Gotenstr., Gotenstr. 50",53175,Bonn,50.69570192403778,7.156323454173492,ogc-api-nrw
166390,"Bonn, Gym Aloisius-Kolleg",Gymnasium,"Elisabethstr., Elisabethstr. 18",53177,Bonn,50.677548907220476,7.151005044037312,ogc-api-nrw
166406,"Bonn, Gym Tannenbusch",Gymnasium,"Hirschberger Str., Hirschberger Str. 3",53119,Bonn,50.750939540746565,7.043587586838738,ogc-api-nrw
166418,"Bonn, Gym Priv. Ernst Kalkuhl",Gymnasium,"Königswinterer Str., Königswinterer Str. 534",53227,Bonn,50.71781242521494,7.159394222492389,ogc-api-nrw
166420,"Bonn, Gym Konrad-Adenauer",Gymnasium,"Max-Planck-Str., Max-Planck-Str. 24-36",53177,Bonn,50.671214140414754,7.169610204945512,ogc-api-nrw
166431,"Bonn, Gym Clara-Fey-Gymnasium",Gymnasium,"Rheinallee, Rheinallee 5",53173,Bonn,50.686266927752484,7.15914257958612,ogc-api-nrw
166443,"Köln, Gym Leonardo-da-Vinci",Gymnasium,"Blücherstr., Blücherstr. 15-17",50733,Köln,50.966603509347884,6.955520429933784,ogc-api-nrw
166455,"Köln, Gym Rhein-Gymnasium",Gymnasium,"Düsseldorfer Str., Düsseldorfer Str. 13",51063,Köln,50.96949632185593,7.002098401932982,ogc-api-nrw
166467,"Köln, Gym Liebfrauenschule",Gymnasium,"Brucknerstr., Brucknerstr. 15",50931,Köln,50.934078475432585,6.9176645323236166,ogc-api-nrw
166479,"Köln, Gym Apostel-Gymnasium",Gymnasium,"Biggestr., Biggestr. 2",50931,Köln,50.93202399194978,6.915934573533507,ogc-api-nrw
166480,"Köln, Gym Montessori",Gymnasium,"Rochusstr., Rochusstr. 145",50827,Köln,50.963204818343755,6.904840537750957,ogc-api-nrw
166492,"Köln, Gym Königin-Luise",Gymnasium,"Alte Wallgasse, Alte Wallgasse 10",50672,Köln,50.939428877751205,6.942976514175426,ogc-api-nrw
166546,"Köln, Gym Erich Kästner",Gymnasium,"Castroper Str., Castroper Str. 7",50735,Köln,50.97343373076229,6.963468238934876,ogc-api-nrw
166558,"Köln, Gym Thusneldastraße",Gymnasium,"Thusneldastr., Thusneldastr. 15-17",50679,Köln,50.93503368717063,6.9812584483163125,ogc-api-nrw
166560,"Köln, Gym Irmgardis-Gymnasium",Gymnasium,"Schillerstr., Schillerstr. 98-102",50968,Köln,50.90511463979905,6.9684856290154595,ogc-api-nrw
166571,"Köln, Gym Deutzer Gymnasium Schaurtestr.",Gymnasium,"Schaurtestr., Schaurtestr. 1",50679,Köln,50.93335532043393,6.976264323127189,ogc-api-nrw
166583,"Köln, Gym Genoveva-Gymnasium",Gymnasium,"Genovevastr., Genovevastr. 58-62",51063,Köln,50.964354597238334,7.008044341891143,ogc-api-nrw
166595,"Köln, Gym Kaiserin-Augusta-Schule",Gymnasium,"Georgsplatz, Georgsplatz 10",50676,Köln,50.93166580121791,6.958262868822244,ogc-api-nrw
166601,"Köln, Gym Kreuzgasse",Gymnasium,"Vogelsanger Str., Vogelsanger Str. 1",50672,Köln,50.9405088731888,6.927256228354159,ogc-api-nrw
166613,"Köln, Gym Friedrich-Wilhelm",Gymnasium,"Severinstr., Severinstr. 241",50676,Köln,50.930845342710555,6.956605208376154,ogc-api-nrw
166625,"Köln, Gym Hölderlin-Gymnasium",Gymnasium,"Graf-Adolf-Str., Graf-Adolf-Str. 59",51065,Köln,50.95712677224479,7.00664471119545,ogc-api-nrw
166637,"Köln, Gym Hansa",Gymnasium,"Hansaring, Hansaring 56",50670,Köln,50.948135907269894,6.950707291132604,ogc-api-nrw
166649,"Köln, Gym Humboldt-Gymnasium",Gymnasium,"Kartäuserwall, Kartäuserwall 40",50676,Köln,50.926466612719075,6.948472240665703,ogc-api-nrw
166650,"Köln, Gym Kaiserin-Theophanu-Schule",Gymnasium,"Kantstr., Kantstr. 3",51103,Köln,50.93697056574746,7.00762077006622,ogc-api-nrw
166662,"Köln, Gym Albertus-Magnus-Gymnasium",Gymnasium,"Ottostr., Ottostr. 87",50823,Köln,50.95741799374001,6.927301196335374,ogc-api-nrw
166686,"Köln, Gym Johann-Gottfried-Herder",Gymnasium,"Kattowitzer Str., Kattowitzer Str. 52",51065,Köln,50.95204184643571,7.02124297008406,ogc-api-nrw
166698,"Köln, Gym Dreikönigs",Gymnasium,"Escher Str., Escher Str. 247",50739,Köln,50.966785452160224,6.928593332770696,ogc-api-nrw
166704,"Köln,Gym Erzbischöfliche Ursulinenschule",Gymnasium,"Machabäerstr., Machabäerstr. 47",50668,Köln,50.94635168575671,6.96026737228645,ogc-api-nrw
166716,"Köln, Gym Hildegard-von-Bingen-Gymnasium",Gymnasium,"Leybergstr., Leybergstr. 1",50939,Köln,50.9164999015634,6.933089639494484,ogc-api-nrw
166728,"Köln, Gym Schiller-Gymnasium",Gymnasium,"Nikolausstr., Nikolausstr. 55",50937,Köln,50.92335730054839,6.9297689982737785,ogc-api-nrw
166730,"Köln, Gym Elisabeth-von-Thüringen",Gymnasium,"Nikolausstr., Nikolausstr. 51-53",50937,Köln,50.92377311996082,6.929380561875803,ogc-api-nrw
166741,"Kerpen, Gym Europagymnasium",Gymnasium,"Philipp-Schneider-Str., Philipp-Schneider-Str. 12-20",50171,Kerpen,50.87867337008245,6.689149915856153,ogc-api-nrw
166753,"Bedburg, Gym Silverberg-Gymnasium",Gymnasium,"Eichendorffstr., Eichendorffstr. 1",50181,Bedburg,50.98804056214962,6.566898947576523,ogc-api-nrw
166765,"Bergheim, Gym Erftgymnasium",Gymnasium,"Schützenstr., Schützenstr. 20",50126,Bergheim,50.957185822120124,6.640725868819675,ogc-api-nrw
166777,"Bergheim, Gym Gutenberg",Gymnasium,"Gutenbergstr., Gutenbergstr. 2-6",50126,Bergheim,50.94982058710722,6.63410793386272,ogc-api-nrw
166789,"Erftstadt, Gym Lechenich",Gymnasium,"Dr.-Josef-Fieger-Str., Dr.-Josef-Fieger-Str. 7",50374,Erftstadt,50.80584519430495,6.773653641701669,ogc-api-nrw
166790,"Euskirchen, Gym Marienschule",Gymnasium,"Basingstoker Ring, Basingstoker Ring 3",53879,Euskirchen,50.655920041118186,6.7783750786871995,ogc-api-nrw
166807,"Euskirchen, Gym Emil-Fischer",Gymnasium,"Emil-Fischer-Str., Emil-Fischer-Str. 23-27",53879,Euskirchen,50.66199259284377,6.796441893031007,ogc-api-nrw
166819,"Bad Münstereifel, Gym St.Angela",Gymnasium,"Sittardweg, Sittardweg 8",53902,Bad Münstereifel,50.54895577903535,6.761809177973368,ogc-api-nrw
166820,"Bad Münstereifel, Gym St.Michael",Gymnasium,"Markt, Markt 11",53902,Bad Münstereifel,50.553661434182395,6.763760470129096,ogc-api-nrw
166832,"Zülpich, Gym Franken",Gymnasium,"Keltenweg, Keltenweg 14",53909,Zülpich,50.69189005769235,6.655892295828398,ogc-api-nrw
166844,"Kall, Gym Hermann-Josef-Kolleg",Gymnasium,"Hermann-Josef-Str., Hermann-Josef-Str. 4",53925,Kall,50.50355601055456,6.563673374582765,ogc-api-nrw
166856,"Mechernich, Gym Am Turmhof",Gymnasium,"Nyonsplatz, Nyonsplatz 1",53894,Mechernich,50.59032111593003,6.657989239672301,ogc-api-nrw
166868,"Schleiden, Gym. Johannes-Sturmius",Gymnasium,"Blumenthaler Str., Blumenthaler Str. 7",53937,Schleiden,50.527472232540354,6.4754335170799155,ogc-api-nrw
166870,"Schleiden, Gym Clara-Fey",Gymnasium,"Malmedyer Str., Malmedyer Str. 2",53937,Schleiden,50.53128907974141,6.482215201750368,ogc-api-nrw
166881,"Brühl, Gym Max-Ernst",Gymnasium,"Rodderweg, Rodderweg 66",50321,Brühl,50.82871063713726,6.888900445854102,ogc-api-nrw
166893,"Brühl, Gym St. Ursula",Gymnasium,"Kaiserstr., Kaiserstr. 22",50321,Brühl,50.83430650002692,6.902949921271747,ogc-api-nrw
166900,"Frechen, Gym Rotdornweg",Gymnasium,"Rotdornweg, Rotdornweg 43",50226,Frechen,50.917737133123595,6.8067181317687,ogc-api-nrw
166911,"Hürth, Gym Ernst-Mach",Gymnasium,"Bonnstr., Bonnstr. 64-66",50354,Hürth,50.88084540401856,6.8778153726009865,ogc-api-nrw
166923,"Köln, Gym Georg-Büchner",Gymnasium,"Ostlandstr., Ostlandstr. 39",50858,Köln,50.93490331681003,6.838362529609461,ogc-api-nrw
166935,"Köln, Gym Rodenkirchen",Gymnasium,"Sürther Str., Sürther Str. 55",50996,Köln,50.88738688791215,6.998618472165011,ogc-api-nrw
166947,"Wesseling, Gym Käthe-Kollwitz",Gymnasium,"Bogenstr., Bogenstr.",50389,Wesseling,50.82488457377673,6.972339950993998,ogc-api-nrw
166959,"Pulheim, Gym Geschwister-Scholl",Gymnasium,"Hackenbroicher Str., Hackenbroicher Str. 66a",50259,Pulheim,51.00468508209815,6.798313781910059,ogc-api-nrw
166960,"Bergneustadt, Gym Wüllenweberschule",Gymnasium,"Am Wäcker, Am Wäcker 26",51702,Bergneustadt,51.01727399580957,7.636882719483075,ogc-api-nrw
166996,"Waldbröl, Gym Hollenberg",Gymnasium,"Goethestr., Goethestr. 6",51545,Waldbröl,50.87635245166017,7.607964608180746,ogc-api-nrw
167009,"Wiehl, Gym Dietrich-Bonhoeffer",Gymnasium,"Hauptstr., Hauptstr. 81",51674,Wiehl,50.949057871115144,7.556492734214661,ogc-api-nrw
167010,"Bergisch Gladbach, Gym Albertus-Magnus",Gymnasium,"Kaule, Kaule 15",51429,Bergisch Gladbach,50.96115274406496,7.155859875421414,ogc-api-nrw
167022,"Bergisch Gladbach, Gym Otto-Hahn-Schule",Gymnasium,"Saaler Mühle, Saaler Mühle 8",51429,Bergisch Gladbach,50.962901935783805,7.136878068160569,ogc-api-nrw
167034,"Bergisch Gladbach, Gym Dietr.-Bonhoeffer",Gymnasium,"Am Rübezahlwald, Am Rübezahlwald 5",51469,Bergisch Gladbach,50.97805680370029,7.143138039092613,ogc-api-nrw
167046,"Bergisch Gladbach, Gym Nicolaus-Cusanus",Gymnasium,"Reuterstr., Reuterstr. 51",51465,Bergisch Gladbach,50.99707458764512,7.122668552170905,ogc-api-nrw
167058,"Köln, Gym Maximilian-Kolbe-Gymnasium",Gymnasium,"Nachtigallenstr., Nachtigallenstr. 19-21",51147,Köln,50.8635040694556,7.089570064895399,ogc-api-nrw
167060,"Köln, Gym Stadt/Porz",Gymnasium,"Humboldtstr., Humboldtstr. 2-8",51145,Köln,50.88261410171656,7.071429481896745,ogc-api-nrw
167071,"Wipperfürth, Gym St.Angela",Gymnasium,"Auf dem Silberberg, Auf dem Silberberg 4",51688,Wipperfürth,51.12132172951681,7.415007557297398,ogc-api-nrw
167083,"Wipperfürth, Gym Engelbert-von-Berg",Gymnasium,"Lüdenscheider Str., Lüdenscheider Str. 46",51688,Wipperfürth,51.12056407729861,7.406902816226071,ogc-api-nrw
167095,"Rösrath, Gym Freiherr-vom-Stein",Gymnasium,"Freiherr-vom-Stein-Str., Freiherr-vom-Stein-Str. 15",51503,Rösrath,50.904030541953915,7.179083413348339,ogc-api-nrw
167101,"Engelskirchen, Gym Aggertal-Gymnasium",Gymnasium,"Olpener Str., Olpener Str. 13",51766,Engelskirchen,50.985141797856606,7.417228379042249,ogc-api-nrw
167113,"Sankt Augustin, Gym Rhein-Sieg",Gymnasium,"Hubert-Minz-Str., Hubert-Minz-Str. 20",53757,Sankt Augustin,50.77695142350301,7.18378302490767,ogc-api-nrw
167125,"Bornheim, Gym Ursulinenschule Hersel",Gymnasium,"Rheinstr., Rheinstr. 182",53332,Bornheim,50.7732327483791,7.047182057898891,ogc-api-nrw
167137,"Eitorf, Gym Siegtal",Gymnasium,"Am Eichelkamp, Am Eichelkamp",53783,Eitorf,50.775072481703695,7.4485424575185855,ogc-api-nrw
167149,"Hennef, Gym Fritz-Jacobi-Str.",Gymnasium,"Fritz-Jacobi-Str., Fritz-Jacobi-Str. 18",53773,Hennef (Sieg),50.77744200143655,7.272901258610128,ogc-api-nrw
167150,"Bad Honnef, Gym Siebengebirgsgymnasium",Gymnasium,"Rommersdorfer Str., Rommersdorfer Str. 78-82",53604,Bad Honnef,50.65067515962664,7.225622864928182,ogc-api-nrw
167162,"Bad Honnef, Gym Schloß Hagerhof",Gymnasium,"Menzenberg, Menzenberg 13",53604,Bad Honnef,50.6290934391873,7.244860066636756,ogc-api-nrw
167186,"Königswinter, Gym am Oelberg",Gymnasium,"Weilerweg, Weilerweg 25",53639,Königswinter,50.7088858945357,7.273099164263706,ogc-api-nrw
167198,"Meckenheim, Gym Konrad-Adenauer",Gymnasium,"Königsberger Str., Königsberger Str. 30",53340,Meckenheim,50.62226228054785,7.041454320866639,ogc-api-nrw
167204,"Neunkirchen-Seel., Gym Antoniuskolleg",Gymnasium,"Pfarrer-Schaaf-Str., Pfarrer-Schaaf-Str. 1",53819,Neunkirchen-Seelscheid,50.83939938264417,7.334785863840038,ogc-api-nrw
167216,"Rheinbach, Gym Königsberger Str.",Gymnasium,"Königsberger Str., Königsberger Str. 29",53359,Rheinbach,50.62012690517552,6.941617373964758,ogc-api-nrw
167228,"Rheinbach, Gym St.Joseph",Gymnasium,"Stadtpark, Stadtpark 31",53359,Rheinbach,50.62049918449224,6.952020782500268,ogc-api-nrw
167241,"Siegburg, Gym Anno-Gymnasium",Gymnasium,"Zeithstr., Zeithstr. 186-188",53721,Siegburg,50.80357879138652,7.220929105912438,ogc-api-nrw
167253,"Siegburg, Gym Alleestraße",Gymnasium,"Alleestr., Alleestr. 2",53721,Siegburg,50.79706268187464,7.203608424039766,ogc-api-nrw
167265,"Troisdorf, Gym Zum Altenforst",Gymnasium,"Zum Altenforst, Zum Altenforst 10",53840,Troisdorf,50.815669946952,7.176900817548152,ogc-api-nrw
167277,"Troisdorf, Gym Heinrich-Böll",Gymnasium,"Edith-Stein-Str., Edith-Stein-Str. 15",53844,Troisdorf,50.80674661926242,7.121821469693169,ogc-api-nrw
167289,"Windeck, Gym Bodelschwingh Herchen",Gymnasium,"Bodelschwinghstr., Bodelschwinghstr. 2",51570,Windeck,50.77822396922166,7.516567129834112,ogc-api-nrw
167290,"Aachen, Gym Kaiser-Karls",Gymnasium,"Augustinerbach, Augustinerbach 7",52062,Aachen,50.77702409469988,6.0817724291108695,ogc-api-nrw
167307,"Aachen, Gym Viktoriaschule",Gymnasium,"Warmweiherstr., Warmweiherstr. 4-8",52066,Aachen,50.7686297821586,6.096465386925019,ogc-api-nrw
167319,"Aachen, Gym Rhein-Maas",Gymnasium,"Rhein-Maas-Str., Rhein-Maas-Str. 2",52066,Aachen,50.75833745243894,6.0870199240925755,ogc-api-nrw
167320,"Aachen, Gym Anne-Frank",Gymnasium,"Hander Weg, Hander Weg 89",52072,Aachen,50.804644377725786,6.049814510227141,ogc-api-nrw
167332,"Aachen, Gym Couven",Gymnasium,"Lütticher Str., Lütticher Str. 111a",52074,Aachen,50.763718722324434,6.070956617072029,ogc-api-nrw
167344,"Aachen, Gym St.Ursula",Gymnasium,"Bergdriesch, Bergdriesch 32-36",52062,Aachen,50.77990729345384,6.084118274406011,ogc-api-nrw
167356,"Aachen, Gym Einhard",Gymnasium,"Robert-Schuman-Str., Robert-Schuman-Str. 4",52066,Aachen,50.75697251051858,6.092876350960294,ogc-api-nrw
167368,"Aachen, Gym St.Leonhard",Gymnasium,"Jesuitenstr., Jesuitenstr. 9",52062,Aachen,50.77346991510525,6.0835258568063955,ogc-api-nrw
167370,"Aachen, Gym Pius",Gymnasium,"Eupener Str., Eupener Str. 158",52066,Aachen,50.75348011493736,6.084145388032413,ogc-api-nrw
167381,"Aachen, Gym Geschwister-Scholl",Gymnasium,"Stolberger Str., Stolberger Str. 200",52068,Aachen,50.776294172053674,6.12223585673853,ogc-api-nrw
167393,"Aachen, Gym Inda",Gymnasium,"Gangolfsweg, Gangolfsweg 52",52076,Aachen,50.72591047255956,6.178425915921685,ogc-api-nrw
167400,"Alsdorf, Gym Alsdorf",Gymnasium,"Konrad-Adenauer-Allee, Konrad-Adenauer-Allee 1",52477,Alsdorf,50.875255789846484,6.145213809282018,ogc-api-nrw
167411,"Baesweiler, Gym Otto-Hahn-Str.",Gymnasium,"Otto-Hahn-Str., Otto-Hahn-Str. 16-18",52499,Baesweiler,50.91083327963741,6.186415934996362,ogc-api-nrw
167423,"Eschweiler, Gym Liebfrauenschule",Gymnasium,"Liebfrauenstr., Liebfrauenstr. 30",52249,Eschweiler,50.82473965381165,6.262986694075165,ogc-api-nrw
167435,"Eschweiler, Gym Peter-Paul-Str.",Gymnasium,"Peter-Paul-Str., Peter-Paul-Str. 13",52249,Eschweiler,50.82071288427978,6.272707738783448,ogc-api-nrw
167447,"Herzogenrath, Gym Bardenberger Str.",Gymnasium,"Bardenberger Str., Bardenberger Str. 72",52134,Herzogenrath,50.86335762562216,6.107338227399692,ogc-api-nrw
167459,"Monschau, Gym St. Michael",Gymnasium,"Walter-Scheibler-Str., Walter-Scheibler-Str. 51",52156,Monschau,50.55759784924141,6.235614934277206,ogc-api-nrw
167460,"Stolberg, Gym Ritzefeld",Gymnasium,"Ritzefeldstr., Ritzefeldstr. 59",52222,Stolberg (Rhld.),50.775748025212415,6.2281139315559555,ogc-api-nrw
167472,"Stolberg, Gym Goethe",Gymnasium,"Lerchenweg, Lerchenweg 5",52223,Stolberg (Rhld.),50.768857310389116,6.222422272709225,ogc-api-nrw
167484,"Würselen, Gym Klosterstraße",Gymnasium,"Tittelsstr., Tittelsstr. 63",52146,Würselen,50.8149073587326,6.127230648707095,ogc-api-nrw
167496,"Würselen, Gym Heilig-Geist-Gymnasium",Gymnasium,"Broicher Str., Broicher Str. 103",52146,Würselen,50.84371876280947,6.173991663722682,ogc-api-nrw
167502,"Düren, Gym Bischöfl. St. Angela-Schule",Gymnasium,"Bismarckstr., Bismarckstr. 24",52351,Düren,50.80638201155243,6.489238549946499,ogc-api-nrw
167514,"Düren, Gym Stiftisches Gymnasium",Gymnasium,"Altenteich, Altenteich 14",52349,Düren,50.79977446762045,6.481474499532603,ogc-api-nrw
167526,"Düren, Gym Rurtal",Gymnasium,"Bismarckstr., Bismarckstr. 17",52351,Düren,50.806960224965174,6.4897753429606,ogc-api-nrw
167538,"Düren, Gym Burgau",Gymnasium,"Karl-Arnold-Str., Karl-Arnold-Str. 5",52349,Düren,50.78711072022499,6.492768824618922,ogc-api-nrw
167540,"Düren, Gym am Wirteltor",Gymnasium,"Hans-Brückmann-Str., Hans-Brückmann-Str. 1",52351,Düren,50.806478508473575,6.484534839176824,ogc-api-nrw
167551,"Hürtgenwald, Gym Franziskus",Gymnasium,"Franziskusweg, Franziskusweg 1",52393,Hürtgenwald,50.674151479269824,6.349543594736222,ogc-api-nrw
167563,"Jülich, Gym Haus Overbach",Gymnasium,"Franz-von-Sales-Str., Franz-von-Sales-Str. 3",52428,Jülich,50.94156041877339,6.307309128401353,ogc-api-nrw
167575,"Jülich, Gym St. Josef-Schule",Gymnasium,"Dr.-Weyer-Str., Dr.-Weyer-Str. 5",52428,Jülich,50.92215082597227,6.366462566301274,ogc-api-nrw
167587,"Jülich, Gym Zitadelle",Gymnasium,"In der Zitadelle, In der Zitadelle",52428,Jülich,50.92554147820694,6.360080295028378,ogc-api-nrw
167599,"Erkelenz, Gym Cornelius-Burgh-Gymnasium",Gymnasium,"Schulring, Schulring 4",41812,Erkelenz,51.08144037533993,6.307558952971471,ogc-api-nrw
167605,"Erkelenz, Gym Cusanus",Gymnasium,"Schulring, Schulring 6",41812,Erkelenz,51.08240489074947,6.308431112169363,ogc-api-nrw
167629,"Geilenkirchen, Gym St. Ursula",Gymnasium,"Markt, Markt 1",52511,Geilenkirchen,50.963707762783564,6.122343270513538,ogc-api-nrw
167630,"Heinsberg, Gym Kreisgymnasium",Gymnasium,"Linderner Str., Linderner Str. 30",52525,Heinsberg,51.05724911762737,6.097062116887137,ogc-api-nrw
167642,"Hückelhoven, Gym Hartlepooler Str.",Gymnasium,"Hartlepooler Platz, Hartlepooler Platz 10",41836,Hückelhoven,51.05481083206859,6.225445665343245,ogc-api-nrw
167654,"Übach-Palenberg, Gym Carolus-Magnus",Gymnasium,"Comeniusstr., Comeniusstr. 14",52531,Übach-Palenberg,50.91910460870902,6.108988985221882,ogc-api-nrw
167666,"Bocholt, Gym St. Josef",Gymnasium,"Hemdener Weg, Hemdener Weg 19",46399,Bocholt,51.8453124674052,6.613694672364347,ogc-api-nrw
167678,"Bocholt, Gym St.-Georg-Gymnasium Bocholt",Gymnasium,"Adenauerallee, Adenauerallee 1",46399,Bocholt,51.84297557299715,6.61553151653969,ogc-api-nrw
167680,"Bocholt, Gym Marien",Gymnasium,"Schleusenwall, Schleusenwall 1",46395,Bocholt,51.83805565360964,6.610623438869275,ogc-api-nrw
167691,"Bottrop, Gym Josef-Albers",Gymnasium,"Zeppelinstr., Zeppelinstr. 20",46236,Bottrop,51.518120604590464,6.918675494708648,ogc-api-nrw
167708,"Bottrop, Gym Heinrich-Heine",Gymnasium,"Gustav-Ohm-Str., Gustav-Ohm-Str. 65",46236,Bottrop,51.52465401836837,6.913360579354405,ogc-api-nrw
167710,"Bottrop, Gym Vestisches",Gymnasium,"Schulstr., Schulstr. 25",46244,Bottrop,51.606383682187854,6.919522029429232,ogc-api-nrw
167721,"Gelsenkirchen, Gym Leibniz",Gymnasium,"Breddestr., Breddestr. 21",45894,Gelsenkirchen,51.57569723549092,7.055146312700241,ogc-api-nrw
167733,"Gelsenkirchen, Gym Carl-Friedrich-Gauß",Gymnasium,"Hammerschmidtstr., Hammerschmidtstr. 13",45888,Gelsenkirchen,51.51515970942419,7.111401070253367,ogc-api-nrw
167745,"Gelsenkirchen, Gym Max-Planck",Gymnasium,"Goldbergstr., Goldbergstr. 91",45894,Gelsenkirchen,51.58029857408327,7.065847374711993,ogc-api-nrw
167757,"Gelsenkirchen, Gym von-Droste-Hülshoff",Gymnasium,"Goldbergstr., Goldbergstr. 93",45894,Gelsenkirchen,51.58131013590893,7.064476474649936,ogc-api-nrw
167770,"Gelsenkirchen, Gym Ricarda-Huch",Gymnasium,"Schultestr., Schultestr. 50",45888,Gelsenkirchen,51.51282535059106,7.10550208062918,ogc-api-nrw
167782,"Gelsenkirchen, Gym Grillo",Gymnasium,"Hauptstr., Hauptstr. 60",45879,Gelsenkirchen,51.5130837882258,7.099798427442939,ogc-api-nrw
167794,"Gelsenkirchen, Gym Schalker",Gymnasium,"Liboriusstr., Liboriusstr. 103",45881,Gelsenkirchen,51.51792636311802,7.098962634115939,ogc-api-nrw
167800,"Gladbeck, Gym Riesener-Gymnasium",Gymnasium,"Schützenstr., Schützenstr. 23",45964,Gladbeck,51.57046580536136,6.9865203323823275,ogc-api-nrw
167812,"Gladbeck, Gym Rats",Gymnasium,"Mittelstr., Mittelstr. 50",45964,Gladbeck,51.57553254998353,6.987263353448193,ogc-api-nrw
167824,"Gladbeck, Gym Heisenberg",Gymnasium,"Konrad-Adenauer-Allee, Konrad-Adenauer-Allee 1",45964,Gladbeck,51.577011364020464,6.980169166244072,ogc-api-nrw
167836,"Münster, Gym Annette-von-Droste-Hülshoff",Gymnasium,"Grüne Gasse, Grüne Gasse 38-40",48143,Münster,51.9581854583093,7.623781107129904,ogc-api-nrw
167848,"Münster, Gym Schiller-Gymnasium",Gymnasium,"Gertrudenstr., Gertrudenstr. 5",48149,Münster,51.96896770168077,7.620815894645109,ogc-api-nrw
167850,"Münster, Gym Paulinum",Gymnasium,"Am Stadtgraben, Am Stadtgraben 30",48143,Münster,51.95996719129945,7.617759169468056,ogc-api-nrw
167861,"Münster, Gym Ratsgymnasium",Gymnasium,"Bohlweg, Bohlweg 7",48147,Münster,51.96687468884771,7.637984374658414,ogc-api-nrw
167873,"Münster, Gym Johann-Conrad-Schlaun",Gymnasium,"Sonnenstr., Sonnenstr. 18",48143,Münster,51.96306625980059,7.633674942281187,ogc-api-nrw
167885,"Münster, Gym Pascalgymnasium",Gymnasium,"Uppenkampstiege, Uppenkampstiege 17",48147,Münster,51.97619000950417,7.626374348057627,ogc-api-nrw
167897,"Münster, Gym Wilhelm-Hittorf",Gymnasium,"Prinz-Eugen-Str., Prinz-Eugen-Str. 27",48151,Münster,51.947080255488636,7.619130311556089,ogc-api-nrw
167903,"Münster, Gym Marienschule",Gymnasium,"Hermannstr., Hermannstr. 21",48151,Münster,51.9548888595444,7.622528634945825,ogc-api-nrw
167915,"Münster, Gym Freiherr-vom-Stein",Gymnasium,"Dieckmannstr., Dieckmannstr. 141",48161,Münster,51.96101192403075,7.5689825424470145,ogc-api-nrw
167927,"Recklinghausen, Gym Marie-Curie",Gymnasium,"Görresstr., Görresstr. 5",45657,Recklinghausen,51.619195987608016,7.201243241289653,ogc-api-nrw
167939,"Recklinghausen, Gym Hittorf",Gymnasium,"Kemnastr., Kemnastr. 38",45657,Recklinghausen,51.60934585892362,7.191667149220659,ogc-api-nrw
167940,"Recklinghausen, Gym Theodor-Heuss",Gymnasium,"Theodor-Körner-Str., Theodor-Körner-Str. 25",45661,Recklinghausen,51.5721727135935,7.209406690063764,ogc-api-nrw
167952,"Recklinghausen, Gym Petrinum",Gymnasium,"Herzogswall, Herzogswall 29",45657,Recklinghausen,51.61427871344047,7.193738836034533,ogc-api-nrw
167976,"Ahaus, Gym Canisiusschule",Gymnasium,"Hindenburgallee, Hindenburgallee 30a",48683,Ahaus,52.07434242533381,7.014472445689965,ogc-api-nrw
167988,"Ahaus, Gym Alexander-Hegius",Gymnasium,"Fuistingstr., Fuistingstr. 18",48683,Ahaus,52.08454251551894,7.009319672810521,ogc-api-nrw
167990,"Gronau, Gym Werner-von-Siemens",Gymnasium,"Laubstiege, Laubstiege 21",48599,Gronau (Westf.),52.20561046566576,7.0355251490336865,ogc-api-nrw
168002,"Vreden, Gym Georgianum",Gymnasium,"Zwillbrocker Str., Zwillbrocker Str. 3",48691,Vreden,52.038656351852005,6.816041028584863,ogc-api-nrw
168014,"Ahlen, Gym St. Michael",Gymnasium,"Warendorfer Str., Warendorfer Str. 72",59227,Ahlen,51.7717810246726,7.897027667421681,ogc-api-nrw
168026,"Ahlen, Gym Bruno-Wagler-Weg",Gymnasium,"Bruno-Wagler-Weg, Bruno-Wagler-Weg 2-4",59227,Ahlen,51.761704734738736,7.884999913506329,ogc-api-nrw
168038,"Beckum, Gym Albertus-Magnus",Gymnasium,"Paterweg, Paterweg 8",59269,Beckum,51.75082339248512,8.037451614407285,ogc-api-nrw
168040,"Hamm, Gym Privatschule Schloss Heessen",Gymnasium,"Schlossstr., Schlossstr. 1",59073,Hamm,51.69916174867011,7.847192905026765,ogc-api-nrw
168051,"Beckum, Gym Kopernikus",Gymnasium,"Vellerner Str., Vellerner Str. 15",59269,Beckum,51.799619014176024,8.03175759212787,ogc-api-nrw
168063,"Wadersloh, Gym Johanneum",Gymnasium,"Liesborner Str., Liesborner Str. 10",59329,Wadersloh,51.73392392124587,8.25042377992061,ogc-api-nrw
168075,"Oelde, Gym Thomas-Morus",Gymnasium,"Zur Dicken Linde, Zur Dicken Linde 29",59302,Oelde,51.8228319611009,8.151226598873986,ogc-api-nrw
168087,"Borken, Gym Remigianum",Gymnasium,"Josefstr., Josefstr. 6",46325,Borken,51.84019576692043,6.867340404505235,ogc-api-nrw
168099,"Borken, Gym Mariengarden",Gymnasium,"Vennweg, Vennweg 6",46325,Borken,51.907068283935885,6.7776373921970645,ogc-api-nrw
168105,"Reken, Gym Mariannhiller Maria-Veen",Gymnasium,"Am Kloster, Am Kloster 9",48734,Reken,51.835089692794654,7.096953780816517,ogc-api-nrw
168117,"Coesfeld, Gym St.Pius-Gymnasium",Gymnasium,"Gerlever Weg, Gerlever Weg 5",48653,Coesfeld,51.94220797479702,7.182994169018319,ogc-api-nrw
168129,"Coesfeld, Gym Heriburg",Gymnasium,"Seminarstr., Seminarstr. 10",48653,Coesfeld,51.94732379148645,7.1638271279980605,ogc-api-nrw
168130,"Coesfeld, Gym Nepomucenum",Gymnasium,"Holtwicker Str., Holtwicker Str. 8",48653,Coesfeld,51.950478730624305,7.167205330957554,ogc-api-nrw
168142,"Dülmen, Gym Clemens-Brentano",Gymnasium,"An der Kreuzkirche, An der Kreuzkirche 7",48249,Dülmen,51.825228695765226,7.28294629501137,ogc-api-nrw
168154,"Dülmen, Gym Schloß Buldern mit Aufbau",Gymnasium,"Dorfbauerschaft, Dorfbauerschaft 41",48249,Dülmen,51.86110167298976,7.368457734233044,ogc-api-nrw
168166,"Werne, Gym St.Christophorus",Gymnasium,"Kardinal-von-Galen-Str., Kardinal-von-Galen-Str. 1",59368,Werne,51.67146464205235,7.619386576882093,ogc-api-nrw
168178,"Werne, Gym Anne-Frank",Gymnasium,"Goetheweg, Goetheweg 12",59368,Werne,51.670330948959744,7.61703489850233,ogc-api-nrw
168180,"Lünen, Gym Altlünen",Gymnasium,"Rudolph-Nagell-Str., Rudolph-Nagell-Str. 21",44534,Lünen,51.631677492351926,7.520692671497769,ogc-api-nrw
168191,"Lüdinghausen, Gym St.Antonius",Gymnasium,"Klosterstr., Klosterstr. 22",59348,Lüdinghausen,51.77575689417474,7.439927972076187,ogc-api-nrw
168208,"Lüdinghausen, Gym Canisianum",Gymnasium,"Disselhook, Disselhook 6",59348,Lüdinghausen,51.76782689889453,7.446114532496705,ogc-api-nrw
168210,"Greven, Gym Augustinianum",Gymnasium,"Lindenstr., Lindenstr. 68",48268,Greven,52.09091118026449,7.609351213577697,ogc-api-nrw
168221,"Münster, Gym Kardinal-von-Galen",Gymnasium,"Zum Roten Berge, Zum Roten Berge 25",48165,Münster,51.89943212839199,7.643775118367986,ogc-api-nrw
168233,"Münster, Gym St. Mauritz",Gymnasium,"Wersebeckmannweg, Wersebeckmannweg 81",48155,Münster,51.98291299786597,7.686018273738641,ogc-api-nrw
168245,"Münster, Gym Wolbeck",Gymnasium,"Von-Holte-Str., Von-Holte-Str. 56",48167,Münster,51.914070116463705,7.719172768350961,ogc-api-nrw
168257,"Haltern, Gym Joseph-König",Gymnasium,"Holtwicker Str., Holtwicker Str. 3-5",45721,Haltern am See,51.73931446096763,7.182933536031736,ogc-api-nrw
168269,"Herten, Gym Städt. Gymnasium Herten",Gymnasium,"Gartenstr., Gartenstr. 40",45699,Herten,51.596871659955326,7.139792896146465,ogc-api-nrw
168270,"Datteln, Gym Comenius",Gymnasium,"Südring, Südring 150",45711,Datteln,51.64871276856521,7.334970690494338,ogc-api-nrw
168282,"Dorsten, Gym Petrinum",Gymnasium,"Im Werth, Im Werth 17",46282,Dorsten,51.66538657638115,6.9631529212134495,ogc-api-nrw
168294,"Dorsten, Gym St.Ursula",Gymnasium,"Ursulastr., Ursulastr. 8-12",46282,Dorsten,51.66130568320981,6.965851970343002,ogc-api-nrw
168312,"Marl, Gym Im Loekamp",Gymnasium,"Loekampstr., Loekampstr. 80",45770,Marl,51.66070952071993,7.127303573355663,ogc-api-nrw
168336,"Waltrop, Gym Theodor-Heuss",Gymnasium,"Theodor-Heuss-Str., Theodor-Heuss-Str. 1",45731,Waltrop,51.620405196819114,7.3996562684128255,ogc-api-nrw
168348,"Steinfurt, Gym Borghorst",Gymnasium,"Herderstr., Herderstr. 6",48565,Steinfurt,52.12668702619936,7.405420604999704,ogc-api-nrw
168350,"Steinfurt, Gym Arnoldinum Europaschule",Gymnasium,"Pagenstecherweg, Pagenstecherweg 1",48565,Steinfurt,52.154142707128216,7.343759276628639,ogc-api-nrw
168361,"Emsdetten, Gym Martinum",Gymnasium,"Wannenmacherstr., Wannenmacherstr. 61",48282,Emsdetten,52.178989869292316,7.524158246690101,ogc-api-nrw
168373,"Rheine, Gym Dionysianum",Gymnasium,"Anton-Führer-Str., Anton-Führer-Str. 2",48431,Rheine,52.282447132082225,7.4322921027522675,ogc-api-nrw
168385,"Rheine, Gym Emsland",Gymnasium,"Bühnertstr., Bühnertstr. 120",48431,Rheine,52.265707677143695,7.430450003678781,ogc-api-nrw
168397,"Rheine, Gym Kopernikus",Gymnasium,"Kopernikusstr., Kopernikusstr. 61",48429,Rheine,52.27984523002363,7.457290360764884,ogc-api-nrw
168403,"Neuenkirchen, Gym Arnold-Janssen",Gymnasium,"Emsdettener Str., Emsdettener Str. 242",48485,Neuenkirchen,52.20370740577807,7.404654819999416,ogc-api-nrw
168415,"Ochtrup, Gym Ochtrup",Gymnasium,"Lortzingstr., Lortzingstr. 2",48607,Ochtrup,52.20708046148064,7.198023595964479,ogc-api-nrw
168427,"Lengerich, Gym Hannah-Arendt",Gymnasium,"Hannah-Arendt-Str., Hannah-Arendt-Str. 2",49525,Lengerich,52.182316967352875,7.865514531533628,ogc-api-nrw
168439,"Mettingen, Gym Kardinal-von-Galen-Schule",Gymnasium,"Große Str., Große Str. 38",49497,Mettingen,52.3211022399977,7.786800859310478,ogc-api-nrw
168440,"Recke, Gym Fürstenberg-Schule",Gymnasium,"Brookweg, Brookweg 7",49509,Recke,52.36860334134883,7.713042124272248,ogc-api-nrw
168452,"Ibbenbüren, Gym Johannes-Kepler",Gymnasium,"Wilhelmstr., Wilhelmstr. 210",49477,Ibbenbüren,52.27009704654256,7.73462713620487,ogc-api-nrw
168464,"Ibbenbüren, Gym Goethe, Europa-Schule",Gymnasium,"Goethestr., Goethestr. 7",49477,Ibbenbüren,52.27457058660483,7.721733247114102,ogc-api-nrw
168476,"Tecklenburg, Gym Graf-Adolf",Gymnasium,"Hofbauers Kamp, Hofbauers Kamp 2-4",49545,Tecklenburg,52.21829327688853,7.815485563265562,ogc-api-nrw
168490,"Warendorf, Gym Laurentianum",Gymnasium,"Von-Ketteler-Str., Von-Ketteler-Str. 24",48231,Warendorf,51.94800811710895,7.975806083043784,ogc-api-nrw
168506,"Warendorf, Gym Marien",Gymnasium,"Von-Ketteler-Str., Von-Ketteler-Str. 15",48231,Warendorf,51.94736425438136,7.981393408994128,ogc-api-nrw
168518,"Ostbevern, Gym Johanneum",Gymnasium,"Loburg, Loburg 15",48346,Ostbevern,52.04548433711792,7.860408694261423,ogc-api-nrw
168520,"Bielefeld, Gym Cecilien",Gymnasium,"Niedermühlenkamp, Niedermühlenkamp 5",33604,Bielefeld,52.015865471649654,8.548597409433068,ogc-api-nrw
168531,"Bielefeld, Gym Ratsgymnasium",Gymnasium,"Nebelswall, Nebelswall 1",33602,Bielefeld,52.018596338886915,8.527352100365238,ogc-api-nrw
168543,"Bielefeld, Gym Helmholtz",Gymnasium,"Ravensberger Str., Ravensberger Str. 131",33607,Bielefeld,52.017918346682556,8.547017494835544,ogc-api-nrw
168555,"Bielefeld, Gym am Waldhof",Gymnasium,"Waldhof, Waldhof 8",33602,Bielefeld,52.01881934906395,8.529156772013632,ogc-api-nrw
168567,"Bielefeld, Gym Marienschule",Gymnasium,"Sieboldstr., Sieboldstr. 4a",33611,Bielefeld,52.047793806399,8.54661340746997,ogc-api-nrw
168579,"Bielefeld, Gym Max-Planck",Gymnasium,"Stapenhorststr., Stapenhorststr. 96",33615,Bielefeld,52.029244149926406,8.514689783162455,ogc-api-nrw
168580,"Bielefeld, Gym Brackweder",Gymnasium,"Beckumer Str., Beckumer Str. 10",33647,Bielefeld,51.98360540236122,8.50169938957147,ogc-api-nrw
168592,"Bielefeld, Gym v. Bodelschw. Stiftungen",Gymnasium,"An der Rehwiese, An der Rehwiese 65",33617,Bielefeld,52.004588062426436,8.522823301061335,ogc-api-nrw
168610,"Bielefeld, Gym Hans-Ehrenberg-Schule",Gymnasium,"Elbeallee, Elbeallee 75",33689,Bielefeld,51.94776452433713,8.587052447654091,ogc-api-nrw
168622,"Bielefeld, Gym Heepen",Gymnasium,"Alter Postweg, Alter Postweg 37",33719,Bielefeld,52.02887814230208,8.601712542911493,ogc-api-nrw
168634,"Büren, Gym Mauritius",Gymnasium,"Burgstr., Burgstr. 2",33142,Büren,51.55540960039706,8.5581319014567,ogc-api-nrw
168646,"Büren, Gym Liebfrauen",Gymnasium,"Lindenstr., Lindenstr. 15",33142,Büren,51.557343502095925,8.560709622606813,ogc-api-nrw
168658,"Blomberg, Gym Hermann-Vöchting",Gymnasium,"Ostring, Ostring 14",32825,Blomberg,51.947715568526604,9.102734614477232,ogc-api-nrw
168660,"Detmold, Gym Martin-Luther-Str.",Gymnasium,"Martin-Luther-Str., Martin-Luther-Str. 4",32756,Detmold,51.93469507380171,8.860844405501185,ogc-api-nrw
168683,"Detmold, Gym Leopoldinum",Gymnasium,"Hornsche Str., Hornsche Str. 48",32756,Detmold,51.93066416968407,8.882963869147522,ogc-api-nrw
168695,"Detmold, Gym Christian-Dietrich-Grabbe",Gymnasium,"Küster-Meyer-Platz, Küster-Meyer-Platz 2",32756,Detmold,51.93455838523746,8.884059183261272,ogc-api-nrw
168701,"Lage, Gym Gebrüder Humboldt",Gymnasium,"Breite Str., Breite Str. 30",32791,Lage,51.985158213887146,8.801887818996919,ogc-api-nrw
168713,"Halle, Gym Kreis",Gymnasium,"Neustädter Str., Neustädter Str. 2",33790,Halle (Westf.),52.05437219126956,8.358262655065744,ogc-api-nrw
168725,"Versmold, Gym Christophorusschule",Gymnasium,"Mühlenstr., Mühlenstr. 1",33775,Versmold,52.049901294768404,8.15543277789104,ogc-api-nrw
168737,"Werther, Gym Grünstr.",Gymnasium,"Grünstr., Grünstr. 10",33824,Werther (Westf.),52.069623053208424,8.421186845878779,ogc-api-nrw
168749,"Bünde, Gym am Markt",Gymnasium,"Marktstr., Marktstr. 12",32257,Bünde,52.194821978966225,8.586010530172846,ogc-api-nrw
168750,"Bünde, Gym Freiherr-vom-Stein",Gymnasium,"Ringstr., Ringstr. 69",32257,Bünde,52.20600871855649,8.556931454300933,ogc-api-nrw
168762,"Enger, Gym Widukind",Gymnasium,"Tiefenbruchstr., Tiefenbruchstr. 22",32130,Enger,52.141558172214914,8.548555223020394,ogc-api-nrw
168774,"Herford, Gym Ravensberger",Gymnasium,"Werrestr., Werrestr. 10",32049,Herford,52.12052813322894,8.67710948600289,ogc-api-nrw
168786,"Herford, Gym Königin-Mathilde",Gymnasium,"Vlothoer Str., Vlothoer Str. 1",32049,Herford,52.115724467313676,8.689543218528833,ogc-api-nrw
168798,"Herford, Gym Friedrichs",Gymnasium,"Werrestr., Werrestr. 9",32049,Herford,52.1204837325355,8.674042582940281,ogc-api-nrw
168804,"Löhne, Gym Albert-Schweitzer-Str.",Gymnasium,"Albert-Schweitzer-Str., Albert-Schweitzer-Str. 16",32584,Löhne,52.20373032147955,8.72006951799523,ogc-api-nrw
168816,"Vlotho, Gym Weser",Gymnasium,"Professor-Domagk-Str., Professor-Domagk-Str. 12",32602,Vlotho,52.16382931051468,8.869970074338157,ogc-api-nrw
168828,"Brakel, Gym Brede",Gymnasium,"Bredenweg, Bredenweg 7",33034,Brakel,51.71931722524749,9.180257275366984,ogc-api-nrw
168853,"Bad Driburg, Gym St. Xaver",Gymnasium,"Dringenberger Str., Dringenberger Str. 32",33014,Bad Driburg,51.730810314566924,9.017317884080603,ogc-api-nrw
168865,"Höxter, Gym König-Wilhelm",Gymnasium,"Im Flor, Im Flor 11",37671,Höxter,51.776502580945206,9.371652941398922,ogc-api-nrw
168877,"Barntrup, Gym Große Twete",Gymnasium,"Große Twete, Große Twete 5",32683,Barntrup,51.98792029754132,9.1157436224151,ogc-api-nrw
168889,"Lemgo, Gym Marianne-Weber-Gymnasium",Gymnasium,"Franz-Liszt-Str., Franz-Liszt-Str. 34",32657,Lemgo,52.032086452404414,8.896751442490308,ogc-api-nrw
168890,"Lemgo, Gym Engelbert-Kaempfer",Gymnasium,"Rampendal, Rampendal 63",32657,Lemgo,52.02730282073877,8.896223169147724,ogc-api-nrw
168907,"Oerlinghausen, Gym Niklas-Luhmann",Gymnasium,"Ravensberger Str., Ravensberger Str. 11",33813,Oerlinghausen,51.962916816287596,8.660996030323728,ogc-api-nrw
168920,"Bad Salzuflen, Gym Rudolph-Brandes",Gymnasium,"Wasserfuhr, Wasserfuhr 25e",32108,Bad Salzuflen,52.077181592320095,8.76355699012016,ogc-api-nrw
168932,"Lübbecke, Gym Wittekind-Gymnasium",Gymnasium,"Ziegeleiweg, Ziegeleiweg 14",32312,Lübbecke,52.30252657859395,8.622624268722149,ogc-api-nrw
168944,"Espelkamp, Gym Söderblom-Gymnasium",Gymnasium,"Kantstr., Kantstr. 33",32339,Espelkamp,52.37945220572639,8.635043935217672,ogc-api-nrw
168956,"Minden, Gym Herder u.Caroline v.Humboldt",Gymnasium,"Brüningstr., Brüningstr. 2",32427,Minden,52.29118268399353,8.909976251530018,ogc-api-nrw
168970,"Minden, Gym Besselgymnasium",Gymnasium,"Hahler Str., Hahler Str. 134",32427,Minden,52.29766060679729,8.884447771467403,ogc-api-nrw
168981,"Minden, Gym Rats",Gymnasium,"Königswall, Königswall 28",32423,Minden,52.285804757003675,8.907905420879784,ogc-api-nrw
168993,"Bad Oeynhausen, Gym Immanuel-Kant",Gymnasium,"Grüner Weg, Grüner Weg 28",32547,Bad Oeynhausen,52.202405922027204,8.814385225185593,ogc-api-nrw
169006,"Petershagen, Gym Hauptstr.",Gymnasium,"Hauptstr., Hauptstr. 15",32469,Petershagen,52.37806048452664,8.968444583894735,ogc-api-nrw
169018,"Paderborn, Gym Goerdeler-Gymnasium",Gymnasium,"Goerdelerstr., Goerdelerstr. 35",33102,Paderborn,51.72264094093092,8.725250953362057,ogc-api-nrw
169020,"Paderborn, Gym Pelizaeus",Gymnasium,"Gierswall, Gierswall 2",33102,Paderborn,51.72108418379169,8.76175630793196,ogc-api-nrw
169031,"Paderborn, Gym Reismann",Gymnasium,"Reismannweg, Reismannweg 2",33100,Paderborn,51.7207902214888,8.76311865928063,ogc-api-nrw
169043,"Paderborn, Gym St. Michael",Gymnasium,"Michaelstr., Michaelstr. 17",33098,Paderborn,51.72012329055218,8.753611115123473,ogc-api-nrw
169055,"Paderborn, Gym Theodorianum",Gymnasium,"Kamp, Kamp 4",33098,Paderborn,51.71631288414782,8.754543762412395,ogc-api-nrw
169067,"Warburg, Gym Marianum",Gymnasium,"Brüderkirchhof, Brüderkirchhof 7",34414,Warburg,51.48710933466402,9.148432351093811,ogc-api-nrw
169079,"Warburg, Gym Hüffert",Gymnasium,"Wachtelpfad, Wachtelpfad 5",34414,Warburg,51.48559276137286,9.138605231254724,ogc-api-nrw
169080,"Bad Driburg, Gym St. Kaspar",Gymnasium,"Paderborner Str., Paderborner Str. 24",33014,Bad Driburg,51.67625166605403,8.997700473518648,ogc-api-nrw
169092,"Gütersloh, Gym Stifts",Gymnasium,"Feldstr., Feldstr. 13",33330,Gütersloh,51.905704550516376,8.37339347026206,ogc-api-nrw
169109,"Gütersloh, Gym Schulstr.",Gymnasium,"Schulstr., Schulstr. 18",33330,Gütersloh,51.90913003753911,8.37844839647185,ogc-api-nrw
169110,"Rheda-Wiedenbrück, Gym Rats",Gymnasium,"Rektoratsstr., Rektoratsstr. 23",33378,Rheda-Wiedenbrück,51.838202097987214,8.306809564366384,ogc-api-nrw
169122,"Rheda-Wiedenbrück, Gym Einstein",Gymnasium,"Fürst-Bentheim-Str., Fürst-Bentheim-Str. 60",33378,Rheda-Wiedenbrück,51.84949938824767,8.271777926841908,ogc-api-nrw
169134,"Rietberg, Gym Nepomucenum",Gymnasium,"Torfweg, Torfweg 65",33397,Rietberg,51.80865781654017,8.434790597505929,ogc-api-nrw
169158,"Bochum, Gym Hildegardis-Gymnasium",Gymnasium,"Klinikstr., Klinikstr. 1",44791,Bochum,51.48624941220283,7.228460923371796,ogc-api-nrw
169160,"Bochum, Gym Graf-Engelbert-Gymnasium",Gymnasium,"Königsallee, Königsallee 77-79",44789,Bochum,51.46622639930617,7.219806270780381,ogc-api-nrw
169171,"Bochum, Gym Schiller",Gymnasium,"Waldring, Waldring 71",44789,Bochum,51.4640728427605,7.221300978402374,ogc-api-nrw
169183,"Bochum, Gym Lessing-Gymnasium",Gymnasium,"Ottilienstr., Ottilienstr. 12",44892,Bochum,51.4717628776438,7.315762664129618,ogc-api-nrw
169213,"Bochum, Gym Goethe",Gymnasium,"Goetheplatz, Goetheplatz 1",44791,Bochum,51.48651819088184,7.220081852774922,ogc-api-nrw
169225,"Bochum, Gym Theodor-Körner",Gymnasium,"Keilstr., Keilstr. 42-48",44879,Bochum,51.42759338541181,7.151265866251287,ogc-api-nrw
169237,"Bochum, Gym Heinrich-v.-Kleist-Gymnasium",Gymnasium,"Heinrichstr., Heinrichstr. 2",44805,Bochum,51.51585059937588,7.274111809655254,ogc-api-nrw
169249,"Castrop-Rauxel, Gym Ernst-Barlach",Gymnasium,"Lunastr., Lunastr. 3",44575,Castrop-Rauxel,51.559739962829354,7.31219662572063,ogc-api-nrw
169250,"Castrop-Rauxel, Gym Adalbert-Stifter",Gymnasium,"Leonhardstr., Leonhardstr. 8",44575,Castrop-Rauxel,51.54657193767799,7.310116774338537,ogc-api-nrw
169274,"Dortmund, Gym Bert-Brecht-Gymnasium",Gymnasium,"Sumbecks Holz, Sumbecks Holz 5",44379,Dortmund,51.51784822048384,7.360056684311758,ogc-api-nrw
169286,"Dortmund, Gym Heisenberg",Gymnasium,"Preußische Str., Preußische Str. 225",44339,Dortmund,51.552920182229556,7.494299449366799,ogc-api-nrw
169298,"Dortmund, Gym Immanuel-Kant",Gymnasium,"Grüningsweg, Grüningsweg 42",44319,Dortmund,51.53186945433935,7.595081710300375,ogc-api-nrw
169304,"Dortmund, Gym Max-Planck-Gymnasium",Gymnasium,"Ardeystr., Ardeystr. 70-72",44139,Dortmund,51.490114748126864,7.460170895239159,ogc-api-nrw
169316,"Dortmund, Gym Mallinckrodt",Gymnasium,"Südrandweg, Südrandweg 2-4",44139,Dortmund,51.50931580370967,7.46651273989077,ogc-api-nrw
169328,"Dortmund, Gym Helene-Lange",Gymnasium,"Am Hombruchsfeld, Am Hombruchsfeld 55a",44225,Dortmund,51.474708473818616,7.4504515335452774,ogc-api-nrw
169330,"Dortmund, Gym Käthe-Kollwitz",Gymnasium,"Erzbergerstr., Erzbergerstr. 1-3",44135,Dortmund,51.51052656898849,7.47315880959664,ogc-api-nrw
169341,"Dortmund, Gym Stadtgymnasium Dortmund",Gymnasium,"Heiliger Weg, Heiliger Weg 25",44135,Dortmund,51.511572621784204,7.474074984579151,ogc-api-nrw
169353,"Dortmund, Gym Reinoldus u. Schiller",Gymnasium,"Hallerey, Hallerey 49-51",44149,Dortmund,51.51460282924414,7.411078094202655,ogc-api-nrw
169390,"Dortmund, Gym Schweizer Allee",Gymnasium,"Schweizer Allee, Schweizer Allee 18-20",44287,Dortmund,51.4916061585336,7.5635198695692605,ogc-api-nrw
169407,"Dortmund, Gym Leibniz",Gymnasium,"Kreuzstr., Kreuzstr. 163",44137,Dortmund,51.501180239295536,7.44214796783151,ogc-api-nrw
169419,"Dortmund, Gym Goethe",Gymnasium,"Stettiner Str., Stettiner Str. 12",44263,Dortmund,51.480046339815715,7.49154512671565,ogc-api-nrw
169420,"Dortmund, Gym Helmholtz",Gymnasium,"Münsterstr., Münsterstr. 122",44145,Dortmund,51.52660970378705,7.459761627518983,ogc-api-nrw
169456,"Dortmund, Gym Phoenix",Gymnasium,"Seekante, Seekante 12",44263,Dortmund,51.492397157519775,7.500284814364161,ogc-api-nrw
169468,"Hagen, Gym Fichte",Gymnasium,"Goldbergstr., Goldbergstr. 20",58095,Hagen,51.355950837365306,7.469485470205231,ogc-api-nrw
169470,"Hagen, Gym Albrecht-Dürer",Gymnasium,"Heinitzstr., Heinitzstr. 73",58097,Hagen,51.367724392629945,7.484177380406386,ogc-api-nrw
169481,"Hagen, Gym Theodor-Heuss",Gymnasium,"Humpertstr., Humpertstr. 19",58097,Hagen,51.3696444984603,7.478295437546911,ogc-api-nrw
169493,"Hagen, Gym Hildegardis-Schule",Gymnasium,"Zehlendorfer Str., Zehlendorfer Str. 19",58097,Hagen,51.36365023180434,7.475822272351014,ogc-api-nrw
169511,"Hagen, Gym Christian-Rohlfs",Gymnasium,"Ennepeufer, Ennepeufer 3",58135,Hagen,51.351639344719985,7.4244202308542375,ogc-api-nrw
169523,"Hagen, Gym Ricarda-Huch",Gymnasium,"Voswinckelstr., Voswinckelstr. 1",58095,Hagen,51.36115793666215,7.475028803326581,ogc-api-nrw
169559,"Hamm, Gym Galilei",Gymnasium,"Dr.-Voßhage-Str., Dr.-Voßhage-Str. 1",59065,Hamm,51.6896919824554,7.783747889978664,ogc-api-nrw
169560,"Hamm, Gym Beisenkamp-Gymnasium",Gymnasium,"Am Beisenkamp, Am Beisenkamp 1",59063,Hamm,51.672683042567435,7.830149385360109,ogc-api-nrw
169572,"Hamm, Gym Hammonense",Gymnasium,"Adenauerallee, Adenauerallee 2",59065,Hamm,51.68470360715819,7.81920718822124,ogc-api-nrw
169584,"Hamm, Gym Märkisches",Gymnasium,"Wilhelm-Liebknecht-Str., Wilhelm-Liebknecht-Str. 11",59067,Hamm,51.663102133718276,7.791516026861863,ogc-api-nrw
169596,"Hamm, Gym Freiherr-vom-Stein",Gymnasium,"Karl-Koßmann-Str., Karl-Koßmann-Str. 2",59071,Hamm,51.68544966398456,7.885442194666537,ogc-api-nrw
169602,"Herne, Gym Haranni",Gymnasium,"Hermann-Löns-Str., Hermann-Löns-Str. 58",44623,Herne,51.54208877420725,7.2263362017296995,ogc-api-nrw
169614,"Herne, Gym Pestalozzi",Gymnasium,"Harpener Weg, Harpener Weg 6",44629,Herne,51.544098384598,7.212398439418888,ogc-api-nrw
169626,"Herne, Gym Otto-Hahn",Gymnasium,"Hölkeskampring, Hölkeskampring 168",44625,Herne,51.53905802472963,7.240052534590955,ogc-api-nrw
169638,"Iserlohn, Gym Märkisches",Gymnasium,"Alexander-Pfänder-Weg, Alexander-Pfänder-Weg 7",58636,Iserlohn,51.3893329223765,7.7004344535715115,ogc-api-nrw
169640,"Iserlohn, Gym An der Stenner",Gymnasium,"Stennerstr., Stennerstr. 5",58636,Iserlohn,51.37848607008568,7.697824725917423,ogc-api-nrw
169663,"Lünen, Gym Freiherr-vom-Stein",Gymnasium,"Friedenstr., Friedenstr. 12",44532,Lünen,51.6110318407401,7.51574572831096,ogc-api-nrw
169675,"Herne, Gym Wanne",Gymnasium,"Gerichtsstr., Gerichtsstr. 9-11",44649,Herne,51.52914985592184,7.15816913804795,ogc-api-nrw
169687,"Herne, Gym Eickel",Gymnasium,"Gabelsbergerstr., Gabelsbergerstr. 22",44652,Herne,51.52235908745578,7.161528061749178,ogc-api-nrw
169699,"Bochum, Gym Märkisches Gymnasium",Gymnasium,"Saarlandstr., Saarlandstr. 44",44866,Bochum,51.47794858814955,7.135635329759028,ogc-api-nrw
169705,"Bochum, Gym Hellweg Europaschule",Gymnasium,"Lohackerstr., Lohackerstr. 13",44867,Bochum,51.47163265219956,7.149068253032668,ogc-api-nrw
169717,"Witten, Gym Schiller",Gymnasium,"Breddestr., Breddestr. 8",58452,Witten,51.439645995812484,7.334355126877729,ogc-api-nrw
169729,"Witten, Gym Ruhr",Gymnasium,"Synagogenstr., Synagogenstr. 1",58452,Witten,51.44173972556257,7.331084455655862,ogc-api-nrw
169730,"Witten, Gym Albert-Martmöller",Gymnasium,"Oberdorf, Oberdorf 9",58452,Witten,51.439166883189294,7.3398834599622305,ogc-api-nrw
169754,"Altena, Gym Burggymnasium",Gymnasium,"Bismarckstr., Bismarckstr. 10",58762,Altena,51.29816378335023,7.67049258642864,ogc-api-nrw
169766,"Plettenberg, Gym Albert-Schweitzer",Gymnasium,"Albert-Schweitzer-Str., Albert-Schweitzer-Str. 2",58840,Plettenberg,51.23160477148361,7.856437945151646,ogc-api-nrw
169778,"Halver, Gym Anne-Frank",Gymnasium,"Kantstr., Kantstr. 2",58553,Halver,51.183453087469765,7.491074720297257,ogc-api-nrw
169780,"Lüdenscheid, Gym Bergstadt",Gymnasium,"Saarlandstr., Saarlandstr. 5",58511,Lüdenscheid,51.22018927536185,7.645446542955398,ogc-api-nrw
169791,"Lüdenscheid, Gym Geschwister-Scholl",Gymnasium,"Hochstr., Hochstr. 27",58511,Lüdenscheid,51.21335043143513,7.63500911274192,ogc-api-nrw
169808,"Lüdenscheid, Gym Zeppelin-Gymnasium",Gymnasium,"Staberger Str., Staberger Str. 10",58511,Lüdenscheid,51.21333998400293,7.636426885047714,ogc-api-nrw
169810,"Meinerzhagen, Gym Ev. Gymnasium",Gymnasium,"Christoph-Friedrich-Baehrens-Str., Christoph-Friedrich-Baehrens-Str. 7",58540,Meinerzhagen,51.11100801645362,7.636169508959279,ogc-api-nrw
169833,"Arnsberg, Gym Laurentianum",Gymnasium,"Klosterstr., Klosterstr. 26",59821,Arnsberg,51.391953501761456,8.064850831369876,ogc-api-nrw
169845,"Arnsberg, Gym Marien",Gymnasium,"Königstr., Königstr. 36",59821,Arnsberg,51.3931706479141,8.063000590783243,ogc-api-nrw
169857,"Arnsberg, Gym St.Ursula",Gymnasium,"Engelbertstr., Engelbertstr. 43",59755,Arnsberg,51.447938759355644,7.971477831863887,ogc-api-nrw
169894,"Sundern, Gym Berliner Str.",Gymnasium,"Berliner Str., Berliner Str. 55",59846,Sundern (Sauerland),51.320555412654386,8.000620166693318,ogc-api-nrw
169900,"Warstein, Gym Europa-Gymnasium",Gymnasium,"Schorenweg, Schorenweg 9",59581,Warstein,51.45351374383397,8.34945239690069,ogc-api-nrw
169912,"Brilon, Gym Petrinum",Gymnasium,"Zur Jakobuslinde, Zur Jakobuslinde 21",59929,Brilon,51.39273789744281,8.550890110334716,ogc-api-nrw
169924,"Winterberg, Gym Geschwister-Scholl",Gymnasium,"Ursulinenstr., Ursulinenstr. 24",59955,Winterberg,51.1882842178217,8.525807019434714,ogc-api-nrw
169948,"Marsberg, Gym Carolus-Magnus",Gymnasium,"Schöffenwiese, Schöffenwiese 2",34431,Marsberg,51.46447853484381,8.852749526414048,ogc-api-nrw
169950,"Ennepetal, Gym Reichenbach",Gymnasium,"Peddinghausstr., Peddinghausstr. 17",58256,Ennepetal,51.301610172290474,7.3594126362923395,ogc-api-nrw
169961,"Gevelsberg, Gym Gevelsberg",Gymnasium,"Ochsenkamp, Ochsenkamp 100",58285,Gevelsberg,51.324762181545445,7.3147670348015446,ogc-api-nrw
169973,"Hattingen, Gym Schulzentrum Holthausen",Gymnasium,"Lindstockstr., Lindstockstr. 2",45527,Hattingen,51.3974630778642,7.205370213618355,ogc-api-nrw
169985,"Hattingen, Gym Waldstraße",Gymnasium,"Waldstr., Waldstr. 58",45525,Hattingen,51.39120692424341,7.189774960364028,ogc-api-nrw
169997,"Herdecke, Gym Friedrich-Harkort-Schule",Gymnasium,"Hengsteyseestr., Hengsteyseestr. 40",58313,Herdecke,51.39644802906947,7.441094412852532,ogc-api-nrw
170008,"Schwelm, Gym Märkisches",Gymnasium,"Präsidentenstr., Präsidentenstr. 1",58332,Schwelm,51.281367777711054,7.286630213776316,ogc-api-nrw
170010,"Wetter, Gym Geschwister-Scholl",Gymnasium,"Hoffmann-von-Fallersleben-Str., Hoffmann-von-Fallersleben-Str. 28",58300,Wetter (Ruhr),51.38563712661728,7.376084253171311,ogc-api-nrw
170021,"Hagen, Gym Hohenlimburg",Gymnasium,"Wiesenstr., Wiesenstr. 27",58119,Hagen,51.36283758169972,7.570425453601255,ogc-api-nrw
170033,"Iserlohn, Gym Letmathe",Gymnasium,"Aucheler Str., Aucheler Str. 10",58642,Iserlohn,51.372577639366575,7.606342568539257,ogc-api-nrw
170069,"Menden, Gym Walburgisgymnasium",Gymnasium,"Schwitter Weg, Schwitter Weg 22",58706,Menden (Sauerland),51.44287665919784,7.795884979275996,ogc-api-nrw
170070,"Schwerte, Gym Friedrich-Bährens",Gymnasium,"Ostberger Str., Ostberger Str. 17",58239,Schwerte,51.445283102826025,7.5728311707761895,ogc-api-nrw
170082,"Schwerte, Gym Ruhrtal",Gymnasium,"Wittekindstr., Wittekindstr. 6",58239,Schwerte,51.443423622674096,7.570039969942505,ogc-api-nrw
170094,"Hemer, Gym Friedrich-Leopold-Woeste",Gymnasium,"Albert-Schweitzer-Str., Albert-Schweitzer-Str. 1",58675,Hemer,51.38491420022915,7.758159365108868,ogc-api-nrw
170112,"Geseke, Gym Antonianum",Gymnasium,"Wichburgastr., Wichburgastr. 1",59590,Geseke,51.64067730485023,8.512678280165778,ogc-api-nrw
170124,"Lippstadt, Gym Evangelisches Gymnasium",Gymnasium,"Beckumer Str., Beckumer Str. 61",59555,Lippstadt,51.67693703844984,8.32956592394377,ogc-api-nrw
170136,"Lippstadt, Gym Marienschule",Gymnasium,"Pauline-von-Mallinckrodt-Platz, Pauline-von-Mallinckrodt-Platz 1",59558,Lippstadt,51.709119297465996,8.360468001324158,ogc-api-nrw
170148,"Lippstadt, Gym Europaschule Ostendorf",Gymnasium,"Cappeltor, Cappeltor 5",59555,Lippstadt,51.67691655000454,8.340239822043033,ogc-api-nrw
170150,"Erwitte, Gym Glasmerweg",Gymnasium,"Glasmerweg, Glasmerweg 12",59597,Erwitte,51.61254615154318,8.332421378832343,ogc-api-nrw
170161,"Lippstadt, Gym Schloß Overhagen",Gymnasium,"Schloßgraben, Schloßgraben 17-19",59556,Lippstadt,51.65910950850632,8.30834562852645,ogc-api-nrw
170173,"Rüthen, Gym Friedrich-Spee",Gymnasium,"Lippstädter Str., Lippstädter Str. 8",59602,Rüthen,51.49349827498031,8.435801421014306,ogc-api-nrw
170197,"Meschede, Gym Schederweg",Gymnasium,"Schederweg, Schederweg 65",59872,Meschede,51.341145684555805,8.29740687987726,ogc-api-nrw
170203,"Meschede, Gym der Benediktiner",Gymnasium,"Klosterberg, Klosterberg 7",59872,Meschede,51.35353980279034,8.278663111630134,ogc-api-nrw
170215,"Schmallenberg, Gym Obringhauser Straße",Gymnasium,"Obringhauser Str., Obringhauser Str. 38",57392,Schmallenberg,51.161196458478635,8.286157563155541,ogc-api-nrw
170227,"Attendorn, Gym St.Ursula",Gymnasium,"St.-Ursula-Str., St.-Ursula-Str. 12",57439,Attendorn,51.12340893169108,7.895121821904566,ogc-api-nrw
170239,"Attendorn, Gym Rivius",Gymnasium,"Westwall, Westwall 48",57439,Attendorn,51.12742067731103,7.899999338448691,ogc-api-nrw
170240,"Lennestadt, Gym Am Biertappen",Gymnasium,"Am Biertappen, Am Biertappen 45",57368,Lennestadt,51.106602435762014,8.069849636075656,ogc-api-nrw
170252,"Lennestadt, Gym Maria Königin",Gymnasium,"Olper Str., Olper Str. 46-48",57368,Lennestadt,51.09809820485052,8.061194191301604,ogc-api-nrw
170264,"Olpe, Gym St.-Franziskus",Gymnasium,"Kolpingstr., Kolpingstr. 12",57462,Olpe,51.026399181816835,7.846208477669723,ogc-api-nrw
170276,"Olpe, Gym Seminarstr.",Gymnasium,"Seminarstr., Seminarstr. 1",57462,Olpe,51.033004356455436,7.846657713283225,ogc-api-nrw
170290,"Hilchenbach, Gym Stift Keppel",Gymnasium,"Stift-Keppel-Weg, Stift-Keppel-Weg 37",57271,Hilchenbach,50.97643919571747,8.084246923245667,ogc-api-nrw
170306,"Siegen, Gym Auf der Morgenröthe",Gymnasium,"Höllenwaldstr., Höllenwaldstr. 100",57080,Siegen,50.847745168838664,7.982545791168202,ogc-api-nrw
170318,"Siegen, Gym ev. Weidenau",Gymnasium,"Im Tiergarten, Im Tiergarten 5-7",57076,Siegen,50.89962253769707,8.02109205079923,ogc-api-nrw
170320,"Siegen, Gym Fürst-Johann-Moritz",Gymnasium,"Ferndorfstr., Ferndorfstr. 10",57076,Siegen,50.90355986472219,8.01876238092172,ogc-api-nrw
170331,"Siegen, Gym Am Löhrtor",Gymnasium,"Oranienstr., Oranienstr. 27",57072,Siegen,50.8717475732844,8.020396969603533,ogc-api-nrw
170343,"Siegen, Gym Peter-Paul-Rubens",Gymnasium,"Rosterstr., Rosterstr. 143",57074,Siegen,50.861564707265764,8.018990501458317,ogc-api-nrw
170367,"Kreuztal, Gym Zum Erbstollen",Gymnasium,"Zum Erbstollen, Zum Erbstollen 5",57223,Kreuztal,50.96298281081218,7.996307277855556,ogc-api-nrw
170379,"Neunkirchen, Gym Dietrich-Bonhoeffer",Gymnasium,"Kopernikusring, Kopernikusring 100",57290,Neunkirchen,50.78861529282635,8.012842884346544,ogc-api-nrw
170380,"Soest, Gym Europaschule Aldegrever",Gymnasium,"Burghofstr., Burghofstr. 20",59494,Soest,51.568919761999865,8.110368721842585,ogc-api-nrw
170392,"Soest, Gym Conrad-von-Soest",Gymnasium,"Paradieser Weg, Paradieser Weg 92",59494,Soest,51.56963453169341,8.081756526470848,ogc-api-nrw
170409,"Soest, Gym Archi",Gymnasium,"Niederbergheimer Str., Niederbergheimer Str. 9",59494,Soest,51.56702626652472,8.115628666466497,ogc-api-nrw
170410,"Werl, Gym Marien",Gymnasium,"Am Breilsgraben, Am Breilsgraben 2",59457,Werl,51.55435043130294,7.903910484562033,ogc-api-nrw
170422,"Werl, Gym Ursulinen",Gymnasium,"Schloßstr., Schloßstr. 5",59457,Werl,51.550598851142155,7.909495871620087,ogc-api-nrw
170434,"Kamen, Gym Hammer Str.",Gymnasium,"Hammer Str., Hammer Str. 19",59174,Kamen,51.595622690857965,7.667411923515801,ogc-api-nrw
170446,"Unna, Gym Geschwister-Scholl",Gymnasium,"Palaiseaustr., Palaiseaustr. 2",59425,Unna,51.546628644274534,7.693375989365528,ogc-api-nrw
170458,"Unna, Gym Ernst-Barlach",Gymnasium,"Seminarstr., Seminarstr. 4",59423,Unna,51.53111578439369,7.6948726599172845,ogc-api-nrw
170460,"Unna, Gym Pestalozzi",Gymnasium,"Morgenstr., Morgenstr. 47-51",59423,Unna,51.53498108897571,7.6987992711521445,ogc-api-nrw
170471,"Bergkamen, Gym Hubert-Biernat-Str.",Gymnasium,"Hubert-Biernat-Str., Hubert-Biernat-Str. 1",59192,Bergkamen,51.616175455094115,7.622726156047346,ogc-api-nrw
170483,"Bad Berleburg, Gym Johannes-Althusius",Gymnasium,"Im Herrengarten, Im Herrengarten 11",57319,Bad Berleburg,51.050257467868576,8.391284419669057,ogc-api-nrw
170495,"Bad Laasphe, Gym Schloß Wittgenstein",Gymnasium,"Schloß Wittgenstein, Schloß Wittgenstein 6",57334,Bad Laasphe,50.93009386369073,8.39740780101776,ogc-api-nrw
170501,"Bad Laasphe, Gym Steinackerstr.",Gymnasium,"Steinackerstr., Steinackerstr. 10",57334,Bad Laasphe,50.928309954254686,8.410849199689986,ogc-api-nrw
170513,"Düsseldorf, WBK RS Gym St.-Franziskus",Weiterbildungskolleg,"Rückertstr., Rückertstr. 6",40470,Düsseldorf,51.25978931642621,6.813549575202662,ogc-api-nrw
170537,"Essen, WBK Gym, KOL Nikolaus-Groß",Weiterbildungskolleg,"Franziskanerstr., Franziskanerstr. 67",45139,Essen,51.455288760074126,7.0307320254653956,ogc-api-nrw
170562,"Viersen, WBK RS, Gym Linker Niederrhein",Weiterbildungskolleg,"Nikolaus-Groß-Str., Nikolaus-Groß-Str. 9",41751,Viersen,51.253064969696545,6.349051893575268,ogc-api-nrw
170574,"Bonn, WBK RS, Gym, KOL Langwartweg",Weiterbildungskolleg,"Langwartweg, Langwartweg 72",53129,Bonn,50.70805127682395,7.114211079968839,ogc-api-nrw
170586,"Köln, WBK RS, Gym Gereonsmühlengasse",Weiterbildungskolleg,"Judenkirchhofsweg, Judenkirchhofsweg 6",50679,Köln,50.92720883141258,6.981241508926897,ogc-api-nrw
170598,"Würselen, WBK Gym, Kol Friedrichstraße",Weiterbildungskolleg,"Friedrichstr., Friedrichstr. 72",52146,Würselen,50.82329419029692,6.1379769286433135,ogc-api-nrw
170604,"Gelsenkirchen, WBK Gym,KOL Emscher-Lippe",Weiterbildungskolleg,"Middelicher Str., Middelicher Str. 289",45892,Gelsenkirchen,51.58187934672566,7.11322570441465,ogc-api-nrw
170628,"Düsseldorf,WBK KOL Wilhelm-Heinrich-Rieh",Weiterbildungskolleg,"Am Hackenbruch, Am Hackenbruch 35",40231,Düsseldorf,51.20653254473088,6.834986180539916,ogc-api-nrw
170665,"Köln, WBK KOL Judenkirchhofsweg",Weiterbildungskolleg,"Judenkirchhofsweg, Judenkirchhofsweg 6",50679,Köln,50.92720883141258,6.981241508926897,ogc-api-nrw
170677,"Münster, WBK KOL Overberg",Weiterbildungskolleg,"Fliednerstr., Fliednerstr. 25",48149,Münster,51.96215498308605,7.592947871885247,ogc-api-nrw
170689,"Mettingen, WBK KOL Comenius Kolleg",Weiterbildungskolleg,"Sunderstr., Sunderstr. 15-17",49497,Mettingen,52.31698804353504,7.778433421579374,ogc-api-nrw
170690,"Bielefeld, WBK KOL Westfalen",Weiterbildungskolleg,"Brückenstr., Brückenstr. 72",33607,Bielefeld,52.019293804613646,8.578466482546201,ogc-api-nrw
170720,"Paderborn, WBK KOL, Gym Westfalen",Weiterbildungskolleg,"Fürstenweg, Fürstenweg 17 b",33102,Paderborn,51.72594471422074,8.742879996081992,ogc-api-nrw
170732,"Dortmund, WBK KOL Westfalen",Weiterbildungskolleg,"Rheinische Str., Rheinische Str. 67",44137,Dortmund,51.51339653692994,7.447236591569204,ogc-api-nrw
170768,"Düsseldorf, BK Albrecht-Dürer",Berufskolleg,"Paulsmühlenstr., Paulsmühlenstr. 1",40597,Düsseldorf,51.164384697585525,6.878442128550443,ogc-api-nrw
170770,"Düsseldorf, BK Leo-Statz",Berufskolleg,"Friedenstr., Friedenstr. 29",40219,Düsseldorf,51.21272805975033,6.76794027638464,ogc-api-nrw
170781,"Düsseldorf,BK Walter-Eucken-Berufskolleg",Berufskolleg,"Suitbertusstr., Suitbertusstr. 163-165",40223,Düsseldorf,51.20367028925899,6.7782708331458,ogc-api-nrw
170793,"Düsseldorf, BK Max-Weber-Berufskolleg",Berufskolleg,"Suitbertusstr., Suitbertusstr. 163-165",40223,Düsseldorf,51.20367028925899,6.7782708331458,ogc-api-nrw
170926,"Düsseldorf, BK Weber-Schule",Berufskolleg,"Emanuel-Leutze-Str., Emanuel-Leutze-Str. 8",40547,Düsseldorf,51.243987784098884,6.738328005649462,ogc-api-nrw
170963,"Düsseldorf, BK Kaiserswerther Diakonie",Berufskolleg,"Alte Landstr., Alte Landstr. 179 e",40489,Düsseldorf,51.299773992783656,6.742931528307487,ogc-api-nrw
170975,"Düsseldorf, BK St.Ursula",Berufskolleg,"Eiskellerstr., Eiskellerstr. 11",40213,Düsseldorf,51.23032154111321,6.773234056896902,ogc-api-nrw
171529,"Duisburg, BK Mitte",Berufskolleg,"Carstanjenstr., Carstanjenstr. 10",47057,Duisburg,51.431630248081845,6.786937236606636,ogc-api-nrw
171566,"Essen, BK Mitte",Berufskolleg,"Schwanenkampstr., Schwanenkampstr. 53",45127,Essen,51.45375221413173,7.002111047469774,ogc-api-nrw
171578,"Essen, BK Ost",Berufskolleg,"Knaudtstr., Knaudtstr. 25",45138,Essen,51.449800970877234,7.0429572873671935,ogc-api-nrw
171580,"Essen, BK Fleischerhandwerk",Berufskolleg,"Lützowstr., Lützowstr. 20",45141,Essen,51.4667706453222,7.023125009129925,ogc-api-nrw
171591,"Essen, BK West",Berufskolleg,"Am Westbahnhof, Am Westbahnhof 3-5",45144,Essen,51.45318891949639,6.9813078061234295,ogc-api-nrw
171608,"Essen, BK Heinz-Nixdorf",Berufskolleg,"Dahnstr., Dahnstr. 50",45144,Essen,51.45309702039628,6.9796277862739675,ogc-api-nrw
171633,"Essen, BK im Bildungspark",Berufskolleg,"Blücherstr., Blücherstr. 1",45141,Essen,51.47090908120956,7.0147096686563915,ogc-api-nrw
171645,"Essen, BK Erich-Brost-Berufskolleg",Berufskolleg,"Sachsenstr., Sachsenstr. 29",45128,Essen,51.44851236433745,7.003347289764656,ogc-api-nrw
171657,"Essen, BK Robert-Schuman-Berufskolleg",Berufskolleg,"Sachsenstr., Sachsenstr. 27",45128,Essen,51.44869944055204,7.003770898159488,ogc-api-nrw
171827,"Essen, BK Robert-Schmidt",Berufskolleg,"Robert-Schmidt-Str., Robert-Schmidt-Str. 1",45138,Essen,51.443189432326776,7.025697885987793,ogc-api-nrw
171839,"Essen, BK Dore Jacobs",Berufskolleg,"Twentmannstr., Twentmannstr. 125a",45326,Essen,51.481978778321896,7.018924197241058,ogc-api-nrw
171943,"Essen, BK Johannes-Kessels-Akademie",Berufskolleg,"Ludgerusstr., Ludgerusstr. 7",45239,Essen,51.39379913124782,7.00232391813488,ogc-api-nrw
171955,"Essen, BK Landwirtschaftskammer",Berufskolleg,"Külshammerweg, Külshammerweg 18-26",45149,Essen,51.42978712376614,6.983289158601633,ogc-api-nrw
172182,"Krefeld, BK Vera Beckers",Berufskolleg,"Girmesgath, Girmesgath 131",47803,Krefeld,51.340295029067754,6.543474353198822,ogc-api-nrw
172194,"Krefeld, BK Glockenspitz",Berufskolleg,"Glockenspitz, Glockenspitz 348",47809,Krefeld,51.3381984232689,6.610784787553408,ogc-api-nrw
172200,"Krefeld, BK Uerdingen",Berufskolleg,"Alte Krefelder Str., Alte Krefelder Str. 93",47829,Krefeld,51.3500623901955,6.635215190153982,ogc-api-nrw
172212,"Krefeld, BK Neuer Weg",Berufskolleg,"Neuer Weg, Neuer Weg 121",47803,Krefeld,51.33716104348163,6.5449916472616705,ogc-api-nrw
172224,"Leverkusen, BK Werkberufsch. d. Currenta",Berufskolleg,"Chempark Gebäude C, Chempark Gebäude C 104-West",51368,Leverkusen,51.00545838270634,6.993497376174824,ogc-api-nrw
172236,"Leverkusen, BK Bismarckstr.",Berufskolleg,"Bismarckstr., Bismarckstr. 211",51373,Leverkusen,51.03289527794207,7.0075310540365265,ogc-api-nrw
172250,"Leverkusen, BK Geschwister-Scholl",Berufskolleg,"Bismarckstr., Bismarckstr. 207-209",51373,Leverkusen,51.034232873885855,7.006860343003228,ogc-api-nrw
172420,"Mönchengladbach, BK Liebfrauenschule",Berufskolleg,"Bettrather Str., Bettrather Str. 20",41061,Mönchengladbach,51.19948731943335,6.4308958982373055,ogc-api-nrw
172455,"Mönchengladbach, BK Volksgartenstr.",Berufskolleg,"Volksgartenstr., Volksgartenstr. 124",41065,Mönchengladbach,51.190148596183896,6.452555548081998,ogc-api-nrw
172467,"Mönchengladbach, BK Platz der Republik",Berufskolleg,"Platz der Republik, Platz der Republik 1",41065,Mönchengladbach,51.1971975416515,6.448730987177716,ogc-api-nrw
172509,"Mülheim an der Ruhr, BK Lehnerstraße",Berufskolleg,"Lehnerstr., Lehnerstr. 67",45481,Mülheim an der Ruhr,51.400566441143525,6.8688657192659575,ogc-api-nrw
172510,"Mülheim an der Ruhr, BK Stadtmitte",Berufskolleg,"Kluse, Kluse 24-42",45470,Mülheim an der Ruhr,51.42096448067269,6.888313139722305,ogc-api-nrw
172662,"Neuss, BK Erzbischöfliches Berufskolleg",Berufskolleg,"Kapitelstr., Kapitelstr. 36",41460,Neuss,51.20153238870355,6.683374834214775,ogc-api-nrw
172686,"Neuss, BK Technik und Informatik",Berufskolleg,"Hammfelddamm, Hammfelddamm 2",41460,Neuss,51.193146806435614,6.710146089682585,ogc-api-nrw
172698,"Neuss, BK Berufsbildungszentrum Weingart",Berufskolleg,"Weingartstr., Weingartstr. 59-61",41464,Neuss,51.18943393568172,6.6951165439173135,ogc-api-nrw
172728,"Oberhausen, BK Hans-Böckler-Berufskolleg",Berufskolleg,"Otto-Dibelius-Str., Otto-Dibelius-Str. 9",46045,Oberhausen,51.47280901871712,6.856542874123872,ogc-api-nrw
172741,"Oberhausen, BK Käthe-Kollwitz",Berufskolleg,"Richard-Wagner-Allee, Richard-Wagner-Allee 40",46117,Oberhausen,51.50692119477217,6.861037810816251,ogc-api-nrw
172935,"Remscheid, BK Technik",Berufskolleg,"Neuenkamper Str., Neuenkamper Str. 55",42855,Remscheid,51.17929901720054,7.214013767623413,ogc-api-nrw
172947,"Remscheid, BK Käthe-Kollwitz",Berufskolleg,"Freiheitstr., Freiheitstr. 146",42853,Remscheid,51.178643404463166,7.181388931075387,ogc-api-nrw
172959,"Remscheid, BK Wirtschaft u. Verwaltung",Berufskolleg,"Schmalkalder Str., Schmalkalder Str. 5",42859,Remscheid,51.17678416869622,7.1966419763698735,ogc-api-nrw
172972,"Mönchengladbach, BK Maria-Lenssen",Berufskolleg,"Werner-Gilles-Str., Werner-Gilles-Str. 20-32",41236,Mönchengladbach,51.170408289086616,6.44357210280621,ogc-api-nrw
172996,"Mönchengladbach, BK Rheydt-Mülf. Technik",Berufskolleg,"Mülgaustr., Mülgaustr. 361",41238,Mönchengladbach,51.1522899728319,6.454513216759394,ogc-api-nrw
173009,"Mönchengladbach,BK Rheydt-Mülf.Wirt/Verw",Berufskolleg,"Bruchstr., Bruchstr. 58",41238,Mönchengladbach,51.15300955960196,6.458649569043337,ogc-api-nrw
173101,"Solingen, BK Friedrich-List",Berufskolleg,"Burgstr., Burgstr. 65",42655,Solingen,51.176548665949895,7.0785026704143155,ogc-api-nrw
173113,"Solingen, BK Zentralfachschule/Süßwaren",Berufskolleg,"De-Leuw-Str., De-Leuw-Str. 1-9",42653,Solingen,51.208788418378575,7.078979139999341,ogc-api-nrw
173125,"Solingen, BK Technik",Berufskolleg,"Oligschlägerweg, Oligschlägerweg 9",42655,Solingen,51.173084653616435,7.080048701162588,ogc-api-nrw
173137,"Solingen, BK Mildred-Scheel-Berufskolleg",Berufskolleg,"Beethovenstr., Beethovenstr. 225",42655,Solingen,51.17329599771382,7.049882290393514,ogc-api-nrw
173162,"Wuppertal, BK Barmen",Berufskolleg,"Sternstr., Sternstr. 75",42275,Wuppertal,51.27591858591552,7.216821353292976,ogc-api-nrw
173174,"Wuppertal, BK Elberfeld",Berufskolleg,"Bundesallee, Bundesallee 222",42103,Wuppertal,51.25606335816848,7.153125535835228,ogc-api-nrw
173186,"Wuppertal, BK am Haspel",Berufskolleg,"Haspeler Str., Haspeler Str. 25",42285,Wuppertal,51.259085910275374,7.16518721555019,ogc-api-nrw
173198,"Wuppertal, BK Kohlstraße",Berufskolleg,"Kohlstr., Kohlstr. 11",42109,Wuppertal,51.274404058110726,7.14767301117664,ogc-api-nrw
173216,"Wuppertal, BK Diakonie Aprath",Berufskolleg,"Straßburger Str., Straßburger Str. 39",42107,Wuppertal,51.264554943848324,7.1532581498968835,ogc-api-nrw
173423,"Dinslaken, BK Wiesenstr.",Berufskolleg,"Wiesenstr., Wiesenstr. 45-47",46535,Dinslaken,51.56071522612458,6.739568178252824,ogc-api-nrw
173472,"Hilden, BK Am Hölterhöfchen",Berufskolleg,"Am Holterhöfchen, Am Holterhöfchen 34",40724,Hilden,51.16687554502142,6.946431878986464,ogc-api-nrw
173551,"Mettmann, BK Neandertal",Berufskolleg,"Koenneckestr., Koenneckestr. 25",40822,Mettmann,51.250137217339834,6.984224579918903,ogc-api-nrw
173563,"Ratingen, BK Adam-Josef-Cüppers",Berufskolleg,"Minoritenstr., Minoritenstr. 10",40878,Ratingen,51.29674651227838,6.84523209804811,ogc-api-nrw
173575,"Velbert, BK Niederberg",Berufskolleg,"Langenberger Str., Langenberger Str. 120",42551,Velbert,51.33871523961279,7.062208776862577,ogc-api-nrw
173599,"Velbert, BK Bleibergquelle",Berufskolleg,"Bleibergstr., Bleibergstr. 145",42551,Velbert,51.34085859154457,7.077668530353776,ogc-api-nrw
173654,"Bochum,BK Europ.Bildungsz.Immobilienwirt",Berufskolleg,"Springorumallee, Springorumallee 20",44795,Bochum,51.45229555103616,7.210287514805378,ogc-api-nrw
173691,"Geldern, BK Liebfrauenschule",Berufskolleg,"Weseler Str., Weseler Str. 15",47608,Geldern,51.520553368293356,6.334246510613187,ogc-api-nrw
173708,"Geldern, BK Geldern des Kreises Kleve",Berufskolleg,"Am Nierspark, Am Nierspark 35",47608,Geldern,51.51159570707488,6.319664099298457,ogc-api-nrw
173757,"Grevenbroich, BK Berufsbildungszentrum",Berufskolleg,"Bergheimer Str., Bergheimer Str. 53",41515,Grevenbroich,51.086760992641196,6.578628358814609,ogc-api-nrw
173782,"Dormagen, BK Berufsbildungszentrum",Berufskolleg,"Willy-Brandt-Platz, Willy-Brandt-Platz 5",41539,Dormagen,51.09912467165023,6.817740331018524,ogc-api-nrw
173794,"Kempen, BK Rhein-Maas-Berufskolleg",Berufskolleg,"Kleinbahnstr., Kleinbahnstr. 61",47906,Kempen,51.37205877457024,6.416730943509525,ogc-api-nrw
173897,"Viersen, BK Viersen-Dülken",Berufskolleg,"Heesstr., Heesstr. 95",41751,Viersen,51.251476239639395,6.349988905059868,ogc-api-nrw
173988,"Kleve, BK Landwirtschaftskammer",Berufskolleg,"Elsenpaß, Elsenpaß 5",47533,Kleve,51.7866453038546,6.169444826915632,ogc-api-nrw
173990,"Kleve, BK Kleve",Berufskolleg,"Felix-Roeloffs-Str., Felix-Roeloffs-Str. 7",47533,Kleve,51.76805882133829,6.141747051123881,ogc-api-nrw
174002,"Duisburg, BK Schiffer",Berufskolleg,"Bürgermeister-Wendel-Platz, Bürgermeister-Wendel-Platz 1",47198,Duisburg,51.45310632775134,6.7028146104565165,ogc-api-nrw
174075,"Moers, BK Mercator",Berufskolleg,"An der Berufsschule, An der Berufsschule 3",47441,Moers,51.44602987367293,6.638188945154007,ogc-api-nrw
174087,"Moers, BK Hermann-Gmeiner",Berufskolleg,"Landwehrstr., Landwehrstr. 31",47441,Moers,51.45341736679397,6.633474759724282,ogc-api-nrw
174105,"Moers, BK für Technik Moers",Berufskolleg,"Repelener Str., Repelener Str. 91",47441,Moers,51.45832848146852,6.625504290358903,ogc-api-nrw
174180,"Xanten, BK Placidahaus",Berufskolleg,"Kapitel, Kapitel 19",46509,Xanten,51.6621409379875,6.452000266846565,ogc-api-nrw
174210,"Wesel, BK Wesel",Berufskolleg,"Hamminkelner Landstr., Hamminkelner Landstr. 38b",46483,Wesel,51.677493937349006,6.611608665927748,ogc-api-nrw
174518,"Bonn, BK Heinrich-Hertz-Europakolleg",Berufskolleg,"Herseler Str., Herseler Str. 1",53117,Bonn,50.753485862374696,7.087007266613054,ogc-api-nrw
174520,"Bonn, BK Robert-Wetzlar",Berufskolleg,"Kölnstr., Kölnstr. 229",53117,Bonn,50.74346956866602,7.0882802256924675,ogc-api-nrw
174543,"Bonn, BK Ludwig-Erhard",Berufskolleg,"Kölnstr., Kölnstr. 235",53117,Bonn,50.743917957103506,7.0860081555649685,ogc-api-nrw
174555,"Köln, BK der Landwirtschaftskammer NRW",Berufskolleg,"Gartenstr., Gartenstr. 11",50765,Köln,51.001544572792454,6.849875916489427,ogc-api-nrw
174580,"Bonn, BK Rochusstraße",Berufskolleg,"Rochusstr., Rochusstr. 30",53123,Bonn,50.7203903521625,7.058843954511817,ogc-api-nrw
174592,"Bonn, BK Friedrich-List",Berufskolleg,"Plittersdorfer Str., Plittersdorfer Str. 48",53173,Bonn,50.68989662472687,7.156055528819816,ogc-api-nrw
174970,"Köln, BK an der Lindenstraße",Berufskolleg,"Lindenstr., Lindenstr. 78",50674,Köln,50.93273719457367,6.933792980304984,ogc-api-nrw
175006,"Kerpen, BK Anna-Hermann-Schule",Berufskolleg,"Rathausstr., Rathausstr. 20-22",50169,Kerpen,50.91549404502141,6.706405286070219,ogc-api-nrw
175018,"Köln, BK Humboldtstr.",Berufskolleg,"Humboldtstr., Humboldtstr. 41",50676,Köln,50.93286070890483,6.942312800675429,ogc-api-nrw
175020,"Köln, BK Richard-Riemenschmid-Schule",Berufskolleg,"Heinrichstr., Heinrichstr. 51",50676,Köln,50.92760022144864,6.952079703897804,ogc-api-nrw
175031,"Köln, BK Deutzer Freiheit",Berufskolleg,"Eumeniusstr., Eumeniusstr. 4",50679,Köln,50.93630000289365,6.980634259704704,ogc-api-nrw
175043,"Köln, BK Hans-Böckler",Berufskolleg,"Eitorfer Str., Eitorfer Str. 18-20",50679,Köln,50.935348723110046,6.984916975613539,ogc-api-nrw
175055,"Köln, BK Georg-Simon-Ohm-Schule",Berufskolleg,"Westerwaldstr., Westerwaldstr. 92",51105,Köln,50.92724646102499,6.995427927913896,ogc-api-nrw
175067,"Köln, BK Kartäuserwall",Berufskolleg,"Kartäuserwall, Kartäuserwall 30",50676,Köln,50.925238926779976,6.951799204408007,ogc-api-nrw
175092,"Köln, BK Nicolaus-August-Otto",Berufskolleg,"Eitorfer Str., Eitorfer Str. 16",50679,Köln,50.93575539715519,6.983988459360447,ogc-api-nrw
175122,"Köln, BK Südstadt",Berufskolleg,"Zugweg, Zugweg 48",50677,Köln,50.917602447632184,6.956374491845774,ogc-api-nrw
175134,"Köln, BK Joseph-DuMont",Berufskolleg,"Escher Str., Escher Str. 217",50739,Köln,50.96519494983469,6.930700765731962,ogc-api-nrw
175225,"Köln, BK Alfred-Müller-Armack",Berufskolleg,"Brüggener Str., Brüggener Str. 1",50969,Köln,50.905143127768675,6.937803096396702,ogc-api-nrw
175274,"Köln, BK Ulrepforte",Berufskolleg,"Ulrichgasse, Ulrichgasse 1-3",50678,Köln,50.92540891559585,6.952773623878189,ogc-api-nrw
175316,"Köln, BK des Erzbistums Köln",Berufskolleg,"Berrenrather Str., Berrenrather Str. 121",50937,Köln,50.92192304113892,6.930544135550506,ogc-api-nrw
175390,"Köln, BK Rheinische Akademie gGmbH",Berufskolleg,"Vogelsanger Str., Vogelsanger Str. 295",50825,Köln,50.95226092805538,6.899922186488118,ogc-api-nrw
175407,"Köln, BK Fachschule des Möbelhandels",Berufskolleg,"Frangenheimstr., Frangenheimstr. 6",50931,Köln,50.93237166217377,6.918281613646005,ogc-api-nrw
175420,"Bergheim, BK Kettelerstr.",Berufskolleg,"Kettelerstr., Kettelerstr. 2",50126,Bergheim,50.95240001901138,6.649597202208983,ogc-api-nrw
175456,"Euskirchen, BK Thomas-Eßer",Berufskolleg,"Kommerner Str., Kommerner Str. 137",53879,Euskirchen,50.65721161729258,6.7734750655483795,ogc-api-nrw
175493,"Zülpich, BK St. Nikolaus Stift Füssenich",Berufskolleg,"Brüsseler Str., Brüsseler Str. 68",53909,Zülpich,50.70208129663989,6.6230638596384726,ogc-api-nrw
175500,"Kall, BK Eifel",Berufskolleg,"Loshardt, Loshardt 2",53925,Kall,50.538425680318994,6.5523776980267066,ogc-api-nrw
175560,"Brühl, BK Karl-Schiller",Berufskolleg,"Bonnstr., Bonnstr. 200",50321,Brühl,50.81526637502792,6.901957462033422,ogc-api-nrw
175572,"Frechen, BK Nell-Breuning-Berufskolleg",Berufskolleg,"Antoniusstr., Antoniusstr. 15",50226,Frechen,50.912858033559424,6.751662452618429,ogc-api-nrw
175626,"Köln, BK Michaelshoven",Berufskolleg,"Pfarrer-te-Reh-Str., Pfarrer-te-Reh-Str. 5",50999,Köln,50.8778184255412,6.998673125231655,ogc-api-nrw
175651,"Gummersbach, BK Dieringhausen",Berufskolleg,"Ernst-Zimmermann-Str., Ernst-Zimmermann-Str. 26",51645,Gummersbach,50.982498492200016,7.548118694061502,ogc-api-nrw
175663,"Gummersbach, BK Oberberg (Kaufm.)",Berufskolleg,"Hans-Böckler-Str., Hans-Böckler-Str. 5",51643,Gummersbach,51.03038074616234,7.574660880137255,ogc-api-nrw
175780,"Bergisch Gladbach,BK Oberheidkamper Str.",Berufskolleg,"Oberheidkamper Str., Oberheidkamper Str. 21",51469,Bergisch Gladbach,50.983315656553465,7.137343124254072,ogc-api-nrw
175791,"Bergisch Gladbach, BK Bensberger Str.",Berufskolleg,"Bensberger Str., Bensberger Str. 140",51469,Bergisch Gladbach,50.982909542318495,7.135564194299611,ogc-api-nrw
175808,"Köln, BK Hauptstraße",Berufskolleg,"Hauptstr., Hauptstr. 426-428",51143,Köln,50.88615838604078,7.056297244578826,ogc-api-nrw
175833,"Wipperfürth, BK Ringstraße",Berufskolleg,"Ringstr., Ringstr. 42",51688,Wipperfürth,51.11484849168015,7.396669420291394,ogc-api-nrw
175882,"Hennef, FÖ BK ES CJG St.Ansgar",Förderschule,"Siebengebirgsweg, Siebengebirgsweg 25",53773,Hennef (Sieg),50.79299176923765,7.296733919352074,ogc-api-nrw
175894,"Hennef, BK Fritz-Jacobi-Str.",Berufskolleg,"Fritz-Jacobi-Str., Fritz-Jacobi-Str. 20",53773,Hennef (Sieg),50.77761017983032,7.271504954362096,ogc-api-nrw
175924,"Bad Honnef, FÖ BK Nell-Breuning",Förderschule,"Frankenweg, Frankenweg 70",53604,Bad Honnef,50.65758281905028,7.216222509244437,ogc-api-nrw
175936,"Rheinbach, BK staatl. Glasfachschule",Berufskolleg,"Zu den Fichten, Zu den Fichten 19",53359,Rheinbach,50.61866694533592,6.955238884475937,ogc-api-nrw
175948,"Siegburg, BK Hochstraße",Berufskolleg,"Hochstr., Hochstr. 1",53721,Siegburg,50.79372680369528,7.20074229520443,ogc-api-nrw
175985,"Troisdorf, BK Kerschensteinerstr.",Berufskolleg,"Kerschensteinerstr., Kerschensteinerstr. 4",53844,Troisdorf,50.80534653015698,7.118655717530171,ogc-api-nrw
175997,"Aachen, BK Mies-von-der-Rohe-Schule",Berufskolleg,"Neuköllner Str., Neuköllner Str. 17",52068,Aachen,50.790111514572786,6.123728377474757,ogc-api-nrw
176000,"Aachen, BK Gestaltung und Technik",Berufskolleg,"Neuköllner Str., Neuköllner Str. 15",52068,Aachen,50.78888909215633,6.124129833013501,ogc-api-nrw
176011,"Aachen, BK Wirtschaft und Verwaltung",Berufskolleg,"Lothringerstr., Lothringerstr. 10",52062,Aachen,50.77106131885319,6.09441392736516,ogc-api-nrw
176047,"Aachen, BK Paul-Julius-Reuter",Berufskolleg,"Beeckstr., Beeckstr. 23-25",52062,Aachen,50.773036240825036,6.093170798061356,ogc-api-nrw
176059,"Aachen, BK Käthe-Kollwitz-Schule",Berufskolleg,"Bayernallee, Bayernallee 6",52066,Aachen,50.75658193212177,6.096332313165519,ogc-api-nrw
176138,"Aachen, FÖ BK KM, LE,ES Vincenz-von-Paul",Förderschule,"Kalverbenden, Kalverbenden 91",52066,Aachen,50.75411937737623,6.100029807192228,ogc-api-nrw
176280,"Eschweiler, BK August-Thyssen-Str.",Berufskolleg,"August-Thyssen-Str., August-Thyssen-Str. 15",52249,Eschweiler,50.81717180676466,6.256727594877795,ogc-api-nrw
176382,"Stolberg, BK Am Obersteinfeld",Berufskolleg,"Am Obersteinfeld, Am Obersteinfeld 8",52222,Stolberg (Rhld.),50.774705029733326,6.231537690872771,ogc-api-nrw
176485,"Düren, BK Nelly-Pütz-Schule",Berufskolleg,"Zülpicher Str., Zülpicher Str. 50",52349,Düren,50.79487013827028,6.490962687981191,ogc-api-nrw
176539,"Düren, BK Euskirchener Str.",Berufskolleg,"Euskirchener Str., Euskirchener Str. 124-126",52351,Düren,50.79816406296823,6.496491562884904,ogc-api-nrw
176540,"Düren, BK Nideggener Straße",Berufskolleg,"Nideggener Str., Nideggener Str. 43",52349,Düren,50.79424104136422,6.4897333689236465,ogc-api-nrw
176552,"Jülich, BK Bongardstr.",Berufskolleg,"Bongardstr., Bongardstr. 15",52428,Jülich,50.919549772121634,6.360419582876149,ogc-api-nrw
176590,"Erkelenz, BK Westpromenade",Berufskolleg,"Westpromenade, Westpromenade 2",41812,Erkelenz,51.07887212163148,6.310863721047557,ogc-api-nrw
176620,"Geilenkirchen, BK des Kreises Heinsberg",Berufskolleg,"Berliner Ring, Berliner Ring 48-54",52511,Geilenkirchen,50.96815388758759,6.112253419952369,ogc-api-nrw
176643,"Geilenkirchen, BK Erlenweg",Berufskolleg,"Erlenweg, Erlenweg 2",52511,Geilenkirchen,50.96801596714464,6.113586775822999,ogc-api-nrw
176692,"Bocholt, BK am Wasserturm",Berufskolleg,"Herzogstr., Herzogstr. 4",46399,Bocholt,51.84291184074818,6.613720042665563,ogc-api-nrw
176709,"Bocholt, BK West",Berufskolleg,"Schwanenstr., Schwanenstr. 19-21",46399,Bocholt,51.83937064548849,6.599244560966939,ogc-api-nrw
176722,"Bocholt, BK August-Vetter",Berufskolleg,"Dinxperloer Str., Dinxperloer Str. 56",46399,Bocholt,51.84272322791053,6.6070949780001245,ogc-api-nrw
176760,"Bottrop, BK An der Berufsschule",Berufskolleg,"An der Berufsschule, An der Berufsschule 20",46236,Bottrop,51.52897677442314,6.926888695366099,ogc-api-nrw
176783,"Gelsenkirchen, BK am Goldberg",Berufskolleg,"Goldbergstr., Goldbergstr. 58-60",45894,Gelsenkirchen,51.57810392066886,7.059286895765667,ogc-api-nrw
176795,"Gelsenkirchen, BK Königstraße",Berufskolleg,"Königstr., Königstr. 1",45881,Gelsenkirchen,51.51544635417221,7.090230591871764,ogc-api-nrw
176990,"Gladbeck, BK Johannes-Kessels-Akademie",Berufskolleg,"Allensteiner Str., Allensteiner Str. 22",45964,Gladbeck,51.568666304710234,6.978100410938755,ogc-api-nrw
177027,"Gladbeck, BK Herderstraße",Berufskolleg,"Herderstr., Herderstr. 3",45964,Gladbeck,51.57670705889587,6.982867169904255,ogc-api-nrw
177040,"Münster, BK Hans-Böckler",Berufskolleg,"Hoffschultestr., Hoffschultestr. 25",48155,Münster,51.956013985969264,7.656083054583896,ogc-api-nrw
177052,"Münster, BK Ludwig-Erhard",Berufskolleg,"Gut Insel, Gut Insel 41",48151,Münster,51.937408722289426,7.612546445264936,ogc-api-nrw
177064,"Münster, BK Adolph-Kolping",Berufskolleg,"Lotharingerstr., Lotharingerstr. 30",48147,Münster,51.96724716528577,7.631335136165632,ogc-api-nrw
177076,"Münster, BK Anne-Frank",Berufskolleg,"Manfred-von-Richthofen-Str., Manfred-von-Richthofen-Str. 39",48145,Münster,51.95895144719887,7.652691407361052,ogc-api-nrw
177088,"Münster,BK Wilhelm-Emmanuel-von-Ketteler",Berufskolleg,"Mindener Str., Mindener Str. 11",48145,Münster,51.95674587026759,7.649322911829074,ogc-api-nrw
177143,"Münster, BK Wiener Straße",Berufskolleg,"Wiener Str., Wiener Str. 53-55",48145,Münster,51.96880169635487,7.651507990246198,ogc-api-nrw
177301,"Münster, BK Hildegardisschule",Berufskolleg,"Neubrückenstr., Neubrückenstr. 17",48143,Münster,51.96585349700597,7.629019449627278,ogc-api-nrw
177313,"Münster, BK Hansa",Berufskolleg,"Hansaring, Hansaring 80",48155,Münster,51.95491353254911,7.645579676864685,ogc-api-nrw
177362,"Recklinghausen, BK Alexandrine-Hegemann",Berufskolleg,"Werkstättenstr., Werkstättenstr. 16-18",45659,Recklinghausen,51.59701350859079,7.207852161767802,ogc-api-nrw
177441,"Ahaus, BK Technik",Berufskolleg,"Lönsweg, Lönsweg 24",48683,Ahaus,52.08566705190187,7.009882672759954,ogc-api-nrw
177453,"Ahaus, BK Lise Meitner",Berufskolleg,"Lönsweg, Lönsweg 24",48683,Ahaus,52.08566705190187,7.009882672759954,ogc-api-nrw
177465,"Ahaus, BK Canisiusstift",Berufskolleg,"Hindenburgallee, Hindenburgallee 30b",48683,Ahaus,52.07426513556086,7.014154833662957,ogc-api-nrw
177507,"Ahaus, BK Wirtschaft und Verwaltung",Berufskolleg,"Kusenhook, Kusenhook 4-8",48683,Ahaus,52.08739346371347,7.0088132402092205,ogc-api-nrw
177532,"Ahlen, BK St.Michael",Berufskolleg,"Warendorfer Str., Warendorfer Str. 72",59227,Ahlen,51.7717810246726,7.897027667421681,ogc-api-nrw
177556,"Ahlen, BK Im Pattenmeicheln",Berufskolleg,"Im Pattenmeicheln, Im Pattenmeicheln 12",59229,Ahlen,51.75450401002652,7.892783492765551,ogc-api-nrw
177568,"Beckum, BK Hansaring",Berufskolleg,"Hansaring, Hansaring 11",59269,Beckum,51.746958160541034,8.039793505828007,ogc-api-nrw
177635,"Borken, BK der Landwirtschaftskammer NRW",Berufskolleg,"Johann-Walling-Str., Johann-Walling-Str. 45",46325,Borken,51.84824081159143,6.859235459880936,ogc-api-nrw
177659,"Borken, BK Josefstr.",Berufskolleg,"Josefstr., Josefstr. 10",46325,Borken,51.83932497246849,6.867918693967714,ogc-api-nrw
177672,"Reken, FÖBK KM, LE, GG, ES, HK, SE Maria",Förderschule,"Meisenweg, Meisenweg 15",48734,Reken,51.834971080744765,7.090746314470147,ogc-api-nrw
177684,"Coesfeld, BK Pictorius",Berufskolleg,"Borkener Str., Borkener Str. 23",48653,Coesfeld,51.94302396943164,7.159695998196551,ogc-api-nrw
177696,"Coesfeld, BK Liebfrauenschule",Berufskolleg,"Kuchenstr., Kuchenstr. 18",48653,Coesfeld,51.94421525274821,7.168042717393057,ogc-api-nrw
177702,"Coesfeld, BK Oswald-von-Nell-Breuning",Berufskolleg,"Bahnhofstr., Bahnhofstr. 33",48653,Coesfeld,51.940768756292904,7.168459588147342,ogc-api-nrw
177763,"Werne, BK Freiherr-vom-Stein",Berufskolleg,"Becklohhof, Becklohhof 18",59368,Werne,51.66317568413899,7.6295142089029175,ogc-api-nrw
177787,"Lüdinghausen, BK Richard-von-Weizsäcker",Berufskolleg,"Auf der Geest, Auf der Geest 2",59348,Lüdinghausen,51.76656687813479,7.448751964997922,ogc-api-nrw
177830,"Münster, BK Landwirtschaftskammer NRW",Berufskolleg,"Münsterstr., Münsterstr. 64",48167,Münster,51.92717465780173,7.723657351437595,ogc-api-nrw
177933,"Dorsten, BK Paul-Spiegel",Berufskolleg,"Halterner Str., Halterner Str. 15",46284,Dorsten,51.67080634683635,6.970777507854267,ogc-api-nrw
178019,"Steinfurt,BK Techn.Schulen mit Techn.Gym",Berufskolleg,"Liedekerker Str., Liedekerker Str. 84",48565,Steinfurt,52.14755878352004,7.344895216507164,ogc-api-nrw
178020,"Steinfurt, BK Hermann-Emanuel",Berufskolleg,"Bahnhofstr., Bahnhofstr. 28",48565,Steinfurt,52.14888258677361,7.331004221884477,ogc-api-nrw
178068,"Rheine, BK Frankenburgstr./ Techn.",Berufskolleg,"Frankenburgstr., Frankenburgstr. 7",48431,Rheine,52.27684143364877,7.429279737706768,ogc-api-nrw
178070,"Rheine, BK Kaufmännische Schulen",Berufskolleg,"Lindenstr., Lindenstr. 36",48431,Rheine,52.27599146734967,7.431625789119324,ogc-api-nrw
178093,"Rheine, BK Josef-Pieper-Schule",Berufskolleg,"Salinenstr., Salinenstr. 109",48432,Rheine,52.29903805199195,7.422305373172028,ogc-api-nrw
178147,"Ibbenbüren, BK Tecklenburger Land Techn.",Berufskolleg,"Wilhelmstr., Wilhelmstr. 8",49477,Ibbenbüren,52.275864050347394,7.720787253103085,ogc-api-nrw
178159,"Ibbenbüren, BK Tecklenburger Land Kaufm.",Berufskolleg,"Wilhelmstr., Wilhelmstr. 4-6",49477,Ibbenbüren,52.276273952580446,7.719617480630865,ogc-api-nrw
178202,"Lotte, BK Friedrich Krüger",Berufskolleg,"Westerkappelner Str., Westerkappelner Str. 66",49504,Lotte,52.31320896910015,7.926189668203402,ogc-api-nrw
178214,"Warendorf, BK Paul-Spiegel",Berufskolleg,"Von-Ketteler-Str., Von-Ketteler-Str. 40",48231,Warendorf,51.945764221208655,7.972132523663666,ogc-api-nrw
178410,"Bielefeld, BK Gymnastik",Berufskolleg,"August-Bebel-Str., August-Bebel-Str. 57",33602,Bielefeld,52.027825839075675,8.539906497061551,ogc-api-nrw
178494,"Bielefeld,FÖBK KM,LE,ES,GG Friedrich v.",Förderschule,"Kükenshove, Kükenshove 1",33617,Bielefeld,52.004045494103856,8.522056968975164,ogc-api-nrw
178690,"Detmold, BK Kolping Sozialseminar",Berufskolleg,"Schorenstr., Schorenstr. 12",32756,Detmold,51.93649951805908,8.892549021146529,ogc-api-nrw
178718,"Detmold, BK Dietrich-Bonhoeffer",Berufskolleg,"Elisabethstr., Elisabethstr. 86",32756,Detmold,51.9415664387907,8.862714333680621,ogc-api-nrw
178792,"Halle, BK Kättkenstraße",Berufskolleg,"Kättkenstr., Kättkenstr. 14",33790,Halle (Westf.),52.056992399058835,8.362279816637384,ogc-api-nrw
178822,"Bünde, BK Erich-Gutenberg",Berufskolleg,"Wedekindstr., Wedekindstr. 30-38",32257,Bünde,52.20731656304436,8.570221052424975,ogc-api-nrw
178871,"Herford, BK d. Landwirtschaftskammer NRW",Berufskolleg,"Ravensberger Str., Ravensberger Str. 6",32051,Herford,52.119619360635745,8.660845472349907,ogc-api-nrw
178883,"Herford, BK Elisabeth-von-der-Pfalz",Berufskolleg,"Löhrstr., Löhrstr. 2",32052,Herford,52.11528641080023,8.66737719445379,ogc-api-nrw
178895,"Herford, BK am Wilhelmsplatz",Berufskolleg,"Wilhelmsplatz, Wilhelmsplatz 6-8",32052,Herford,52.119189351262655,8.670911862535363,ogc-api-nrw
178913,"Herford, BK Friedrich-List-Berufskolleg",Berufskolleg,"Hermannstr., Hermannstr. 7",32051,Herford,52.110387149344255,8.664463940928899,ogc-api-nrw
178950,"Brakel, BK Kreis Höxter",Berufskolleg,"Klöckerstr., Klöckerstr. 10",33034,Brakel,51.714970384522644,9.17696869065989,ogc-api-nrw
179048,"Lemgo, BK Lüttfeld",Berufskolleg,"Lüttfeld, Lüttfeld 1",32657,Lemgo,52.019438186323406,8.910114716981647,ogc-api-nrw
179050,"Lemgo, BK Hanse",Berufskolleg,"Johannes-Schuchen-Str., Johannes-Schuchen-Str. 7",32657,Lemgo,52.01771146137844,8.909506141727647,ogc-api-nrw
179152,"Minden, BK Freiherr-vom-Stein",Berufskolleg,"Habsburgerring, Habsburgerring 53 b",32425,Minden,52.29745499152423,8.89534360271992,ogc-api-nrw
179292,"Paderborn, BK Richard-von-Weizsäcker",Berufskolleg,"Schützenweg, Schützenweg 6",33102,Paderborn,51.7251489726155,8.75336662552545,ogc-api-nrw
179309,"Paderborn, BK Angewandte Informatik",Berufskolleg,"Fürstenallee, Fürstenallee 3-5",33102,Paderborn,51.72981691167727,8.73741371485836,ogc-api-nrw
179310,"Paderborn, BK Ludwig-Erhard",Berufskolleg,"Schützenweg, Schützenweg 4",33102,Paderborn,51.724646067246375,8.75365891995616,ogc-api-nrw
179334,"Paderborn, BK Edith-Stein",Berufskolleg,"Am Rolandsbad, Am Rolandsbad 4",33102,Paderborn,51.72987574261469,8.752081179226984,ogc-api-nrw
179346,"Paderborn, BK Helene-Weber",Berufskolleg,"Am Bischofsteich, Am Bischofsteich 5",33102,Paderborn,51.72510677371816,8.754684357232382,ogc-api-nrw
179383,"Paderborn, BK Gregor-Mendel",Berufskolleg,"Bleichstr., Bleichstr. 41a",33102,Paderborn,51.72023917599173,8.74061059542681,ogc-api-nrw
179516,"Warburg, BK Theresia-Gerhardinger",Berufskolleg,"Wilhelm-Poth-Str., Wilhelm-Poth-Str. 10",34414,Warburg,51.52731196453373,9.053797509300448,ogc-api-nrw
179530,"Warburg, BK Johann-Conrad-Schlaun",Berufskolleg,"Stiepenweg, Stiepenweg 15",34414,Warburg,51.48690180202533,9.134101230690234,ogc-api-nrw
179577,"Gütersloh, BK Reinhard-Mohn",Berufskolleg,"Wiesenstr., Wiesenstr. 29",33330,Gütersloh,51.90194479640661,8.366410842777132,ogc-api-nrw
179589,"Gütersloh, BK Carl-Miele-Berufskolleg",Berufskolleg,"Wilhelm-Wolf-Str., Wilhelm-Wolf-Str. 2",33330,Gütersloh,51.90330275665202,8.368135990344868,ogc-api-nrw
179607,"Gütersloh, BK Bertelsmann AG",Berufskolleg,"Carl-Bertelsmann-Str., Carl-Bertelsmann-Str. 270",33335,Gütersloh,51.909443211497376,8.420442627044668,ogc-api-nrw
179620,"Rheda-Wiedenbrück, BK Ems f.Wirt.u.Verw.",Berufskolleg,"Am Sandberg, Am Sandberg 21",33378,Rheda-Wiedenbrück,51.843932083414366,8.310292577851484,ogc-api-nrw
179632,"Rheda-Wiedenbrück, BK Reckenberg",Berufskolleg,"Am Sandberg, Am Sandberg 21",33378,Rheda-Wiedenbrück,51.843932083414366,8.310292577851484,ogc-api-nrw
179670,"Bochum, BK Walter-Gropius-Berufskolleg",Berufskolleg,"Ostring, Ostring 27",44787,Bochum,51.48028326307933,7.22463081016722,ogc-api-nrw
179681,"Bochum, BK Alice-Salomon-Berufskolleg",Berufskolleg,"Akademiestr., Akademiestr. 46-48",44789,Bochum,51.47906549948195,7.233909477241156,ogc-api-nrw
179693,"Bochum, BK Louis-Baare-Berufskolleg",Berufskolleg,"Bußmanns Weg, Bußmanns Weg 8",44866,Bochum,51.47624966089644,7.141911355021646,ogc-api-nrw
179700,"Bochum, BK Ostring",Berufskolleg,"Ostring, Ostring 25",44787,Bochum,51.480927255382014,7.224994655194393,ogc-api-nrw
179930,"Dortmund, BK Karl-Schiller",Berufskolleg,"Brügmannstr., Brügmannstr. 21",44135,Dortmund,51.517489809403166,7.471326076805632,ogc-api-nrw
179942,"Dortmund, BK Robert-Bosch",Berufskolleg,"Benno-Elkan-Allee, Benno-Elkan-Allee 2",44137,Dortmund,51.51509993307203,7.45092591917955,ogc-api-nrw
179954,"Dortmund, BK Dortmunder Berufskolleg",Berufskolleg,"Victor-Toyka-Str., Victor-Toyka-Str. 6",44139,Dortmund,51.49321648150037,7.464921060908738,ogc-api-nrw
179966,"Dortmund, BK Fritz-Henßler",Berufskolleg,"Brügmannstr., Brügmannstr. 25-27a",44135,Dortmund,51.51809879751772,7.471824569205609,ogc-api-nrw
179978,"Dortmund, BK Paul-Ehrlich",Berufskolleg,"Hacheneyer Str., Hacheneyer Str. 177",44265,Dortmund,51.47683132610132,7.4745003175873705,ogc-api-nrw
179991,"Dortmund, BK Gisbert-von-Romberg",Berufskolleg,"Hacheneyer Str., Hacheneyer Str. 185",44265,Dortmund,51.47712380181746,7.472100074145751,ogc-api-nrw
180014,"Dortmund, BK Anna-Zillken",Berufskolleg,"Arndtstr., Arndtstr. 5",44135,Dortmund,51.51251229229801,7.47372652679577,ogc-api-nrw
180040,"Dortmund, BK Leopold-Hoesch",Berufskolleg,"Gronaustr., Gronaustr. 4",44135,Dortmund,51.51899843336316,7.473235826813697,ogc-api-nrw
180051,"Dortmund, BK Konrad-Klepping",Berufskolleg,"Geschwister-Scholl-Str., Geschwister-Scholl-Str. 1",44135,Dortmund,51.51795652782062,7.47402016700234,ogc-api-nrw
180439,"Hagen, BK Cuno II",Berufskolleg,"Viktoriastr., Viktoriastr. 2",58095,Hagen,51.35692535664311,7.4690508309234245,ogc-api-nrw
180440,"Hagen, BK Käthe-Kollwitz",Berufskolleg,"Liebigstr., Liebigstr. 20-22",58095,Hagen,51.35763253559414,7.4833184268684745,ogc-api-nrw
180452,"Hagen, BK Kaufmannsschule I",Berufskolleg,"Springmannstr., Springmannstr. 7",58095,Hagen,51.3612070308877,7.471206318824656,ogc-api-nrw
180464,"Hagen, BK f. Schornsteinfeger",Berufskolleg,"Viktoriastr., Viktoriastr. 2",58095,Hagen,51.35692535664311,7.4690508309234245,ogc-api-nrw
180490,"Hagen, BK Kaufmannsschule II",Berufskolleg,"Letmather Str., Letmather Str. 21-23",58119,Hagen,51.36127344073411,7.580083664321552,ogc-api-nrw
180506,"Hagen, BK Cuno",Berufskolleg,"Viktoriastr., Viktoriastr. 2",58095,Hagen,51.35692535664311,7.4690508309234245,ogc-api-nrw
180518,"Hamm, BK Eduard-Spranger",Berufskolleg,"Vorheider Weg, Vorheider Weg 8",59067,Hamm,51.671951619418536,7.797788318821402,ogc-api-nrw
180520,"Hamm, BK Elisabeth-Lüders",Berufskolleg,"Am Ebertpark, Am Ebertpark 7",59067,Hamm,51.665540696599514,7.796063802192808,ogc-api-nrw
180531,"Hamm, BK Franziskus",Berufskolleg,"Franziskanerstr., Franziskanerstr. 2",59065,Hamm,51.683739301453336,7.8216769492556155,ogc-api-nrw
180658,"Herne, BK Mulvany",Berufskolleg,"Westring, Westring 201-203",44629,Herne,51.544544952611446,7.215150002108116,ogc-api-nrw
180701,"Iserlohn, BK Friederike-Fliedner",Berufskolleg,"Brüderstr., Brüderstr. 20",58636,Iserlohn,51.37184927372273,7.702653616145275,ogc-api-nrw
180713,"Iserlohn, BK des Märkischen Kreises",Berufskolleg,"Hansaallee, Hansaallee 19",58636,Iserlohn,51.37433595544191,7.715327651161193,ogc-api-nrw
180798,"Lünen, BK Lippe Berufskolleg Lünen",Berufskolleg,"Dortmunder Str., Dortmunder Str. 44",44536,Lünen,51.611674084765454,7.51036642195684,ogc-api-nrw
180804,"Herne, BK Emschertal",Berufskolleg,"Steinstr., Steinstr. 22",44652,Herne,51.52337633888488,7.169069698785563,ogc-api-nrw
180889,"Bochum, BK Klaus-Steilmann-Berufskolleg",Berufskolleg,"Westenfelder Str., Westenfelder Str. 88",44867,Bochum,51.476062264395445,7.144842318396686,ogc-api-nrw
181020,"Halver, BK Eugen-Schmalenbach",Berufskolleg,"Eugen-Schmalenbach-Str., Eugen-Schmalenbach-Str. 1-5",58553,Halver,51.20738529391289,7.551007287523475,ogc-api-nrw
181031,"Lüdenscheid, BK Gertrud-Bäumer",Berufskolleg,"Raithelplatz, Raithelplatz 5",58509,Lüdenscheid,51.22704201178486,7.608681094220335,ogc-api-nrw
181043,"Lüdenscheid, BK Raithelplatz",Berufskolleg,"Raithelplatz, Raithelplatz 5",58509,Lüdenscheid,51.22704201178486,7.608681094220335,ogc-api-nrw
181122,"Arnsberg, BK Am Eichholz",Berufskolleg,"Feauxweg, Feauxweg 24",59821,Arnsberg,51.39259496918754,8.068617914841344,ogc-api-nrw
181249,"Brilon, BK Brilon",Berufskolleg,"Zur Jakobuslinde, Zur Jakobuslinde 30",59929,Brilon,51.39276302584435,8.552758350218246,ogc-api-nrw
181274,"Olsberg, FÖ BK KM,LE,ES Heinrich-Sommer",Förderschule,"Heinrich-Sommer-Str., Heinrich-Sommer-Str. 13",59939,Olsberg,51.35581952934416,8.47377131972422,ogc-api-nrw
181286,"Olsberg, BK Paul-Oventrop-Str.",Berufskolleg,"Paul-Oventrop-Str., Paul-Oventrop-Str. 7",59939,Olsberg,51.35959354016034,8.483279217110661,ogc-api-nrw
181365,"Ennepetal, BK Wilhelmshöher Str.",Berufskolleg,"Wilhelmshöher Str., Wilhelmshöher Str. 12-22",58256,Ennepetal,51.293042497039856,7.352546573336718,ogc-api-nrw
181390,"Hattingen, BK Raabestraße",Berufskolleg,"Raabestr., Raabestr. 15",45525,Hattingen,51.39338712788772,7.181897827980468,ogc-api-nrw
181420,"Wetter, FÖ BK KM Werner-Richard",Förderschule,"Am Grünewald, Am Grünewald 10-12",58300,Wetter (Ruhr),51.359073404263455,7.3625741753395575,ogc-api-nrw
181500,"Menden, BK Hönne",Berufskolleg,"Werler Str., Werler Str. 4",58706,Menden (Sauerland),51.442834503188585,7.7883029301981095,ogc-api-nrw
181511,"Menden, BK Placida Viel-Berufskolleg",Berufskolleg,"Dechant-Röper-Str., Dechant-Röper-Str. 47",58706,Menden (Sauerland),51.444094292771894,7.797119244843593,ogc-api-nrw
181640,"Lippstadt, BK Marienschule",Berufskolleg,"Pauline-von-Mallinckrodt-Platz, Pauline-von-Mallinckrodt-Platz 1",59558,Lippstadt,51.709119297465996,8.360468001324158,ogc-api-nrw
181663,"Lippstadt, BK Lippe",Berufskolleg,"Otto-Hahn-Str., Otto-Hahn-Str. 25",59557,Lippstadt,51.65655390025319,8.326570678181554,ogc-api-nrw
181742,"Bestwig, BK Bergkloster Bestwig",Berufskolleg,"Zum Bergkloster, Zum Bergkloster 1",59909,Bestwig,51.361847303621154,8.406668520781354,ogc-api-nrw
181778,"Eslohe, BK Lorenz-Burmann-Schule",Berufskolleg,"Böttenbergstr., Böttenbergstr. 20",59889,Eslohe (Sauerland),51.25484201935958,8.17524063577301,ogc-api-nrw
181808,"Meschede, BK Dünnefeld",Berufskolleg,"Dünnefeldweg, Dünnefeldweg 5",59872,Meschede,51.35994674959342,8.283804916090599,ogc-api-nrw
181870,"Olpe, BK Kurfürst-Heinrich-Straße",Berufskolleg,"Kurfürst-Heinrich-Str., Kurfürst-Heinrich-Str. 34-36",57462,Olpe,51.02461159360805,7.84640971084514,ogc-api-nrw
181948,"Siegen, BK Technik Fischbacherbergstr.",Berufskolleg,"Fischbacherbergstr., Fischbacherbergstr. 2",57072,Siegen,50.87720747478786,8.014127780298464,ogc-api-nrw
181973,"Siegen, BK Wirtschaft und Verwaltung",Berufskolleg,"Am Stadtwald, Am Stadtwald 27",57072,Siegen,50.87861205049416,8.010075421175625,ogc-api-nrw
181985,"Siegen, BK Fischerbacherbergstr.",Berufskolleg,"Fischbacherbergstr., Fischbacherbergstr. 17",57072,Siegen,50.875616168633535,8.01099171417033,ogc-api-nrw
182140,"Soest, BK Börde",Berufskolleg,"Geschwister-Scholl-Str., Geschwister-Scholl-Str. 1",59494,Soest,51.570772458887795,8.085845965169074,ogc-api-nrw
182151,"Soest, FÖ BK SE LWL",Förderschule,"Hattroper Weg, Hattroper Weg 55",59494,Soest,51.576703244978766,8.08535176945903,ogc-api-nrw
182242,"Unna, BK Märkisches",Berufskolleg,"Parkstr., Parkstr. 22",59425,Unna,51.54481454572161,7.687140150232314,ogc-api-nrw
182254,"Unna, BK Hellweg",Berufskolleg,"Platanenallee, Platanenallee 18",59425,Unna,51.54453737076844,7.688085524937791,ogc-api-nrw
182266,"Unna, BK Hansa",Berufskolleg,"Platanenallee, Platanenallee 41-43",59425,Unna,51.54530600783223,7.689274842559921,ogc-api-nrw
182278,"Bad Berleburg, BK Am Breitenbach",Berufskolleg,"Am Breitenbach, Am Breitenbach 1",57319,Bad Berleburg,51.05938225409311,8.399469665489034,ogc-api-nrw
183003,"Duisburg, GG (Verb.) Lauenburger Allee",Grundschule,"Lauenburger Allee, Lauenburger Allee 17",47269,Duisburg,51.36386346894917,6.7816155260921205,ogc-api-nrw
183027,"Königswinter, GG Longenburgschule",Grundschule,"Friedenstr., Friedenstr. 22",53639,Königswinter,50.69277133903748,7.183907434058596,ogc-api-nrw
183040,"Köln, Gym Lessing-Gymnasium",Gymnasium,"Heerstr., Heerstr. 7",51143,Köln,50.866824321400514,7.054287608606344,ogc-api-nrw
183052,"Lippstadt, WBK Gym,KOL,RS Hanse-Kolleg",Weiterbildungskolleg,"Ostendorfallee, Ostendorfallee 1",59555,Lippstadt,51.67821794382863,8.344632209456593,ogc-api-nrw
183076,"Essen, GE Bockmühle",Gesamtschule,"Ohmstr., Ohmstr. 32",45143,Essen,51.4600290832763,6.969129247150896,ogc-api-nrw
183088,"Düsseldorf, RS Carl-Benz-Realschule",Realschule,"Lewitstr., Lewitstr. 2",40547,Düsseldorf,51.2380786997918,6.750910481134522,ogc-api-nrw
183106,"Hopsten, BK Hüberts'sche Schule",Berufskolleg,"Am Schulplatz, Am Schulplatz 3",48496,Hopsten,52.38485401836075,7.602556451172784,ogc-api-nrw
183118,"Neunkirchen-Seel., GG Ritter-Göttscheid",Grundschule,"Rathausstr., Rathausstr. 3",53819,Neunkirchen-Seelscheid,50.84502857533653,7.337255998043659,ogc-api-nrw
183131,"Bochum, FÖ GG Hilda-Heinemann-Schule",Förderschule,"Eifelstr., Eifelstr. 15-17",44805,Bochum,51.51247448931987,7.249580492019709,ogc-api-nrw
183143,"Bochum, FÖ GG Janusz-Korczak-Schule",Förderschule,"Alleestr., Alleestr. 117b",44793,Bochum,51.47764332150399,7.199531408806863,ogc-api-nrw
183167,"Dortmund, Gym Heinrich-Heine",Gymnasium,"Dörwerstr., Dörwerstr. 34",44359,Dortmund,51.55892900648958,7.3901443917700815,ogc-api-nrw
183180,"Essen, FÖ GG Comenius-Schule",Förderschule,"Auf dem Loh, Auf dem Loh 15S",45289,Essen,51.416653558247646,7.114860525199414,ogc-api-nrw
183210,"Duisburg, FÖ ES Alfred-Adler-Schule",Förderschule,"Franz-Lenze-Str., Franz-Lenze-Str. 97",47178,Duisburg,51.54197037807906,6.719440790586971,ogc-api-nrw
183222,"Paderborn, FÖ KM Liboriusschule",Förderschule,"Steubenstr., Steubenstr. 20",33100,Paderborn,51.73694508889818,8.77550305400026,ogc-api-nrw
183246,"Erkrath, RS Hochdahl",Realschule,"Hospitalstr., Hospitalstr. 45",40597,Düsseldorf,51.16701323651496,6.865232687027485,ogc-api-nrw
183260,"Iserlohn, RS am Hemberg",Realschule,"Alexander-Pfänder-Weg, Alexander-Pfänder-Weg 9",58636,Iserlohn,51.3898941006004,7.700763500593686,ogc-api-nrw
183271,"Ratingen, GG Erich Kästner-Schule",Grundschule,"Berliner Str., Berliner Str. 35",40880,Ratingen,51.29398648718149,6.8229269693146986,ogc-api-nrw
183283,"Paderborn, Gym Schloß Neuhaus",Gymnasium,"Im Schloßpark, Im Schloßpark",33104,Paderborn,51.746634915761064,8.708636048031009,ogc-api-nrw
183301,"Münster, RS Geschwister-Scholl",Realschule,"Von-Humboldt-Str., Von-Humboldt-Str. 14",48159,Münster,51.99825836467119,7.603688187593423,ogc-api-nrw
183313,"Bielefeld, GG Bültmannshofschule",Grundschule,"Kurt-Schumacher-Str., Kurt-Schumacher-Str. 45",33615,Bielefeld,52.03057097936678,8.511585182875779,ogc-api-nrw
183337,"Aachen, GG (Verb.) Richterich",Grundschule,"Grünenthaler Str., Grünenthaler Str. 2",52072,Aachen,50.81516323869781,6.0581390420060295,ogc-api-nrw
183349,"Köln, GG Riphahnstr.",Grundschule,"Riphahnstr., Riphahnstr. 40a",50769,Köln,51.01934523355405,6.901911028160679,ogc-api-nrw
183350,"Bergisch Gladbach, GG Kippekausen",Grundschule,"Burgstr., Burgstr. 2",51427,Bergisch Gladbach,50.95914723299716,7.125365517646883,ogc-api-nrw
183386,"Gelsenkirchen, GG Nordsternschule",Grundschule,"Devensstr., Devensstr. 102",45899,Gelsenkirchen,51.52847738194931,7.022427934180696,ogc-api-nrw
183398,"Mülheim an der Ruhr, FÖ GG Rembergschule",Förderschule,"Rembergstr., Rembergstr. 7",45470,Mülheim an der Ruhr,51.41593080675819,6.917597358253639,ogc-api-nrw
183404,"Wesel, FÖ GG am Ring",Förderschule,"Rheinbabenstr., Rheinbabenstr. 2",46483,Wesel,51.65193155359606,6.6136470921641815,ogc-api-nrw
183416,"Herzogenrath, GG Kohlscheid-Mitte",Grundschule,"Ebertstr., Ebertstr. 19",52134,Herzogenrath,50.83256505711622,6.085565742801628,ogc-api-nrw
183428,"Leichlingen, FÖ GG Martin-Buber-Schule",Förderschule,"Kuhlenweg, Kuhlenweg 29",42799,Leichlingen (Rheinland),51.11328582671385,7.132664007382378,ogc-api-nrw
183430,"Waldbröl, GG Hermesdorf",Grundschule,"Hauptstr., Hauptstr. 72",51545,Waldbröl,50.89485968810478,7.655461905976527,ogc-api-nrw
183465,"Heek, KG Alexander-Hegius",Grundschule,"Heiligenkamp, Heiligenkamp 37",48619,Heek,52.118369565254575,7.104146629377657,ogc-api-nrw
183477,"Heek, KG Bischof-Martin Nienborg",Grundschule,"Schulstr., Schulstr. 10",48619,Heek,52.13580213136387,7.105086872563245,ogc-api-nrw
183490,"Münster, FÖ KM Regenbogen",Förderschule,"Bröderichweg, Bröderichweg 43",48159,Münster,51.99374768937752,7.618437754079813,ogc-api-nrw
183519,"Bottrop, GG Ludgerusschule",Grundschule,"Birkenstr., Birkenstr. 34",46242,Bottrop,51.5215035370126,6.9000981864803705,ogc-api-nrw
183520,"Bottrop, GG Vonderort",Grundschule,"Am Quellenbusch, Am Quellenbusch 101",46242,Bottrop,51.50679710287239,6.912533846176161,ogc-api-nrw
183532,"Ratingen, Gym Kopernikus",Gymnasium,"Duisburger Str., Duisburger Str. 112",40885,Ratingen,51.34301916039871,6.8277977973856725,ogc-api-nrw
183544,"Aachen, FÖ ES Peter-Härtling-Schule",Förderschule,"Elsassstr., Elsassstr. 94",52068,Aachen,50.775359753615966,6.1200943552236975,ogc-api-nrw
183568,"Bocholt, Gym Euregio-Gymnasium",Gymnasium,"Unter den Eichen, Unter den Eichen 6",46397,Bocholt,51.847896404821476,6.634757627889672,ogc-api-nrw
183593,"Bad Oeynhausen, BK Wittekindshof",Berufskolleg,"Pfarrer-Krekeler-Str., Pfarrer-Krekeler-Str. 9",32549,Bad Oeynhausen,52.25687239923765,8.783479681694136,ogc-api-nrw
183623,"Recklinghausen, GG Kohlkamp",Grundschule,"Kohlkamp, Kohlkamp 1-3",45657,Recklinghausen,51.61714835049436,7.178674012247903,ogc-api-nrw
183635,"Düsseldorf, GG Montessori Grundschule",Grundschule,"Emil-Barth-Str., Emil-Barth-Str. 45",40595,Düsseldorf,51.14179822472375,6.894160932766298,ogc-api-nrw
183647,"Bedburg-Hau, FÖ KM Dietrich-Bonhoeffer",Förderschule,"Am Alten Park, Am Alten Park 5a",47551,Bedburg-Hau,51.764752488657635,6.168626579571663,ogc-api-nrw
183659,"Langenfeld, FÖ KM LVR-Paul-Klee-Schule",Förderschule,"Albert-Einstein-Str., Albert-Einstein-Str. 11a",40764,Langenfeld (Rheinland),51.097321130337804,6.961413509080589,ogc-api-nrw
183684,"Münster, Gym Geschwister-Scholl",Gymnasium,"Von-Humboldt-Str., Von-Humboldt-Str. 14",48159,Münster,51.99825836467119,7.603688187593423,ogc-api-nrw
183696,"Hagen, FÖ ES Wilhelm-Busch-Schule",Förderschule,"Obernahmerstr., Obernahmerstr. 9",58119,Hagen,51.33482576940566,7.57485721237479,ogc-api-nrw
183702,"Mönchengladbach, FÖ GG Herman-van-Veen",Förderschule,"Voigtshofer Allee, Voigtshofer Allee 27",41189,Mönchengladbach,51.1301388407367,6.403472142441284,ogc-api-nrw
183714,"Steinheim, Gym Stettiner Str.",Gymnasium,"Stettiner Str., Stettiner Str. 1a",32839,Steinheim,51.87484080846726,9.08229008617595,ogc-api-nrw
183726,"Köln, GE Holweide",Gesamtschule,"Burgwiesenstr., Burgwiesenstr. 125",51067,Köln,50.96351212194718,7.03956892417469,ogc-api-nrw
183738,"Bergisch Gladbach, GE Paffrath",Gesamtschule,"Borngasse, Borngasse 86",51469,Bergisch Gladbach,50.99841724552665,7.09616207040195,ogc-api-nrw
183740,"Sankt Augustin, Gym Albert-Einstein",Gymnasium,"Alte Marktstr., Alte Marktstr. 7",53757,Sankt Augustin,50.778077994043485,7.211868295857945,ogc-api-nrw
183751,"Sankt Augustin, FÖ KM Frida-Kahlo-Schule",Förderschule,"Arnold-Janssen-Str., Arnold-Janssen-Str. 25a",53757,Sankt Augustin,50.77527252235458,7.179933226869884,ogc-api-nrw
183763,"Bergheim, FÖ GG Schule Zum Römerturm",Förderschule,"Zum Römerturm, Zum Römerturm 16",50127,Bergheim,50.93839456353529,6.633051111994066,ogc-api-nrw
183775,"Niederkassel, Gym Kopernikus-Gymnasium",Gymnasium,"Kopernikusstr., Kopernikusstr. 3",53859,Niederkassel,50.833375501470755,7.025329340087419,ogc-api-nrw
183787,"Dormagen, Gym Leibniz",Gymnasium,"Dr.-Geldmacher-Str., Dr.-Geldmacher-Str. 1",41540,Dormagen,51.07550648350119,6.810014782372144,ogc-api-nrw
183799,"Solingen, FÖ ES Halfeshof",Förderschule,"Halfeshof, Halfeshof 50",42651,Solingen,51.169535437374414,7.116745539189947,ogc-api-nrw
183830,"Brühl, GG Astrid-Lindgren",Grundschule,"Rodderweg, Rodderweg 93",50321,Brühl,50.82647948593196,6.883406221132694,ogc-api-nrw
183842,"Dortmund, GG Buscheischule",Grundschule,"Buschei, Buschei 28",44328,Dortmund,51.54763849309935,7.54391486754771,ogc-api-nrw
183854,"Köln, GH Gustav-Heinemann-Schule",Hauptschule,"Karl-Marx-Allee, Karl-Marx-Allee 3",50769,Köln,51.02337311585126,6.906349491875286,ogc-api-nrw
183878,"Gelsenkirchen, FÖ GG Albert-Schweitzer",Förderschule,"Albert-Schweitzer-Str., Albert-Schweitzer-Str. 38",45899,Gelsenkirchen,51.54935236935814,7.033811989478816,ogc-api-nrw
183880,"Neuss, GG Gebrüder Grimm Schule",Grundschule,"Harffer Str., Harffer Str. 9-11",41469,Neuss,51.170662081555776,6.722562243587951,ogc-api-nrw
183891,"Haan, GG Bollenberg",Grundschule,"Robert-Koch-Str., Robert-Koch-Str. 27",42781,Haan,51.20041442627415,7.022240520542276,ogc-api-nrw
183908,"Jülich, FÖ GG Stephanusschule",Förderschule,"Stephanusweg, Stephanusweg 2",52428,Jülich,50.885590084047834,6.408737856182704,ogc-api-nrw
183910,"Pulheim, Gym Abtei",Gymnasium,"Kastanienallee, Kastanienallee 2",50259,Pulheim,50.95839199195304,6.792044293665267,ogc-api-nrw
183921,"Oberhausen, GG Schwarze Heide",Grundschule,"Roßbachstr., Roßbachstr. 21",46149,Oberhausen,51.512052349282975,6.834854617904258,ogc-api-nrw
183957,"Dülmen, RS Hermann-Leeser-Schule",Realschule,"Charleville-Mezieres-Platz, Charleville-Mezieres-Platz 2",48249,Dülmen,51.83132904511205,7.281349975046236,ogc-api-nrw
183970,"Attendorn, GG (Verb.) Attandara-Schule",Grundschule,"Südwall, Südwall 68",57439,Attendorn,51.12352102752813,7.9012923054457085,ogc-api-nrw
184019,"Hagen, GE Fritz-Steinhoff-Schule",Gesamtschule,"Am Bügel, Am Bügel 20",58099,Hagen,51.397613264763734,7.478431194372402,ogc-api-nrw
184032,"Dorsten, FÖ GG Haldenwangschule",Förderschule,"Marler Str., Marler Str. 50",46282,Dorsten,51.65794638634516,6.979101999561802,ogc-api-nrw
184056,"Paderborn, FÖ GG Hermann-Schmidt",Förderschule,"Merschweg, Merschweg 6",33104,Paderborn,51.7463910203094,8.70458185599158,ogc-api-nrw
184093,"Porta Westfalica,GG (Verb) Neesen-Klein.",Grundschule,"Mittelfeldstr., Mittelfeldstr. 8",32457,Porta Westfalica,52.26387462840115,8.931043739727713,ogc-api-nrw
184100,"Witten, GG Pferdebach",Grundschule,"Rebecca-Hanf-Str., Rebecca-Hanf-Str. 10",58454,Witten,51.44987699434083,7.349425542889129,ogc-api-nrw
184111,"Remscheid, GG Hackenberg",Grundschule,"Albert-Einstein-Str., Albert-Einstein-Str. 31",42897,Remscheid,51.200533487924325,7.276476537552677,ogc-api-nrw
184123,"Dortmund, BK Robert-Schuman",Berufskolleg,"Emil-Moog-Platz, Emil-Moog-Platz 15",44137,Dortmund,51.515262330235245,7.45301023248991,ogc-api-nrw
184135,"Velbert, FÖ GG Schule Am Thekbusch",Förderschule,"Am Thekbusch, Am Thekbusch 2a",42549,Velbert,51.326573331617716,7.015424278047293,ogc-api-nrw
184147,"Krefeld, KG Maria-Montessori-Schule",Grundschule,"Minkweg, Minkweg 28-30",47803,Krefeld,51.35656230106107,6.567913972918455,ogc-api-nrw
184159,"Overath, Gym Paul-Klee",Gymnasium,"Perenchiesstr., Perenchiesstr. 3",51491,Overath,50.92586852080581,7.278779336728784,ogc-api-nrw
184160,"Wachtberg, GH Wachtberg",Hauptschule,"Stumpebergweg, Stumpebergweg 5",53343,Wachtberg,50.62744219216086,7.1323134851578915,ogc-api-nrw
184184,"Köln, GG Clarenhofschule",Grundschule,"Schulstr., Schulstr. 2",50859,Köln,50.93774978860206,6.82890707481371,ogc-api-nrw
184214,"Bielefeld, WBK Gym Gutenbergstraße",Weiterbildungskolleg,"Gutenbergstr., Gutenbergstr. 19",33615,Bielefeld,52.03272100395072,8.52284457306836,ogc-api-nrw
184238,"Neukirchen-Vluyn, GG Antoniusschule",Grundschule,"Sittermannstr., Sittermannstr. 38",47506,Neukirchen-Vluyn,51.43067134410746,6.530988014180415,ogc-api-nrw
184240,"Bonn, RS Hardtberg",Realschule,"Gaußstr., Gaußstr. 2",53125,Bonn,50.70193912274273,7.0537145900220475,ogc-api-nrw
184251,"Aachen, BK Fachschule des Heeres",Berufskolleg,"Kornelimünsterweg, Kornelimünsterweg 27",52066,Aachen,50.75177116814658,6.107973627159644,ogc-api-nrw
184263,"Iserlohn, FÖ GG Carl-Sonnenschein-Schule",Förderschule,"Gertrudisstr., Gertrudisstr. 10b",58640,Iserlohn,51.41919664720711,7.711021276935298,ogc-api-nrw
184275,"Pulheim, FÖ KM Donatusschule",Förderschule,"Donatusstr., Donatusstr. 39-41",50259,Pulheim,50.96017156569146,6.7938824705638625,ogc-api-nrw
184287,"Köln, GE Heinrich-Böll-Schule",Gesamtschule,"Merianstr., Merianstr. 11-15",50765,Köln,51.02611931593267,6.899009574406892,ogc-api-nrw
184299,"Düsseldorf, BK LVR-Berufskolleg",Berufskolleg,"Am Großen Dern, Am Großen Dern 10",40625,Düsseldorf,51.243443853352986,6.861494367991381,ogc-api-nrw
184305,"Köln, FÖ KM Anna-Freud-Schule",Förderschule,"Alter Militärring, Alter Militärring 96",50933,Köln,50.944147090029155,6.875488652117899,ogc-api-nrw
184342,"Dorsten, GE Wulfen",Gesamtschule,"Wulfener Markt, Wulfener Markt 2",46286,Dorsten,51.72725524779255,7.0284320353639504,ogc-api-nrw
184366,"Hamm, BK LWL",Berufskolleg,"Heithofer Allee, Heithofer Allee 64",59071,Hamm,51.685828247196675,7.86395070221202,ogc-api-nrw
184380,"Gladbeck, GE Ingeborg-Drewitz",Gesamtschule,"Fritz-Erler-Str., Fritz-Erler-Str. 4",45966,Gladbeck,51.582852183146315,6.961188156622835,ogc-api-nrw
184408,"Bochum, FW Christopherus-Schule",Waldorfschule,"Gerther Str., Gerther Str. 31",44805,Bochum,51.51738438680511,7.2787382208686235,ogc-api-nrw
184421,"Wuppertal, FÖ ES Johannes-Rau-Schule",Förderschule,"Kreuzstr., Kreuzstr. 85",42277,Wuppertal,51.28775766638015,7.214742141675299,ogc-api-nrw
184445,"Lüdenscheid, FÖ GG Schule an der Höh",Förderschule,"Bonhoefferstr., Bonhoefferstr. 15",58511,Lüdenscheid,51.208046573955095,7.642123591730977,ogc-api-nrw
184457,"Wilnsdorf, RS Wilnsdorf",Realschule,"Augraben, Augraben 9",57234,Wilnsdorf,50.85493482501149,8.089768409380527,ogc-api-nrw
184500,"Bergisch Gladbach, RS Herkenrath",Realschule,"St.-Antonius-Str., St.-Antonius-Str. 17",51429,Bergisch Gladbach,50.988036970377635,7.189946785039968,ogc-api-nrw
184512,"Minden, WBK KOL, Gym, RS Weser-Kolleg",Weiterbildungskolleg,"Martinikirchhof, Martinikirchhof 6a",32423,Minden,52.28850768136657,8.915626146399493,ogc-api-nrw
184524,"Herne, FÖ GG Robert-Brauner-Schule",Förderschule,"Bergstr., Bergstr. 93b",44625,Herne,51.523608873793194,7.234680287005089,ogc-api-nrw
184536,"Heinsberg, FÖ GG Rurtal-Schule",Förderschule,"Parkstr., Parkstr. 23",52525,Heinsberg,51.05559742705842,6.151998536574394,ogc-api-nrw
184550,"Erftstadt, RS Dr.-J.-Fieger-Str.",Realschule,"Dr.-Josef-Fieger-Str., Dr.-Josef-Fieger-Str. 7",50374,Erftstadt,50.80584519430495,6.773653641701669,ogc-api-nrw
184573,"Münster, BK Timmermeister GmbH",Berufskolleg,"Sentruper Str., Sentruper Str. 157-161",48149,Münster,51.95377191108507,7.599497049003375,ogc-api-nrw
184585,"Herzogenrath, FÖ GG Roda-Schule",Förderschule,"Geilenkirchener Str., Geilenkirchener Str. 33",52134,Herzogenrath,50.87078529047662,6.0996424824489095,ogc-api-nrw
184597,"Stolberg, FÖ GG Regenbogenschule",Förderschule,"Stettiner Str., Stettiner Str. 42",52222,Stolberg (Rhld.),50.78006096164814,6.23170359937328,ogc-api-nrw
184603,"Paderborn, WBK RS Fürstenweg",Weiterbildungskolleg,"Fürstenweg, Fürstenweg 17b",33102,Paderborn,51.72594471422074,8.742879996081992,ogc-api-nrw
184615,"Bad Salzuflen, RS Aspe",Realschule,"Paul-Schneider-Str., Paul-Schneider-Str. 5",32107,Bad Salzuflen,52.063682175488466,8.732207304310355,ogc-api-nrw
184627,"Duisburg, FÖ GG Am Rönsbergshof",Förderschule,"Am Rönsbergshof, Am Rönsbergshof 13-15",47139,Duisburg,51.4748417755094,6.746279753015979,ogc-api-nrw
184639,"Mönchengladbach, FÖ GG Rheydter Bach",Förderschule,"Dahlener Str., Dahlener Str. 172",41239,Mönchengladbach,51.16620531035509,6.430729476482448,ogc-api-nrw
184640,"Essen, Gym Überruhr",Gymnasium,"Langenberger Str., Langenberger Str. 380",45277,Essen,51.424380114156165,7.0713025599350425,ogc-api-nrw
184652,"Beverungen, Gym Birkenstraße",Gymnasium,"Birkenstr., Birkenstr. 5",37688,Beverungen,51.66622305466246,9.368682217827697,ogc-api-nrw
184664,"Bergisch Gladbach, Gym Herkenrath",Gymnasium,"St.-Antonius-Str., St.-Antonius-Str. 17",51429,Bergisch Gladbach,50.988036970377635,7.189946785039968,ogc-api-nrw
184676,"Münster, Gym Immanuel-Kant",Gymnasium,"Westfalenstr., Westfalenstr. 203",48165,Münster,51.90074192581998,7.6411774453637635,ogc-api-nrw
184688,"Mönchengladbach, Gym Franz-Meyers",Gymnasium,"Asternweg, Asternweg 1",41238,Mönchengladbach,51.1572755581475,6.486233511637985,ogc-api-nrw
184690,"Erftstadt, Gym Ville-Gymnasium",Gymnasium,"Schwalbenstr., Schwalbenstr. 1",50374,Erftstadt,50.814026308742044,6.818679553424748,ogc-api-nrw
184706,"Hürth, Gym Albert-Schweitzer",Gymnasium,"Sudetenstr., Sudetenstr. 37",50354,Hürth,50.88578064483398,6.8727426218021614,ogc-api-nrw
184731,"Kaarst, Gym Georg-Büchner",Gymnasium,"Am Holzbüttger Haus, Am Holzbüttger Haus 1",41564,Kaarst,51.22238145385448,6.592154278735734,ogc-api-nrw
184743,"Solingen, GG Uhlandstr.",Grundschule,"Uhlandstr., Uhlandstr. 52",42699,Solingen,51.148492028423924,7.014595293758574,ogc-api-nrw
184767,"Düsseldorf, BK DAA-Wirtschaftsakademie",Berufskolleg,"Konrad-Adenauer-Platz, Konrad-Adenauer-Platz 9",40210,Düsseldorf,51.22088577551995,6.792135758592816,ogc-api-nrw
184809,"Kleve, FÖ GG Schule Haus Freudenberg",Förderschule,"Am Freudenberg, Am Freudenberg 42",47533,Kleve,51.769627116884685,6.1537379550918905,ogc-api-nrw
184810,"Bielefeld, FÖ ES am Lönkert",Förderschule,"Schulstr., Schulstr. 84",33647,Bielefeld,51.9972072519315,8.505583103458957,ogc-api-nrw
184846,"Würselen, GG Friedrichstr.",Grundschule,"Friedrichstr., Friedrichstr. 4",52146,Würselen,50.81879206874229,6.1333961122293434,ogc-api-nrw
184858,"Köln, Gym Heinrich-Heine-Gymnasium",Gymnasium,"Hardtgenbuscher Kirchweg, Hardtgenbuscher Kirchweg 100",51107,Köln,50.92754357202017,7.047983626090151,ogc-api-nrw
184860,"Bochum, GG Waldschule",Grundschule,"Hustadtring, Hustadtring 144",44801,Bochum,51.4489196509219,7.255984673256182,ogc-api-nrw
184871,"Bielefeld, WBK KOL Oberstufen-Kolleg",Weiterbildungskolleg,"Universitätsstr., Universitätsstr. 23",33615,Bielefeld,52.03672729470514,8.498149527012592,ogc-api-nrw
184883,"Bielefeld, GE Laborschule d. Landes NRW",Gesamtschule,"Universitätsstr., Universitätsstr. 21",33615,Bielefeld,52.03625594206853,8.499364815604666,ogc-api-nrw
184895,"Bonn, GG Om Berg",Grundschule,"Pützhecke, Pützhecke 10",53229,Bonn,50.73840059639374,7.1974637951934834,ogc-api-nrw
184913,"Köln, GE Lise-Meitner-Gesamtschule",Gesamtschule,"Stresemannstr., Stresemannstr. 36",51149,Köln,50.898963341777005,7.062661676737804,ogc-api-nrw
184925,"Meerbusch, GG Theodor-Fliedner-Schule",Grundschule,"Im Schieb, Im Schieb 2-8",40668,Meerbusch,51.307641719218054,6.683916385501629,ogc-api-nrw
184937,"Köln, GE Willy-Brandt-Gesamtschule",Gesamtschule,"Im Weidenbruch, Im Weidenbruch 214",51061,Köln,50.9842642040404,7.043011866927945,ogc-api-nrw
184949,"Kaarst, GG Stakerseite",Grundschule,"Pestalozzistr., Pestalozzistr. 3",41564,Kaarst,51.223578251658104,6.618102018385777,ogc-api-nrw
184950,"Hilden, GG (Verb.) Im Kalstert",Grundschule,"Kalstert, Kalstert 86",40724,Hilden,51.16982865051961,6.965655883561343,ogc-api-nrw
184962,"Lemgo, FÖ GG Astrid-Lindgren",Förderschule,"Vogelsang, Vogelsang 36",32657,Lemgo,52.03410458629073,8.913059141920552,ogc-api-nrw
184974,"Münster, GG Kinderhaus-West",Grundschule,"Josef-Beckmann-Str., Josef-Beckmann-Str. 33",48159,Münster,51.99693456190265,7.593693004177466,ogc-api-nrw
184986,"Recklinghausen, GG Im Hinsberg",Grundschule,"Canisiusstr., Canisiusstr. 9",45665,Recklinghausen,51.622660866201265,7.222675563636971,ogc-api-nrw
184998,"Aachen, FÖ GG Kleebach-Schule",Förderschule,"Lindenstr., Lindenstr. 91",52080,Aachen,50.77302295204388,6.157177368611936,ogc-api-nrw
185000,"Lüdenscheid, GG Parkstraße",Grundschule,"Parkstr., Parkstr. 241",58515,Lüdenscheid,51.2125345011885,7.571921244669485,ogc-api-nrw
185012,"Wuppertal, GG Haarhausen",Grundschule,"Haarhausen, Haarhausen 22",42279,Wuppertal,51.2950871422762,7.21947815427159,ogc-api-nrw
185024,"Bergheim, GG Gudrun Pausewang",Grundschule,"Domackerstr., Domackerstr. 1-3",50127,Bergheim,50.93990914052929,6.686612583444528,ogc-api-nrw
185036,"Krefeld, KR Christophorusschule",Förderschule,"Lutherplatz, Lutherplatz 40",47805,Krefeld,51.32093595800385,6.566082162985357,ogc-api-nrw
185048,"Arnsberg, GG Müggenberg/Rusch",Grundschule,"Königsbergstr., Königsbergstr. 1",59755,Arnsberg,51.444429117422885,7.979399012349963,ogc-api-nrw
185050,"Espelkamp, FÖ LE Bischof-Hermann-Kunst",Förderschule,"Präses-Ernst-Wilm-Str., Präses-Ernst-Wilm-Str. 2",32339,Espelkamp,52.382548058935036,8.616168352190876,ogc-api-nrw
185073,"Gütersloh, FÖ GG Michaelis-Schule",Förderschule,"Niemeiers Kamp, Niemeiers Kamp 4",33332,Gütersloh,51.888404788320706,8.363230148380323,ogc-api-nrw
185097,"Dortmund, FÖ SQ, Johannes-Wulff-Schule",Förderschule,"Kreuzstr., Kreuzstr. 155",44137,Dortmund,51.50182662286222,7.4447770593647995,ogc-api-nrw
185127,"Krefeld, GE Maria-Montessori",Gesamtschule,"Minkweg, Minkweg 26-28",47803,Krefeld,51.3568728179295,6.568141716561286,ogc-api-nrw
185139,"Köln, FÖ KM LVR, Belvedere",Förderschule,"Belvederestr., Belvederestr. 149",50933,Köln,50.947915517833465,6.871045621866622,ogc-api-nrw
185140,"Hiddenhausen, FÖ GG Johannes-Falk-Haus",Förderschule,"Rathausstr., Rathausstr. 2",32120,Hiddenhausen,52.15423567302886,8.637268544189583,ogc-api-nrw
185152,"Siegburg, FÖ SQ Rudolf-Dreikurs-Schule",Förderschule,"Grünerweg, Grünerweg 1",53721,Siegburg,50.80271683669153,7.191782101254906,ogc-api-nrw
185176,"Köln, GE Europaschule Zollstock",Gesamtschule,"Raderthalgürtel, Raderthalgürtel 3",50968,Köln,50.90275277299268,6.950169259513663,ogc-api-nrw
185188,"Herten, GE Rosa-Parks-Schule",Gesamtschule,"Fritz-Erler-Str., Fritz-Erler-Str. 2",45701,Herten,51.60883261191541,7.137570797346875,ogc-api-nrw
185190,"Marl, GE Willy-Brandt",Gesamtschule,"Willy-Brandt-Allee, Willy-Brandt-Allee 1",45770,Marl,51.64982285511173,7.098421496886836,ogc-api-nrw
185206,"Eschweiler, FÖ SQ Erich Kästner-Schule",Förderschule,"Wilhelminenstr., Wilhelminenstr. 22c-22d",52249,Eschweiler,50.8055623441019,6.2518860768390905,ogc-api-nrw
185218,"Wuppertal, RS Max-Planck-Realschule",Realschule,"Max-Planck-Str., Max-Planck-Str. 10",42277,Wuppertal,51.27730432228724,7.221011831128379,ogc-api-nrw
185220,"Münster, RS Wolbeck",Realschule,"Von-Holte-Str., Von-Holte-Str. 56",48167,Münster,51.914070116463705,7.719172768350961,ogc-api-nrw
185231,"Mülheim an der Ruhr,GG am Krähenbüschken",Grundschule,"Strippchens Hof, Strippchens Hof 20",45479,Mülheim an der Ruhr,51.41748452903169,6.850747409774399,ogc-api-nrw
185243,"Duisburg, GG (Verb.) Im Reimel",Grundschule,"Im Reimel, Im Reimel 9",47259,Duisburg,51.35968142919582,6.687698286746774,ogc-api-nrw
185255,"Köln, Gym Heinrich-Mann-Gymnasium",Gymnasium,"Fühlinger Weg, Fühlinger Weg 4",50765,Köln,51.0184947678859,6.883683828535728,ogc-api-nrw
185267,"Duisburg, GE Süd",Gesamtschule,"Großenbaumer Allee, Großenbaumer Allee 168-174",47269,Duisburg,51.37531302704991,6.781665448566923,ogc-api-nrw
185279,"Hagen, GG Boloh",Grundschule,"Weizenkamp, Weizenkamp 3",58093,Hagen,51.362197411657334,7.506854506451261,ogc-api-nrw
185292,"Gelsenkirchen, FÖ SQ an der Gecksheide",Förderschule,"Gecksheide, Gecksheide 153",45897,Gelsenkirchen,51.562993036087136,7.023022649901114,ogc-api-nrw
185309,"Oberhausen, FÖ GG Schillerschule",Förderschule,"Arminstr., Arminstr. 2a",46117,Oberhausen,51.49869486327198,6.891954439257349,ogc-api-nrw
185310,"Bonn, GE Beuel",Gesamtschule,"Siegburger Str., Siegburger Str. 321",53229,Bonn,50.74960076067432,7.1494290466164125,ogc-api-nrw
185322,"Mülheim an der Ruhr, Gym Heißen",Gymnasium,"Kleiststr., Kleiststr. 50",45472,Mülheim an der Ruhr,51.42706627539572,6.940093789570461,ogc-api-nrw
185334,"Witten, FÖ GG Kämpenschule",Förderschule,"Heinrich-Heine-Str., Heinrich-Heine-Str. 2",58456,Witten,51.40495880813038,7.273919537004984,ogc-api-nrw
185346,"Telgte, GG Don-Bosco-Schule",Grundschule,"Beethovenstr., Beethovenstr. 6",48291,Telgte,51.97684126929137,7.788944901148217,ogc-api-nrw
185360,"Wegberg, Gym Maximilian-Kolbe",Gymnasium,"Maaseiker Str., Maaseiker Str. 63",41844,Wegberg,51.135756375398756,6.281467636400398,ogc-api-nrw
185371,"Hagen, FÖ GG Gustav-Heinemann-Schule",Förderschule,"Franzstr., Franzstr. 79",58091,Hagen,51.34722790989681,7.482613733549558,ogc-api-nrw
185383,"Bonn, RS Collegium Josephinum",Realschule,"Kölnstr., Kölnstr. 413",53117,Bonn,50.74929161201948,7.077524064904221,ogc-api-nrw
185413,"Köln, GG Merianstr. I",Grundschule,"Merianstr., Merianstr. 7-9",50765,Köln,51.027223388829036,6.897890026749703,ogc-api-nrw
185425,"Köln, GG Soldiner Straße",Grundschule,"Soldiner Str., Soldiner Str. 68",50767,Köln,51.00612492529316,6.887468629376565,ogc-api-nrw
185437,"Köln, Gym Köln-Pesch",Gymnasium,"Schulstr., Schulstr. 18",50767,Köln,50.997776403639996,6.871984841069294,ogc-api-nrw
185449,"Wuppertal, GG Küllenhahn",Grundschule,"Küllenhahner Str., Küllenhahner Str. 145",42349,Wuppertal,51.228434951743154,7.1394074438779525,ogc-api-nrw
185450,"Wuppertal, GG Birkenhöhe",Grundschule,"Birkenhöhe, Birkenhöhe 60-62",42113,Wuppertal,51.27902474230373,7.113216901370849,ogc-api-nrw
185462,"Senden, GG Bösensell",Grundschule,"Bahnhofstr., Bahnhofstr. 7",48308,Senden,51.91691715814933,7.479403450552994,ogc-api-nrw
185486,"Voerde, GG Erich Kästner Schule",Grundschule,"Rönskenstr., Rönskenstr. 52a",46562,Voerde (Niederrhein),51.60605983982776,6.691575855615114,ogc-api-nrw
185498,"Essen, FÖ GG Pestalozzi-Schule",Förderschule,"Mathilde-Kaiser-Str., Mathilde-Kaiser-Str. 11",45138,Essen,51.44737929333677,7.05035753135622,ogc-api-nrw
185504,"Essen, FÖ GG Traugott-Weise-Schule",Förderschule,"Wüstenhöferstr., Wüstenhöferstr. 175",45355,Essen,51.47032137187398,6.952314571523774,ogc-api-nrw
185528,"Bergheim, GG Astrid-Lindgren",Grundschule,"Knappschaftsallee, Knappschaftsallee 2",50126,Bergheim,50.94951713933065,6.640445122187652,ogc-api-nrw
185530,"Brilon, FÖ GG Franziskusschule",Förderschule,"Mühlenweg, Mühlenweg 56",59929,Brilon,51.39427967727209,8.547296026266277,ogc-api-nrw
185541,"Halle, GG Lindenschule",Grundschule,"Bismarckstr., Bismarckstr. 8",33790,Halle (Westf.),52.06068964417129,8.354379635702609,ogc-api-nrw
185553,"Gelsenkirchen, GG Dörmannsweg",Grundschule,"Dörmannsweg, Dörmannsweg 23",45888,Gelsenkirchen,51.52093641741895,7.1138432335910435,ogc-api-nrw
185565,"Leverkusen, FÖ GG Hugo-Kükelhaus-Schule",Förderschule,"Elisabeth-von-Thadden-Str., Elisabeth-von-Thadden-Str. 16A",51377,Leverkusen,51.045464063711044,7.027421915391561,ogc-api-nrw
185607,"Korschenbroich, Gym Don-Bosco-Str.",Gymnasium,"Don-Bosco-Str., Don-Bosco-Str. 2-4",41352,Korschenbroich,51.18942061700784,6.514010569681416,ogc-api-nrw
185619,"Rhede, KG Piusschule",Grundschule,"Finkestr., Finkestr. 20",46414,Rhede,51.82258201507814,6.692724884370196,ogc-api-nrw
185620,"Köln, BK Höhere Fachschule f.Augenoptik",Berufskolleg,"Bayenthalgürtel, Bayenthalgürtel 6-8",50968,Köln,50.90634994166422,6.975913873199293,ogc-api-nrw
185656,"Hövelhof, FÖ BK, ES, LE Salvator Sek.II",Förderschule,"Salvatorstr., Salvatorstr. 45",33161,Hövelhof,51.80303946341491,8.688345449437548,ogc-api-nrw
185668,"Bielefeld, FÖ GG Schule Am Möllerstift",Förderschule,"Am Möllerstift, Am Möllerstift 22",33647,Bielefeld,51.98962808253439,8.501384968237838,ogc-api-nrw
185681,"Bonn, GG Medinghoven",Grundschule,"Stresemannstr., Stresemannstr. 26",53123,Bonn,50.70964170895474,7.031978683956986,ogc-api-nrw
185711,"Bünde, RS Mitte",Realschule,"Strotweg, Strotweg 19",32257,Bünde,52.19219821062045,8.586444524885444,ogc-api-nrw
185723,"Olpe, FÖ KM Max von der Grün",Förderschule,"Bodelschwinghstr., Bodelschwinghstr. 9",57462,Olpe,51.020051513057744,7.854564359481529,ogc-api-nrw
185735,"Olpe, FÖ HK LWL",Förderschule,"Bodelschwinghstr., Bodelschwinghstr. 13",57462,Olpe,51.01983601644005,7.854598185615944,ogc-api-nrw
185747,"Ibbenbüren, GG Mauritiusschule",Grundschule,"Fröbelplatz, Fröbelplatz 3",49477,Ibbenbüren,52.27952342685879,7.706755895196066,ogc-api-nrw
185759,"Ibbenbüren, GG Ludwig",Grundschule,"Groner Allee, Groner Allee 49",49477,Ibbenbüren,52.269291515842305,7.710864140898454,ogc-api-nrw
185760,"Kerpen, GG Mühlenfeld",Grundschule,"Paul-Klee-Str., Paul-Klee-Str. 2-8",50170,Kerpen,50.91226101983241,6.676190191980627,ogc-api-nrw
185772,"Wuppertal, GE Erich-Fried-Gesamtschule",Gesamtschule,"An der Blutfinke, An der Blutfinke 70",42369,Wuppertal,51.22476936460222,7.189510655859408,ogc-api-nrw
185796,"Aachen, FÖ SQ Lindenschule",Förderschule,"Tonbrennerstr., Tonbrennerstr. 2",52080,Aachen,50.79655453624968,6.130400612081111,ogc-api-nrw
185802,"Meckenheim, RS Theodor-Heuss-Schule",Realschule,"Königsberger Str., Königsberger Str. 30",53340,Meckenheim,50.62226228054785,7.041454320866639,ogc-api-nrw
185814,"Hagen, GG Geweke",Grundschule,"Ennepeufer, Ennepeufer 5",58135,Hagen,51.35182236831645,7.425993689120708,ogc-api-nrw
185826,"Wuppertal, WBK RS,Gym,KOL Berg. WBK",Weiterbildungskolleg,"Pfalzgrafenstr., Pfalzgrafenstr. 32",42119,Wuppertal,51.24713489548251,7.145272751552912,ogc-api-nrw
185851,"Lüdenscheid, GH Stadtpark",Hauptschule,"Parkstr., Parkstr. 160",58509,Lüdenscheid,51.213096839009275,7.594597566553666,ogc-api-nrw
185863,"Herdecke, RS Am Bleichstein",Realschule,"Hengsteyseestr., Hengsteyseestr. 25",58313,Herdecke,51.39717360629982,7.438855928140838,ogc-api-nrw
185875,"Ahaus, RS Anne-Frank-Schule",Realschule,"Fuistingstr., Fuistingstr. 10",48683,Ahaus,52.08400621434155,7.013240677175782,ogc-api-nrw
185887,"Münster, FÖ SQ Erich Kästner-Schule",Förderschule,"Pötterhoek, Pötterhoek 45",48145,Münster,51.9733845201222,7.653612463776825,ogc-api-nrw
185899,"Holzwickede, FÖ GG Karl-Brauckmann",Förderschule,"Karl-Brauckmann-Str., Karl-Brauckmann-Str. 5",59439,Holzwickede,51.49493530511746,7.625202337479267,ogc-api-nrw
185905,"Lippstadt, FÖ GG Don-Bosco-Schule",Förderschule,"Holzstr., Holzstr. 25",59556,Lippstadt,51.70246938802864,8.332068351994266,ogc-api-nrw
185917,"Neuss, FÖ GG Schule am Nordpark",Förderschule,"Frankenstr., Frankenstr. 70",41462,Neuss,51.21233521470772,6.670761470442608,ogc-api-nrw
185929,"Dorsten, GG an der Talaue",Grundschule,"Talaue, Talaue 67",46286,Dorsten,51.73163239906599,7.036351489883698,ogc-api-nrw
185930,"Lübbecke, FÖ GG Schule am Buschkamp",Förderschule,"Kaiserstr., Kaiserstr. 6-10",32312,Lübbecke,52.30513789167092,8.60731953341418,ogc-api-nrw
185978,"Borken, FÖ GG Neumühlen-Schule",Förderschule,"Mozartstr., Mozartstr. 27",46325,Borken,51.86184516041519,6.84389092869154,ogc-api-nrw
185991,"Kall, FÖ GG St.-Nikolaus-Schule",Förderschule,"Weiherbenden, Weiherbenden 9",53925,Kall,50.53904833432307,6.553756882712741,ogc-api-nrw
186004,"Verl, Gym St.-Anna-Straße",Gymnasium,"St.-Anna-Str., St.-Anna-Str. 22",33415,Verl,51.883661810320305,8.504287196643737,ogc-api-nrw
186016,"Ratingen, Gym Dietrich-Bonhoeffer",Gymnasium,"Erfurter Str., Erfurter Str. 30",40880,Ratingen,51.29173585277679,6.81845785745114,ogc-api-nrw
186028,"Bielefeld, FW Rudolf-Steiner-Schule",Waldorfschule,"An der Propstei, An der Propstei 23",33611,Bielefeld,52.05842318352219,8.551858730058916,ogc-api-nrw
186030,"Moers, FÖ GG Hilda-Heinemann-Schule",Förderschule,"Repelener Str., Repelener Str. 73",47441,Moers,51.45747327319494,6.623245338044868,ogc-api-nrw
186041,"Meschede,BK d. Landwirtschaftskammer NRW",Berufskolleg,"Dünnefeldweg, Dünnefeldweg 13",59872,Meschede,51.358997063450374,8.281435543755489,ogc-api-nrw
186065,"Hürth, FÖ SQ Milos-Sovak-Schule",Förderschule,"Plektrudisstr., Plektrudisstr. 9",50354,Hürth,50.89439348014474,6.863206050911326,ogc-api-nrw
186089,"Wuppertal, FÖ GG am Nordpark",Förderschule,"Melanchthonstr., Melanchthonstr. 25",42281,Wuppertal,51.28281590751955,7.1997620089145675,ogc-api-nrw
186090,"Meckenheim, GG Merl",Grundschule,"Zypressenweg, Zypressenweg 2",53340,Meckenheim,50.63392837648997,7.049539351318865,ogc-api-nrw
186107,"Hamm, GG Gebrüder-Grimm-Schule",Grundschule,"Berliner Str., Berliner Str. 137",59075,Hamm,51.69683709165165,7.748322456100591,ogc-api-nrw
186119,"Lünen, GG Auf dem Kelm",Grundschule,"Auf dem Kelm, Auf dem Kelm 19",44536,Lünen,51.59888654674936,7.457418393604668,ogc-api-nrw
186120,"Herford, GG Obering",Grundschule,"Oberingstr., Oberingstr. 78",32049,Herford,52.10600074252705,8.705248513112682,ogc-api-nrw
186132,"Neukirchen-Vluyn,FÖ BK ES Sonneck-Schule",Förderschule,"Niederrheinallee, Niederrheinallee 64",47506,Neukirchen-Vluyn,51.445854218310636,6.5745551378135865,ogc-api-nrw
186144,"Köln, FS SQ Heinrich-Welsch-Schule",Förderschule,"Am Feldrain, Am Feldrain 10",51061,Köln,50.9974974814881,6.978804752349524,ogc-api-nrw
186156,"Siegen, FÖ GG Hans-Reinhardt-Schule",Förderschule,"Rosterstr., Rosterstr. 198",57074,Siegen,50.85672440528306,8.015540088336818,ogc-api-nrw
186168,"Neuss, FÖ SQ Michael-Ende-Schule",Förderschule,"Aurinstr., Aurinstr. 63",41466,Neuss,51.16451288867416,6.69059481799759,ogc-api-nrw
186170,"Neukirchen-Vluyn,BK Neukir. Erziehungsv.",Berufskolleg,"Heckrathstr., Heckrathstr. 24",47506,Neukirchen-Vluyn,51.453034980858135,6.589562293732377,ogc-api-nrw
186181,"Gronau, FÖ GG Johannesschule",Förderschule,"Marschallstr., Marschallstr. 60",48599,Gronau (Westf.),52.22017099859964,7.01205779052236,ogc-api-nrw
186211,"Minden, FÖ GG Wichernschule",Förderschule,"Goebenstr., Goebenstr. 30",32423,Minden,52.29534390911686,8.920583989826103,ogc-api-nrw
186223,"Brakel, FÖ GG von-Galen-Schule",Förderschule,"Bartholomästr., Bartholomästr. 18",33034,Brakel,51.64256945770349,9.195054853756423,ogc-api-nrw
186235,"Gladbeck, FÖ GG Jordan-Mai-Schule",Förderschule,"Söllerstr., Söllerstr. 10",45966,Gladbeck,51.58822162571784,6.982559194148003,ogc-api-nrw
186259,"Mönchengladbach, GG Montessori",Grundschule,"Balderichstr., Balderichstr. 6",41061,Mönchengladbach,51.193121037281294,6.427285257356558,ogc-api-nrw
186272,"Wuppertal, FW Troxler-Schule",Waldorfschule,"Nommensenweg, Nommensenweg 12",42285,Wuppertal,51.26340442700152,7.171049866968307,ogc-api-nrw
186284,"Duisburg, GG Astrid-Lindgren-Schule",Grundschule,"Aakerfährstr., Aakerfährstr. 80",47058,Duisburg,51.44166944988897,6.783271502679469,ogc-api-nrw
186302,"Waltrop, FÖ GG Oberwiese",Förderschule,"Recklinghäuser Str., Recklinghäuser Str. 201",45731,Waltrop,51.61611653333436,7.35161984301695,ogc-api-nrw
186314,"Lengerich, FÖ GG in der Widum",Förderschule,"Hölderlinstr., Hölderlinstr. 20",49525,Lengerich,52.18735902926,7.843092519210158,ogc-api-nrw
186338,"Recklinghausen, FÖ GG Raphael-Schule",Förderschule,"Börster Weg, Börster Weg 13",45657,Recklinghausen,51.62009651647264,7.200153054345905,ogc-api-nrw
186363,"Nordkirchen, FÖ GG, KM Maximilian-Kolbe",Förderschule,"Mauritiusplatz, Mauritiusplatz 6",59394,Nordkirchen,51.73886620169384,7.525899021146024,ogc-api-nrw
186375,"Leopoldshöhe, GE Felix-Fechenbach",Gesamtschule,"Schulstr., Schulstr. 25",33818,Leopoldshöhe,52.01837505279402,8.691033619111003,ogc-api-nrw
186387,"Rheine, FÖ GG Christophorusschule",Förderschule,"Dreikönigstr., Dreikönigstr. 20-30",48429,Rheine,52.28591069288977,7.460451782936602,ogc-api-nrw
186405,"Recke, FÖ GG Don-Bosco-Schule",Förderschule,"Schulstr., Schulstr. 29",49509,Recke,52.35042088007869,7.734433964527389,ogc-api-nrw
186417,"Arnsberg, FÖ GG Mariannhill",Förderschule,"Mariannhillerweg, Mariannhillerweg 2",59821,Arnsberg,51.41119947969227,8.062948424583002,ogc-api-nrw
186429,"Eslohe, FÖ GG Kardinal-von-Galen Schule",Förderschule,"Hauptstr., Hauptstr. 11",59889,Eslohe (Sauerland),51.2566327781434,8.174148120589589,ogc-api-nrw
186430,"Paderborn, RS In der Südstadt",Realschule,"Gertrudenstr., Gertrudenstr. 12",33098,Paderborn,51.702867322188006,8.761634932562025,ogc-api-nrw
186442,"Bad Oeynhausen, RS Schulzentrum Süd",Realschule,"Grüner Weg, Grüner Weg 28",32547,Bad Oeynhausen,52.202405922027204,8.814385225185593,ogc-api-nrw
186454,"Düsseldorf, BK Lore-Lorentz-Schule",Berufskolleg,"Schloßallee, Schloßallee 14",40229,Düsseldorf,51.19744929105149,6.846691714374715,ogc-api-nrw
186480,"Steinfurt, FÖ GG St.-Elisabeth-Schule",Förderschule,"Liedekerker Str., Liedekerker Str. 56",48565,Steinfurt,52.14775725700084,7.348790378576419,ogc-api-nrw
186491,"Attendorn, FÖ GG St.Laurentius-Schule",Förderschule,"Kölner Str., Kölner Str. 46a",57439,Attendorn,51.120823676143715,7.899427296147687,ogc-api-nrw
186508,"Schwerte, GG Albert-Schweitzer-Schule",Grundschule,"Wittekindstr., Wittekindstr. 20",58239,Schwerte,51.44579439951345,7.570512748010046,ogc-api-nrw
186510,"Wuppertal, FÖ SQ Schule an der Tesche",Förderschule,"Tescher Str., Tescher Str. 10",42327,Wuppertal,51.23790278259559,7.07043133593188,ogc-api-nrw
186545,"Recklinghausen, GG (Verb) Gebrüder-Grimm",Grundschule,"Nordseestr., Nordseestr. 98",45665,Recklinghausen,51.60822916436048,7.222762728587789,ogc-api-nrw
186557,"Gevelsberg, GG Vogelsang",Grundschule,"Am Schultenhof, Am Schultenhof 1",58285,Gevelsberg,51.33614036359592,7.380576143315893,ogc-api-nrw
186582,"Krefeld, FÖ SQ,LE,ES Franz-Stollwerck",Förderschule,"Tulpenstr., Tulpenstr. 11",47800,Krefeld,51.34193533293641,6.6140941602413985,ogc-api-nrw
186594,"Alpen, FÖ GG Bönninghardt-Schule",Förderschule,"Bönninghardter Str., Bönninghardter Str. 86",46519,Alpen,51.57560038930758,6.475089365287166,ogc-api-nrw
186600,"Düsseldorf, KR Alfred-Adler-Schule",Förderschule,"Moorenstr., Moorenstr. 5",40225,Düsseldorf,51.19874345586405,6.788800211485933,ogc-api-nrw
186612,"Ratingen, GG Astrid-Lindgren-Schule",Grundschule,"Erfurter Str., Erfurter Str. 26",40880,Ratingen,51.29101387565672,6.817358961266115,ogc-api-nrw
186636,"Köln, GG Maria-Montessori",Grundschule,"Am Pistorhof, Am Pistorhof 11",50827,Köln,50.96521957618367,6.909364443037321,ogc-api-nrw
186661,"Witten, FW Rudolf-Steiner-Schule",Waldorfschule,"Billerbeckstr., Billerbeckstr. 2",58455,Witten,51.439444900332596,7.319009506887753,ogc-api-nrw
186685,"Herne, GG Schillerschule",Grundschule,"Schillerstr., Schillerstr. 51",44623,Herne,51.538355779489585,7.233417484973021,ogc-api-nrw
186697,"Dortmund, FÖ ES Tremonia-Schule",Förderschule,"Winkelriedweg, Winkelriedweg 4",44141,Dortmund,51.5092933164258,7.511532311566888,ogc-api-nrw
186715,"Mönchengladbach, FÖ GG Paul-Moor-Schule",Förderschule,"Am Kuhbaum, Am Kuhbaum 50",41169,Mönchengladbach,51.184990206486226,6.3551225545826355,ogc-api-nrw
186727,"Bocholt, FÖ GG Bischof-Ketteler-Schule",Förderschule,"Horststr., Horststr. 28",46397,Bocholt,51.84994107457517,6.623324031634751,ogc-api-nrw
186739,"Warendorf, FÖ GG Heinrich-Tellen-Schule",Förderschule,"Neuwarendorf, Neuwarendorf 73",48231,Warendorf,51.95055315298046,7.9463112787993095,ogc-api-nrw
186740,"Herne, GE Wanne-Eickel",Gesamtschule,"Stöckstr., Stöckstr. 41",44649,Herne,51.53044280392185,7.1557524178492145,ogc-api-nrw
186788,"Essen, FÖ BK HK Rheinisch-Westfälisches",Förderschule,"Kerckhoffstr., Kerckhoffstr. 100",45144,Essen,51.452535186570145,6.976773870298004,ogc-api-nrw
186831,"Porta Westfalica, Gym Hoppenstr.",Gymnasium,"Hoppenstr., Hoppenstr. 48",32457,Porta Westfalica,52.23104580226848,8.924168935256498,ogc-api-nrw
186879,"Hennef, FÖ ES Richard-Schirrmann-Schule",Förderschule,"Im Bröltal, Im Bröltal 7",53773,Hennef (Sieg),50.78747066853058,7.314754366874108,ogc-api-nrw
186909,"Paderborn, GG Comeniusschule Elsen",Grundschule,"Nesthauser Str., Nesthauser Str. 9",33106,Paderborn,51.740456709173586,8.68052089900231,ogc-api-nrw
186910,"Recklinghausen, BK Kuniberg",Berufskolleg,"Im Kuniberg, Im Kuniberg 79",45665,Recklinghausen,51.618093792842124,7.212092101891594,ogc-api-nrw
186946,"Bielefeld, FÖ HK Westkampschule",Förderschule,"Westkampweg, Westkampweg 79",33659,Bielefeld,51.95659871417558,8.546835338486282,ogc-api-nrw
186958,"Bielefeld, FÖ SE Opticus Schule",Förderschule,"Bökenkampstr., Bökenkampstr. 14",33613,Bielefeld,52.03423072009839,8.527114365829144,ogc-api-nrw
186960,"Ratingen, RS Käthe-Kollwitz-Schule",Realschule,"Erfurter Str., Erfurter Str. 40",40880,Ratingen,51.292424989528406,6.819242780664857,ogc-api-nrw
186971,"Duisburg, FÖ GG Friedrich-Fröbel-Schule",Förderschule,"Paschacker, Paschacker 11",47228,Duisburg,51.41689891086815,6.685458317345628,ogc-api-nrw
186983,"Detmold, BK Felix-Fechenbach",Berufskolleg,"Saganer Str., Saganer Str. 4",32756,Detmold,51.93919831921543,8.859768554151819,ogc-api-nrw
186995,"Bottrop, FÖ SQ am Stadtgarten",Förderschule,"Windmühlenweg, Windmühlenweg 3",46236,Bottrop,51.520918035838385,6.9126376425259295,ogc-api-nrw
187008,"Gladbeck, RS Erich-Kästner",Realschule,"Kortenkamp, Kortenkamp 11",45968,Gladbeck,51.543943617402476,7.013291378942275,ogc-api-nrw
187010,"Ahlen, GG Don-Bosco-Schule",Grundschule,"Bürgermeister-Corneli-Ring, Bürgermeister-Corneli-Ring 18",59227,Ahlen,51.77434525422416,7.893370541515341,ogc-api-nrw
187021,"Niederkassel, RS Alfred-Delp",Realschule,"Langgasse, Langgasse 126",53859,Niederkassel,50.78089865629838,7.058679710483825,ogc-api-nrw
187033,"Beckum, FÖ GG Vinzenz-von-Paul-Schule",Förderschule,"Holter, Holter 43",59269,Beckum,51.7518822260081,8.098404969497969,ogc-api-nrw
187045,"Lippstadt, BK Stift Cappel",Berufskolleg,"Cappeler Stiftsallee, Cappeler Stiftsallee 6",59556,Lippstadt,51.68155143950976,8.297546009163037,ogc-api-nrw
187057,"Duisburg, KR Sonnenschule",Förderschule,"Krefelder Str., Krefelder Str. 311a",47229,Duisburg,51.397914960707865,6.701052886678617,ogc-api-nrw
187069,"Attendorn, FÖ SQ Martinus",Förderschule,"Kölner Str., Kölner Str. 46a",57439,Attendorn,51.120823676143715,7.899427296147687,ogc-api-nrw
187070,"Remscheid, GH Hackenberg",Hauptschule,"Hackenberger Str., Hackenberger Str. 105 a",42897,Remscheid,51.19861480287637,7.276261876501385,ogc-api-nrw
187094,"Solingen, FÖ ES Carl-Ruß-Schule",Förderschule,"Fürkerfeldstr., Fürkerfeldstr. 23",42697,Solingen,51.164931504753646,7.018809836971179,ogc-api-nrw
187100,"Unna, KR Klinikschule Andreas-Fröhlich",Förderschule,"Zimmerplatz, Zimmerplatz 1",59425,Unna,51.550888008285995,7.6818593877813255,ogc-api-nrw
187112,"Solingen, FÖ BK, ES Halfeshof",Förderschule,"Halfeshof, Halfeshof 50",42651,Solingen,51.169535437374414,7.116745539189947,ogc-api-nrw
187148,"Lage, FÖ SQ Irmela-Wendt-Schule",Förderschule,"Krentruper Str., Krentruper Str. 15",32791,Lage,52.00976899221827,8.742698916646,ogc-api-nrw
187150,"Rheine, FÖ SQ Peter-Pan-Schule",Förderschule,"Siedlerstr., Siedlerstr. 9",48429,Rheine,52.28736966288947,7.4730984092229535,ogc-api-nrw
187161,"Recklinghausen, BK Max-Born",Berufskolleg,"Campus Blumenthal, Campus Blumenthal 3",45665,Recklinghausen,51.62192605413309,7.2086475882918535,ogc-api-nrw
187185,"Dortmund,FÖ BK LE,ES CJD Christophoruss.",Förderschule,"Kleybredde, Kleybredde 29",44149,Dortmund,51.48818512244681,7.373854620273932,ogc-api-nrw
187197,"Bielefeld, FW Sonnenhellweg-Schule",Waldorfschule,"Benzstr., Benzstr. 1",33613,Bielefeld,52.052220365326,8.524561924099208,ogc-api-nrw
187203,"Gummersbach, FÖ ES Schulbergstraße",Förderschule,"Schulbergstr., Schulbergstr. 6-10",51645,Gummersbach,50.9889786002009,7.547802511223035,ogc-api-nrw
187215,"Oer-Erkenschwick, Gym Willy-Brandt",Gymnasium,"Christoph-Stöver-Str., Christoph-Stöver-Str. 4",45739,Oer-Erkenschwick,51.63840329658326,7.256022143970262,ogc-api-nrw
187227,"Euskirchen, FÖ SQ, LE, ES Matthias-Hagen",Förderschule,"Münsterstr., Münsterstr. 22-24",53881,Euskirchen,50.64603386706192,6.831761215610879,ogc-api-nrw
187239,"Datteln, KR Vestische Kinderklinik",Förderschule,"Dr.-Friedrich-Steiner-Str., Dr.-Friedrich-Steiner-Str. 5",45711,Datteln,51.64267678641518,7.337995745655336,ogc-api-nrw
187264,"Marl, FÖ GG Glück-auf-Schule",Förderschule,"Brassertstr., Brassertstr. 126",45768,Marl,51.66410119280385,7.080066236826151,ogc-api-nrw
187288,"Unna, RS Hellweg",Realschule,"Königsborner Str., Königsborner Str. 12",59427,Unna,51.54157180976229,7.6533307034517195,ogc-api-nrw
187306,"Sankt Augustin, RS Niederpleis",Realschule,"Alte Marktstr., Alte Marktstr. 5",53757,Sankt Augustin,50.777892496199634,7.210329211553545,ogc-api-nrw
187320,"Gelsenkirchen, KR am Berger See",Förderschule,"Adenauerallee, Adenauerallee 30",45894,Gelsenkirchen,51.57065777364073,7.061999597969394,ogc-api-nrw
187331,"Leverkusen, BK Opladen",Berufskolleg,"Stauffenbergstr., Stauffenbergstr. 21-23",51379,Leverkusen,51.06986095845034,7.011353657580248,ogc-api-nrw
187343,"Unna, GG Liedbachschule",Grundschule,"Liedbachstr., Liedbachstr. 82",59427,Unna,51.501338962323,7.667368861744045,ogc-api-nrw
187367,"Übach-Palenberg, RS Comeniusstr.",Realschule,"Comeniusstr., Comeniusstr. 16",52531,Übach-Palenberg,50.91840460151626,6.1094166057320844,ogc-api-nrw
187379,"Löhne, BK August-Griese",Berufskolleg,"Jahnstr., Jahnstr. 54-68",32584,Löhne,52.19394232314036,8.710080277748984,ogc-api-nrw
187392,"Neukirchen-Vluyn, FÖ BK Christophorus",Förderschule,"Bruchstr., Bruchstr. 12",47506,Neukirchen-Vluyn,51.45183000329964,6.5812771164818695,ogc-api-nrw
187409,"Bochum, FW Widar Schule",Waldorfschule,"Höntroper Str., Höntroper Str. 95",44869,Bochum,51.45957760569985,7.160770171832368,ogc-api-nrw
187410,"Düsseldorf, FW Rudolf-Steiner-Schule",Waldorfschule,"Diepenstr., Diepenstr. 15",40625,Düsseldorf,51.23069673221091,6.846113722939962,ogc-api-nrw
187434,"Düsseldorf, FÖ SQ Kurt-Schwitters-Schule",Förderschule,"Gräulinger Str., Gräulinger Str. 110",40625,Düsseldorf,51.24245362857646,6.858001257445886,ogc-api-nrw
187446,"Marl, BK Hans-Böckler",Berufskolleg,"Hagenstr., Hagenstr. 28",45768,Marl,51.66079034790218,7.09709473954675,ogc-api-nrw
187458,"Frechen, FÖ ES Heinrich-Böll-Schule",Förderschule,"An der Mergelskaul, An der Mergelskaul 22",50226,Frechen,50.91878935636013,6.817268866631767,ogc-api-nrw
187460,"Bielefeld, FÖ ES Schule am Schlepperweg",Förderschule,"Schlepperweg, Schlepperweg 17",33689,Bielefeld,51.92892067831029,8.553004324409546,ogc-api-nrw
187471,"Brakel, FÖ BK LE, ES Tegelweg",Förderschule,"Tegelweg, Tegelweg 33",33034,Brakel,51.71353886395397,9.17218657291764,ogc-api-nrw
187483,"Dortmund, KR Klinikschule Frida-Kahlo",Förderschule,"Beurhausstr., Beurhausstr. 45",44137,Dortmund,51.509136882061135,7.456301614926418,ogc-api-nrw
187513,"Wiehl, FÖ KM Hugo-Kükelhaus-Schule",Förderschule,"Fritz-Rau-Str., Fritz-Rau-Str. 1",51674,Wiehl,50.972824839540536,7.509093162471906,ogc-api-nrw
187525,"Kamen, FÖ SQ Sonnenschule",Förderschule,"Lenningser Str., Lenningser Str. 47",59174,Kamen,51.58269041586535,7.731370101686807,ogc-api-nrw
187537,"Soest, BK Hubertus-Schwartz",Berufskolleg,"Hattroper Weg, Hattroper Weg 16",59494,Soest,51.57393398547032,8.095826066282443,ogc-api-nrw
187549,"Herzogenrath,BK Nord",Berufskolleg,"Bardenberger Str., Bardenberger Str. 72",52134,Herzogenrath,50.86335762562216,6.107338227399692,ogc-api-nrw
187550,"Oelde, FÖ KM Erich-Kästner-Schule",Förderschule,"Hans-Böckler-Str., Hans-Böckler-Str. 14",59302,Oelde,51.84070815437457,8.158902987887744,ogc-api-nrw
187562,"Mettingen, FÖ KM Ernst-Klee-Schule",Förderschule,"Landrat-Schultz-Str., Landrat-Schultz-Str. 30",49497,Mettingen,52.31400443040274,7.782051098175946,ogc-api-nrw
187574,"Herten, FÖ KM Christy-Brown-Schule",Förderschule,"Hofstr., Hofstr. 26",45701,Herten,51.615978704673374,7.113169470556536,ogc-api-nrw
187598,"Lüdenscheid, GG Tinsberger",Grundschule,"Obertinsberger Str., Obertinsberger Str. 16",58507,Lüdenscheid,51.22210572808871,7.638559395993643,ogc-api-nrw
187604,"Köln, FW Weichselring",Waldorfschule,"Weichselring, Weichselring 6-8",50765,Köln,51.02956244387303,6.894931725608075,ogc-api-nrw
187616,"Gelsenkirchen, BK Hans-Schwier",Berufskolleg,"Heegestr., Heegestr. 14",45897,Gelsenkirchen,51.57542682660948,7.027635418557282,ogc-api-nrw
187628,"Gescher, FÖ SQ Brüder-Grimm-Schule",Förderschule,"Estern, Estern 93",48712,Gescher,51.95507049674498,6.956742426182957,ogc-api-nrw
187630,"Gladbeck, FW Horster Straße",Waldorfschule,"Horster Str., Horster Str. 82",45968,Gladbeck,51.56378059456186,6.997348695872804,ogc-api-nrw
187641,"Siegen, FW Rudolf-Steiner-Schule",Waldorfschule,"Kolpingstr., Kolpingstr. 3",57072,Siegen,50.88704296663081,8.040776303774216,ogc-api-nrw
187653,"Windeck, FÖ GG Rosseler Str.",Förderschule,"Rosseler Str., Rosseler Str. 2",51570,Windeck,50.81091320529615,7.536355150655588,ogc-api-nrw
187665,"Duisburg, FÖ SQ Kranichschule",Förderschule,"Kranichstr., Kranichstr. 21-25",47055,Duisburg,51.40257122521479,6.765536651076712,ogc-api-nrw
187689,"Düsseldorf, BK Bachstraße",Berufskolleg,"Schmiedestr., Schmiedestr. 17",40227,Düsseldorf,51.21081833485486,6.806764053245226,ogc-api-nrw
187690,"Düsseldorf, BK Elly-Heuss-Knapp-Schule",Berufskolleg,"Siegburger Str., Siegburger Str. 137-139",40591,Düsseldorf,51.200889056234786,6.810585600706469,ogc-api-nrw
187707,"Duisburg, BK Robert-Bosch",Berufskolleg,"August-Thyssen-Str., August-Thyssen-Str. 45",47166,Duisburg,51.49871667120313,6.770144070587619,ogc-api-nrw
187719,"Bochum, FÖ SQ Brüder-Grimm-Schule",Förderschule,"Drusenbergstr., Drusenbergstr. 33",44789,Bochum,51.46643785182323,7.214197388953966,ogc-api-nrw
187720,"Olpe, FÖ SE LWL",Förderschule,"Bodelschwinghstr., Bodelschwinghstr. 13",57462,Olpe,51.01983601644005,7.854598185615944,ogc-api-nrw
187744,"Heimbach, GG Schönblick",Grundschule,"Schönblick, Schönblick 29",52396,Heimbach,50.635456176490635,6.468433846764851,ogc-api-nrw
187756,"Dortmund, FÖ ES Vincenz-v.-Paul-Schule",Förderschule,"Oesterholzstr., Oesterholzstr. 85-91",44145,Dortmund,51.52643528432305,7.482948558701032,ogc-api-nrw
187770,"Essen, GE Gustav-Heinemann-Gesamtschule",Gesamtschule,"Gustav-Heinemann-Platz, Gustav-Heinemann-Platz 1",45309,Essen,51.48548836340874,7.01109476193422,ogc-api-nrw
187781,"Oberhausen, GE Heinrich-Böll",Gesamtschule,"Schmachtendorfer Str., Schmachtendorfer Str. 165",46147,Oberhausen,51.54321824058623,6.818606485724319,ogc-api-nrw
187793,"Duisburg, GE Gottfried-Wilhelm-Leibniz",Gesamtschule,"Hamborner Str., Hamborner Str. 274-278",47166,Duisburg,51.488498533392935,6.765327201180759,ogc-api-nrw
187811,"Hüllhorst, GG (Verb.) Am Wiehengebirge",Grundschule,"Tengerner Str., Tengerner Str. 6",32609,Hüllhorst,52.27479388695099,8.709611672244577,ogc-api-nrw
187823,"Rheda-Wiedenbrück,FÖ SQ Regenbogenschule",Förderschule,"Heidbrinkstr., Heidbrinkstr. 21",33378,Rheda-Wiedenbrück,51.82809868640471,8.305774750921685,ogc-api-nrw
187847,"Köln, BK Werner-von-Siemens-Schule",Berufskolleg,"Eitorfer Str., Eitorfer Str. 18",50679,Köln,50.935348723110046,6.984916975613539,ogc-api-nrw
187859,"Düsseldorf, BK Lessing",Berufskolleg,"Ellerstr., Ellerstr. 84",40227,Düsseldorf,51.21602441657181,6.796650087739403,ogc-api-nrw
187860,"Recklinghausen, FÖ SQ Fährmannschule",Förderschule,"Forellstr., Forellstr. 11",45663,Recklinghausen,51.57691118064788,7.2188180301623985,ogc-api-nrw
187872,"Frechen,FÖ BK LE, ES Christophorusschule",Förderschule,"Clarenbergweg, Clarenbergweg 81",50226,Frechen,50.905944826288184,6.821539778040789,ogc-api-nrw
187896,"Bielefeld, FÖ SQ Leineweberschule",Förderschule,"Babenhauser Str., Babenhauser Str. 155a",33619,Bielefeld,52.057767447823444,8.492152534077613,ogc-api-nrw
187902,"Köln, GE Max-Ernst-Gesamtschule",Gesamtschule,"Tollerstr., Tollerstr. 16",50829,Köln,50.978807219210495,6.870929101135378,ogc-api-nrw
187926,"Wesel, FÖ SQ, HK Erich Kästner-Schule",Förderschule,"Rheinbabenstr., Rheinbabenstr. 2",46483,Wesel,51.65193155359606,6.6136470921641815,ogc-api-nrw
187940,"Bielefeld,KR Klinikschule Dothan/Bethel",Förderschule,"Maraweg, Maraweg 19-21",33617,Bielefeld,52.00730819055821,8.52849085805302,ogc-api-nrw
187963,"Köln, KG Domsingschule",Grundschule,"Clarenbachstr., Clarenbachstr. 5-15",50931,Köln,50.935747863748276,6.915454927911511,ogc-api-nrw
187975,"Alfter, FÖ GG Vorgebirgsschule",Förderschule,"Schloßweg, Schloßweg 6",53347,Alfter,50.74009623162296,7.009257025082245,ogc-api-nrw
187999,"Bergisch Gladbach, BK Hauptstr.",Berufskolleg,"Hauptstr., Hauptstr. 2",51465,Bergisch Gladbach,50.98386513486767,7.11944011969307,ogc-api-nrw
188001,"Hagen, WBK RS, Gym, KOL Rahel-Varnhagen",Weiterbildungskolleg,"Schwelmstück, Schwelmstück 3",58093,Hagen,51.354894243230206,7.506057906953026,ogc-api-nrw
188013,"Sankt Augustin,KR Astrid-Lindgren-Schule",Förderschule,"Arnold-Janssen-Str., Arnold-Janssen-Str. 29",53757,Sankt Augustin,50.77545878439116,7.180918894191575,ogc-api-nrw
188025,"Hamm, FÖ GG Alfred-Delp-Schule",Förderschule,"Ewald-Wortmann-Weg, Ewald-Wortmann-Weg 10",59069,Hamm,51.651822114214966,7.863138745702877,ogc-api-nrw
188037,"Warendorf, FÖ SQ, LE Astrid-Lindgren",Förderschule,"Siskesbach, Siskesbach 2",48231,Warendorf,51.947211704260376,7.990825242099329,ogc-api-nrw
188049,"Herford, BK Wilhelm-Normann",Berufskolleg,"Hermannstr., Hermannstr. 5",32051,Herford,52.11116999914754,8.66469170898602,ogc-api-nrw
188050,"Herford, BK Anna-Siemsen",Berufskolleg,"Hermannstr., Hermannstr. 9",32051,Herford,52.110231020283216,8.663311516823553,ogc-api-nrw
188062,"Alfter, FÖ SQ Schule an der Wicke",Förderschule,"Kirchgasse, Kirchgasse 24",53347,Alfter,50.726584087720916,7.020159657592226,ogc-api-nrw
188086,"Düsseldorf, BK Heinrich-Hertz",Berufskolleg,"Redinghovenstr., Redinghovenstr. 16",40225,Düsseldorf,51.206098256213906,6.790122967846251,ogc-api-nrw
188098,"Gelsenkirchen, GE Ueckendorf",Gesamtschule,"Bochumer Str., Bochumer Str. 190",45886,Gelsenkirchen,51.49427912848423,7.114799902629083,ogc-api-nrw
188104,"Duisburg, BK Sophie-Scholl",Berufskolleg,"Dahlmannstr., Dahlmannstr. 26",47169,Duisburg,51.50158502231526,6.760681050208834,ogc-api-nrw
188128,"Bielefeld, GE Friedrich Wilhelm Murnau",Gesamtschule,"Am Wortkamp, Am Wortkamp 3",33605,Bielefeld,52.00060269588788,8.58385699283116,ogc-api-nrw
188130,"Sankt Augustin, GG am Pleiser Wald",Grundschule,"Alte Heerstr., Alte Heerstr. 32",53757,Sankt Augustin,50.76765411536083,7.200750128305954,ogc-api-nrw
188141,"Witten, GE Holzkamp",Gesamtschule,"Willy-Brandt-Str., Willy-Brandt-Str. 2",58453,Witten,51.43844806811391,7.373276502248137,ogc-api-nrw
188153,"Witten, GE Hardenstein",Gesamtschule,"An der Wabeck, An der Wabeck 4",58456,Witten,51.41561945924115,7.279097975500716,ogc-api-nrw
188165,"Köln, GE Katharina-Henoth-Schule",Gesamtschule,"Adalbertstr., Adalbertstr. 17",51103,Köln,50.939038985236536,7.028271705007216,ogc-api-nrw
188177,"Duisburg, GE Heinrich-Heine-Schule",Gesamtschule,"Flutweg, Flutweg 56",47228,Duisburg,51.408658997092395,6.698601262388625,ogc-api-nrw
188189,"Mülheim an der Ruhr, GE Saarn",Gesamtschule,"Lehnerstr., Lehnerstr. 67",45481,Mülheim an der Ruhr,51.400566441143525,6.8688657192659575,ogc-api-nrw
188190,"Castrop-Rauxel, GE Willy-Brandt",Gesamtschule,"Bahnhofstr., Bahnhofstr. 160",44575,Castrop-Rauxel,51.56353380045467,7.310252627444856,ogc-api-nrw
188207,"Dortmund, GE Heinrich-Böll",Gesamtschule,"Volksgartenstr., Volksgartenstr. 19",44388,Dortmund,51.5037823490415,7.335691630215433,ogc-api-nrw
188219,"Dortmund, GE Geschwister-Scholl",Gesamtschule,"Haferfeldstr., Haferfeldstr. 3-5",44309,Dortmund,51.52932055359482,7.552587266319021,ogc-api-nrw
188220,"Dortmund, GE Anne-Frank-Schule",Gesamtschule,"Burgholzstr., Burgholzstr. 120",44145,Dortmund,51.53124358548298,7.464089098097229,ogc-api-nrw
188232,"Düsseldorf, GE Heinrich-Heine-Gesamtsch.",Gesamtschule,"Graf-Recke-Str., Graf-Recke-Str. 170",40237,Düsseldorf,51.24484428132732,6.8184856338654445,ogc-api-nrw
188256,"Herne, FÖ SQ, LE Erich Kästner-Schule",Förderschule,"Eberhard-Wildermuth-Str., Eberhard-Wildermuth-Str. 43",44628,Herne,51.568723870401094,7.2352129427153375,ogc-api-nrw
188268,"Aachen, GG Montessori-Schule",Grundschule,"Matarestr., Matarestr. 11",52078,Aachen,50.7695461564758,6.122167950459892,ogc-api-nrw
188293,"Monheim, GE Peter-Ustinov",Gesamtschule,"Falkenstr., Falkenstr. 8",40789,Monheim am Rhein,51.096004063427195,6.899227710122703,ogc-api-nrw
188300,"Solingen, GE Alexander-Coppel",Gesamtschule,"Wupperstr., Wupperstr. 126",42651,Solingen,51.17530342992588,7.098054692769926,ogc-api-nrw
188311,"Bochum, GE Heinrich-Böll-Schule",Gesamtschule,"Agnesstr., Agnesstr. 33",44791,Bochum,51.496061517997575,7.219032946327062,ogc-api-nrw
188335,"Münster, FÖ SQ Martin-Luther-King-Schule",Förderschule,"Bröderichweg, Bröderichweg 13",48159,Münster,51.993277683922194,7.615932413731555,ogc-api-nrw
188359,"Hiddenhausen, FÖ SQ Wittekindschule",Förderschule,"Erdbrügge, Erdbrügge 14",32120,Hiddenhausen,52.169591620822025,8.628516746318375,ogc-api-nrw
188360,"Bielefeld, FÖ SQ Ravensberger Schule",Förderschule,"Bökenkampstr., Bökenkampstr. 17",33613,Bielefeld,52.03453780400362,8.527460994833062,ogc-api-nrw
188372,"Castrop-Rauxel, FÖ SQ H.-Chr.-Andersen",Förderschule,"Dresdener Str., Dresdener Str. 24",44577,Castrop-Rauxel,51.567607289288155,7.334140858642941,ogc-api-nrw
188396,"Recklinghausen, BK Herwig-Blankertz",Berufskolleg,"Campus Blumenthal, Campus Blumenthal 1",45665,Recklinghausen,51.621704142079594,7.207659506864371,ogc-api-nrw
188402,"Alfter, FÖ ES Waldschule",Förderschule,"Witterschlicker Allee, Witterschlicker Allee 6",53347,Alfter,50.69254318039407,7.031391808575844,ogc-api-nrw
188414,"Bochum, FÖ SQ Hasselbrink",Förderschule,"Hauptstr., Hauptstr. 153",44892,Bochum,51.47583750631689,7.32524640065323,ogc-api-nrw
188426,"Pulheim, FÖ ES Jahnstraße",Förderschule,"Jahnstr., Jahnstr. 16",50259,Pulheim,50.95741563055292,6.782763162062172,ogc-api-nrw
188451,"Mülheim an der Ruhr, FW Blumendeller Str",Waldorfschule,"Blumendeller Str., Blumendeller Str. 29",45472,Mülheim an der Ruhr,51.438545176116584,6.940814756976258,ogc-api-nrw
188463,"Hille, FÖ SQ Schule Eickhorst",Förderschule,"Wiehenweg, Wiehenweg 3",32479,Hille,52.29868770658104,8.727184636288587,ogc-api-nrw
188475,"Kerpen, BK Adolf-Kolping",Berufskolleg,"Ina-Seidel-Str., Ina-Seidel-Str. 11",50169,Kerpen,50.913510977669624,6.71673207429082,ogc-api-nrw
188487,"Essen, FÖ BK LE, ES Adolph-Kolping",Förderschule,"Am Zehnthof, Am Zehnthof 100",45307,Essen,51.457855432792535,7.0600740586418524,ogc-api-nrw
188499,"Duisburg, GE Mitte",Gesamtschule,"Pappenstr., Pappenstr. 49-51",47057,Duisburg,51.43028577027084,6.790512655432694,ogc-api-nrw
188517,"Lünen, GE Geschwister-Scholl-Schule",Gesamtschule,"Holtgrevenstr., Holtgrevenstr. 2-6",44532,Lünen,51.61061850366537,7.520756373389372,ogc-api-nrw
188554,"Münster, GH Wolbeck",Hauptschule,"Von-Holte-Str., Von-Holte-Str. 56",48167,Münster,51.914070116463705,7.719172768350961,ogc-api-nrw
188566,"Paderborn, FÖ SQ Erich Kästner-Schule",Förderschule,"Bastfelder Weg, Bastfelder Weg 25",33098,Paderborn,51.70445354757155,8.746243443798448,ogc-api-nrw
188578,"Soest, GG Georgschule",Grundschule,"Paradieser Weg, Paradieser Weg 92",59494,Soest,51.56963453169341,8.081756526470848,ogc-api-nrw
188580,"Hagen, FW Rudolf-Steiner-Schule",Waldorfschule,"Enneper Str., Enneper Str. 30",58135,Hagen,51.34322547969031,7.407378013387182,ogc-api-nrw
188591,"Münster, FW Rudolf-Steiner-Weg",Waldorfschule,"Rudolf-Steiner-Weg, Rudolf-Steiner-Weg 11",48149,Münster,51.96914859524076,7.581548591208526,ogc-api-nrw
188608,"Brakel, FÖ SQ Brüder-Grimm-Schule",Förderschule,"Klöckerstr., Klöckerstr. 12",33034,Brakel,51.714784190694964,9.175216521197074,ogc-api-nrw
188610,"Köln, BK Erich-Gutenberg",Berufskolleg,"Modemannstr., Modemannstr. 25",51065,Köln,50.950956268590474,7.019808337902086,ogc-api-nrw
188621,"Düsseldorf, BK Techn. BK Färberstraße",Berufskolleg,"Färberstr., Färberstr. 34",40223,Düsseldorf,51.21040071388058,6.7874541960304375,ogc-api-nrw
188633,"Salzkotten, FÖ ES Haus Widey",Förderschule,"Widey, Widey 11",33154,Salzkotten,51.698894640670275,8.638880452520858,ogc-api-nrw
188645,"Nieheim, FÖ GG Schule unterm Regenbogen",Förderschule,"Eversen, Eversen 151",33039,Nieheim,51.83703589438019,9.128999419216628,ogc-api-nrw
188669,"Wuppertal, GE Else Lasker-Schüler",Gesamtschule,"Else-Lasker-Schüler-Str., Else-Lasker-Schüler-Str. 30",42107,Wuppertal,51.26131681228291,7.151510269147344,ogc-api-nrw
188682,"Wiehl, FÖ SQ Hindelanger Str.",Förderschule,"Hindelanger Str., Hindelanger Str. 5",51674,Wiehl,50.94548001171875,7.587494417911988,ogc-api-nrw
188700,"Dortmund, GE Gartenstadt",Gesamtschule,"Hueckstr., Hueckstr. 25",44141,Dortmund,51.49922480468937,7.503287957491083,ogc-api-nrw
188712,"Moers, GE Geschwister-Scholl",Gesamtschule,"Römerstr., Römerstr. 522",47443,Moers,51.44925725068375,6.6596410808945,ogc-api-nrw
188724,"Hamm, BK Friedrich-List",Berufskolleg,"Vorheider Weg, Vorheider Weg 14",59067,Hamm,51.672532087253856,7.7973969380363,ogc-api-nrw
188736,"Gelsenkirchen, GE Horst",Gesamtschule,"Devensstr., Devensstr. 15",45899,Gelsenkirchen,51.535008490746264,7.022029465674237,ogc-api-nrw
188748,"Herne, GE Mont-Cenis",Gesamtschule,"Mont-Cenis-Str., Mont-Cenis-Str. 180",44627,Herne,51.53789029059411,7.246745236409697,ogc-api-nrw
188761,"Hamm, FÖ SQ Lindenschule",Förderschule,"Dortmunder Str., Dortmunder Str. 170",59077,Hamm,51.662939852618415,7.74601800089274,ogc-api-nrw
188785,"Rheine, KR Heinrich-Hoffmann-Schule",Förderschule,"Frankenburgstr., Frankenburgstr. 31",48431,Rheine,52.276670923017484,7.424580407105872,ogc-api-nrw
188803,"Recklinghausen, GE Käthe-Kollwitz",Gesamtschule,"Gneisenaustr., Gneisenaustr. 49",45661,Recklinghausen,51.57000905559314,7.204931745659558,ogc-api-nrw
188815,"Lüdenscheid, KR Kliniksch. Michael-Ende",Förderschule,"Paulmannshöher Str., Paulmannshöher Str. 14",58515,Lüdenscheid,51.20716820876918,7.661891019443905,ogc-api-nrw
188827,"Dortmund, GE Gustav-Heinemann",Gesamtschule,"Parsevalstr., Parsevalstr. 170",44369,Dortmund,51.533962061466454,7.406323562534167,ogc-api-nrw
188839,"Gütersloh, GE Anne-Frank-Schule",Gesamtschule,"Saligmannsweg, Saligmannsweg 40",33330,Gütersloh,51.906809647403534,8.359873615821494,ogc-api-nrw
188864,"Aachen, GG Gut Kullen",Grundschule,"Philipp-Neri-Weg, Philipp-Neri-Weg 12",52074,Aachen,50.7714572972265,6.041506428084921,ogc-api-nrw
188876,"Marl, GE Martin-Luther-King",Gesamtschule,"Georg-Herwegh-Str., Georg-Herwegh-Str. 63-67",45772,Marl,51.66285967214097,7.145492249479751,ogc-api-nrw
188888,"Dinslaken, GE Ernst-Barlach",Gesamtschule,"Scharnhorststr., Scharnhorststr. 2",46535,Dinslaken,51.567791642168096,6.733444879226666,ogc-api-nrw
188890,"Solingen, GE Geschwister-Scholl-Schule",Gesamtschule,"Querstr., Querstr. 42",42699,Solingen,51.16113627471484,7.015096465074452,ogc-api-nrw
188906,"Coesfeld, KR Mira-Lobe-Schule",Förderschule,"Südring, Südring 41",48653,Coesfeld,51.944043396869915,7.170290447323655,ogc-api-nrw
188918,"Eschweiler, FÖ ES Astrid-Lindgren-Schule",Förderschule,"Hüchelner Str., Hüchelner Str. 206",52249,Eschweiler,50.81892816188182,6.319086918158137,ogc-api-nrw
188920,"Hagen, FÖ SQ Erich-Kästner-Schule",Förderschule,"Berchumer Str., Berchumer Str. 68",58093,Hagen,51.37731379348721,7.5167515209389,ogc-api-nrw
188931,"Erwitte, FÖ SQ Lindenschule",Förderschule,"Schützenstr., Schützenstr. 10",59597,Erwitte,51.62990420165899,8.365599057943578,ogc-api-nrw
188943,"Hemer, FÖ SQ Regenbogenschule",Förderschule,"Edmund-Weller-Str., Edmund-Weller-Str. 1",58675,Hemer,51.38676989534801,7.778143315477377,ogc-api-nrw
188955,"Düren, KR Hospitalstraße",Förderschule,"Hospitalstr., Hospitalstr. 44",52353,Düren,50.82264233756649,6.466285221113238,ogc-api-nrw
188967,"Borken, KR Erich-Kästner-Schule",Förderschule,"Landwehr, Landwehr 105",46325,Borken,51.848205112793664,6.895115651428844,ogc-api-nrw
188979,"Essen, KR Ruhrlandschule",Förderschule,"Holsterhauser Str., Holsterhauser Str. 151",45147,Essen,51.436530811891814,6.9874093887064825,ogc-api-nrw
188980,"Haan, FW Haan-Gruiten",Waldorfschule,"Prälat-Marschall-Str., Prälat-Marschall-Str. 34",42781,Haan,51.2218012306809,7.010611402619967,ogc-api-nrw
188992,"Schmallenberg, FÖ ES Martinsschule",Förderschule,"Pfarrer-Birker-Str., Pfarrer-Birker-Str. 3",57392,Schmallenberg,51.22235096791882,8.229063331573016,ogc-api-nrw
189005,"Aachen, FW Anton-Kurze-Allee",Waldorfschule,"Anton-Kurze-Allee, Anton-Kurze-Allee 10",52064,Aachen,50.76067771936849,6.076663442786875,ogc-api-nrw
189017,"Bottrop, GE Janusz-Korczak",Gesamtschule,"Horster Str., Horster Str. 114",46236,Bottrop,51.526835610869405,6.93653013604005,ogc-api-nrw
189030,"Dortmund, FW Christopherus-Schule",Waldorfschule,"Kreisstr., Kreisstr. 55",44267,Dortmund,51.444406517854134,7.523831415975333,ogc-api-nrw
189054,"Borken, GG An der Aa",Grundschule,"An der Aa, An der Aa 19-21",46325,Borken,51.85041724428527,6.855298718850602,ogc-api-nrw
189066,"Wuppertal, GE Pina-Bausch",Gesamtschule,"Florian-Geyer-Str., Florian-Geyer-Str. 9",42329,Wuppertal,51.231612394210934,7.0915650923177305,ogc-api-nrw
189078,"Mülheim an der Ruhr, GE Willy-Brandt",Gesamtschule,"Willy-Brandt-Platz, Willy-Brandt-Platz 1",45476,Mülheim an der Ruhr,51.4534811187953,6.860888761098423,ogc-api-nrw
189080,"Essen, GE Frida-Levy-Gesamtschule",Gesamtschule,"Varnhorststr., Varnhorststr. 2",45127,Essen,51.454647210802186,7.017747280753872,ogc-api-nrw
189108,"Detmold, GE Geschwister-Scholl",Gesamtschule,"Sprottauer Str., Sprottauer Str. 9",32756,Detmold,51.93972367152937,8.85553373693744,ogc-api-nrw
189110,"Aachen, GE Heinrich-Heine-Schule",Gesamtschule,"Hander Weg, Hander Weg 89",52072,Aachen,50.804644377725786,6.049814510227141,ogc-api-nrw
189121,"Minden, GE Kurt-Tucholsky",Gesamtschule,"Königswall, Königswall 10",32423,Minden,52.28836014483092,8.910612392313316,ogc-api-nrw
189133,"Unna, GE Peter-Weiss",Gesamtschule,"Herderstr., Herderstr. 16",59423,Unna,51.533136114724435,7.696227828623031,ogc-api-nrw
189145,"Mönchengladbach, GE Espenstraße",Gesamtschule,"Espenstr., Espenstr. 21",41239,Mönchengladbach,51.15450692029801,6.428004411543853,ogc-api-nrw
189169,"Köln, GG Zwirnerstraße",Grundschule,"Zwirnerstr., Zwirnerstr. 15-17",50678,Köln,50.92514201289248,6.962191474344356,ogc-api-nrw
189170,"Hagen, GE Haspe",Gesamtschule,"Kirmesplatz, Kirmesplatz 2",58135,Hagen,51.34708582115816,7.417511417597556,ogc-api-nrw
189194,"Tönisvorst, Gym Michael-Ende-Gymnasium",Gymnasium,"Corneliusstr., Corneliusstr. 25",47918,Tönisvorst,51.31686777195521,6.485940376240698,ogc-api-nrw
189200,"Dörentrup, FÖ ES Regenbogenschule",Förderschule,"Bahnhofstr., Bahnhofstr. 13",32694,Dörentrup,52.00492677553365,9.06204565204606,ogc-api-nrw
189212,"Salzkotten, FÖ ES Astrid-Lindgren-Schule",Förderschule,"Am Friedhof, Am Friedhof 1",33154,Salzkotten,51.66998171458685,8.609133773237719,ogc-api-nrw
189224,"Harsewinkel, FÖ ES Erich Kästner-Schule",Förderschule,"Paul-Keller-Str., Paul-Keller-Str. 3",33428,Harsewinkel,51.95503988760108,8.23504204715328,ogc-api-nrw
189236,"Dortmund, FÖ SQ Martin-Buber-Schule",Förderschule,"Marsbruchstr., Marsbruchstr. 180",44287,Dortmund,51.50418363730762,7.542879823446974,ogc-api-nrw
189248,"Siegen, FÖ SQ Lindenschule",Förderschule,"Poststr., Poststr. 5",57076,Siegen,50.894893424983,8.026608832499218,ogc-api-nrw
189250,"Hamm, GE Friedens",Gesamtschule,"Marker Allee, Marker Allee 20",59063,Hamm,51.68145053123445,7.8292869845390625,ogc-api-nrw
189261,"Duisburg, GE Meiderich",Gesamtschule,"Westender Str., Westender Str. 30-32",47138,Duisburg,51.46662853801427,6.784840642172912,ogc-api-nrw
189273,"Krefeld, GE Kaiserplatz",Gesamtschule,"Kaiserplatz, Kaiserplatz 50",47800,Krefeld,51.343381302976454,6.590281669985324,ogc-api-nrw
189285,"Remscheid, GE Albert-Einstein-Schule",Gesamtschule,"Brüderstr., Brüderstr. 6-8",42853,Remscheid,51.17889040480279,7.188032337141576,ogc-api-nrw
189297,"Velbert, GE Mitte",Gesamtschule,"Poststr., Poststr. 117-119",42549,Velbert,51.334513589863825,7.036185419872714,ogc-api-nrw
189303,"Wesel, GE Am Lauerhaas",Gesamtschule,"Kirchturmstr., Kirchturmstr. 3",46485,Wesel,51.66986796704634,6.64949869411364,ogc-api-nrw
189315,"Hiddenhausen, GE Olof-Palme",Gesamtschule,"Pestalozzistr., Pestalozzistr. 5",32120,Hiddenhausen,52.152033708790114,8.637520298659751,ogc-api-nrw
189339,"Herne, GE Erich-Fried",Gesamtschule,"Grabenstr., Grabenstr. 14",44625,Herne,51.5358981187719,7.20011713675303,ogc-api-nrw
189352,"Bonn, FÖ ES Derletalschule",Förderschule,"Rene-Schickele-Str., Rene-Schickele-Str. 12",53123,Bonn,50.71310810045934,7.03806637627489,ogc-api-nrw
189388,"Ibbenbüren, FÖ ES Janusz-Korczak-Schule",Förderschule,"Uffeln Mitte, Uffeln Mitte 33",49479,Ibbenbüren,52.32307484589905,7.627746712431538,ogc-api-nrw
189390,"Langerwehe, GE Josef-Schwarz-Straße",Gesamtschule,"Josef-Schwarz-Str., Josef-Schwarz-Str. 16",52379,Langerwehe,50.818207732849764,6.365615257493998,ogc-api-nrw
189406,"Leverkusen, GE Schlebusch",Gesamtschule,"Ophovener Str., Ophovener Str. 4",51375,Leverkusen,51.04197180518643,7.052991933990489,ogc-api-nrw
189418,"Bochum, EG Matthias-Claudius-Schule",Grundschule,"Nevelstr., Nevelstr. 3",44795,Bochum,51.45056124719983,7.191040487389139,ogc-api-nrw
189420,"Duisburg, BK Bertolt-Brecht",Berufskolleg,"Am Ziegelkamp, Am Ziegelkamp 28-30",47259,Duisburg,51.37415486112504,6.750180511320542,ogc-api-nrw
189431,"Minden, BK Leo-Sympher",Berufskolleg,"Habsburgerring, Habsburgerring 53 a",32425,Minden,52.29659164444937,8.895052364958408,ogc-api-nrw
189443,"Remscheid, FW Rudolf-Steiner-Schule",Waldorfschule,"Schwarzer Weg, Schwarzer Weg 9",42897,Remscheid,51.155051607102905,7.268304816976239,ogc-api-nrw
189455,"Goch,FÖ SQ,LE,ES Förderzentrum a.d.Niers",Förderschule,"Thielenstr., Thielenstr. 17",47574,Goch,51.67563706782143,6.165873343608826,ogc-api-nrw
189467,"Essen, FÖ SQ Wilhelm-Körber-Schule",Förderschule,"Franz-Arens-Str., Franz-Arens-Str. 1",45139,Essen,51.45227845949691,7.022858831758177,ogc-api-nrw
189479,"Detmold, FW Rudolf-Steiner-Schule",Waldorfschule,"Blomberger Str., Blomberger Str. 67",32760,Detmold,51.93200891039688,8.898086659857821,ogc-api-nrw
189480,"Dormagen, GE Bertha-von-Suttner",Gesamtschule,"Marie-Schlei-Str., Marie-Schlei-Str. 6",41542,Dormagen,51.119315202979685,6.779991844448631,ogc-api-nrw
189509,"Herford, GE Salzufler Str.",Gesamtschule,"Salzufler Str., Salzufler Str. 129",32052,Herford,52.10599694906331,8.693188040503598,ogc-api-nrw
189510,"Bochum, GE Freie Schule",Gesamtschule,"Wiemelhauser Str., Wiemelhauser Str. 270",44799,Bochum,51.458404203929085,7.228215070295918,ogc-api-nrw
189522,"Düren, GE Heinrich-Böll",Gesamtschule,"Girbelsrather Str., Girbelsrather Str. 120",52351,Düren,50.80722455207455,6.504183467327097,ogc-api-nrw
189534,"Paderborn, GG Auf der Lieth",Grundschule,"Peckelsheimer Weg, Peckelsheimer Weg 24",33100,Paderborn,51.71436714997449,8.794880560418552,ogc-api-nrw
189546,"Bochum,KR Klinikschule Ferdinand-Krüger",Förderschule,"Axstr., Axstr. 35",44879,Bochum,51.426390817712445,7.158276784733528,ogc-api-nrw
189558,"Sprockhövel, GE Wilhelm-Kraft",Gesamtschule,"Geschwister-Scholl-Str., Geschwister-Scholl-Str. 10",45549,Sprockhövel,51.334081998778196,7.28525409629404,ogc-api-nrw
189560,"Lüdenscheid, GE Adolf-Reichwein",Gesamtschule,"Eulenweg, Eulenweg 2",58507,Lüdenscheid,51.23414185541894,7.625813656308696,ogc-api-nrw
189571,"Iserlohn, GE Iserlohn",Gesamtschule,"Langerfeldstr., Langerfeldstr. 84",58638,Iserlohn,51.385622546364715,7.689444803042229,ogc-api-nrw
189583,"Duisburg, GE Walsum",Gesamtschule,"Kurze Str., Kurze Str. 51",47179,Duisburg,51.53163275174595,6.739654137341997,ogc-api-nrw
189595,"Duisburg, GE Erich Kästner",Gesamtschule,"Ehrenstr., Ehrenstr. 87",47198,Duisburg,51.44590589186979,6.692453968275903,ogc-api-nrw
189601,"Ratingen, GE Martin-Luther-King",Gesamtschule,"Erfurter Str., Erfurter Str. 36",40880,Ratingen,51.29186359175358,6.817591184934883,ogc-api-nrw
189637,"Gütersloh, GG Nordhorn",Grundschule,"Knappweg, Knappweg 9",33332,Gütersloh,51.913896414436785,8.411894620783258,ogc-api-nrw
189649,"Nottuln, FÖ ES Steverschule",Förderschule,"Niederstockumer Weg, Niederstockumer Weg 15",48301,Nottuln,51.92696022138671,7.346639039381979,ogc-api-nrw
189650,"Paderborn, BK ATIW gGmbH",Berufskolleg,"Technologiepark, Technologiepark 3",33100,Paderborn,51.70082590782597,8.765928865514839,ogc-api-nrw
189662,"Südlohn, FÖ ES Hans-Christian-Andersen",Förderschule,"Doornte, Doornte 23-25",46354,Südlohn,51.9440997769676,6.85911099524919,ogc-api-nrw
189674,"Bad Oeynhausen, KR Klinikschule Oexen",Förderschule,"Oexen, Oexen 27",32549,Bad Oeynhausen,52.241081197567446,8.807267369154397,ogc-api-nrw
189686,"Waldbröl, GE Höhenweg",Gesamtschule,"Höhenweg, Höhenweg 49",51545,Waldbröl,50.87695275004855,7.60777614739468,ogc-api-nrw
189698,"Gummersbach, GE Derschlag",Gesamtschule,"Epelstr., Epelstr. 23",51645,Gummersbach,51.00795743246429,7.618525258286344,ogc-api-nrw
189716,"Olpe, FÖ SQ Michael Ende",Förderschule,"Bodelschwinghstr., Bodelschwinghstr. 13",57462,Olpe,51.01983601644005,7.854598185615944,ogc-api-nrw
189728,"Lüdenscheid, FÖ ES Mosaik-Schule",Förderschule,"Dannenbergstr., Dannenbergstr. 2a",58507,Lüdenscheid,51.24151359745334,7.621797436227406,ogc-api-nrw
189730,"Gelsenkirchen, GE Buer-Mitte",Gesamtschule,"Nollenpad, Nollenpad 29",45894,Gelsenkirchen,51.577755373034485,7.043714062124477,ogc-api-nrw
189741,"Arnsberg, FÖ SQ Franz-Joseph-Koch-Schule",Förderschule,"Mariannhillerweg, Mariannhillerweg 4",59821,Arnsberg,51.411161419733105,8.063811946515132,ogc-api-nrw
189753,"Bergisch Gladbach, FW Mohnweg",Waldorfschule,"Mohnweg, Mohnweg 13",51427,Bergisch Gladbach,50.960135133699076,7.111327273126122,ogc-api-nrw
189765,"Stolberg, FÖ SQ Gutenberg-Schule",Förderschule,"Rhein-Nassau-Weg, Rhein-Nassau-Weg 4",52222,Stolberg (Rhld.),50.77838835542876,6.2264255333115175,ogc-api-nrw
189789,"Hamm, FW Kobbenskamp",Waldorfschule,"Kobbenskamp, Kobbenskamp 23",59077,Hamm,51.63830322057439,7.75205907375571,ogc-api-nrw
189807,"Hamm, GE Sophie-Scholl-Schule",Gesamtschule,"Stefanstr., Stefanstr. 42",59075,Hamm,51.69582273823445,7.747641439056685,ogc-api-nrw
189819,"Düsseldorf, GE Hulda-Pankok-Schule",Gesamtschule,"Brinckmannstr., Brinckmannstr. 16",40225,Düsseldorf,51.202982653471885,6.790873397693887,ogc-api-nrw
189820,"Essen, GE Erich-Kästner-Schule",Gesamtschule,"Pinxtenweg, Pinxtenweg 6-8",45276,Essen,51.4523969330163,7.089653636731974,ogc-api-nrw
189832,"Mönchengladbach, GE Volksgarten",Gesamtschule,"Volksgartenstr., Volksgartenstr. 71-75",41065,Mönchengladbach,51.188962154582335,6.445994351033327,ogc-api-nrw
189844,"Oberhausen, GE Fasia-Jansen-Gesamtschule",Gesamtschule,"Schwartzstr., Schwartzstr. 87",46045,Oberhausen,51.473506307863374,6.862716785996169,ogc-api-nrw
189856,"Wuppertal, GE Langerfeld",Gesamtschule,"Heinrich-Böll-Str., Heinrich-Böll-Str. 240-250",42277,Wuppertal,51.28412527571678,7.236149868304445,ogc-api-nrw
189868,"Neuss, GE Janusz-Korczak",Gesamtschule,"Platz am Niedertor, Platz am Niedertor 6",41460,Neuss,51.19979586134936,6.685609265561637,ogc-api-nrw
189870,"Moers, GE Anne-Frank",Gesamtschule,"Kopernikusstr., Kopernikusstr. 9",47445,Moers,51.48343533428056,6.6111929280076485,ogc-api-nrw
189881,"Kempen, GG Regenbogenschule",Grundschule,"Eichendorffstr., Eichendorffstr. 12",47906,Kempen,51.35870333816618,6.415126809376234,ogc-api-nrw
189911,"Saerbeck, GE Maximilian-Kolbe",Gesamtschule,"Schulstr., Schulstr. 10-12",48369,Saerbeck,52.17450841389964,7.637442235219054,ogc-api-nrw
189923,"Ahlen, GE Fritz-Winter-Gesamtschule",Gesamtschule,"August-Kirchner-Str., August-Kirchner-Str. 13",59229,Ahlen,51.75437921295565,7.903449709728684,ogc-api-nrw
189935,"Bochum, GE Willy-Brandt",Gesamtschule,"Wittekindstr., Wittekindstr. 33",44894,Bochum,51.48440737403309,7.301484228004255,ogc-api-nrw
189947,"Bochum, GE Maria Sibylla Merian Schule",Gesamtschule,"Lohackerstr., Lohackerstr. 15",44867,Bochum,51.470624609003245,7.149584224260543,ogc-api-nrw
189959,"Düren, GE Anne-Frank",Gesamtschule,"Kupfermühle, Kupfermühle 3",52353,Düren,50.81684924431096,6.446465864499818,ogc-api-nrw
189960,"Dortmund, GE Brünninghausen",Gesamtschule,"Klüsenerskamp, Klüsenerskamp 15",44225,Dortmund,51.47959175103833,7.45593133899273,ogc-api-nrw
189984,"Hagen, GE Eilpe",Gesamtschule,"Wörthstr., Wörthstr. 30",58091,Hagen,51.340118011947055,7.489826293523967,ogc-api-nrw
189996,"Bielefeld, GE GesamtSchule Quelle",Gesamtschule,"Marienfelder Str., Marienfelder Str. 81",33649,Bielefeld,51.991760357494876,8.47885991743078,ogc-api-nrw
190007,"Hattingen, GE Marxstr.",Gesamtschule,"Marxstr., Marxstr. 99",45527,Hattingen,51.40906122257701,7.217570059023935,ogc-api-nrw
190019,"Siegen, GE Bertha-v.-Suttner-Gesamtschul",Gesamtschule,"Kolpingstr., Kolpingstr. 35",57072,Siegen,50.8871445382026,8.038911773562626,ogc-api-nrw
190020,"Krefeld, GE Robert-Jungk-Gesamtschule",Gesamtschule,"Reepenweg, Reepenweg 40",47839,Krefeld,51.36958439790371,6.496602347610705,ogc-api-nrw
190032,"Bergkamen, GE Willy-Brandt-Gesamtschule",Gesamtschule,"Am Friedrichsberg, Am Friedrichsberg 30",59192,Bergkamen,51.623225941869876,7.64909423533545,ogc-api-nrw
190044,"Arnsberg, WBK RS, Gym, KOL Sauerland",Weiterbildungskolleg,"Berliner Platz, Berliner Platz 3",59759,Arnsberg,51.436554203239965,7.970395546891981,ogc-api-nrw
190070,"Eschweiler, GE Waldschule",Gesamtschule,"Friedrichstr., Friedrichstr. 12-16",52249,Eschweiler,50.8043085898327,6.247545079688337,ogc-api-nrw
190081,"Hüllhorst, GE Osterstraße",Gesamtschule,"Osterstr., Osterstr. 7",32609,Hüllhorst,52.27466230199019,8.673030036897057,ogc-api-nrw
190093,"Troisdorf, GE Europaschule Troisdorf",Gesamtschule,"Am Bergeracker, Am Bergeracker 31",53842,Troisdorf,50.80905026284364,7.145504887788278,ogc-api-nrw
190100,"Köln, GG Irisweg",Grundschule,"Irisweg, Irisweg 2",51143,Köln,50.87235167682634,7.0562179150940025,ogc-api-nrw
190111,"Wiehl, GG Oberwiehl",Grundschule,"Hindelanger Str., Hindelanger Str. 5",51674,Wiehl,50.94548001171875,7.587494417911988,ogc-api-nrw
190123,"Elsdorf, FÖ SQ Michael-Ende-Schule",Förderschule,"Heppendorfer Str., Heppendorfer Str. 17-19",50189,Elsdorf,50.92619032668135,6.590023870814671,ogc-api-nrw
190135,"Lemgo, EG August-Hermann-Francke",Grundschule,"Regenstorstr., Regenstorstr. 29",32657,Lemgo,52.02583102485426,8.910495424587072,ogc-api-nrw
190159,"Soest, FÖ SQ Jacob-Grimm-Schule",Förderschule,"Vor dem Schültingertor, Vor dem Schültingertor 61",59494,Soest,51.584681369243604,8.107852566739195,ogc-api-nrw
190160,"Bochum, GG Astrid-Lindgren",Grundschule,"Lindener Str., Lindener Str. 28",44879,Bochum,51.43244088641007,7.174233161423227,ogc-api-nrw
190172,"Bad Salzuflen,KR Klinikschule Heldmanstr",Förderschule,"Heldmanstr., Heldmanstr. 45",32108,Bad Salzuflen,52.07442315078122,8.76443241755333,ogc-api-nrw
190196,"Lüdenscheid, EG Freie Christliche",Grundschule,"Schützenstr., Schützenstr. 35",58511,Lüdenscheid,51.21523946936583,7.641239023560264,ogc-api-nrw
190202,"Köln, FÖ SQ Brehmstraße",Förderschule,"Brehmstr., Brehmstr. 2",50735,Köln,50.96793306728134,6.9724542095433435,ogc-api-nrw
190214,"Bonn, FW Johannes-Schule Bonn",Waldorfschule,"Rehfuesstr., Rehfuesstr. 38",53115,Bonn,50.71959495897364,7.091830549622288,ogc-api-nrw
190238,"Bornheim, GE Europaschule",Gesamtschule,"Goethestr., Goethestr. 1",53332,Bornheim,50.764757727876486,7.000325496180463,ogc-api-nrw
190240,"Aachen, GG Montessori Grundschule",Grundschule,"Barbarastr., Barbarastr. 3",52068,Aachen,50.77789486021115,6.135728819071234,ogc-api-nrw
190251,"Alsdorf, GE Gustav-Heinemann-Schule",Gesamtschule,"Am Klött, Am Klött 1",52477,Alsdorf,50.87938178361015,6.172800188278431,ogc-api-nrw
190263,"Bünde, GE Erich Kästner-Gesamtschule",Gesamtschule,"Ringstr., Ringstr. 59",32257,Bünde,52.20600103430799,8.559682704233886,ogc-api-nrw
190275,"Selm, Gym Campus",Gymnasium,"Campus, Campus 5",59379,Selm,51.694311462393365,7.464217498432825,ogc-api-nrw
190287,"Löhne, GE Bertolt-Brecht",Gesamtschule,"Zur Schule, Zur Schule 6",32584,Löhne,52.22078903800902,8.710315371552499,ogc-api-nrw
190299,"Köln, GG Müngersdorf",Grundschule,"Wendelinstr., Wendelinstr. 64",50933,Köln,50.94121706165308,6.880049393980131,ogc-api-nrw
190317,"Schermbeck, GE Schloßstr.",Gesamtschule,"Schloßstr., Schloßstr. 20",46514,Schermbeck,51.69535312285011,6.876488056221814,ogc-api-nrw
190330,"Spenge, GE Regenbogen",Gesamtschule,"Immanuel-Kant-Str., Immanuel-Kant-Str. 2",32139,Spenge,52.14379553937729,8.4866735550958,ogc-api-nrw
190354,"Hille, GE (Gym) Von Oeynhausen Straße",Gesamtschule,"Von Oeynhausen Str., Von Oeynhausen Str. 30",32479,Hille,52.33512820181996,8.740037156306137,ogc-api-nrw
190378,"Rödinghausen, GE An der Stertwelle",Gesamtschule,"An der Stertwelle, An der Stertwelle 34-38",32289,Rödinghausen,52.24780868300928,8.50543876456042,ogc-api-nrw
190380,"Mönchengladbach,FW Rudolf-Steiner-Schule",Waldorfschule,"Weiersweg, Weiersweg 10",41065,Mönchengladbach,51.208218766163576,6.4783334362074205,ogc-api-nrw
190391,"Overath, GG Vilkerath",Grundschule,"Luisenhöhe, Luisenhöhe 20-22",51491,Overath,50.961585355375014,7.314813039784014,ogc-api-nrw
190410,"Rheine, GE Euregio-Schule",Gesamtschule,"Ludwigstr., Ludwigstr. 37",48429,Rheine,52.27937490386631,7.448159299750752,ogc-api-nrw
190433,"Wuppertal, BK Werther Brücke",Berufskolleg,"Bachstr., Bachstr. 17",42275,Wuppertal,51.27376080557126,7.204503206282358,ogc-api-nrw
190445,"Bielefeld, BK C.-Severing/ Heeper Str.",Berufskolleg,"Heeper Str., Heeper Str. 85",33607,Bielefeld,52.022584128222896,8.551575737784507,ogc-api-nrw
190457,"Bielefeld, BK Senne",Berufskolleg,"An der Rosenhöhe, An der Rosenhöhe 11",33647,Bielefeld,51.984562926933684,8.529006407468685,ogc-api-nrw
190470,"Siegburg, GG (Verb.) Hans-Alfred-Keller",Grundschule,"Chemie-Faser-Allee, Chemie-Faser-Allee 5",53721,Siegburg,50.790241856750676,7.216852594939063,ogc-api-nrw
190482,"Korschenbroich, RS Dionysiusstr.",Realschule,"Dionysiusstr., Dionysiusstr. 11",41352,Korschenbroich,51.19472942147525,6.556366153896637,ogc-api-nrw
190494,"Dinslaken, FW Niederrhein",Waldorfschule,"Eppinkstr., Eppinkstr. 173",46535,Dinslaken,51.56370876742776,6.7043132291513166,ogc-api-nrw
190512,"Gelsenkirchen, FÖ ES Bergmannsglückstr.",Förderschule,"Bergmannsglückstr., Bergmannsglückstr. 75",45896,Gelsenkirchen,51.603149644306264,7.042016068922043,ogc-api-nrw
190524,"Recklinghausen, GE Wolfgang-Borchert",Gesamtschule,"Beisinger Weg, Beisinger Weg 80",45657,Recklinghausen,51.624322863707334,7.1890345407493,ogc-api-nrw
190550,"Detmold, GE August-Hermann-Francke",Gesamtschule,"Georgstr., Georgstr. 24",32756,Detmold,51.94998041967195,8.87752997362146,ogc-api-nrw
190561,"Herdecke, FW Ita-Wegmann-Schule",Waldorfschule,"Gerhard-Kienle-Weg, Gerhard-Kienle-Weg 4",58313,Herdecke,51.41068457507768,7.398506441675366,ogc-api-nrw
190573,"Borken, GE Montessori",Gesamtschule,"Röwekamp, Röwekamp 14",46325,Borken,51.85897118579937,6.869255418359871,ogc-api-nrw
190615,"Netphen, Gym Haardtstraße",Gymnasium,"Haardtstr., Haardtstr. 35",57250,Netphen,50.91835993321545,8.098803115937836,ogc-api-nrw
190627,"Dortmund, WBK RS Max-von-der-Grün",Weiterbildungskolleg,"Rheinische Str., Rheinische Str. 69",44137,Dortmund,51.513173375896784,7.44668211549788,ogc-api-nrw
190639,"Wilnsdorf, Gym Hoheroth",Gymnasium,"Hoheroth, Hoheroth 94",57234,Wilnsdorf,50.822767248111084,8.117908805507783,ogc-api-nrw
190652,"Nordwalde, GE Kardinal-von-Galen",Gesamtschule,"Amtmann-Daniel-Str., Amtmann-Daniel-Str. 32",48356,Nordwalde,52.0879503965644,7.480236852730167,ogc-api-nrw
190664,"Wassenberg, GE Betty-Reis",Gesamtschule,"Birkenweg, Birkenweg 2",41849,Wassenberg,51.104882688380044,6.171013534257447,ogc-api-nrw
190676,"Werdohl, GE Albert-Einstein",Gesamtschule,"Stadionstr., Stadionstr. 50",58791,Werdohl,51.252974225652295,7.781019796637191,ogc-api-nrw
190688,"Aachen, GE Brand",Gesamtschule,"Rombachstr., Rombachstr. 99",52078,Aachen,50.75066689502151,6.153726092559117,ogc-api-nrw
190706,"Marienheide, GE Pestalozzistr.",Gesamtschule,"Pestalozzistr., Pestalozzistr. 7",51709,Marienheide,51.08642794237873,7.5255905486309445,ogc-api-nrw
190718,"Brüggen, GE Brüggen",Gesamtschule,"Südwall, Südwall 14",41379,Brüggen,51.28121883726663,6.196715007611006,ogc-api-nrw
190720,"Meerbusch, GE Maria-Montessori",Gesamtschule,"Weißenberger Weg, Weißenberger Weg 8-12",40667,Meerbusch,51.23843929421966,6.685474990436692,ogc-api-nrw
190731,"Altena, GG (Verb.) Altena",Grundschule,"Jahnstr., Jahnstr. 14",58762,Altena,51.30612273878772,7.668957048963042,ogc-api-nrw
190743,"Havixbeck, GE Anne Frank",Gesamtschule,"Schulstr., Schulstr. 5",48329,Havixbeck,51.975157574114775,7.414009924080747,ogc-api-nrw
190755,"Lübbecke, BK Rahdener Str.",Berufskolleg,"Rahdener Str., Rahdener Str. 1",32312,Lübbecke,52.31107105274429,8.61810705611962,ogc-api-nrw
190767,"Köln, BK Ehrenfeld",Berufskolleg,"Weinsbergstr., Weinsbergstr. 72",50823,Köln,50.941466244534865,6.922928848339914,ogc-api-nrw
190779,"Duisburg, BK Willy-Brandt",Berufskolleg,"Krefelder Str., Krefelder Str. 92",47226,Duisburg,51.407001072403496,6.708994912048921,ogc-api-nrw
190780,"Siegburg, GG Adolf-Kolping-Schule",Grundschule,"Arndtstr., Arndtstr. 2",53721,Siegburg,50.80269593775671,7.19043462050491,ogc-api-nrw
190809,"Paderborn, GE Elsen",Gesamtschule,"Am Schlengerbusch, Am Schlengerbusch 27",33106,Paderborn,51.73937816803473,8.684004335457441,ogc-api-nrw
190810,"Nottuln, Gym Rupert-Neudeck",Gymnasium,"St.Amand-Montrond-Str., St.Amand-Montrond-Str. 1",48301,Nottuln,51.923888628773966,7.352671052367376,ogc-api-nrw
190834,"Dorsten, FÖ SQ Raoul-Wallenberg-Schule",Förderschule,"Wittenbrink, Wittenbrink 51",46286,Dorsten,51.715877599232385,7.023498113267052,ogc-api-nrw
190846,"Bottrop, GE Willy-Brandt",Gesamtschule,"Brömerstr., Brömerstr. 12",46240,Bottrop,51.5433066094617,6.929150648562421,ogc-api-nrw
190860,"Bielefeld, GG Labor",Grundschule,"Universitätsstr., Universitätsstr. 21",33615,Bielefeld,52.03625594206853,8.499364815604666,ogc-api-nrw
190871,"Viersen, GE Anne-Frank-Schule",Gesamtschule,"Rahserstr., Rahserstr. 139",41748,Viersen,51.26680228483093,6.392418473377893,ogc-api-nrw
190895,"Essen, GE Nord",Gesamtschule,"Förderstr., Förderstr. 60",45356,Essen,51.49340494648491,6.985971018239262,ogc-api-nrw
190901,"Bielefeld, EG Georg-Müller-Schule",Grundschule,"Lipper Hellweg, Lipper Hellweg 230",33605,Bielefeld,51.99249529673925,8.582024246633411,ogc-api-nrw
190913,"Solingen, GE Friedrich-Albert-Lange",Gesamtschule,"Altenhofer Str., Altenhofer Str. 10",42719,Solingen,51.18367746676506,7.039312951305367,ogc-api-nrw
190949,"Kürten, GE Olpener Straße",Gesamtschule,"Olpener Str., Olpener Str. 4",51515,Kürten,51.04934237625391,7.264460705356844,ogc-api-nrw
190950,"Gevelsberg, EG Georg-Müller-Schule",Grundschule,"Am Schilken, Am Schilken 42",58285,Gevelsberg,51.33768285570603,7.370543733547125,ogc-api-nrw
190962,"Neuss,WBK Gym, RS Theodor-Schwann-Kolleg",Weiterbildungskolleg,"Paracelsusstr., Paracelsusstr. 8",41464,Neuss,51.18822155144278,6.676571902552923,ogc-api-nrw
190974,"Bergisch Gladbach, GG Bensberg",Grundschule,"Saaler Mühle, Saaler Mühle 8",51429,Bergisch Gladbach,50.962901935783805,7.136878068160569,ogc-api-nrw
190986,"Lünen, GE Käthe-Kollwitz",Gesamtschule,"Dammwiese, Dammwiese 8",44532,Lünen,51.589092943629694,7.520907149328312,ogc-api-nrw
190998,"Mönchengladbach, GE Hardt",Gesamtschule,"Vossenbäumchen, Vossenbäumchen 50",41169,Mönchengladbach,51.19934508563823,6.348373304719666,ogc-api-nrw
191000,"Langenfeld, GE Bettine-von-Arnim",Gesamtschule,"Hildener Str., Hildener Str. 3",40764,Langenfeld (Rheinland),51.134480670313785,6.946926295852201,ogc-api-nrw
191012,"Remscheid, GE Sophie-Scholl",Gesamtschule,"Hohenhagener Str., Hohenhagener Str. 25-27",42855,Remscheid,51.18161296944223,7.220091327570415,ogc-api-nrw
191024,"Krefeld, GE Kurt-Tucholsky",Gesamtschule,"Alte Gladbacher Str., Alte Gladbacher Str. 10",47805,Krefeld,51.321603977337986,6.555410872303626,ogc-api-nrw
191036,"Siegen, GE Eiserfeld",Gesamtschule,"Talsbachstr., Talsbachstr. 33",57080,Siegen,50.833261311036324,7.997544368369355,ogc-api-nrw
191048,"Erftstadt, FW An der Waldorfschule",Waldorfschule,"An der Waldorfschule, An der Waldorfschule 1",50374,Erftstadt,50.800712214913,6.831065370769512,ogc-api-nrw
191050,"Wilnsdorf, EG Freie Christliche Schule",Grundschule,"Brunkelpfad, Brunkelpfad 1",57234,Wilnsdorf,50.84448370873774,8.149188665771353,ogc-api-nrw
191061,"Hilden, EG Freie Christliche Schule",Grundschule,"Kölner Str., Kölner Str. 67",40723,Hilden,51.155947236928,6.942269366569165,ogc-api-nrw
191073,"Gronau, WBK RS, Gym, KOL Driland",Weiterbildungskolleg,"Konrad-Adenauer-Str., Konrad-Adenauer-Str. 85",48599,Gronau (Westf.),52.21150779431357,7.014493946889015,ogc-api-nrw
191085,"Büren, KG Steinhausen",Grundschule,"Schulstr., Schulstr. 13",33142,Büren,51.584659073146646,8.512584971717343,ogc-api-nrw
191097,"Baesweiler, FÖ SQ Martinus-Schule",Förderschule,"Grabenstr., Grabenstr. 1",52499,Baesweiler,50.90965936108726,6.188464326888301,ogc-api-nrw
191103,"Bochum, GE Matthias-Claudius-Schule",Gesamtschule,"Weitmarer Str., Weitmarer Str. 115a",44795,Bochum,51.45586416432136,7.188527739097056,ogc-api-nrw
191115,"Heinsberg, FÖ ES Janusz-Korczak",Förderschule,"Siemensstr., Siemensstr. 2",52525,Heinsberg,51.0608991612781,6.110407950933997,ogc-api-nrw
191127,"Bochum, GG Freie Schule",Grundschule,"Wiemelhauser Str., Wiemelhauser Str. 270",44799,Bochum,51.458404203929085,7.228215070295918,ogc-api-nrw
191139,"Dinslaken, Gym Gustav-Heinemann",Gymnasium,"Kirchstr., Kirchstr. 63",46539,Dinslaken,51.563862465713214,6.770088656813439,ogc-api-nrw
191140,"Lohmar, Gym Donrather Dreieck",Gymnasium,"Donrather Dreieck, Donrather Dreieck",53797,Lohmar,50.84600176587173,7.222696573812457,ogc-api-nrw
191176,"Hille, FÖ ES Mindenerwald",Förderschule,"Mindenerwaldstr., Mindenerwaldstr. 102",32479,Hille,52.367376780060596,8.765770617764039,ogc-api-nrw
191188,"Geilenkirchen, GE Anita-Lichtenstein",Gesamtschule,"Pestalozzistr., Pestalozzistr. 27",52511,Geilenkirchen,50.97266347744526,6.1098365527619025,ogc-api-nrw
191190,"Schwerte, GE Gänsewinkel",Gesamtschule,"Grünstr., Grünstr. 70",58239,Schwerte,51.4490748247847,7.593407949602337,ogc-api-nrw
191206,"Dinslaken, GG Hühnerheide",Grundschule,"Hühnerheide, Hühnerheide 102",46539,Dinslaken,51.55685918203633,6.781597804587929,ogc-api-nrw
191218,"Selm, GG Overbergschule",Grundschule,"Campus, Campus 1",59379,Selm,51.69410811447841,7.4658594155975155,ogc-api-nrw
191231,"Unna, GE Werner-von-Siemens",Gesamtschule,"Döbelner Str., Döbelner Str. 7",59425,Unna,51.54758937070687,7.692439851476091,ogc-api-nrw
191243,"Übach-Palenberg, GE Willy-Brandt",Gesamtschule,"Comeniusstr., Comeniusstr. 16-18",52531,Übach-Palenberg,50.91840460151626,6.1094166057320844,ogc-api-nrw
191267,"Bonn, GG Till-Eulenspiegel-Schule",Grundschule,"Renoisstr., Renoisstr. 1a",53129,Bonn,50.72122523629071,7.099131685070209,ogc-api-nrw
191280,"Duisburg, BK Gertrud-Bäumer",Berufskolleg,"Klöcknerstr., Klöcknerstr. 48",47057,Duisburg,51.42968991973237,6.780873452990355,ogc-api-nrw
191292,"Bielefeld, BK C.-Severing/H.-Delius-Str.",Berufskolleg,"Hermann-Delius-Str., Hermann-Delius-Str. 4",33607,Bielefeld,52.0221433449289,8.549160890382419,ogc-api-nrw
191309,"Oberhausen, BK Hans-Sachs",Berufskolleg,"Am Förderturm, Am Förderturm 5",46049,Oberhausen,51.473091222879496,6.840559634961325,ogc-api-nrw
191310,"Olfen, GE Wolfhelmschule Olfen-Datteln",Gesamtschule,"Nordstr., Nordstr. 72",59399,Olfen,51.713641005904236,7.376998504948225,ogc-api-nrw
191322,"Waltrop, GE Brockenscheidter Str.",Gesamtschule,"Brockenscheidter Str., Brockenscheidter Str. 100",45731,Waltrop,51.611120908591246,7.404633487075929,ogc-api-nrw
191334,"Essen, GE Borbeck",Gesamtschule,"Hansemannstr., Hansemannstr. 15",45357,Essen,51.4824358151134,6.939529199407044,ogc-api-nrw
191358,"Senden, Gym Joseph-Haydn",Gymnasium,"Am Bürgerpark, Am Bürgerpark 16",48308,Senden,51.85338737761301,7.483419208324798,ogc-api-nrw
191360,"Dülmen, FÖ SQ Peter-Pan-Schule",Förderschule,"Ludwig-Wiesmann-Str., Ludwig-Wiesmann-Str. 22",48249,Dülmen,51.82991792544231,7.285090035448021,ogc-api-nrw
191383,"Herzogenrath, GE Europaschule",Gesamtschule,"Am Langenpfahl, Am Langenpfahl 8",52134,Herzogenrath,50.88157703507988,6.112238061206497,ogc-api-nrw
191395,"Duisburg, GE Theodor-König",Gesamtschule,"Möhlenkampstr., Möhlenkampstr. 10",47139,Duisburg,51.47991121943123,6.743797353577612,ogc-api-nrw
191401,"Bonn, GE Elisabeth-Selbert-Gesamtschule",Gesamtschule,"Elisabeth-Selbert-Allee, Elisabeth-Selbert-Allee 50",53175,Bonn,50.69532886853059,7.147544654867882,ogc-api-nrw
191425,"Recklinghausen, Gym Freiherr-vom-Stein",Gymnasium,"Westerholter Weg, Westerholter Weg 113",45657,Recklinghausen,51.61568870763496,7.1813903050507255,ogc-api-nrw
191437,"Ruppichteroth, Gym St.Theresien",Gymnasium,"St.-Vinzenz-Str., St.-Vinzenz-Str. 2",53809,Ruppichteroth,50.84117643705457,7.43589690870298,ogc-api-nrw
191449,"Hückeswagen, GG Wiehagen",Grundschule,"Blumenstr., Blumenstr. 51",42499,Hückeswagen,51.144956863147684,7.31978059043256,ogc-api-nrw
191474,"Duisburg, GE Emschertal",Gesamtschule,"Albert-Einstein-Str., Albert-Einstein-Str. 11",47167,Duisburg,51.49907328699443,6.808612272241932,ogc-api-nrw
191486,"Neuss, GE an der Erft",Gesamtschule,"Aurinstr., Aurinstr. 59",41466,Neuss,51.164951830696495,6.691416848361736,ogc-api-nrw
191504,"Grevenbroich,GE Käthe-Kollwitz-Gesamtsch",Gesamtschule,"Hans-Böckler-Str., Hans-Böckler-Str. 19",41515,Grevenbroich,51.079081488853326,6.6040018892341505,ogc-api-nrw
191516,"Dortmund, BK Rudolf Steiner",Berufskolleg,"Mergelteichstr., Mergelteichstr. 45",44225,Dortmund,51.47354689634437,7.4646887130022535,ogc-api-nrw
191528,"Sankt Augustin, FW Graf-Zeppelin-Straße",Waldorfschule,"Graf-Zeppelin-Str., Graf-Zeppelin-Str. 7",53757,Sankt Augustin,50.761136857964985,7.169180385736069,ogc-api-nrw
191541,"Gummersbach, FW Oberberg",Waldorfschule,"Kirchhellstr., Kirchhellstr. 32",51645,Gummersbach,50.9880168320799,7.537032188015921,ogc-api-nrw
191553,"Kamp-Lintfort, GE UNESCO-Schule",Gesamtschule,"Moerser Str., Moerser Str. 167",47475,Kamp-Lintfort,51.505830296781326,6.540357122607942,ogc-api-nrw
191577,"Essen, FÖ ES Jakob-Muth-Schule",Förderschule,"Am Bögelsknappen, Am Bögelsknappen 7",45219,Essen,51.368302274929135,6.933307697090339,ogc-api-nrw
191589,"Harsewinkel, Gym Dechant-Budde-Weg",Gymnasium,"Dechant-Budde-Weg, Dechant-Budde-Weg 6",33428,Harsewinkel,51.96314268104867,8.224308156625495,ogc-api-nrw
191590,"Bonn, GG Brüser Berg",Grundschule,"Edisonallee, Edisonallee 9",53125,Bonn,50.69621673645261,7.054659536780158,ogc-api-nrw
191619,"Kirchlengern, FÖ ES Arche",Förderschule,"Alte Quernheimer Str., Alte Quernheimer Str. 40",32278,Kirchlengern,52.23279602768756,8.63712640600762,ogc-api-nrw
191620,"Dortmund, FW Georgschule",Waldorfschule,"Mergelteichstr., Mergelteichstr. 63",44225,Dortmund,51.471571679169706,7.464927814150536,ogc-api-nrw
191632,"Köln, FÖ SQ Alter Mühlenweg",Förderschule,"Alter Mühlenweg, Alter Mühlenweg 2",50679,Köln,50.92739252499805,6.98042239950834,ogc-api-nrw
191644,"Willich, GE Robert-Schuman",Gesamtschule,"Kantstr., Kantstr. 2",47877,Willich,51.26979144567413,6.541287630534217,ogc-api-nrw
191668,"Nettetal, GE Von-Waldois-Str.",Gesamtschule,"Von-Waldois-Str., Von-Waldois-Str. 6",41334,Nettetal,51.29346314955598,6.249520647747843,ogc-api-nrw
191670,"Horn-Bad Meinberg,FÖ GG Teutoburger Wald",Förderschule,"Schulstr., Schulstr. 10",32805,Horn-Bad Meinberg,51.86724143409234,8.94546386877016,ogc-api-nrw
191693,"Nümbrecht, Gym Homburgisches Gymnasium",Gymnasium,"Mateh-Yehuda-Str., Mateh-Yehuda-Str. 5",51588,Nümbrecht,50.90533991183272,7.5346757952167165,ogc-api-nrw
191700,"Königswinter,Gym Jugenddorf-Christophor.",Gymnasium,"Cleethorpeser Platz, Cleethorpeser Platz 12",53639,Königswinter,50.68342006520553,7.1875245143652435,ogc-api-nrw
191711,"Odenthal, Gym Bergisch Gladbacher Straße",Gymnasium,"Bergisch Gladbacher Str., Bergisch Gladbacher Str. 10",51519,Odenthal,51.030662724562106,7.114693814520518,ogc-api-nrw
191723,"Herdecke, GG Werner Richard",Grundschule,"Am Sonnenstein, Am Sonnenstein 4",58313,Herdecke,51.397188520065704,7.4386254133865455,ogc-api-nrw
191735,"Erkrath, GG (Verb.) Regenbogenschule",Grundschule,"Feldheider Str., Feldheider Str. 23",40699,Erkrath,51.20409986092826,6.941340507361266,ogc-api-nrw
191747,"Eslohe, FÖ SQ Brüder-Grimm-Schule",Förderschule,"Schulstr., Schulstr. 5",59889,Eslohe (Sauerland),51.25622012560052,8.166674951483316,ogc-api-nrw
191759,"Bergkamen, FÖ ES Regenbogenschule",Förderschule,"Rünther Str., Rünther Str. 80",59192,Bergkamen,51.64607942142165,7.662059347930448,ogc-api-nrw
191760,"Gütersloh, FW Hermann-Rothert-Straße",Waldorfschule,"Hermann-Rothert-Str., Hermann-Rothert-Str. 7",33335,Gütersloh,51.93685822538218,8.484427425554527,ogc-api-nrw
191772,"Witten, BK Husemannstraße",Berufskolleg,"Husemannstr., Husemannstr. 51",58452,Witten,51.43680479107846,7.344544500384434,ogc-api-nrw
191784,"Duisburg, BK Walther Rathenau",Berufskolleg,"Walther-Rathenau-Str., Walther-Rathenau-Str. 10",47166,Duisburg,51.49894080308292,6.768216771773836,ogc-api-nrw
191796,"Köln, BK Barbara-von-Sell",Berufskolleg,"Niehler Kirchweg, Niehler Kirchweg 118",50733,Köln,50.97066982378036,6.954045631352756,ogc-api-nrw
191802,"Augustdorf, GG auf der Insel",Grundschule,"Stadionstr., Stadionstr. 7",32832,Augustdorf,51.90670587553395,8.723417030695725,ogc-api-nrw
191826,"Kreuztal, GE Clara-Schumann-Schule",Gesamtschule,"Djurslandweg, Djurslandweg 2",57223,Kreuztal,50.96282107005437,7.9942316853138635,ogc-api-nrw
191838,"Gelsenkirchen, FW Raphael-Schule",Waldorfschule,"Coesfelder Str., Coesfelder Str. 75",45892,Gelsenkirchen,51.56416570552791,7.1060955717172,ogc-api-nrw
191851,"Merzenich, GE Schulstraße",Gesamtschule,"Schulstr., Schulstr. 7",52399,Merzenich,50.82805708883459,6.526618159512811,ogc-api-nrw
191863,"Düsseldorf, GE Joseph-Beuys",Gesamtschule,"Siegburger Str., Siegburger Str. 149",40591,Düsseldorf,51.19882542313552,6.8113276252803905,ogc-api-nrw
191875,"Recklinghausen, GE Suderwich",Gesamtschule,"Markomannenstr., Markomannenstr. 16",45665,Recklinghausen,51.60552689379804,7.278569066592549,ogc-api-nrw
191887,"Königswinter, RS Jugendd. Christophorus",Realschule,"Cleethorpeser Platz, Cleethorpeser Platz 12",53639,Königswinter,50.68342006520553,7.1875245143652435,ogc-api-nrw
191899,"Lemgo, BK Stiftung Eben-Ezer",Berufskolleg,"Disselhofweg, Disselhofweg 3",32657,Lemgo,52.04802362471757,8.90298503838538,ogc-api-nrw
191905,"Dormagen, GG (Verb.) Friedensschule",Grundschule,"Neusser Str., Neusser Str. 13",41542,Dormagen,51.11507004848068,6.771479186116258,ogc-api-nrw
191917,"Heiligenhaus, GE Hülsbecker Straße",Gesamtschule,"Hülsbecker Str., Hülsbecker Str. 5",42579,Heiligenhaus,51.32199408297196,6.965545520704988,ogc-api-nrw
191929,"Weilerswist, GE Martin-Luther-Str.",Gesamtschule,"Martin-Luther-Str., Martin-Luther-Str. 26",53919,Weilerswist,50.749701671202665,6.8409807912015985,ogc-api-nrw
191930,"Reichshof, GE Reichshof",Gesamtschule,"Hahnbucher Str., Hahnbucher Str. 23",51580,Reichshof,50.99373414962149,7.693090813332331,ogc-api-nrw
191942,"Kerpen, GE Willy-Brandt",Gesamtschule,"Bruchhöhe, Bruchhöhe 27",50170,Kerpen,50.911619088422064,6.69051986211733,ogc-api-nrw
191966,"Mönchengladbach, BK Hephata",Berufskolleg,"Schwalmstr., Schwalmstr. 206",41238,Mönchengladbach,51.177504394072585,6.456343584258492,ogc-api-nrw
191980,"Gelsenkirchen, RS Mulvany-Realschule",Realschule,"Hagemannshof, Hagemannshof 5",45889,Gelsenkirchen,51.533678511639856,7.11940128818004,ogc-api-nrw
192016,"Aachen, FÖ ES Martin-Luther-King-Schule",Förderschule,"Talbotstr., Talbotstr. 20",52068,Aachen,50.784944175557335,6.114098991629541,ogc-api-nrw
192028,"Minden, FW Haberbreede",Waldorfschule,"Haberbreede, Haberbreede 37",32429,Minden,52.26954429133958,8.829976023685871,ogc-api-nrw
192030,"Goch, GG Arnold-Janssen",Grundschule,"Hinter der Mauer, Hinter der Mauer 101",47574,Goch,51.67619573333423,6.152167588828495,ogc-api-nrw
192041,"Moers, GG Regenbogenschule Meerfeld",Grundschule,"Hinter dem Acker, Hinter dem Acker 70",47445,Moers,51.47909718566637,6.618102578037615,ogc-api-nrw
192053,"Straelen, Gym Fontanestraße",Gymnasium,"Fontanestr., Fontanestr. 7",47638,Straelen,51.44504252538247,6.2618052184675586,ogc-api-nrw
192065,"Lüdenscheid, RS Freie Christliche Schule",Realschule,"Am Schäferland, Am Schäferland 1",58515,Lüdenscheid,51.20720901778905,7.635061852131688,ogc-api-nrw
192089,"Münster, GG am Kinderbach",Grundschule,"Von-Humboldt-Str., Von-Humboldt-Str. 14",48159,Münster,51.99825836467119,7.603688187593423,ogc-api-nrw
192090,"Kreuzau, Gym Am Wassergarten",Gymnasium,"Am Wassergarten, Am Wassergarten 2",52372,Kreuzau,50.74526722133792,6.48438747410092,ogc-api-nrw
192107,"Pulheim, GE Papst-Johannes XXIII-Schule",Gesamtschule,"Hauptstr., Hauptstr. 1",50259,Pulheim,51.01629900937556,6.7540615481427935,ogc-api-nrw
192119,"Bergheim, GE Herbergerstr.",Gesamtschule,"Herbergerstr., Herbergerstr. 6-8",50127,Bergheim,50.93544954424523,6.682606517192917,ogc-api-nrw
192132,"Paderborn, GE Friedrich-Spee",Gesamtschule,"Weißdornweg, Weißdornweg 6",33100,Paderborn,51.71906934078323,8.794700048883639,ogc-api-nrw
192144,"Nordkirchen, GE Johann-Conrad-Schlaun",Gesamtschule,"Am Gorbach, Am Gorbach 4",59394,Nordkirchen,51.739513059846416,7.531599040313712,ogc-api-nrw
192156,"Borken, RS Maria-Sibylla-Merian",Realschule,"Im Thomas, Im Thomas 2-4",46325,Borken,51.904920183107464,6.8557121710319935,ogc-api-nrw
192168,"Holzwickede, Gym Clara-Schumann",Gymnasium,"Opherdicker Str., Opherdicker Str. 44",59439,Holzwickede,51.49759372736584,7.624920652200421,ogc-api-nrw
192170,"Lübbecke, GG Regenbogen",Grundschule,"Martinstr., Martinstr. 19",32312,Lübbecke,52.31808273366373,8.604168106999277,ogc-api-nrw
192193,"Duisburg, GE Lise-Meitner",Gesamtschule,"Lessingstr., Lessingstr. 3",47226,Duisburg,51.400624636795584,6.704856515312641,ogc-api-nrw
192200,"Werl, FÖ ES Peter-Härtling-Schule",Förderschule,"Antoniusstr., Antoniusstr. 60",59457,Werl,51.581046763374154,7.899010605004438,ogc-api-nrw
192211,"Duisburg, GE Aletta-Haniel-Gesamtschule",Gesamtschule,"Karlstr., Karlstr. 25",47119,Duisburg,51.45325712243751,6.736446749889885,ogc-api-nrw
192223,"Herten, RS Willy-Brandt-Schule",Realschule,"Ernst-Reuter-Platz, Ernst-Reuter-Platz 10-20",45699,Herten,51.59965242836164,7.132560412933737,ogc-api-nrw
192235,"Duisburg, BK Friedrich-Albert-Lange",Berufskolleg,"Carstanjenstr., Carstanjenstr. 10",47057,Duisburg,51.431630248081845,6.786937236606636,ogc-api-nrw
192247,"Hürth, BK Goldenberg Europakolleg",Berufskolleg,"Duffesbachstr., Duffesbachstr. 7",50354,Hürth,50.871024785975095,6.869960677652161,ogc-api-nrw
192259,"Bielefeld, BK Maria-Stemme-Berufskolleg",Berufskolleg,"Huberstr., Huberstr. 40",33607,Bielefeld,52.02345470219696,8.55353455564677,ogc-api-nrw
192260,"Düsseldorf, JG Yitzhak-Rabin-Schule",Grundschule,"Paul-Spiegel-Platz, Paul-Spiegel-Platz 1",40476,Düsseldorf,51.24312042416208,6.778490501965002,ogc-api-nrw
192272,"Tönisvorst, GG St. Tönis Hülser Straße",Grundschule,"Hülser Str., Hülser Str. 51",47918,Tönisvorst,51.325352464858504,6.494491016766684,ogc-api-nrw
192284,"Brilon, FÖ ES Roman-Herzog",Förderschule,"Mühlenweg, Mühlenweg 56a",59929,Brilon,51.39372652248582,8.548422601003084,ogc-api-nrw
192296,"Dortmund, GG Kleine Kielstraße",Grundschule,"Kleine Kielstr., Kleine Kielstr. 20",44145,Dortmund,51.52165730308828,7.471633369231759,ogc-api-nrw
192302,"Velbert, GG Mitte",Grundschule,"Bergische Str., Bergische Str. 15",42549,Velbert,51.342317566696615,7.034990270711782,ogc-api-nrw
192326,"Telgte, Gym Maria-Sibylla-Merian",Gymnasium,"August-Winkhaus-Str., August-Winkhaus-Str. 4",48291,Telgte,51.98678079206452,7.781482654128833,ogc-api-nrw
192338,"Hilden, V Schule f. Circuskinder in NRW",Volksschule,"Gerresheimer Str., Gerresheimer Str. 74",40721,Hilden,51.17358383005464,6.928536673996049,ogc-api-nrw
192340,"Nottuln, KG Astrid-Lindgren-Schule",Grundschule,"Niederstockumer Weg, Niederstockumer Weg 8a",48301,Nottuln,51.92875275902988,7.34878397698728,ogc-api-nrw
192387,"Bad Sassendorf,KR Kliniksch. a.d Rosenau",Förderschule,"Lütgenweg, Lütgenweg 2",59505,Bad Sassendorf,51.592288001656485,8.16904264007408,ogc-api-nrw
192399,"Lübbecke, GG Astrid-Lindgren",Grundschule,"Danziger Str., Danziger Str. 1",32312,Lübbecke,52.3072417395896,8.632484557642886,ogc-api-nrw
192405,"Duisburg, GE Herbert-Grillo",Gesamtschule,"Diesterwegstr., Diesterwegstr. 6",47169,Duisburg,51.50230332550209,6.7484119187302065,ogc-api-nrw
192429,"Soest, GG Astrid-Lindgren-Schule",Grundschule,"Kaiser-Otto-Weg, Kaiser-Otto-Weg 13",59494,Soest,51.556129532700005,8.107502549115868,ogc-api-nrw
192442,"Bielefeld, BK Rudolf-Rempel",Berufskolleg,"An der Rosenhöhe, An der Rosenhöhe 5",33647,Bielefeld,51.98421287769403,8.526913219734642,ogc-api-nrw
192454,"Bielefeld, BK C.-Severing/ Bleichstr.",Berufskolleg,"Bleichstr., Bleichstr. 12",33607,Bielefeld,52.0234754776279,8.551902031788092,ogc-api-nrw
192480,"Detmold, EG August-Hermann-Francke",Grundschule,"Richthofenstr., Richthofenstr. 106",32756,Detmold,51.945998142878416,8.897109270029395,ogc-api-nrw
192491,"Rahden, Gym Freiherr-vom-Stein-Str.",Gymnasium,"Freiherr-vom-Stein-Str., Freiherr-vom-Stein-Str. 5",32369,Rahden,52.43630142623133,8.61890826253377,ogc-api-nrw
192508,"Bielefeld,GE Evangelikale Bekenntnissch.",Gesamtschule,"Detmolder Str., Detmolder Str. 284",33605,Bielefeld,52.002127471919685,8.567847942688545,ogc-api-nrw
192510,"Kierspe, FW In den Erlen",Waldorfschule,"Erlen, Erlen 5",58566,Kierspe,51.14263980104105,7.618882916275412,ogc-api-nrw
192533,"Bochum, BK im Ev. Johanneswerk gGmbH",Berufskolleg,"Dannenbaumstr., Dannenbaumstr. 63",44803,Bochum,51.46903715680916,7.257852461006459,ogc-api-nrw
192545,"Düsseldorf, GE FreieChristl.Gesamtschule",Gesamtschule,"Fürstenberger Str., Fürstenberger Str. 10",40599,Düsseldorf,51.18359994601365,6.862419955421194,ogc-api-nrw
192557,"Bielefeld,GG Montessori Schule Bielefeld",Grundschule,"Mülheimer Str., Mülheimer Str. 18",33649,Bielefeld,51.98593801552108,8.487941441954556,ogc-api-nrw
192569,"Remscheid, FÖ LE,ES,KR Heinrich-Neumann",Förderschule,"Gewerbeschulstr., Gewerbeschulstr. 1",42853,Remscheid,51.18212897348481,7.178833548471764,ogc-api-nrw
192570,"Freudenberg, RS Freie Christliche Schule",Realschule,"Zum Giebelwald, Zum Giebelwald 16",57258,Freudenberg,50.86224273004999,7.903210462081864,ogc-api-nrw
192582,"Wetter, GE Georg-Müller-Schule",Gesamtschule,"Genossenschaftsweg, Genossenschaftsweg 1b",58300,Wetter (Ruhr),51.35412897430886,7.378850345471877,ogc-api-nrw
192594,"Krefeld, FÖ ES, LE, SQ Erich-Kästner",Förderschule,"Inrather Str., Inrather Str. 611",47803,Krefeld,51.35673571763756,6.5327836381462445,ogc-api-nrw
192600,"Horn-Bad Meinberg, Gym Südholzweg",Gymnasium,"Südholzweg, Südholzweg 31",32805,Horn-Bad Meinberg,51.8668347463484,8.941136365442025,ogc-api-nrw
192612,"Gummersbach, EG Freie Christliche",Grundschule,"Gelpestr., Gelpestr. 108",51647,Gummersbach,51.029090451583095,7.468426797534118,ogc-api-nrw
192624,"Lemgo, GE Karla-Raveh",Gesamtschule,"Vogelsang, Vogelsang 31",32657,Lemgo,52.035021485265254,8.912824116876774,ogc-api-nrw
192636,"Gütersloh, FÖ ES Hermann Hesse-Schule",Förderschule,"Neuenkirchener Str., Neuenkirchener Str. 43",33332,Gütersloh,51.89859907815283,8.378026906988314,ogc-api-nrw
192650,"Harsewinkel, GG Löwenzahnschule",Grundschule,"Berliner Ring, Berliner Ring 29",33428,Harsewinkel,51.96191163128759,8.24377420483753,ogc-api-nrw
192661,"Enger, RS Ringstr.",Realschule,"Ringstr., Ringstr. 75",32130,Enger,52.14250741090364,8.554653894241712,ogc-api-nrw
192673,"Iserlohn, GG Auf der Emst",Grundschule,"Kalkofen, Kalkofen 5",58638,Iserlohn,51.37207967494677,7.6663123867636465,ogc-api-nrw
192685,"Porta Westfalica, GE Bruchstr.",Gesamtschule,"Bruchstr., Bruchstr. 9",32457,Porta Westfalica,52.25234733559262,8.945593464556442,ogc-api-nrw
192715,"Gütersloh, GG Heidewald",Grundschule,"Alte Heidewaldstr., Alte Heidewaldstr. 1",33332,Gütersloh,51.88765569594278,8.395076806197258,ogc-api-nrw
192739,"Borgholzhausen, GE Peter-A.-Böckstiegel",Gesamtschule,"Osningstr., Osningstr. 14",33829,Borgholzhausen,52.10216508989457,8.30995162811342,ogc-api-nrw
192740,"Paderborn, GG Kaukenberg",Grundschule,"Weißdornweg, Weißdornweg 10",33100,Paderborn,51.718900698946236,8.795960229214067,ogc-api-nrw
192752,"Stadtlohn, Gym Geschwister-Scholl",Gymnasium,"Kreuzstr., Kreuzstr. 56-60",48703,Stadtlohn,51.98694202322862,6.926541318863637,ogc-api-nrw
192776,"Soest, GE Hannah-Arendt",Gesamtschule,"Canadischer Weg, Canadischer Weg 16",59494,Soest,51.55775122480729,8.10673512042974,ogc-api-nrw
192806,"Wuppertal, GE Barmen",Gesamtschule,"Unterdörnen, Unterdörnen 1",42283,Wuppertal,51.26708130637939,7.185411099352187,ogc-api-nrw
192818,"Radevormwald, GG Stadt",Grundschule,"Carl-Diem-Str., Carl-Diem-Str. 9-11",42477,Radevormwald,51.204891898330025,7.358800574016372,ogc-api-nrw
192820,"Dortmund, GE Martin-Luther-King",Gesamtschule,"Fine Frau, Fine Frau 50-58",44149,Dortmund,51.50231568654181,7.406188781033842,ogc-api-nrw
192831,"Augustdorf, RS Akazienstr.",Realschule,"Akazienstr., Akazienstr. 5",32832,Augustdorf,51.90630814541786,8.730251505925605,ogc-api-nrw
192867,"Leichlingen, GG Bennert",Grundschule,"Oberschmitte, Oberschmitte 11",42799,Leichlingen (Rheinland),51.12025602219969,7.032882755269329,ogc-api-nrw
192879,"Essen, GG am Wasserturm",Grundschule,"Steinmetzstr., Steinmetzstr. 11",45139,Essen,51.453928091914236,7.028429982045808,ogc-api-nrw
192880,"Kerpen, GG Rathausschule",Grundschule,"Rathausstr., Rathausstr. 5",50169,Kerpen,50.915213622761385,6.7081548447048345,ogc-api-nrw
192892,"Essen, GG Emscherschule",Grundschule,"Stapenhorststr., Stapenhorststr. 20",45329,Essen,51.508521629336585,7.005408009059148,ogc-api-nrw
192910,"Werl, FÖ KM Hedwig-Dransfeld-Schule",Förderschule,"Buchenweg, Buchenweg 30",59457,Werl,51.54719533976946,7.899380842056682,ogc-api-nrw
192922,"Hamm, FÖ ES Mark-Twain-Schule",Förderschule,"Torneweg, Torneweg 5",59073,Hamm,51.69977042163836,7.827830224520004,ogc-api-nrw
192934,"Castrop-Rauxel, BK Wartburgstr.",Berufskolleg,"Wartburgstr., Wartburgstr. 100",44579,Castrop-Rauxel,51.5823039665483,7.304836424104421,ogc-api-nrw
192946,"Datteln, BK Ostvest",Berufskolleg,"Hans-Böckler-Str., Hans-Böckler-Str. 2",45711,Datteln,51.650448766978094,7.333736167718793,ogc-api-nrw
192983,"Ahlen, BK St. Vincenz-Berufskolleg,priv.",Berufskolleg,"Robert-Koch-Str., Robert-Koch-Str. 41",59227,Ahlen,51.76661398731722,7.883081955982072,ogc-api-nrw
193008,"Gelsenkirchen, BK Technik und Gestaltung",Berufskolleg,"Overwegstr., Overwegstr. 63",45881,Gelsenkirchen,51.51564398540122,7.086907261926927,ogc-api-nrw
193010,"Recklinghausen, RS Bernard Overberg",Realschule,"Overbergstr., Overbergstr. 99",45663,Recklinghausen,51.57901791162372,7.231465660090413,ogc-api-nrw
193021,"Köln, GE Freie Schule",Gesamtschule,"Bernhard-Letterhaus-Str., Bernhard-Letterhaus-Str. 17",50670,Köln,50.95515786196396,6.952121307353587,ogc-api-nrw
193033,"Moers, GE Hermann-Runge",Gesamtschule,"Gabelsbergerstr., Gabelsbergerstr. 14",47441,Moers,51.45392097328829,6.6316925396414454,ogc-api-nrw
193045,"Siegen, FW Johanna-Ruß-Schule",Waldorfschule,"Numbachstr., Numbachstr. 3",57072,Siegen,50.883392055342,8.003235731943686,ogc-api-nrw
193057,"Velbert, FW Talschule",Waldorfschule,"Panner Str., Panner Str. 24",42555,Velbert,51.34663322875601,7.129381905895041,ogc-api-nrw
193069,"Hattingen,KR Kliniksch.  VAMEDKlinikGmbH",Förderschule,"Am Hagen, Am Hagen 20",45527,Hattingen,51.3904476909653,7.216496899740823,ogc-api-nrw
193070,"Ostbevern, KG Franz-von-Assisi",Grundschule,"Schulstr., Schulstr. 15",48346,Ostbevern,52.0344362445782,7.8440265043185695,ogc-api-nrw
193082,"Krefeld, GG Regenbogen",Grundschule,"Gladbacher Str., Gladbacher Str. 277",47805,Krefeld,51.31565722672244,6.5587696651713285,ogc-api-nrw
193094,"Detmold, FÖ ES Fürstin-Pauline-Schule",Förderschule,"Anne-Frank-Str., Anne-Frank-Str. 2",32756,Detmold,51.94715463192958,8.893338327348474,ogc-api-nrw
193112,"Menden, GG Anne-Frank-Schule",Grundschule,"Robert-Leusmann-Str., Robert-Leusmann-Str. 2",58708,Menden (Sauerland),51.44276856008421,7.771598712781577,ogc-api-nrw
193136,"Bielefeld, GG Am Waldschlösschen",Grundschule,"Am Waldschlößchen, Am Waldschlößchen 66",33739,Bielefeld,52.093027244322855,8.532828046614537,ogc-api-nrw
193148,"Dülmen, GG Dernekamp",Grundschule,"Fröbelstr., Fröbelstr. 2",48249,Dülmen,51.81703821198884,7.305354870880004,ogc-api-nrw
193150,"Gummersbach, RS Steinberg",Realschule,"Waldstr., Waldstr. 14",51643,Gummersbach,51.03290964172141,7.553589320299967,ogc-api-nrw
193161,"Lüdenscheid, GG Erwin-Welke-Schule",Grundschule,"Fuelbecker Str., Fuelbecker Str. 45",58507,Lüdenscheid,51.23253201320137,7.6396554109715336,ogc-api-nrw
193173,"Herzogenrath, GG Dietrich-Bonhoeffer",Grundschule,"Dietrich-Bonhoeffer-Str., Dietrich-Bonhoeffer-Str. 30",52134,Herzogenrath,50.88769635675837,6.119623854573844,ogc-api-nrw
193185,"Lippstadt, FÖ ES Hedwig-Schule",Förderschule,"St.-Hedwig-Str., St.-Hedwig-Str. 24",59557,Lippstadt,51.65376628033494,8.336008066340364,ogc-api-nrw
193197,"Steinhagen, GG Laukshof",Grundschule,"Laukshof, Laukshof 12",33803,Steinhagen,52.00284166413497,8.427496950482187,ogc-api-nrw
193203,"Herzogenrath, FÖ LE,SQ,ES Käthe-Kollwitz",Förderschule,"Leonhardstr., Leonhardstr. 21",52134,Herzogenrath,50.87254339027784,6.097997953687016,ogc-api-nrw
193227,"Brühl, GE Otto-Wels-Str.",Gesamtschule,"Otto-Wels-Str., Otto-Wels-Str. 1",50321,Brühl,50.81439619107745,6.9020816435156815,ogc-api-nrw
193240,"Hennef, GE Hennef-Meiersheide",Gesamtschule,"Meiersheide, Meiersheide 20",53773,Hennef (Sieg),50.7684887069028,7.309409284332522,ogc-api-nrw
193252,"Duisburg, GE Globus am Dellplatz",Gesamtschule,"Gottfried-Könzgen-Str., Gottfried-Könzgen-Str. 3",47051,Duisburg,51.429266669568904,6.7600475814761465,ogc-api-nrw
193276,"Neuss, FÖ LE, KR Herbert-Karrenberg",Förderschule,"Neusser Weyhe, Neusser Weyhe 20",41462,Neuss,51.215863799675155,6.674077477575246,ogc-api-nrw
193290,"Köln, WBK RS, Gym Tages- und Abendschule",Weiterbildungskolleg,"Genovevastr., Genovevastr. 72",51063,Köln,50.96474929727792,7.008511689813293,ogc-api-nrw
193306,"Tönisvorst, GG Corneliusstr.",Grundschule,"Corneliusstr., Corneliusstr. 200",47918,Tönisvorst,51.313921718301735,6.495774219288395,ogc-api-nrw
193318,"Bochum, FÖ ES Paul-Dohrmann-Schule",Förderschule,"Wasserstr., Wasserstr. 46",44803,Bochum,51.46815310940287,7.242005095942346,ogc-api-nrw
193320,"Schlangen, GE August-Hermann-Francke",Gesamtschule,"Friedrich-Copei-Platz, Friedrich-Copei-Platz 1",33189,Schlangen,51.81090564265621,8.840294523316976,ogc-api-nrw
193331,"Essen, BK Franz Sales",Berufskolleg,"Steeler Str., Steeler Str. 261",45138,Essen,51.448005876011536,7.041551673183171,ogc-api-nrw
193355,"Mönchengladbach, GE Rheydt-Mülfort",Gesamtschule,"Realschulstr., Realschulstr. 14",41238,Mönchengladbach,51.15260238098827,6.4564695747024246,ogc-api-nrw
193367,"Bergisch Gladbach, GG Paffrath",Grundschule,"Flachsberg, Flachsberg 17",51469,Bergisch Gladbach,50.99858326294053,7.101941738987624,ogc-api-nrw
193379,"Oberhausen, GE Weierheide",Gesamtschule,"Egelsfurthstr., Egelsfurthstr. 66",46149,Oberhausen,51.51725487401511,6.829260122188778,ogc-api-nrw
193380,"Hagen, EG Freie Evangelische Schule",Grundschule,"Hammerstr., Hammerstr. 6a",58135,Hagen,51.35203317382123,7.428298635205613,ogc-api-nrw
193392,"Solingen, GG Andrews Advent",Grundschule,"Kreuzweger Str., Kreuzweger Str. 3",42655,Solingen,51.17658911671003,7.063506953053533,ogc-api-nrw
193410,"Kleve, RS Karl Kisters",Realschule,"Lindenstr., Lindenstr. 3a",47533,Kleve,51.79431820772491,6.152371126441643,ogc-api-nrw
193422,"Schloß Holte-Stukenbrock, GG Pollhans",Grundschule,"Jahnstr., Jahnstr. 15",33758,Schloß Holte-Stukenbrock,51.9048134003581,8.61064556750906,ogc-api-nrw
193434,"Wuppertal, BK Ita-Wegman",Berufskolleg,"Am Kriegermal, Am Kriegermal 3a",42399,Wuppertal,51.248637893399376,7.290626968645694,ogc-api-nrw
193458,"Aachen, GE Maria-Montessori",Gesamtschule,"Bergische Gasse, Bergische Gasse 18",52066,Aachen,50.765944641561916,6.103510764771706,ogc-api-nrw
193483,"Werl, KG Norbertschule",Grundschule,"Lindenallee, Lindenallee 9",59457,Werl,51.5494541940925,7.900537845638616,ogc-api-nrw
193495,"Bielefeld, GE Rosenhöhe",Gesamtschule,"An der Rosenhöhe, An der Rosenhöhe 11",33647,Bielefeld,51.984562926933684,8.529006407468685,ogc-api-nrw
193501,"Essen, GE Holsterhausen",Gesamtschule,"Böcklinstr., Böcklinstr. 27",45147,Essen,51.43955538427263,6.987578588970891,ogc-api-nrw
193513,"Lindlar, Gym Voßbrucher Str.",Gymnasium,"Vossbrucher Str., Vossbrucher Str. 1",51789,Lindlar,51.0156031185435,7.376043313052453,ogc-api-nrw
193525,"Kerpen, GG Türnich",Grundschule,"Rosentalstr., Rosentalstr. 14-16",50169,Kerpen,50.85966619344424,6.751153117533624,ogc-api-nrw
193537,"Paderborn, RS Lise-Meitner",Realschule,"Lise-Meitner-Str., Lise-Meitner-Str. 1",33104,Paderborn,51.72821373717072,8.72064179172639,ogc-api-nrw
193549,"Windeck, GG Bodenberg-Schule",Grundschule,"Elsternweg, Elsternweg 8",51570,Windeck,50.81162172120416,7.593211094175368,ogc-api-nrw
193550,"Willich, Gym Lise-Meitner",Gymnasium,"Hausbroicher Str., Hausbroicher Str. 40",47877,Willich,51.27780177911919,6.468586606119556,ogc-api-nrw
193562,"Steinhagen, EG Georg-Müller-Schule",Grundschule,"Unterer Steinweg, Unterer Steinweg 14",33803,Steinhagen,52.008143847172086,8.44768067531299,ogc-api-nrw
193574,"Meinerzhagen, GG Am Kohlberg",Grundschule,"Schulzentrum Rothenstein, Schulzentrum Rothenstein 3",58540,Meinerzhagen,51.1081504250456,7.66125282517117,ogc-api-nrw
193586,"Goch, GE Mittelkreis",Gesamtschule,"Südring, Südring 28",47574,Goch,51.67265604038459,6.157524974464396,ogc-api-nrw
193598,"Burbach, GG (Verb.) Hickengrund",Grundschule,"Schulstr., Schulstr. 17",57299,Burbach,50.73907101589606,8.137424081020828,ogc-api-nrw
193630,"Gütersloh, GE Janusz-Korczak",Gesamtschule,"Schledebrückstr., Schledebrückstr. 170",33334,Gütersloh,51.8842031871603,8.367735478872225,ogc-api-nrw
193641,"Dortmund, GE Europaschule",Gesamtschule,"Am Gottesacker, Am Gottesacker 64",44143,Dortmund,51.51132716614679,7.533068446035917,ogc-api-nrw
193653,"Netphen, FÖ GG Schule am Sonnenhang",Förderschule,"Nahtweg, Nahtweg 10",57250,Netphen,50.88704165685925,8.144745664538787,ogc-api-nrw
193665,"Dülmen, Gym Annette-von-Droste-Hülshoff",Gymnasium,"Friedrich-Ruin-Str., Friedrich-Ruin-Str. 35",48249,Dülmen,51.827129556426584,7.287503400486717,ogc-api-nrw
193689,"Steinfurt, GG Heinrich-Neuy",Grundschule,"Kaiser-Otto-Str., Kaiser-Otto-Str. 5",48565,Steinfurt,52.11687636294479,7.394100590366754,ogc-api-nrw
193719,"Duisburg, RS Fahrn",Realschule,"Netzestr., Netzestr. 1",47169,Duisburg,51.51578917447414,6.750543070455798,ogc-api-nrw
193720,"Schloß Holte-Stukenbrock,GG Verb.Graut/E",Grundschule,"Falkenstr., Falkenstr. 29",33758,Schloß Holte-Stukenbrock,51.91610835534213,8.605866176776775,ogc-api-nrw
193744,"Hünxe, GE In den Elsen",Gesamtschule,"In den Elsen, In den Elsen 34",46569,Hünxe,51.63774071901088,6.7696017039571945,ogc-api-nrw
193770,"Düsseldorf, RS Georg-Schulhoff",Realschule,"Kamper Weg, Kamper Weg 291",40627,Düsseldorf,51.2163810966005,6.862405230552682,ogc-api-nrw
193781,"Euskirchen, GG Weststadt",Grundschule,"Winkelpfad, Winkelpfad 60",53879,Euskirchen,50.664896054036504,6.77223410178475,ogc-api-nrw
193793,"Delbrück, KG St. Marien-Schule",Grundschule,"Leipziger Str., Leipziger Str. 27",33129,Delbrück,51.758984302805445,8.567014370276315,ogc-api-nrw
193800,"Gelsenkirchen, GE Ev. Gesamtschule",Gesamtschule,"Laarstr., Laarstr. 41",45889,Gelsenkirchen,51.530128374846036,7.099997006071372,ogc-api-nrw
193811,"Bonn, GE Bertolt-Brecht-Gesamtschule",Gesamtschule,"Schlesienstr., Schlesienstr. 21-23",53119,Bonn,50.745784108730916,7.052066844593041,ogc-api-nrw
193835,"Mechernich, GG Mechernich-Satzvey",Grundschule,"Am Pantaleonskreuz, Am Pantaleonskreuz",53894,Mechernich,50.61949820894526,6.698982409113843,ogc-api-nrw
193847,"Münster, GG Mosaik-Schule",Grundschule,"Dieckmannstr., Dieckmannstr. 131",48161,Münster,51.96513194849675,7.566915322067136,ogc-api-nrw
193872,"Bad Oeynhausen, GE Europaschule",Gesamtschule,"In der Wiehwisch, In der Wiehwisch 12",32549,Bad Oeynhausen,52.21905909860663,8.794203051332206,ogc-api-nrw
193884,"Salzkotten, BK Agnes-Neuhaus",Berufskolleg,"Widey, Widey 11",33154,Salzkotten,51.698894640670275,8.638880452520858,ogc-api-nrw
193902,"Dortmund, FÖ ES Froschlake",Förderschule,"Froschlake, Froschlake 45",44379,Dortmund,51.506329683730854,7.371090408067578,ogc-api-nrw
193914,"Jüchen, Gym Jüchen",Gymnasium,"Stadionstr., Stadionstr. 75",41363,Jüchen,51.10472618037243,6.513716049882321,ogc-api-nrw
193938,"Dortmund, RS Albert-Einstein",Realschule,"Gleiwitzstr., Gleiwitzstr. 200",44328,Dortmund,51.55301561280226,7.531626684926799,ogc-api-nrw
193951,"Geldern, RS An der Fleuth",Realschule,"Am Rodenbusch, Am Rodenbusch 19b",47608,Geldern,51.522183833452594,6.313477098975981,ogc-api-nrw
193963,"Kalkar, RS Kalkar",Realschule,"Am Bollwerk, Am Bollwerk 14",47546,Kalkar,51.73493942678482,6.297337354010217,ogc-api-nrw
193975,"Aachen, GG Brander Feld",Grundschule,"Schagenstr., Schagenstr. 40",52078,Aachen,50.748966871815256,6.152255467817707,ogc-api-nrw
193987,"Troisdorf, GG Sternenschule",Grundschule,"Kriegsdorfer Str., Kriegsdorfer Str. 48",53842,Troisdorf,50.82265354792077,7.11327450868884,ogc-api-nrw
194001,"Lage, EG August-Hermann-Francke",Grundschule,"Ehlenbrucher Str., Ehlenbrucher Str. 97",32791,Lage,51.984757625211024,8.735284780284754,ogc-api-nrw
194013,"Witten, FW Blote-Vogel-Schule",Waldorfschule,"Stockumer Str., Stockumer Str. 100",58454,Witten,51.45957247958569,7.373331596319707,ogc-api-nrw
194025,"Delbrück, Gym Marktstr.",Gymnasium,"Marktstr., Marktstr. 2",33129,Delbrück,51.76624898126834,8.55965576315013,ogc-api-nrw
194037,"Salzkotten, FÖ BK ES Agnes-Neuhaus",Förderschule,"Widey, Widey 11",33154,Salzkotten,51.698894640670275,8.638880452520858,ogc-api-nrw
194049,"Lage, GG Hardissen",Grundschule,"Ricarda-Huch-Weg, Ricarda-Huch-Weg 1-3",32791,Lage,52.008680764401795,8.808631566917933,ogc-api-nrw
194050,"Bad Münstereifel, RS Trierer Str.",Realschule,"Trierer Str., Trierer Str. 16",53902,Bad Münstereifel,50.55041907840016,6.763066888742794,ogc-api-nrw
194062,"Büren, GG Lindenhof",Grundschule,"Lindenhof, Lindenhof 10",33142,Büren,51.5573372809491,8.559050832752948,ogc-api-nrw
194086,"Willich, GG Plutoweg",Grundschule,"Plutoweg, Plutoweg 24",47877,Willich,51.25814379193027,6.535702885391602,ogc-api-nrw
194098,"Hennef, GG Siegtal",Grundschule,"Astrid-Lindgren-Str., Astrid-Lindgren-Str. 1",53773,Hennef (Sieg),50.774148389148785,7.308354192874374,ogc-api-nrw
194116,"Essen, FÖ ES Nelli-Neumann-Schule",Förderschule,"Raumerstr., Raumerstr. 55",45144,Essen,51.4521826200447,6.960582339357249,ogc-api-nrw
194128,"Hemer, FÖ ES Wilhelm-Busch",Förderschule,"Iserlohner Str., Iserlohner Str. 13",58675,Hemer,51.373409619378855,7.752766763850191,ogc-api-nrw
194130,"Bönen, Gym Marie-Curie",Gymnasium,"Billy-Montigny-Platz, Billy-Montigny-Platz 5",59199,Bönen,51.60275384115406,7.76444141851448,ogc-api-nrw
194141,"Witten, RS Helene-Lohmann-Realschule",Realschule,"Bommerfelder Ring, Bommerfelder Ring 111",58452,Witten,51.41797736850316,7.339687760442737,ogc-api-nrw
194153,"Alsdorf, RS Marienschule",Realschule,"Pestalozzistr., Pestalozzistr. 39",52477,Alsdorf,50.856275683472695,6.192985269452358,ogc-api-nrw
194177,"Hamm, RS Konrad-Adenauer-Realschule",Realschule,"Heideweg, Heideweg 4",59069,Hamm,51.64490344345194,7.845230962523002,ogc-api-nrw
194189,"Sassenberg, KG St.-Nikolaus",Grundschule,"Johann-Hinrich-Wichern-Str., Johann-Hinrich-Wichern-Str. 1",48336,Sassenberg,51.996434425131554,8.048579525801527,ogc-api-nrw
194190,"Bedburg-Hau, KR Paul-Moor-Schule",Förderschule,"Bahnstr., Bahnstr. 6",47551,Bedburg-Hau,51.76200680838728,6.176741142348971,ogc-api-nrw
194219,"Steinhagen, Gym Am Cronsbach",Gymnasium,"Am Cronsbach, Am Cronsbach 1",33803,Steinhagen,51.999961845686755,8.425101051994446,ogc-api-nrw
194220,"Soest, FW Hugo Kükelhaus Schule",Waldorfschule,"Wisbyring, Wisbyring 13",59494,Soest,51.56112853447888,8.103899103008434,ogc-api-nrw
194232,"Bornheim, Gym Alexander-von-Humboldt",Gymnasium,"Adenauerallee, Adenauerallee 50",53332,Bornheim,50.75760278250689,7.003196958890375,ogc-api-nrw
194244,"Bocholt, GG Annette-von-Droste-Hülshoff",Grundschule,"Wiesenstr., Wiesenstr. 81",46395,Bocholt,51.83115097888087,6.590014884831563,ogc-api-nrw
194256,"Schloß Holte-Stukenbrock, Gym Holter Str",Gymnasium,"Holter Str., Holter Str. 155",33758,Schloß Holte-Stukenbrock,51.901589858910285,8.634408685549264,ogc-api-nrw
194268,"Münster, GH Coerde",Hauptschule,"Dachsleite, Dachsleite 32-36",48157,Münster,51.99714395544406,7.647655759103847,ogc-api-nrw
194293,"Neuss, RS Rita-Süssmuth-Realschule",Realschule,"Gnadentaler Allee, Gnadentaler Allee 36a",41468,Neuss,51.17684714435802,6.7141304052014394,ogc-api-nrw
194311,"Borchen, KG Am Sonnenberg",Grundschule,"Birkenweg, Birkenweg 13",33178,Borchen,51.66993842951922,8.833401445061638,ogc-api-nrw
194323,"Paderborn, BK Schloß Neuhaus",Berufskolleg,"An der Kapelle, An der Kapelle 2",33104,Paderborn,51.73826705547409,8.72485207028889,ogc-api-nrw
194335,"Düsseldorf, BK Siemens AG",Berufskolleg,"Klaus-Bungert-Str., Klaus-Bungert-Str. 6",40468,Düsseldorf,51.2729688186342,6.7666127977478725,ogc-api-nrw
194359,"Neuenrade, FW Remmelshagen",Waldorfschule,"Remmelshagen, Remmelshagen 1-5",58809,Neuenrade,51.266996045133205,7.75984973539266,ogc-api-nrw
194360,"Neuss, FÖ ES Joseph-Beuys-Schule",Förderschule,"Jean-Pullen-Weg, Jean-Pullen-Weg 1",41464,Neuss,51.182642074179384,6.694124634152192,ogc-api-nrw
194372,"Everswinkel, FW Wester",Waldorfschule,"Wester, Wester 32",48351,Everswinkel,51.91854355258735,7.831068881524699,ogc-api-nrw
194396,"Lippstadt, BK INI",Berufskolleg,"Südstr., Südstr. 18",59557,Lippstadt,51.661473347364016,8.349081066950305,ogc-api-nrw
194402,"Köln, FW Michaeli Schule",Waldorfschule,"Vorgebirgswall, Vorgebirgswall 4-8",50677,Köln,50.92120913822135,6.944093357407934,ogc-api-nrw
194426,"Wuppertal, GG Freie Schule Bergisch-Land",Grundschule,"Zu den Erbhöfen, Zu den Erbhöfen 39 A",42287,Wuppertal,51.253459889771165,7.235604081038109,ogc-api-nrw
194438,"Weeze, KG Marienwasser",Grundschule,"Magdeburger Str., Magdeburger Str. 7-15",47652,Weeze,51.621514985457424,6.193349905474624,ogc-api-nrw
194451,"Bottrop, RS August-Everding",Realschule,"Gorch-Fock-Str., Gorch-Fock-Str. 21",46242,Bottrop,51.53374522288464,6.896203840170943,ogc-api-nrw
194475,"Brilon, FÖ SQ Georg-Friedrich-Daumer",Förderschule,"Zur Jakobuslinde, Zur Jakobuslinde 23",59929,Brilon,51.39287724101721,8.549710159602006,ogc-api-nrw
194487,"Kamen, GE Gutenbergstraße",Gesamtschule,"Gutenbergstr., Gutenbergstr. 2",59174,Kamen,51.58897693053263,7.6776968723308,ogc-api-nrw
194530,"Hagen, RS Halden",Realschule,"Lützowstr., Lützowstr. 115-117",58095,Hagen,51.368139641644945,7.494062019511217,ogc-api-nrw
194542,"Frechen, FÖ ES Albert-Einstein-Schule",Förderschule,"An der Mergelskaul, An der Mergelskaul 20",50226,Frechen,50.91878935636013,6.817268866631767,ogc-api-nrw
194566,"Kamen, GH Schule am Koppelteich",Hauptschule,"Am Koppelteich, Am Koppelteich 16",59174,Kamen,51.58831592730867,7.657492098472221,ogc-api-nrw
194578,"Kamen, RS Fridtjof-Nansen",Realschule,"Gutenbergstr., Gutenbergstr. 2",59174,Kamen,51.58897693053263,7.6776968723308,ogc-api-nrw
194580,"Bochum, FÖ ES Mansfeld-Schule",Förderschule,"Eislebener Str., Eislebener Str. 14-16",44892,Bochum,51.475406828653426,7.3015594104149555,ogc-api-nrw
194608,"Minden, EG Freie Evangelische Schule",Grundschule,"Haberbreede, Haberbreede 17",32429,Minden,52.268898055673596,8.82457098137884,ogc-api-nrw
194610,"Bonn, GG Independent Bonn Intern.School",Grundschule,"Tulpenbaumweg, Tulpenbaumweg 42",53177,Bonn,50.660777774237715,7.152866616519798,ogc-api-nrw
194621,"Bonn, GG Ecole de Gaulle-Adenauer",Grundschule,"Meckenheimer Str., Meckenheimer Str. 45",53179,Bonn,50.65893734792826,7.188594631323866,ogc-api-nrw
194657,"Olpe, KG Auf dem Gallenberg",Grundschule,"Auf dem Gallenberg, Auf dem Gallenberg 8",57462,Olpe,51.033193760300676,7.8540264455721225,ogc-api-nrw
194669,"Troisdorf, FÖ ES Schule am Rotter See",Förderschule,"Kerschensteinerstr., Kerschensteinerstr. 1",53844,Troisdorf,50.80680166241653,7.118540480364735,ogc-api-nrw
194670,"Arnsberg, Gym Franz-Stock",Gymnasium,"Berliner Platz, Berliner Platz 5",59759,Arnsberg,51.436937520004015,7.967969870867333,ogc-api-nrw
194682,"Zülpich, RS Karl-von-Lutzenberger",Realschule,"Blayer Str., Blayer Str. 5",53909,Zülpich,50.6920721153551,6.657341698889132,ogc-api-nrw
194694,"Warstein, GG Westerberg",Grundschule,"Paul-Gerhardt-Str., Paul-Gerhardt-Str. 20",59581,Warstein,51.48055707856246,8.339030445515684,ogc-api-nrw
194736,"Düsseldorf, FÖ HK LVR-Gerricus-Schule",Förderschule,"Gräulinger Str., Gräulinger Str. 103",40625,Düsseldorf,51.24308038766928,6.858831833018985,ogc-api-nrw
194750,"Essen, FÖ HK, GG LVR-David-Ludwig-Bloch",Förderschule,"Tonstr., Tonstr. 25",45359,Essen,51.467421033935466,6.9219054481646065,ogc-api-nrw
194761,"Krefeld, FÖ HK LVR-Luise-Leven-Schule",Förderschule,"Lobbericher Str., Lobbericher Str. 18-20",47839,Krefeld,51.371660469180135,6.49653216838245,ogc-api-nrw
194773,"Gummersbach, KR Anna-Freud-Schule",Förderschule,"Kaiserstr., Kaiserstr. 150",51643,Gummersbach,51.0383932790476,7.557783316153648,ogc-api-nrw
194785,"Gummersbach, RS Freie Christliche",Realschule,"Hülsenbuscher Str., Hülsenbuscher Str. 5",51643,Gummersbach,51.02317024779578,7.549243959196328,ogc-api-nrw
194797,"Köln, JG Lauder-Morijah-Schule",Grundschule,"Ottostr., Ottostr. 85",50823,Köln,50.95661897208194,6.92636844797965,ogc-api-nrw
194803,"Gütersloh, FÖ ES Hundertwasser-Schule",Förderschule,"Oststr., Oststr. 44",33332,Gütersloh,51.90712540284471,8.394044833268953,ogc-api-nrw
194815,"Büren, FÖ HK Moritz-von-Büren-Schule",Förderschule,"Bahnhofstr., Bahnhofstr. 12",33142,Büren,51.55658379312482,8.55953412881573,ogc-api-nrw
194839,"Hilchenbach, RS Carl-Kraemer",Realschule,"Jung-Stilling-Allee, Jung-Stilling-Allee 8",57271,Hilchenbach,50.99916059936342,8.104706360152719,ogc-api-nrw
194852,"Detmold, FÖ ES Christian-Morgenstern",Förderschule,"Anne-Frank-Str., Anne-Frank-Str. 4",32756,Detmold,51.94804568757507,8.894383791638512,ogc-api-nrw
194864,"Mönchengladbach, GE Hans-Jonas Neuwerk",Gesamtschule,"Nespelerstr., Nespelerstr. 75",41066,Mönchengladbach,51.22072945321951,6.466678701231612,ogc-api-nrw
194876,"Lindlar, GG West",Grundschule,"Ahrweg, Ahrweg 1",51789,Lindlar,51.01716495421047,7.361018215396328,ogc-api-nrw
194888,"Neukirchen-Vluyn,GG Fried.-Hundertwasser",Grundschule,"Ernst-Moritz-Arndt-Str., Ernst-Moritz-Arndt-Str. 36",47506,Neukirchen-Vluyn,51.44069999647857,6.571906986111207,ogc-api-nrw
194906,"Essen, RS Essen-Überruhr",Realschule,"Dellmannsweg, Dellmannsweg 14",45277,Essen,51.42042854049085,7.082587266011836,ogc-api-nrw
194918,"Krefeld, GG (Verb.) Krähenfeld",Grundschule,"Horkesgath, Horkesgath 50",47803,Krefeld,51.331797932397095,6.527763062488526,ogc-api-nrw
194920,"Reichshof, RS ONE SCHOOL GLOBAL",Realschule,"Sotterbacher Str., Sotterbacher Str. 3",51580,Reichshof,50.952670264517124,7.634772959096869,ogc-api-nrw
194931,"Monheim, FÖ SQ, LE, ES Mosaik-Schule",Förderschule,"Krischerstr., Krischerstr. 31",40789,Monheim am Rhein,51.09583728795622,6.88748064339505,ogc-api-nrw
194943,"Detmold, EH August-Hermann-Francke",Hauptschule,"Moritz-Rülf-Str., Moritz-Rülf-Str. 5",32756,Detmold,51.946085865816436,8.894635728963985,ogc-api-nrw
194955,"Düsseldorf, Gym Freies Christliches",Gymnasium,"Buchenstr., Buchenstr. 1",40599,Düsseldorf,51.176628198996625,6.8638012665247405,ogc-api-nrw
194967,"Dormagen, GG Friedrich-von-Saarwerden",Grundschule,"Deichstr., Deichstr. 65",41541,Dormagen,51.123897636564045,6.846584749051618,ogc-api-nrw
194979,"Minden, FÖ ES Schule Rodenbeck",Förderschule,"Wilhelm-Tell-Str., Wilhelm-Tell-Str. 6",32429,Minden,52.28757948544506,8.87300936054123,ogc-api-nrw
194980,"Gütersloh, FÖ GG Schule im FiLB",Förderschule,"Auf'm Kampe, Auf'm Kampe 10",33334,Gütersloh,51.883213641664575,8.357680790829177,ogc-api-nrw
194992,"Köln, BK für Medienberufe",Berufskolleg,"Sachsenring, Sachsenring 79",50677,Köln,50.92508588718217,6.948717984753693,ogc-api-nrw
195005,"Brakel, BK Kolping Berufskolleg",Berufskolleg,"Tegelweg, Tegelweg 33",33034,Brakel,51.71353886395397,9.17218657291764,ogc-api-nrw
195029,"Neunkirchen-Seel., GG Wolperath-Schönau",Grundschule,"Schöneshofer Str., Schöneshofer Str. 6",53819,Neunkirchen-Seelscheid,50.82259113584588,7.3279156287315566,ogc-api-nrw
195054,"Stemwede, EG Freie Evangelische Schule",Grundschule,"Am Winkel, Am Winkel 8",32351,Stemwede,52.45340886476705,8.487672454858602,ogc-api-nrw
195066,"Linnich, FÖ KM Bendenweg",Förderschule,"Bendenweg, Bendenweg 22",52441,Linnich,50.98534855508751,6.270232859403104,ogc-api-nrw
195078,"Monheim, GG am Lerchenweg",Grundschule,"Lerchenweg, Lerchenweg 2",40789,Monheim am Rhein,51.09485254115882,6.898708617061745,ogc-api-nrw
195080,"Gummersbach, EH Freie Christliche",Hauptschule,"Hülsenbuscher Str., Hülsenbuscher Str. 11",51643,Gummersbach,51.021575198117525,7.548980057922382,ogc-api-nrw
195091,"Reichshof, BK ONE SCHOOL GLOBAL",Berufskolleg,"Sotterbacher Str., Sotterbacher Str. 3",51580,Reichshof,50.952670264517124,7.634772959096869,ogc-api-nrw
195108,"Wegberg, FW Dechant-Ruppertzhoven-Weg",Waldorfschule,"Dechant-Ruppertzhoven-Weg, Dechant-Ruppertzhoven-Weg 12",41844,Wegberg,51.14474881537676,6.187865224449608,ogc-api-nrw
195110,"Waldbröl, BK IWK gGmbH FS f. Heilerzieh.",Berufskolleg,"Brölbahnstr., Brölbahnstr. 19",51545,Waldbröl,50.87365623905903,7.610375948766119,ogc-api-nrw
195121,"Rietberg, FÖ ES Paul-Maar-Schule",Förderschule,"Torfweg, Torfweg 71",33397,Rietberg,51.810851284536966,8.436576364450458,ogc-api-nrw
195133,"Rietberg, FÖ GG Wiesen",Förderschule,"Torfweg, Torfweg 73",33397,Rietberg,51.810971359862435,8.437242128173756,ogc-api-nrw
195157,"Arnsberg, FÖ ES Ruth-Cohn",Förderschule,"Apothekerstr., Apothekerstr. 150",59755,Arnsberg,51.44858351842348,7.978370977539372,ogc-api-nrw
195170,"Köln, KR Hilde-Domin-Schule",Förderschule,"Florentine-Eichler-Str., Florentine-Eichler-Str. 1a",51067,Köln,50.965198473106966,7.057058600486601,ogc-api-nrw
195182,"Minden, GE Freie Evangelische",Gesamtschule,"Kingsleyallee, Kingsleyallee 5",32425,Minden,52.31162031593144,8.881888424585963,ogc-api-nrw
195194,"Wülfrath, GG Freie Aktive Grundschule",Grundschule,"Düsseler Str., Düsseler Str. 23",42489,Wülfrath,51.28037376587042,7.0398866607378086,ogc-api-nrw
195200,"Tönisvorst, GG Vorst",Grundschule,"Amselweg, Amselweg 6",47918,Tönisvorst,51.304457090224915,6.4333578704468,ogc-api-nrw
195212,"Herford, BK der Arbeiterwohlfahrt",Berufskolleg,"Am Bahndamm, Am Bahndamm 2",32052,Herford,52.1204513119659,8.665673684817705,ogc-api-nrw
195236,"Essen, GG Regenbogenschule",Grundschule,"Auf'm Böntchen, Auf'm Böntchen 65 a",45139,Essen,51.46304491391325,7.043873516111033,ogc-api-nrw
195250,"Köln, GG Olympia-Schule",Grundschule,"Neue Sandkaul, Neue Sandkaul 23",50859,Köln,50.964380848437024,6.837150881006642,ogc-api-nrw
195261,"Ennigerloh, GG (Verb.) Mosaikschule",Grundschule,"Zur Windmühle, Zur Windmühle 4",59320,Ennigerloh,51.83544842091927,8.020669917683616,ogc-api-nrw
195273,"Wiehl, EG Oberberg Süd",Grundschule,"Neuwiehler Str., Neuwiehler Str. 37",51674,Wiehl,50.94523189115212,7.5583621962236816,ogc-api-nrw
195285,"Bielefeld, Gym Evangelikales",Gymnasium,"Detmolder Str., Detmolder Str. 284",33605,Bielefeld,52.002127471919685,8.567847942688545,ogc-api-nrw
195297,"Gütersloh, BK Osningstr.",Berufskolleg,"Osningstr., Osningstr. 11-13",33332,Gütersloh,51.87926235437232,8.392458258019117,ogc-api-nrw
195303,"Geseke, Gym Eringerfeld",Gymnasium,"Steinhauser Str., Steinhauser Str. 8",59590,Geseke,51.58773653459834,8.469566282785623,ogc-api-nrw
195315,"Siegen, KR Klinikschule Wellersbergstr.",Förderschule,"Wellersbergstr., Wellersbergstr. 60",57072,Siegen,50.88309042436919,8.018581147742884,ogc-api-nrw
195327,"Rheinberg, GG Montessorisch. Niederrhein",Grundschule,"Pastor-Wilden-Str., Pastor-Wilden-Str. 7",47495,Rheinberg,51.59313797984139,6.558801905901376,ogc-api-nrw
195339,"Münster,GG Montessori-Grundschule Münst.",Grundschule,"Soester Str., Soester Str. 13",48155,Münster,51.955691678664806,7.638206888524718,ogc-api-nrw
195340,"Neuss, GG Kyburg",Grundschule,"Maximilian-Kolbe-Str., Maximilian-Kolbe-Str. 14",41466,Neuss,51.15451822456923,6.700504217912917,ogc-api-nrw
195376,"Köln, Gym Ferdinand Franz Wallraf",Gymnasium,"Arnsberger Str., Arnsberger Str. 11",51065,Köln,50.95431403055092,7.014696195284404,ogc-api-nrw
195388,"Bad Honnef, RS Schloß Hagerhof",Realschule,"Menzenberg, Menzenberg 13",53604,Bad Honnef,50.6290934391873,7.244860066636756,ogc-api-nrw
195390,"Gummersbach, Gym Freies Christliches",Gymnasium,"Hülsenbuscher Str., Hülsenbuscher Str. 5",51643,Gummersbach,51.02317024779578,7.549243959196328,ogc-api-nrw
195406,"Detmold, Gym August-Hermann-Francke",Gymnasium,"Georgstr., Georgstr. 24",32756,Detmold,51.94998041967195,8.87752997362146,ogc-api-nrw
195418,"Detmold, BK priv. ESTA-Bildungswerk",Berufskolleg,"Obernienhagen, Obernienhagen 32",32758,Detmold,51.9595933270671,8.834614798106472,ogc-api-nrw
195431,"Aachen, Gym Amos Comenius",Gymnasium,"Kurbrunnenstr., Kurbrunnenstr. 6",52066,Aachen,50.7663286705938,6.097614979917918,ogc-api-nrw
195443,"Oberhausen, FÖ KM LVR-Chr.-Schlingensief",Förderschule,"Von-Trotha-Str., Von-Trotha-Str. 105",46149,Oberhausen,51.517724467419406,6.830823383169161,ogc-api-nrw
195455,"Dorsten, GG Maria-Montessori-Schule",Grundschule,"Kleiner Ring, Kleiner Ring 2",46286,Dorsten,51.72072429561069,7.017075394140262,ogc-api-nrw
195467,"Essen, GG Sternschule",Grundschule,"Brigittastr., Brigittastr. 34",45130,Essen,51.438373651886174,7.011070434619978,ogc-api-nrw
195480,"Velbert, GE Bleibergquelle",Gesamtschule,"Bleibergstr., Bleibergstr. 133",42551,Velbert,51.339654694477574,7.079384436923169,ogc-api-nrw
195509,"Köln, GG BilinGO Bilinguale Grundschule",Grundschule,"Stolberger Str., Stolberger Str. 311",50933,Köln,50.94194411687779,6.893383373625478,ogc-api-nrw
195534,"Alfter, EG Grundschule im Schöntalweg",Grundschule,"Schöntalweg, Schöntalweg 5",53347,Alfter,50.714415434212796,7.028662182936795,ogc-api-nrw
195546,"Gelsenkirchen, GG Sternschule",Grundschule,"Franz-Bielefeld-Str., Franz-Bielefeld-Str. 50",45881,Gelsenkirchen,51.51576895521389,7.100681181771092,ogc-api-nrw
195558,"Gelsenkirchen, GG Georgstraße",Grundschule,"Georgstr., Georgstr. 1",45879,Gelsenkirchen,51.510533046772245,7.097224008965563,ogc-api-nrw
195560,"Espelkamp, GG (Verb.) Espelkamp",Grundschule,"Arenskampweg, Arenskampweg 1",32339,Espelkamp,52.355784677201584,8.673386096856683,ogc-api-nrw
195595,"Büren, GG Wohngrundschule Gut Böddeken",Grundschule,"Böddeken, Böddeken 1",33142,Büren,51.595689187800474,8.678924519780008,ogc-api-nrw
195601,"Coesfeld, GG Maria Montessori",Grundschule,"Seminarstr., Seminarstr. 13",48653,Coesfeld,51.94719689246167,7.162610010654934,ogc-api-nrw
195613,"Havixbeck,GG KOSMOS-Bild. Münsterlandsch",Grundschule,"Tilbeck, Tilbeck 2",48329,Havixbeck,51.94187299849293,7.442536410546705,ogc-api-nrw
195637,"Siegen, BK Semper Bildungswerk",Berufskolleg,"Birlenbacher Hütte, Birlenbacher Hütte 4",57078,Siegen,50.90656576229919,8.01050669889595,ogc-api-nrw
195649,"Siegburg, EG Freie Christl. Grundschule",Grundschule,"Frankfurter Str., Frankfurter Str. 86",53721,Siegburg,50.789537350686174,7.214893018372116,ogc-api-nrw
195650,"Morsbach, GG (Verb.) Amitola",Grundschule,"Hahner Str., Hahner Str. 37",51597,Morsbach,50.869118476469204,7.720824613603885,ogc-api-nrw
195662,"Bielefeld,EG Georg-Müller Buschkampstr.",Grundschule,"Buschkampstr., Buschkampstr. 273",33659,Bielefeld,51.940730270233495,8.511092167421078,ogc-api-nrw
195674,"Hamm, FÖ ES Schule am Adelwald",Förderschule,"Zur Roten Fuhr, Zur Roten Fuhr 3",59069,Hamm,51.60076859929708,7.871806990033776,ogc-api-nrw
195686,"Rietberg, GG Emsschule",Grundschule,"Rinnerforth, Rinnerforth 25",33397,Rietberg,51.81506900622771,8.425585492689383,ogc-api-nrw
195704,"Hemer, GE Europaschule am Friedenspark",Gesamtschule,"Parkstr., Parkstr. 48",58675,Hemer,51.38763947651733,7.756519038611779,ogc-api-nrw
195716,"Borchen, BK Schloss Hamborn",Berufskolleg,"Schloß Hamborn, Schloß Hamborn 5",33178,Borchen,51.66200235835106,8.771304894667962,ogc-api-nrw
195728,"Bonn, GE Marie-Kahle-Gesamtschule",Gesamtschule,"Graurheindorfer Str., Graurheindorfer Str. 80",53111,Bonn,50.74581890362563,7.0955415780554745,ogc-api-nrw
195741,"Lügde, GG Bildungsschule Harzberg",Grundschule,"Am Harzberg, Am Harzberg 1",32676,Lügde,51.928019936998055,9.203517822134442,ogc-api-nrw
195753,"Porta Westfalica, BK Malche",Berufskolleg,"Portastr., Portastr. 8",32457,Porta Westfalica,52.24816411892773,8.911572056406369,ogc-api-nrw
195765,"Rheda-Wiedenbrück, FÖ ES, LE Kopernikus",Förderschule,"Georg-Nolte-Weg, Georg-Nolte-Weg 5",33378,Rheda-Wiedenbrück,51.854245083247605,8.270046077836318,ogc-api-nrw
195777,"Herford, GG Das Forscherhaus",Grundschule,"Hausheider Str., Hausheider Str. 124",32051,Herford,52.11056860267122,8.620523354209631,ogc-api-nrw
195789,"Aachen, FW Parzivalschule",Waldorfschule,"Aachener-und-Münchener-Allee, Aachener-und-Münchener-Allee 5",52074,Aachen,50.76013853417246,6.075250511786749,ogc-api-nrw
195790,"Münster, GE Montessori-Gesamtschule",Gesamtschule,"Soester Str., Soester Str. 13",48155,Münster,51.955691678664806,7.638206888524718,ogc-api-nrw
195807,"Düren, EG Freie Christliche Schule",Grundschule,"Im Weyerfeld, Im Weyerfeld 5",52349,Düren,50.78480424981179,6.489245842940887,ogc-api-nrw
195819,"Dortmund, Gym Privatgymnasium Stadtkrone",Gymnasium,"Lissaboner Allee, Lissaboner Allee 15",44269,Dortmund,51.499166513957434,7.523517858331827,ogc-api-nrw
195820,"Bochum, GG Carolinenschule",Grundschule,"Springorumallee, Springorumallee 3",44795,Bochum,51.45472235132929,7.209616833580043,ogc-api-nrw
195832,"Marl, Gym Alb. Schweitzer/Geschw. Scholl",Gymnasium,"Max-Planck-Str., Max-Planck-Str. 23",45768,Marl,51.66237156133842,7.098112969740088,ogc-api-nrw
195844,"Minden, EG Fr.ev.Grundsch.Minden Minderh",Grundschule,"Petershäger Weg, Petershäger Weg 201",32425,Minden,52.316343888224694,8.885514052132496,ogc-api-nrw
195856,"Euskirchen, RS Menno-Simons-Realschule",Realschule,"Unitasstr., Unitasstr. 46",53879,Euskirchen,50.667119415886205,6.790272029656953,ogc-api-nrw
195868,"Geseke, RS Eringerfeld",Realschule,"Steinhauser Str., Steinhauser Str. 8",59590,Geseke,51.58773653459834,8.469566282785623,ogc-api-nrw
195870,"Köln, GG Aktive Schule (ASK)",Grundschule,"Wasseramselweg, Wasseramselweg 11",50829,Köln,50.950846767012976,6.878415167041068,ogc-api-nrw
195893,"Neunkirchen-Seel., FW Franziskus",Waldorfschule,"Breite Str., Breite Str. 44",53819,Neunkirchen-Seelscheid,50.87443443099014,7.318854219762368,ogc-api-nrw
195900,"Düsseldorf, BK Semper Berufskolleg",Berufskolleg,"Am Seestern, Am Seestern 18",40547,Düsseldorf,51.242618740123305,6.739154587085981,ogc-api-nrw
195911,"Bad Salzuflen, GE Schulzentrum Aspe",Gesamtschule,"Paul-Schneider-Str., Paul-Schneider-Str. 5",32107,Bad Salzuflen,52.063682175488466,8.732207304310355,ogc-api-nrw
195935,"Wuppertal, RS Boltenheide",Realschule,"Boltenheide, Boltenheide 4",42329,Wuppertal,51.22348679282345,7.088521308866884,ogc-api-nrw
195947,"Bochum, Gym Neues Gymnasium",Gymnasium,"Querenburger Str., Querenburger Str. 45",44789,Bochum,51.467656800080505,7.230534641226259,ogc-api-nrw
195959,"Köln, GE Carl-von-Ossietzky",Gesamtschule,"Ossietzkystr., Ossietzkystr. 2",50737,Köln,50.99006014692242,6.921443803862377,ogc-api-nrw
195960,"Lippstadt, GE Ulmenstraße",Gesamtschule,"Ulmenstr., Ulmenstr. 31",59557,Lippstadt,51.66469766220685,8.332407045088921,ogc-api-nrw
195972,"Bielefeld, FÖ GG Schule am Niedermühlenh",Förderschule,"Am Niedermühlenhof, Am Niedermühlenhof 1",33604,Bielefeld,52.017417716625026,8.55011187719796,ogc-api-nrw
195984,"Sankt Augustin, BK Freie Waldorfschule",Berufskolleg,"Graf-Zeppelin-Str., Graf-Zeppelin-Str. 7",53757,Sankt Augustin,50.761136857964985,7.169180385736069,ogc-api-nrw
195996,"Hückeswagen, BK Berg. Unternehmen gGmbH",Berufskolleg,"Goethestr., Goethestr. 83",42499,Hückeswagen,51.14465693483761,7.3397071649583365,ogc-api-nrw
196009,"Essen, BK DAA-Wirtschaftsakademie",Berufskolleg,"Auf der Union, Auf der Union 10",45141,Essen,51.467886222785815,7.004574848499783,ogc-api-nrw
196022,"Ahaus, GG Helene-Helming-Schule",Grundschule,"Wessumer Str., Wessumer Str. 59",48683,Ahaus,52.08094398552093,7.002313674080874,ogc-api-nrw
196034,"Steinheim, GG Hospitalstraße",Grundschule,"Hospitalstr., Hospitalstr. 49",32839,Steinheim,51.86991044341539,9.098199903601175,ogc-api-nrw
196046,"Hürth, BK Rhein-Erft-Berufskolleg",Berufskolleg,"Industriestr., Industriestr. 149",50354,Hürth,50.86373603612012,6.872225728732984,ogc-api-nrw
196071,"Dorsten, RS Montessori-Reformschule",Realschule,"Dülmener Str., Dülmener Str. 40",46286,Dorsten,51.72079960260977,7.017274799841975,ogc-api-nrw
196083,"Minden, Gym Freies Evang. Gymn. Minden",Gymnasium,"Kingsleyallee, Kingsleyallee 5",32425,Minden,52.31162031593144,8.881888424585963,ogc-api-nrw
196101,"Bielefeld, BK am Tor 6",Berufskolleg,"August-Bebel-Str., August-Bebel-Str. 135-145",33602,Bielefeld,52.019581258793295,8.539947367311571,ogc-api-nrw
196125,"Salzkotten, GG Montessorischule Salzk.",Grundschule,"Am Friedhof, Am Friedhof 11",33154,Salzkotten,51.670241050103584,8.611416314994004,ogc-api-nrw
196137,"Arnsberg, BK Berliner Platz",Berufskolleg,"Berliner Platz, Berliner Platz 8-10",59759,Arnsberg,51.43815210082344,7.9670216886059935,ogc-api-nrw
196149,"Köln, BK Maarweg",Berufskolleg,"Maarweg, Maarweg 151",50825,Köln,50.94470697004033,6.897970653867871,ogc-api-nrw
196150,"Siegburg, GE Fr.Christl.d.VCS-Rhein-Sieg",Gesamtschule,"Frankfurter Str., Frankfurter Str. 86",53721,Siegburg,50.789537350686174,7.214893018372116,ogc-api-nrw
196162,"Velbert, BK Windrather Talschule",Berufskolleg,"Panner Str., Panner Str. 24",42555,Velbert,51.34663322875601,7.129381905895041,ogc-api-nrw
196174,"Neuss, GE Nordstadt",Gesamtschule,"Leostr., Leostr. 37",41462,Neuss,51.21117278647704,6.673812776558989,ogc-api-nrw
196186,"Mönchengladbach, GE Theo-Hespers",Gesamtschule,"Karl-Fegers-Str., Karl-Fegers-Str. 85",41068,Mönchengladbach,51.20131731725806,6.40826014158277,ogc-api-nrw
196228,"Hückelhoven, GE Leonardo da Vinci",Gesamtschule,"Mittelstr., Mittelstr. 24",41836,Hückelhoven,51.06703040542924,6.183930016423142,ogc-api-nrw
196230,"Wuppertal, RS Dönberg",Realschule,"Höhenstr., Höhenstr. 56",42111,Wuppertal,51.29627071221851,7.159932296541012,ogc-api-nrw
196241,"Viersen, GG Rahser",Grundschule,"Regentenstr., Regentenstr. 43",41748,Viersen,51.26654446012821,6.3881177310668065,ogc-api-nrw
196253,"Siegburg,BK Fachsch.f.Sozialp.IPD gGmbH",Berufskolleg,"Auf den Tongruben, Auf den Tongruben 3",53721,Siegburg,50.805406594425456,7.226380853042274,ogc-api-nrw
196289,"Bonn, GE BONNS FÜNFTE",Gesamtschule,"Eduard-Otto-Str., Eduard-Otto-Str. 9",53129,Bonn,50.71696493592609,7.105934099964015,ogc-api-nrw
196290,"Aachen, GE Sandkaulstraße",Gesamtschule,"Heinzenstr., Heinzenstr. 19",52062,Aachen,50.779283253514485,6.09010174577358,ogc-api-nrw
196423,"Sankt Augustin, GE Fritz-Bauer",Gesamtschule,"Siegstr., Siegstr. 123",53757,Sankt Augustin,50.78529971983653,7.164959323145214,ogc-api-nrw
196435,"Bochum, GG Wilbergschule",Grundschule,"Wilbergstr., Wilbergstr. 3",44807,Bochum,51.51174065065031,7.209313160019283,ogc-api-nrw
196447,"Bochum, GG Gertrudisschule",Grundschule,"Vorstadtstr., Vorstadtstr. 14",44866,Bochum,51.48356333276213,7.133577111748467,ogc-api-nrw
196459,"Köln, GE BilinGO Campus",Gesamtschule,"Mercedes-Allee, Mercedes-Allee 8",50825,Köln,50.94488884503452,6.89508671589013,ogc-api-nrw
196472,"Köln, BK Freie Waldorfsch. Berufskolleg",Berufskolleg,"Weichselring, Weichselring 6-8",50765,Köln,51.02956244387303,6.894931725608075,ogc-api-nrw
196484,"Salzkotten, GE Upsprunger Straße",Gesamtschule,"Upsprunger Str., Upsprunger Str. 65-67",33154,Salzkotten,51.661164818253916,8.60222656495836,ogc-api-nrw
196496,"Brakel, RS Brede",Realschule,"Bredenweg, Bredenweg 7",33034,Brakel,51.71931722524749,9.180257275366984,ogc-api-nrw
196502,"Ibbenbüren,GG Freie Schule Tecklenb.Land",Grundschule,"Wilhelmstr., Wilhelmstr. 243",49479,Ibbenbüren,52.26977943883726,7.742770079237834,ogc-api-nrw
196526,"Hennef, EG Fr.Christl. Bekenntnisschule",Grundschule,"Heidestr., Heidestr. 2",53773,Hennef (Sieg),50.78220454647896,7.251503242713898,ogc-api-nrw
196538,"Kerpen,BK Berufsk. d.Bauwirtschaft gGmbH",Berufskolleg,"Humboldtstr., Humboldtstr. 30-36",50171,Kerpen,50.87787931285979,6.67679262385873,ogc-api-nrw
196540,"Herne, GG am Jürgens Hof",Grundschule,"Jürgens Hof, Jürgens Hof 61",44628,Herne,51.55502960907479,7.23531033998854,ogc-api-nrw
196551,"Essen, GG Haarzopf",Grundschule,"Raadter Str., Raadter Str. 121",45149,Essen,51.415837631445804,6.955714348181857,ogc-api-nrw
196563,"Essen, GG Überruhr",Grundschule,"Hinseler Hof, Hinseler Hof 125",45277,Essen,51.421577379782796,7.080252169134575,ogc-api-nrw
196599,"Hennef,GE Rhein-Sieg-Akad.-Kunstko.gGmbH",Gesamtschule,"Wehrstr., Wehrstr. 143-145",53773,Hennef (Sieg),50.7739690871113,7.274631949766765,ogc-api-nrw
196605,"Hennef,BK Rhein-Sieg-Akad.-Kunstko.gGmbH",Berufskolleg,"Wehrstr., Wehrstr. 143-145",53773,Hennef (Sieg),50.7739690871113,7.274631949766765,ogc-api-nrw
196617,"Essen, BK Wirtschaftskolleg Weststadt",Berufskolleg,"Thea-Leymann-Str., Thea-Leymann-Str. 35",45127,Essen,51.457538644164465,7.002132819690631,ogc-api-nrw
196630,"Brakel, FÖ LE Adolph-Kolping-Schule",Förderschule,"Tegelweg, Tegelweg 33",33034,Brakel,51.71353886395397,9.17218657291764,ogc-api-nrw
196642,"Grefrath, GG Burgweg",Grundschule,"Burgweg, Burgweg 32",47929,Grefrath,51.34160381843008,6.340353915472678,ogc-api-nrw
196654,"Greven, GE Teichstraße",Gesamtschule,"Teichstr., Teichstr. 29",48268,Greven,52.088587368331936,7.622793764011544,ogc-api-nrw
196666,"Ibbenbüren, GE Erna-de-Vries",Gesamtschule,"Am Sportzentrum, Am Sportzentrum 22",49479,Ibbenbüren,52.26861742256263,7.734991685445861,ogc-api-nrw
196678,"Nottuln, SK Liebfrauenschule",Sekundarschule,"Burgstr., Burgstr. 47",48301,Nottuln,51.93171110688888,7.357781067314647,ogc-api-nrw
196680,"Wesel, GG Innenstadt",Grundschule,"Böhlstr., Böhlstr. 12",46483,Wesel,51.660252842154385,6.618198551432167,ogc-api-nrw
196691,"Wesel, GG Feldmark",Grundschule,"Holzweg, Holzweg 21",46483,Wesel,51.676057644664546,6.613506884197744,ogc-api-nrw
196708,"Eitorf, SK Schule an der Sieg",Sekundarschule,"Brückenstr., Brückenstr. 60",53783,Eitorf,50.773717586081176,7.452161493486228,ogc-api-nrw
196710,"Troisdorf, GE Gertrud-Koch",Gesamtschule,"Edith-Stein-Str., Edith-Stein-Str. 20",53844,Troisdorf,50.806863159093425,7.120681285259135,ogc-api-nrw
196721,"Stolberg, GE Sperberweg",Gesamtschule,"Sperberweg, Sperberweg 1",52223,Stolberg (Rhld.),50.767202075158785,6.2220381138550005,ogc-api-nrw
196745,"Gangelt, GE Gangelt/Selfkant",Gesamtschule,"Mercatorstr., Mercatorstr. 25",52538,Gangelt,50.99297579687529,6.003601186825233,ogc-api-nrw
196757,"Kleve, GE am Forstgarten",Gesamtschule,"Eichenallee, Eichenallee 1",47533,Kleve,51.804212616221704,6.125822189666905,ogc-api-nrw
196770,"Straelen, SK Fontanestraße",Sekundarschule,"Fontanestr., Fontanestr. 5",47638,Straelen,51.44500207156311,6.262383356656009,ogc-api-nrw
196794,"Willich, GE Leonardo-da-Vinci",Gesamtschule,"Klosterweg, Klosterweg 40",47877,Willich,51.24770176087602,6.520798741244486,ogc-api-nrw
196800,"Kamp-Lintfort, SK Europaschule",Sekundarschule,"Sudermannstr., Sudermannstr. 4",47475,Kamp-Lintfort,51.489095983053865,6.53022311952114,ogc-api-nrw
196812,"Lübbecke, SK Stadtschule",Sekundarschule,"Wiehenweg, Wiehenweg 35",32312,Lübbecke,52.31179973382223,8.609988971111841,ogc-api-nrw
196824,"Harsewinkel, GE Tecklenburger Weg",Gesamtschule,"Tecklenburger Weg, Tecklenburger Weg 4",33428,Harsewinkel,51.9625484431749,8.217390373894688,ogc-api-nrw
196836,"Alpen, SK Fürst-Bentheim-Straße",Sekundarschule,"Fürst-Bentheim-Str., Fürst-Bentheim-Str. 33",46519,Alpen,51.57679182078363,6.517848898197832,ogc-api-nrw
196848,"Vlotho, SK Weser-Sekundarschule",Sekundarschule,"Jägerortstr., Jägerortstr. 30",32602,Vlotho,52.15890953980051,8.860482480456481,ogc-api-nrw
196850,"Extertal, SK Nordlippe",Sekundarschule,"Hackemackweg, Hackemackweg 25",32699,Extertal,52.065335753166174,9.121093131040684,ogc-api-nrw
196861,"Paderborn, GE Heinz-Nixdorf-Gesamtschule",Gesamtschule,"An den Lothewiesen, An den Lothewiesen 6-8",33100,Paderborn,51.73414682757821,8.774488772679684,ogc-api-nrw
196873,"Borchen, SK Schule an der Altenau",Sekundarschule,"Unter der Burg, Unter der Burg 3",33178,Borchen,51.65844623881642,8.71946627083218,ogc-api-nrw
196885,"Herzebrock-Clarholz, GE Von-Zumbusch",Gesamtschule,"Am Hallenbad, Am Hallenbad 11",33442,Herzebrock-Clarholz,51.88725596874853,8.244984209022657,ogc-api-nrw
196903,"Breckerfeld, SK St. Jacobus Schule",Sekundarschule,"Wahnscheider Str., Wahnscheider Str. 13-15",58339,Breckerfeld,51.26036543019638,7.4721035829214495,ogc-api-nrw
196915,"Ennigerloh, GE Rosa Parks",Gesamtschule,"Berliner Str., Berliner Str. 37",59320,Ennigerloh,51.84299165801181,8.031451518136617,ogc-api-nrw
196927,"Oerlinghausen, SK Heinz-Sielmann-Schule",Sekundarschule,"Weerthstr., Weerthstr. 2",33813,Oerlinghausen,51.961221682794154,8.662449664899139,ogc-api-nrw
196940,"Münster, GE Jüdefelderstraße",Gesamtschule,"Jüdefelderstr., Jüdefelderstr. 10",48143,Münster,51.964155277954276,7.619886491489729,ogc-api-nrw
196976,"Anröchte, SK Anröchte/Erwitte",Sekundarschule,"Im Hagen, Im Hagen 3",59609,Anröchte,51.56081092557855,8.331404780364284,ogc-api-nrw
196988,"Attendorn, SK Hanseschule",Sekundarschule,"Wiesbadener Str., Wiesbadener Str. 2",57439,Attendorn,51.133052412454056,7.905039468843701,ogc-api-nrw
197014,"Netphen, SK Anita-Ruth-Faber",Sekundarschule,"Steinweg, Steinweg 22",57250,Netphen,50.912486358323925,8.10565911140404,ogc-api-nrw
197026,"Wetter, SK Schule am See",Sekundarschule,"Wilhelmstr., Wilhelmstr. 35",58300,Wetter (Ruhr),51.384858295423776,7.397238150932749,ogc-api-nrw
197038,"Werl, SK Kucklermühlenweg",Sekundarschule,"Kucklermühlenweg, Kucklermühlenweg 43",59457,Werl,51.55626860576028,7.900373537445709,ogc-api-nrw
197051,"Wickede, SK Wickede (Ruhr)",Sekundarschule,"Ludgerusstr., Ludgerusstr. 1",58739,Wickede (Ruhr),51.49948314690334,7.875649647626988,ogc-api-nrw
197063,"Nachrodt-Wiblingwerde, SK Lenneschule",Sekundarschule,"Holensiepen, Holensiepen 5",58769,Nachrodt-Wiblingwerde,51.33127478694546,7.637668067000243,ogc-api-nrw
197105,"Bochum, SK Nelson-Mandela-Schule",Sekundarschule,"Stiftstr., Stiftstr. 25-29",44892,Bochum,51.46808115129611,7.3173812403784035,ogc-api-nrw
197117,"Bochum, SK Rupert-Neudeck-Schule",Sekundarschule,"Dr.-C.-Otto-Str., Dr.-C.-Otto-Str. 88",44879,Bochum,51.42612099426069,7.150850596122551,ogc-api-nrw
197129,"Olsberg, SK Olsberg-Bestwig",Sekundarschule,"Am Schwesternheim, Am Schwesternheim 5",59939,Olsberg,51.357187184787726,8.486121215932004,ogc-api-nrw
197130,"Werne, SK Marga-Spiegel-Sekundarschule",Sekundarschule,"Bahnhofstr., Bahnhofstr. 1",59368,Werne,51.66561083576606,7.631682021955381,ogc-api-nrw
197142,"Finnentrop, GE Bigge-Lenne",Gesamtschule,"Kopernikusstr., Kopernikusstr. 22-24",57413,Finnentrop,51.17119558858372,7.97306926366131,ogc-api-nrw
197154,"Warendorf, GE Weiße Rose",Gesamtschule,"Von-Ketteler-Str., Von-Ketteler-Str. 38",48231,Warendorf,51.94605015075487,7.973988336126198,ogc-api-nrw
197178,"Drensteinfurt, SK Sendenhorster Straße",Sekundarschule,"Sendenhorster Str., Sendenhorster Str. 15",48317,Drensteinfurt,51.801263306494704,7.744475208601058,ogc-api-nrw
197180,"Sassenberg, SK Im Herxfeld",Sekundarschule,"Im Herxfeld, Im Herxfeld 5",48336,Sassenberg,51.99624327264783,8.043849695060972,ogc-api-nrw
197208,"Herten, SK Martin-Luther-Schule",Sekundarschule,"Martin-Luther-Str., Martin-Luther-Str. 3",45701,Herten,51.60870245657238,7.088644113707545,ogc-api-nrw
197210,"Gelsenkirchen, SK Hassel",Sekundarschule,"Eppmannsweg, Eppmannsweg 34",45896,Gelsenkirchen,51.60901175567326,7.056553399050827,ogc-api-nrw
197221,"Windeck, GE Hurster Straße",Gesamtschule,"Hurster Str., Hurster Str. 12",51570,Windeck,50.800599994028815,7.6108129189553235,ogc-api-nrw
197233,"Overath, SK Leonardo-da-Vinci-Schule",Sekundarschule,"Perenchiesstr., Perenchiesstr. 3",51491,Overath,50.92586852080581,7.278779336728784,ogc-api-nrw
197245,"Kreuzau, SK Schulstraße",Sekundarschule,"Schulstr., Schulstr. 17",52372,Kreuzau,50.74543015984134,6.48443544341097,ogc-api-nrw
197257,"Jülich, SK Linnicher Str.",Sekundarschule,"Linnicher Str., Linnicher Str. 67",52428,Jülich,50.93227116939682,6.350632283109469,ogc-api-nrw
197282,"Nümbrecht, SK Mateh-Yehuda-Straße",Sekundarschule,"Mateh-Yehuda-Str., Mateh-Yehuda-Str. 5",51588,Nümbrecht,50.90533991183272,7.5346757952167165,ogc-api-nrw
197300,"Engelskirchen, SK im Walbachtal",Sekundarschule,"Walbach, Walbach 1",51766,Engelskirchen,50.9977003807433,7.461280236304906,ogc-api-nrw
197312,"Menden, GE Windthorststraße",Gesamtschule,"Windthorststr., Windthorststr. 36",58706,Menden (Sauerland),51.42993386738514,7.793851702581217,ogc-api-nrw
197348,"Herzogenrath, GE Maria-Sibylla-Merian",Gesamtschule,"Kircheichstr., Kircheichstr. 60",52134,Herzogenrath,50.826748712851334,6.0864252728766255,ogc-api-nrw
197350,"Much, GE Schulstraße",Gesamtschule,"Schulstr., Schulstr. 14",53804,Much,50.90371321055873,7.401146261108637,ogc-api-nrw
197361,"Essen, SK am Stoppenberg",Sekundarschule,"Im Mühlenbruch, Im Mühlenbruch 47",45141,Essen,51.481231329037094,7.033820050223672,ogc-api-nrw
197373,"Gladbeck, GG Wittringer Schule",Grundschule,"Bottroper Str., Bottroper Str. 55",45964,Gladbeck,51.57157454435635,6.983007839543773,ogc-api-nrw
197385,"Dortmund, FÖ GG Mira-Lobe-Schule",Förderschule,"Eierkampstr., Eierkampstr. 2-4",44225,Dortmund,51.479464097388934,7.436796336906733,ogc-api-nrw
197397,"Wuppertal, GE Uellendahl-Katernberg",Gesamtschule,"Kruppstr., Kruppstr. 145",42113,Wuppertal,51.270634077600555,7.123280755560121,ogc-api-nrw
197403,"Hagen, GG HagenSchule",Grundschule,"Lützowstr., Lützowstr. 125",58095,Hagen,51.36860241816237,7.495785170016712,ogc-api-nrw
197427,"Herdecke, FW Altes Pfarrhaus",Waldorfschule,"Kirchender Dorfweg, Kirchender Dorfweg 21",58313,Herdecke,51.41818169147202,7.424175263746355,ogc-api-nrw
197439,"Drensteinfurt,KR Schule a.Haus Walstedde",Förderschule,"Röwenkamp, Röwenkamp 3",48317,Drensteinfurt,51.76343666897474,7.793591714535188,ogc-api-nrw
197440,"Kleve, GG An den Linden",Grundschule,"Lindenallee, Lindenallee 54",47533,Kleve,51.78522676128264,6.126203313471566,ogc-api-nrw
197464,"Oberhausen, GG Am Siedlerweg",Grundschule,"Siedlerweg, Siedlerweg 30",46119,Oberhausen,51.52612201402319,6.870950673904569,ogc-api-nrw
197476,"Oberhausen, GG Wunderschule",Grundschule,"Wunderstr., Wunderstr. 15",46049,Oberhausen,51.48006544943408,6.833979414225074,ogc-api-nrw
197488,"Köln, GE Offene Schule Köln d. OSK gGmbH",Gesamtschule,"Sürther Str., Sürther Str. 199",50999,Köln,50.871604751513765,7.006088847390391,ogc-api-nrw
197490,"Bad Lippspringe, GE an der Lippequelle",Gesamtschule,"Im Bruch, Im Bruch 5",33175,Bad Lippspringe,51.77936709212613,8.817546664409774,ogc-api-nrw
197518,"Köln, GG Mommsenstraße",Grundschule,"Mommsenstr., Mommsenstr. 5-11",50935,Köln,50.91785600788353,6.913266859096931,ogc-api-nrw
197520,"Duisburg, GG Sternenschule",Grundschule,"Schulz-Knaudt-Str., Schulz-Knaudt-Str. 50",47259,Duisburg,51.370728442693306,6.739442894727212,ogc-api-nrw
197567,"Köln, RS Werner Heisenberg",Realschule,"Arnsberger Str., Arnsberger Str. 11",51065,Köln,50.95431403055092,7.014696195284404,ogc-api-nrw
197579,"Bochum, FÖ LE Cruismannschule",Förderschule,"Cruismannstr., Cruismannstr. 2",44807,Bochum,51.51378814264051,7.213253945586868,ogc-api-nrw
197580,"Hilden, SK Marie-Colinet",Sekundarschule,"Am Holterhöfchen, Am Holterhöfchen 26",40724,Hilden,51.165165754013735,6.945349213006336,ogc-api-nrw
197609,"Warburg, SK Erd-Charta-Schule",Sekundarschule,"Stiepenweg, Stiepenweg 5",34414,Warburg,51.48742724284442,9.138466767019374,ogc-api-nrw
197622,"Rheda-Wiedenbrück, GE Moritz-Fontaine",Gesamtschule,"Fürst-Bentheim-Str., Fürst-Bentheim-Str. 55",33378,Rheda-Wiedenbrück,51.8490947241623,8.27613986876914,ogc-api-nrw
197634,"Rietberg, GE Richard-von-Weizsäcker",Gesamtschule,"Teichweg, Teichweg 24",33397,Rietberg,51.809719300286645,8.431165506812876,ogc-api-nrw
197658,"Verl, GE St.-Anna-Straße",Gesamtschule,"St.-Anna-Str., St.-Anna-Str. 28",33415,Verl,51.88421329486608,8.502871797908941,ogc-api-nrw
197660,"Bad Wünnenberg,SK Profilsch. Fürstenberg",Sekundarschule,"Haarener Str., Haarener Str. 7",33181,Bad Wünnenberg,51.51924306225586,8.74120630333268,ogc-api-nrw
197683,"Hörstel, GE Harkenberg",Gesamtschule,"Westfalenstr., Westfalenstr. 5",48477,Hörstel,52.291566754540256,7.592341691619023,ogc-api-nrw
197695,"Bad Driburg, GE Geschwister-Scholl-Str.",Gesamtschule,"Geschwister-Scholl-Str., Geschwister-Scholl-Str. 1",33014,Bad Driburg,51.72724948008057,9.01893813767599,ogc-api-nrw
197701,"Simmerath, SK Walter-Bachmann-Straße",Sekundarschule,"Walter-Bachmann-Str., Walter-Bachmann-Str. 40",52152,Simmerath,50.599449702377115,6.288662503561765,ogc-api-nrw
197725,"Wiehl, SK Weierhofweg",Sekundarschule,"Weierhofweg, Weierhofweg 22",51674,Wiehl,50.96357827501933,7.509674017576675,ogc-api-nrw
197737,"Hennef, GE Hennef-West",Gesamtschule,"Wehrstr., Wehrstr. 80",53773,Hennef (Sieg),50.774327898021234,7.2678956309158576,ogc-api-nrw
197749,"Königswinter, GE Petersberg",Gesamtschule,"Dollendorfer Str., Dollendorfer Str. 64",53639,Königswinter,50.70849724364228,7.272362759562629,ogc-api-nrw
197750,"Neunkirchen-Seel., GE Rathausstraße",Gesamtschule,"Rathausstr., Rathausstr. 4",53819,Neunkirchen-Seelscheid,50.84424075055163,7.3362470508340545,ogc-api-nrw
197762,"Siegburg, GE am Michaelsbeg",Gesamtschule,"Zeithstr., Zeithstr. 72",53721,Siegburg,50.799362538671524,7.216335113293977,ogc-api-nrw
197774,"Blankenheim, GE Eifel",Gesamtschule,"Finkenberg, Finkenberg 8",53945,Blankenheim,50.435711102123754,6.658419625430518,ogc-api-nrw
197786,"Horn-Bad Meinberg, SK Südholzweg",Sekundarschule,"Südholzweg, Südholzweg 29",32805,Horn-Bad Meinberg,51.86752774058031,8.942500688353437,ogc-api-nrw
197798,"Rhede, GE Büssingstraße",Gesamtschule,"Büssingstr., Büssingstr. 14",46414,Rhede,51.84015815360349,6.685147957188048,ogc-api-nrw
197804,"Grefrath, SK Schule an der Dorenburg",Sekundarschule,"Burgweg, Burgweg 32",47929,Grefrath,51.34160381843008,6.340353915472678,ogc-api-nrw
197816,"Ahaus, GE Irena-Sendler",Gesamtschule,"Hof zum Ahaus, Hof zum Ahaus 6-8",48683,Ahaus,52.08137687122081,6.996033010759888,ogc-api-nrw
197830,"Mechernich,FW Freie Veytalschule Satzvey",Waldorfschule,"Am Kirchturm, Am Kirchturm 7",53894,Mechernich,50.620366764292804,6.69878448335629,ogc-api-nrw
197841,"Euskirchen, MG Menno-Simons-Grundschule",Grundschule,"Unitasstr., Unitasstr. 46",53879,Euskirchen,50.667119415886205,6.790272029656953,ogc-api-nrw
197853,"Duisburg, BK Kant",Berufskolleg,"Kantstr., Kantstr. 30",47166,Duisburg,51.49563120135845,6.775784006905665,ogc-api-nrw
197865,"Odenthal, RS Bergisch Gladbacher Straße",Realschule,"Bergisch Gladbacher Str., Bergisch Gladbacher Str. 10",51519,Odenthal,51.030662724562106,7.114693814520518,ogc-api-nrw
197877,"Bergisch Gladbach, GE Nelson-Mandela",Gesamtschule,"Ahornweg, Ahornweg 70",51469,Bergisch Gladbach,50.979645196050804,7.126591448961107,ogc-api-nrw
197890,"Brakel, GE Am Bahndamm",Gesamtschule,"Am Bahndamm, Am Bahndamm 30-34",33034,Brakel,51.71353479170463,9.186631944090454,ogc-api-nrw
197907,"Langenfeld, GE Prismaschule",Gesamtschule,"Fröbelstr., Fröbelstr. 25",40764,Langenfeld (Rheinland),51.105950002858634,6.949819568347541,ogc-api-nrw
197932,"Preußisch Oldendorf, SK Offelter Weg",Sekundarschule,"Offelter Weg, Offelter Weg 21",32361,Preußisch Oldendorf,52.30590756817232,8.501520934215497,ogc-api-nrw
197944,"Telgte, SK an der Marienlinde",Sekundarschule,"August-Winkhaus-Str., August-Winkhaus-Str. 4",48291,Telgte,51.98678079206452,7.781482654128833,ogc-api-nrw
197956,"Olpe, RS St.-Franziskus",Realschule,"Kolpingstr., Kolpingstr. 12",57462,Olpe,51.026399181816835,7.846208477669723,ogc-api-nrw
197968,"Solingen, SK Central",Sekundarschule,"Guntherstr., Guntherstr. 27",42653,Solingen,51.19064469338874,7.078717749533115,ogc-api-nrw
197981,"Wülfrath, SK Schule am Berg",Sekundarschule,"Bergstr., Bergstr. 20",42489,Wülfrath,51.28475458196958,7.029776172274715,ogc-api-nrw
197993,"Petershagen, SK Bultweg",Sekundarschule,"Bultweg, Bultweg 23",32469,Petershagen,52.372220919604864,9.002555827835193,ogc-api-nrw
198006,"Wenden, GE Peter-Dassis-Ring",Gesamtschule,"Peter-Dassis-Ring, Peter-Dassis-Ring 47",57482,Wenden,50.9772323800795,7.864279088320848,ogc-api-nrw
198018,"Arnsberg, SK am Eichholz",Sekundarschule,"Feauxweg, Feauxweg 26-28",59821,Arnsberg,51.39176248757869,8.06909475426863,ogc-api-nrw
198020,"Arnsberg, SK Agnes-Wenke-Schule",Sekundarschule,"Graf-Galen-Str., Graf-Galen-Str. 6",59755,Arnsberg,51.44715263754247,7.957810164838114,ogc-api-nrw
198043,"Ennepetal, SK Amselweg",Sekundarschule,"Amselweg, Amselweg 9",58256,Ennepetal,51.30571048452683,7.38265189527251,ogc-api-nrw
198067,"Geseke, SK Auf den Strickern",Sekundarschule,"Auf den Strickern, Auf den Strickern 30",59590,Geseke,51.64210966770273,8.494179213162928,ogc-api-nrw
198080,"Meinerzhagen,SK Rothensteinschule",Sekundarschule,"Schulzentrum Rothenstein, Schulzentrum Rothenstein 2",58540,Meinerzhagen,51.10743023496983,7.659616571725301,ogc-api-nrw
198092,"Olpe, SK Quellenweg",Sekundarschule,"Quellenweg, Quellenweg 6-10",57462,Olpe,51.03216601685207,7.867600348680127,ogc-api-nrw
198110,"Freudenberg, GE Esther-Bejarano",Gesamtschule,"Hermann-Vomhof-Str., Hermann-Vomhof-Str. 9",57258,Freudenberg,50.909579660136004,7.883991005640995,ogc-api-nrw
198122,"Remscheid, SK Nelson-Mandela-Schule",Sekundarschule,"Ewaldstr., Ewaldstr. 8",42859,Remscheid,51.17369323009146,7.205002935252419,ogc-api-nrw
198146,"Grevenbroich, GE Wilhelm-von-Humboldt",Gesamtschule,"Parkstr., Parkstr. 1",41515,Grevenbroich,51.08969486814211,6.590899895094993,ogc-api-nrw
198158,"Hamminkeln, GE Diersfordter Straße",Gesamtschule,"Diersfordter Str., Diersfordter Str. 32",46499,Hamminkeln,51.72618295579162,6.5891450042235125,ogc-api-nrw
198160,"Kaarst, GE Emmy-Noether",Gesamtschule,"Risgeskirchweg, Risgeskirchweg 1",41564,Kaarst,51.20294142791157,6.607284519593289,ogc-api-nrw
198171,"Gescher, GE Borkener Damm",Gesamtschule,"Borkener Damm, Borkener Damm 46-48",48712,Gescher,51.95186955229337,6.992295679051958,ogc-api-nrw
198195,"Wadersloh, SK Winkelstraße",Sekundarschule,"Winkelstr., Winkelstr. 13",59329,Wadersloh,51.7413820404234,8.242653076580165,ogc-api-nrw
198201,"Oelde, GE Bultstr.",Gesamtschule,"Düdingsweg, Düdingsweg 9",59302,Oelde,51.826295065917506,8.155166490138123,ogc-api-nrw
198213,"Xanten, GE Willi-Fährmann-Gesamtschule",Gesamtschule,"Heinrich-Lensing-Str., Heinrich-Lensing-Str. 3",46509,Xanten,51.656284018540816,6.446935588663159,ogc-api-nrw
198225,"Beckum, SK Windmühlenstraße",Sekundarschule,"Windmühlenstr., Windmühlenstr. 95",59269,Beckum,51.75640243525939,8.052357558314746,ogc-api-nrw
198237,"Borken, GE Jodocus Nünning",Gesamtschule,"Neumühlenallee, Neumühlenallee 140",46325,Borken,51.859265517765095,6.844449999627251,ogc-api-nrw
198249,"Lage, SK Friedrichstraße",Sekundarschule,"Friedrichstr., Friedrichstr. 33",32791,Lage,51.99253330507711,8.798054036098259,ogc-api-nrw
198250,"Lügde, SK Johannes-Gigas-Schule",Sekundarschule,"Am Ramberg, Am Ramberg 1",32676,Lügde,51.95530258969192,9.239730441505259,ogc-api-nrw
198262,"Krefeld, GE Uerdingen",Gesamtschule,"Uerdinger Str., Uerdinger Str. 783",47800,Krefeld,51.349787055271015,6.633161227434214,ogc-api-nrw
198274,"Vreden, SK an der Berkel",Sekundarschule,"Schulstr., Schulstr. 5",48691,Vreden,52.03681482352013,6.81420610786083,ogc-api-nrw
198286,"Reken, SK Hohe Mark",Sekundarschule,"Wilhelmstr., Wilhelmstr. 21",48734,Reken,51.80277223417156,7.0444299197702,ogc-api-nrw
198298,"Bocholt, GE Rheinstraße",Gesamtschule,"Rheinstr., Rheinstr. 4",46395,Bocholt,51.827737789942766,6.621126227946613,ogc-api-nrw
198304,"Rheine, SK Nelson-Mandela-Schule",Sekundarschule,"Wihostr., Wihostr. 101",48429,Rheine,52.296432024105364,7.44546597506051,ogc-api-nrw
198316,"Rheine, SK Alexander-von-Humboldt-Schule",Sekundarschule,"Hassenbrockweg, Hassenbrockweg 40",48432,Rheine,52.22858239136729,7.484121530727029,ogc-api-nrw
198328,"Bad Sassendorf, GE INI-Gesamtschule",Gesamtschule,"Zur Hepper Höhe, Zur Hepper Höhe 4",59505,Bad Sassendorf,51.5916426889394,8.161749851916175,ogc-api-nrw
198330,"Rosendahl, SK Paulus van Husen",Sekundarschule,"Droste-Hülshoff-Weg, Droste-Hülshoff-Weg 20",48720,Rosendahl,52.01636532592032,7.213538905495914,ogc-api-nrw
198341,"Alfter, GE Gesamtschule im Klostergarten",Gesamtschule,"Schöntalweg, Schöntalweg 5",53347,Alfter,50.714415434212796,7.028662182936795,ogc-api-nrw
198353,"Köln, GH Aktive Schule (ASK)",Hauptschule,"Wasseramselweg, Wasseramselweg 9",50829,Köln,50.950846767012976,6.878415167041068,ogc-api-nrw
198365,"Castrop-Rauxel, SK Sekundarschule Süd",Sekundarschule,"Schillerstr., Schillerstr. 11",44575,Castrop-Rauxel,51.545723407971664,7.309268447874877,ogc-api-nrw
198389,"Espelkamp, SK Birger-Forell",Sekundarschule,"Kantstr., Kantstr. 34",32339,Espelkamp,52.37902821419586,8.634577318760265,ogc-api-nrw
198390,"Versmold, SK CJD Christophorusschule",Sekundarschule,"Schützenstr., Schützenstr. 4",33775,Versmold,52.046999354511186,8.150733693328554,ogc-api-nrw
198407,"Menden, RS Walburgisrealschule",Realschule,"Schwitter Weg, Schwitter Weg 22",58706,Menden (Sauerland),51.44287665919784,7.795884979275996,ogc-api-nrw
198419,"Euskirchen, GG Nordstadt",Grundschule,"Erftstr., Erftstr. 28",53879,Euskirchen,50.66255059282023,6.797887454861894,ogc-api-nrw
198420,"Minden, PS Olafstraße",Primus (Schulversuch),"Olafstr., Olafstr. 5",32423,Minden,52.28948481307827,8.962349816258019,ogc-api-nrw
198432,"Bielefeld, SK v. Bodelschwingh. Stift.",Sekundarschule,"Quellenhofweg, Quellenhofweg 44",33617,Bielefeld,52.006430907142615,8.52274542716421,ogc-api-nrw
198444,"Unna, BK Werkstatt-Berufskolleg",Berufskolleg,"Nordring, Nordring 39",59423,Unna,51.53561774686532,7.685732223817074,ogc-api-nrw
198468,"Kalletal, SK Schloss Varenholz",Sekundarschule,"Schloß Varenholz, Schloß Varenholz",32689,Kalletal,52.171551214178145,8.985889298949282,ogc-api-nrw
198470,"Paderborn, GG Lummerlandschule",Grundschule,"Vattmannstr., Vattmannstr. 5-5a",33100,Paderborn,51.72616397820515,8.794943003436181,ogc-api-nrw
198481,"Bochum, BK Wirtschaftskolleg Bochum",Berufskolleg,"Bessemerstr., Bessemerstr. 80",44793,Bochum,51.47408354186007,7.207836388394471,ogc-api-nrw
198493,"Gummersbach, Gym Städt. Lindengymnasium",Gymnasium,"Reininghauser Str., Reininghauser Str. 32",51643,Gummersbach,51.03288686503504,7.571474833627225,ogc-api-nrw
198500,"Reichshof, GG ONE SCHOOL GLOBAL",Grundschule,"Sotterbacher Str., Sotterbacher Str. 3",51580,Reichshof,50.952670264517124,7.634772959096869,ogc-api-nrw
198511,"Viersen, PS Kettelerstraße",Primus (Schulversuch),"Kettelerstr., Kettelerstr. 47",41751,Viersen,51.249075806711545,6.345669919556392,ogc-api-nrw
198523,"Espelkamp, EG Johannes-Daniel Falk",Grundschule,"Ratzenburger Str., Ratzenburger Str. 1",32339,Espelkamp,52.38108267520263,8.599917354569234,ogc-api-nrw
198535,"Kranenburg, RS EUREGIO-Realschule",Realschule,"Galgensteeg, Galgensteeg 21-23",47559,Kranenburg,51.781984158706344,6.015987055097549,ogc-api-nrw
198547,"Beverungen, SK im Dreiländereck",Sekundarschule,"Birkenstr., Birkenstr. 2",37688,Beverungen,51.66546413810662,9.3669698882917,ogc-api-nrw
198560,"Köln, GG Köln-Nippes",Grundschule,"Kretzerstr., Kretzerstr. 5-7",50733,Köln,50.9679819841748,6.963379139817547,ogc-api-nrw
198572,"Mülheim an der Ruhr, GG Brüder-Grimm",Grundschule,"Marktstr., Marktstr. 7",45476,Mülheim an der Ruhr,51.44985994034723,6.856135643794751,ogc-api-nrw
198584,"Rheinberg, RS Freie Schule Niederrhein",Realschule,"Pastor-Wilden-Str., Pastor-Wilden-Str. 7",47495,Rheinberg,51.59313797984139,6.558801905901376,ogc-api-nrw
198602,"Münster, PS Hogenbergstraße",Primus (Schulversuch),"Grevingstr., Grevingstr. 24",48151,Münster,51.939337125969864,7.6220885507656275,ogc-api-nrw
198626,"Titz, PS Schulstraße",Primus (Schulversuch),"Schulstr., Schulstr. 4",52445,Titz,51.001279485530056,6.427966986462067,ogc-api-nrw
198638,"Schalksmühle, PS Löh",Primus (Schulversuch),"Löh, Löh 5",58579,Schalksmühle,51.23659406219244,7.522972234927116,ogc-api-nrw
198651,"Höxter, SK Im Flor",Sekundarschule,"Im Flor, Im Flor 7",37671,Höxter,51.775349930215874,9.372208744917764,ogc-api-nrw
198675,"Hürth, GE Sudetenstraße",Gesamtschule,"Sudetenstr., Sudetenstr. 35",50354,Hürth,50.88711992695317,6.874672219370725,ogc-api-nrw
198699,"Schloß Holte-Stukenbrock, GE Jahnstraße",Gesamtschule,"Jahnstr., Jahnstr. 11",33758,Schloß Holte-Stukenbrock,51.9040836462359,8.610201274493207,ogc-api-nrw
198705,"Delbrück, GE Driftweg",Gesamtschule,"Driftweg, Driftweg 6",33129,Delbrück,51.764940059825456,8.558277376279303,ogc-api-nrw
198717,"Solingen, GE Höhscheid",Gesamtschule,"Kanalstr., Kanalstr. 20",42657,Solingen,51.15954628254898,7.077650392591364,ogc-api-nrw
198729,"Kempen, GE Wachtendonker Straße",Gesamtschule,"Wachtendonker Str., Wachtendonker Str. 38",47906,Kempen,51.36755656371487,6.413234344371155,ogc-api-nrw
198730,"Emmerich am Rhein, GE Paaltjessteege",Gesamtschule,"Brink, Brink 1",46446,Emmerich am Rhein,51.83299148224768,6.242503507964058,ogc-api-nrw
198742,"Köln, GE Trude-Herr",Gesamtschule,"Ferdinandstr., Ferdinandstr. 43",51063,Köln,50.947517227784076,6.989088897409554,ogc-api-nrw
198754,"Stemwede, SK Stemweder-Berg-Schule",Sekundarschule,"Am Schulzentrum, Am Schulzentrum 10-14",32351,Stemwede,52.434898615486496,8.461571574962722,ogc-api-nrw
198766,"Pulheim, GE Kastanienallee",Gesamtschule,"Kastanienallee, Kastanienallee 2",50259,Pulheim,50.95839199195304,6.792044293665267,ogc-api-nrw
198778,"Brilon, SK Heinrich-Lübke-Schule",Sekundarschule,"Steinweg, Steinweg 11",59929,Brilon,51.397391841103875,8.569013798939812,ogc-api-nrw
198780,"Ense, SK Conrad-von-Ense-Schule",Sekundarschule,"Willi-Eickenbusch-Str., Willi-Eickenbusch-Str. 3",59469,Ense,51.503953627019825,7.96162980711623,ogc-api-nrw
198791,"Hagen, SK Friedensschule",Sekundarschule,"Friedensstr., Friedensstr. 26",58097,Hagen,51.36772818347333,7.465817314710938,ogc-api-nrw
198808,"Hagen, SK Liselotte-Funcke-Schule",Sekundarschule,"Elbersstiege, Elbersstiege 10",58095,Hagen,51.358320516212316,7.481586481869345,ogc-api-nrw
198810,"Düsseldorf,Gym Albert-Einstein-Gymnasium",Gymnasium,"Theodorstr., Theodorstr. 297",40472,Düsseldorf,51.26997843858337,6.816893761783222,ogc-api-nrw
198821,"Lennestadt, SK Hundem-Lenne",Sekundarschule,"Anne-Frank-Platz, Anne-Frank-Platz 1-2",57368,Lennestadt,51.114454947205516,8.06446302641507,ogc-api-nrw
198833,"Marsberg, SK Schule am Eresberg",Sekundarschule,"Lillers-Str., Lillers-Str. 18",34431,Marsberg,51.46211693251984,8.848237204147118,ogc-api-nrw
198845,"Issum, GE Freie Gesamtsch. Facettenreich",Gesamtschule,"Burgweg, Burgweg 15",47661,Issum,51.491008964867866,6.42806143142518,ogc-api-nrw
198857,"Möhnesee, SK Möhnesee-Schule",Sekundarschule,"Hospitalstr., Hospitalstr. 7",59519,Möhnesee,51.499418333085046,8.129154800886884,ogc-api-nrw
198870,"Selm, SK Selma-Lagerlöf",Sekundarschule,"Südkirchener Str., Südkirchener Str. 16",59379,Selm,51.69990733506146,7.471321493118243,ogc-api-nrw
198882,"Warstein, SK Pietrapaola-Platz",Sekundarschule,"Pietrapaola-Platz, Pietrapaola-Platz 4",59581,Warstein,51.486974570064774,8.338548786952831,ogc-api-nrw
198894,"Neuss, GE Norf",Gesamtschule,"Feuerbachweg, Feuerbachweg 29",41469,Neuss,51.15208780452208,6.733558877940094,ogc-api-nrw
198912,"Köln, GE Köln-Innenstadt",Gesamtschule,"Frankstr., Frankstr. 26",50676,Köln,50.932274696953144,6.944274269942598,ogc-api-nrw
198948,"Wermelskirchen, SK Wirtsmühlerstraße",Sekundarschule,"Wirtsmühler Str., Wirtsmühler Str. 12",42929,Wermelskirchen,51.14268789278798,7.227021822888094,ogc-api-nrw
198950,"Rheinbach, GE Rheinbach",Gesamtschule,"Villeneuver Str., Villeneuver Str. 5",53359,Rheinbach,50.61824842878806,6.953942273327411,ogc-api-nrw
198961,"Rahden, SK Freiherr-vom-Stein-Straße",Sekundarschule,"Freiherr-vom-Stein-Str., Freiherr-vom-Stein-Str. 3",32369,Rahden,52.436380249697095,8.61826033933497,ogc-api-nrw
198973,"Halle, GE Wasserwerkstraße",Gesamtschule,"Wasserwerkstr., Wasserwerkstr. 1",33790,Halle (Westf.),52.04918345124852,8.353160116693562,ogc-api-nrw
198985,"Westerkappeln, GE Osnabrücker Str.",Gesamtschule,"Osnabrücker Str., Osnabrücker Str. 25",49492,Westerkappeln,52.314013355507974,7.884917982117447,ogc-api-nrw
198997,"Kevelaer, GE Kevelaer",Gesamtschule,"Jahnstr., Jahnstr. 20",47623,Kevelaer,51.58093830735471,6.234425282951054,ogc-api-nrw
199000,"Elsdorf, GE Gladbacher Straße",Gesamtschule,"Gladbacher Str., Gladbacher Str. 139",50189,Elsdorf,50.93920943738784,6.558645200234793,ogc-api-nrw
199011,"Heinsberg, GE Heinsberg-Waldfeucht",Gesamtschule,"Parkstr., Parkstr. 21",52525,Heinsberg,51.056046962008686,6.150515186302351,ogc-api-nrw
199023,"Euskirchen, GE Geschwister-Graf",Gesamtschule,"Kölner Str., Kölner Str. 12",53879,Euskirchen,50.66016155627823,6.792367479576654,ogc-api-nrw
199035,"Hopsten, RS Hüberts'sche Schule",Realschule,"Am Schulplatz, Am Schulplatz 3",48496,Hopsten,52.38485401836075,7.602556451172784,ogc-api-nrw
199047,"Blomberg, SK Ulmenallee",Sekundarschule,"Ulmenallee, Ulmenallee 11",32825,Blomberg,51.94824416630124,9.104860087099146,ogc-api-nrw
199059,"Dormagen, SK Rachel-Carson",Sekundarschule,"Bahnhofstr., Bahnhofstr. 67",41539,Dormagen,51.09786546814576,6.820627754738451,ogc-api-nrw
199084,"Duisburg, SK Am Biegerpark",Sekundarschule,"Am Ziegelkamp, Am Ziegelkamp 7",47259,Duisburg,51.37476292167426,6.75046682448026,ogc-api-nrw
199096,"Duisburg, SK Justus-von-Liebig-Schule",Sekundarschule,"Kalthoffstr., Kalthoffstr. 50",47166,Duisburg,51.49850566720622,6.7874878390659905,ogc-api-nrw
199102,"Rüthen, SK Hugo Stern",Sekundarschule,"Schlangenpfad, Schlangenpfad 15",59602,Rüthen,51.496435183837015,8.436960827966713,ogc-api-nrw
199114,"Gelsenkirchen, GE Erle",Gesamtschule,"Mühlbachstr., Mühlbachstr. 3",45891,Gelsenkirchen,51.55922240018633,7.097370620040704,ogc-api-nrw
199138,"Wülfrath, GE Freie Aktive Gesamtschule",Gesamtschule,"Düsseler Str., Düsseler Str. 21",42489,Wülfrath,51.280883505181734,7.040252130900688,ogc-api-nrw
199140,"Bielefeld, BK Friedrich v. Bodelschwingh",Berufskolleg,"Am Zionswald, Am Zionswald 12",33617,Bielefeld,52.0113029502696,8.526933558128846,ogc-api-nrw
199163,"Gronau, GE Laubstiege",Gesamtschule,"Laubstiege, Laubstiege 25",48599,Gronau (Westf.),52.20558935409972,7.035877339451992,ogc-api-nrw
199175,"Aldenhoven, GE Pestalozziring",Gesamtschule,"Pestalozziring, Pestalozziring 12-18",52457,Aldenhoven,50.8967042416748,6.295263304763466,ogc-api-nrw
199187,"Heek, SK Donaustraße",Sekundarschule,"Donaustr., Donaustr. 12",48619,Heek,52.12316022744345,7.105696316094096,ogc-api-nrw
199199,"Schöppingen, SK Bergstiege",Sekundarschule,"Bergstiege, Bergstiege 3",48624,Schöppingen,52.09605209371856,7.239248968103716,ogc-api-nrw
199205,"Bochum, GE Carolinengesamtschule",Gesamtschule,"Springorumallee, Springorumallee 1",44795,Bochum,51.45472235132929,7.209616833580043,ogc-api-nrw
199217,"Hagen, GE Freie Evang. Gesamtschule",Gesamtschule,"Vossacker, Vossacker 23",58089,Hagen,51.37696757594475,7.424111070580056,ogc-api-nrw
199229,"Hilden, GE Wilhelmine-Fliedner-Schule",Gesamtschule,"Gerresheimer Str., Gerresheimer Str. 74",40721,Hilden,51.17358383005464,6.928536673996049,ogc-api-nrw
199230,"Viersen,FÖ LE,ES,SQ,GG Förderzentrum Ost",Förderschule,"Gereonstr., Gereonstr. 82",41747,Viersen,51.25103768489082,6.400190090827723,ogc-api-nrw
199242,"Schwalmtal, FÖ LE,ES,SQ Förderz. West",Förderschule,"Geneschen, Geneschen 32",41366,Schwalmtal,51.228760967708936,6.242394788362343,ogc-api-nrw
199254,"Wuppertal, FÖ LE, ES, KR, SQ Ulle-Hees",Förderschule,"Brucher Str., Brucher Str. 10",42329,Wuppertal,51.23178528886654,7.0741251555825615,ogc-api-nrw
199266,"Wuppertal, FÖ LE, ES, SQ Helene-Stöcker",Förderschule,"Lentzestr., Lentzestr. 14",42277,Wuppertal,51.28119523479873,7.207841191482601,ogc-api-nrw
199278,"Lemgo, EG Ostschule",Grundschule,"Schultwete, Schultwete 5",32657,Lemgo,52.02739750307295,8.91324705378358,ogc-api-nrw
199280,"Olsberg, BK Heinrich-Sommer-Berufskolleg",Berufskolleg,"Heinrich-Sommer-Str., Heinrich-Sommer-Str. 13",59939,Olsberg,51.35581952934416,8.47377131972422,ogc-api-nrw
199291,"Burscheid, GE Johannes-Löh-Gesamtschule",Gesamtschule,"Auf dem Schulberg, Auf dem Schulberg 4",51399,Burscheid,51.081925298280886,7.110240113135238,ogc-api-nrw
199310,"Niederkassel, GE Kopernikusstraße",Gesamtschule,"Kopernikusstr., Kopernikusstr. 6",53859,Niederkassel,50.83222611921465,7.023844067854851,ogc-api-nrw
199321,"Essen, BK BIKA Wirtschaft u. Verwaltung",Berufskolleg,"ThyssenKrupp Allee, ThyssenKrupp Allee 1",45143,Essen,51.461927069312175,6.994224587989633,ogc-api-nrw
199333,"Neukirchen-Vluyn, GE Tersteegenstraße",Gesamtschule,"Tersteegenstr., Tersteegenstr. 85",47506,Neukirchen-Vluyn,51.447743626744064,6.551670819052405,ogc-api-nrw
199345,"Köln, GG Heliosschule",Grundschule,"Kaisersescher Str., Kaisersescher Str. 5",50935,Köln,50.91769111898275,6.9120933160884235,ogc-api-nrw
199357,"Neuss, GG Allerheiligen",Grundschule,"Am Henselsgraben, Am Henselsgraben 15",41470,Neuss,51.13950514756435,6.753575609709729,ogc-api-nrw
199369,"Kleve, GG Montessorischule d.Stadt Kleve",Grundschule,"Spyckstr., Spyckstr. 24",47533,Kleve,51.793088861269815,6.136943842895246,ogc-api-nrw
199370,"Lippstadt, Gym Marienschule Aufbau",Gymnasium,"Pauline-von-Mallinckrodt-Platz, Pauline-von-Mallinckrodt-Platz 1",59558,Lippstadt,51.709119297465996,8.360468001324158,ogc-api-nrw
199400,"Recklinghausen, GG (Verb) Suderwich",Grundschule,"Schulstr., Schulstr. 74",45665,Recklinghausen,51.60515881510794,7.260314703292458,ogc-api-nrw
199412,"Halver, SK Humboldtschule",Sekundarschule,"Humboldtstr., Humboldtstr. 5",58553,Halver,51.18719370854119,7.495231209427736,ogc-api-nrw
199436,"Iserlohn, GE Seilersee",Gesamtschule,"Bismarckstr., Bismarckstr. 2",58636,Iserlohn,51.38403095905721,7.718720773199372,ogc-api-nrw
199450,"Soest, SK Troyesweg",Sekundarschule,"Troyesweg, Troyesweg 4",59494,Soest,51.56517931964508,8.116342594775148,ogc-api-nrw
199461,"Leichlingen, SK Am Hammer",Sekundarschule,"Am Hammer, Am Hammer 1",42799,Leichlingen (Rheinland),51.10829833698199,7.011832622562726,ogc-api-nrw
199497,"Voerde, GE Comenius",Gesamtschule,"Allee, Allee 1",46562,Voerde (Niederrhein),51.59528488207947,6.679213593351416,ogc-api-nrw
199503,"Mechernich, GE Heinrich-Heidenthal-Str.",Gesamtschule,"Heinrich-Heidenthal-Str., Heinrich-Heidenthal-Str. 5",53894,Mechernich,50.590990181089566,6.656373509205885,ogc-api-nrw
199515,"Würselen, GE Krottstraße",Gesamtschule,"Krottstr., Krottstr. 64a",52146,Würselen,50.821337518903725,6.139616071708801,ogc-api-nrw
199527,"Leverkusen, SK Neukronenberger Straße",Sekundarschule,"Neukronenberger Str., Neukronenberger Str. 81",51381,Leverkusen,51.06718278019839,7.02898216296025,ogc-api-nrw
199539,"Oberhausen, FÖ LE ES Hagedornstraße",Förderschule,"Hagedornstr., Hagedornstr. 77",46149,Oberhausen,51.513255788389515,6.834278670304243,ogc-api-nrw
199540,"Mönchengladbach,FÖ ES,LE,SQ MG-Nord",Förderschule,"Myllendonker Str., Myllendonker Str. 121",41065,Mönchengladbach,51.207570093275585,6.481203871456575,ogc-api-nrw
199552,"Mönchengladbach, FÖ ES,LE,SQ, MG-Süd",Förderschule,"Frankfurter Str., Frankfurter Str. 12",41236,Mönchengladbach,51.16221439865027,6.448502520713066,ogc-api-nrw
199564,"Gladbeck, GG (Verb.) Mosaikschule",Grundschule,"Zum Stadtwald, Zum Stadtwald 3b",45968,Gladbeck,51.56225602325155,6.998122675030236,ogc-api-nrw
199576,"Greven, FÖ ES Schule an der Ems",Förderschule,"Alte Lindenstr., Alte Lindenstr. 25",48268,Greven,52.08755393836361,7.61211207990288,ogc-api-nrw
199588,"Steinfurt, FÖ ES Michael-Ende-Schule",Förderschule,"Gantenstr., Gantenstr. 95",48565,Steinfurt,52.11112869994092,7.39725718021256,ogc-api-nrw
199590,"Bottrop, SK Kirchhellen",Sekundarschule,"Kirchhellener Ring, Kirchhellener Ring 18",46244,Bottrop,51.6069752811082,6.917891851503873,ogc-api-nrw
199606,"Düsseldorf, GE Maria-Montessori",Gesamtschule,"Lindenstr., Lindenstr. 140",40233,Düsseldorf,51.22881508545694,6.806796388759832,ogc-api-nrw
199620,"Lüdinghausen, SK Tüllinghofer Str.",Sekundarschule,"Tüllinghofer Str., Tüllinghofer Str. 25",59348,Lüdinghausen,51.765938034698706,7.440643334083354,ogc-api-nrw
199631,"Menden, Gym an der Hönne",Gymnasium,"Walramstr., Walramstr. 2",58706,Menden (Sauerland),51.43516764299111,7.795627312487398,ogc-api-nrw
199643,"Sundern,GG Freie Schule a.See Langscheid",Grundschule,"Ringstr., Ringstr. 51",59846,Sundern (Sauerland),51.35427518172889,7.952106491258038,ogc-api-nrw
199655,"Bornheim, FÖ SQ LVR-Ernst-Jandl",Förderschule,"Wallrafstr., Wallrafstr. 4",53332,Bornheim,50.764859900993805,6.996846706466237,ogc-api-nrw
199667,"Hilchenbach, GG b school Allenbach",Grundschule,"Stift-Keppel-Weg, Stift-Keppel-Weg 16",57271,Hilchenbach,50.97734763157498,8.086565172591339,ogc-api-nrw
199679,"Lienen, FW Lührmannsweg",Waldorfschule,"Lührmanns Weg, Lührmanns Weg 1",49536,Lienen,52.14300669509956,7.972317545567105,ogc-api-nrw
199680,"Lohmar, GE Hermann-Löns-Straße",Gesamtschule,"Hermann-Löns-Str., Hermann-Löns-Str. 35",53797,Lohmar,50.83625596975892,7.218195369777727,ogc-api-nrw
199692,"Reken, BK Benediktushof",Berufskolleg,"Meisenweg, Meisenweg 15",48734,Reken,51.834971080744765,7.090746314470147,ogc-api-nrw
199709,"Detmold, GG Peter Gläsel Schule",Grundschule,"Klingenbergstr., Klingenbergstr. 12",32758,Detmold,51.94590067916867,8.85565938256364,ogc-api-nrw
199710,"Espelkamp, RS Johannes-Daniel-Falk",Realschule,"Koloniestr., Koloniestr. 18",32339,Espelkamp,52.381749907247396,8.59783976304495,ogc-api-nrw
199734,"Mettmann, FÖ ES,LE,SQ Sch.i.Neanderland",Förderschule,"Goethestr., Goethestr. 34",40822,Mettmann,51.25567477837892,6.97159947588212,ogc-api-nrw
199746,"Hilden, FÖ ES, LE, SQ Förderzentr. Mitte",Förderschule,"Lortzingstr., Lortzingstr. 1",40724,Hilden,51.17833977282508,6.934547478842178,ogc-api-nrw
199758,"Velbert, FÖ ES, LE, SQ Förderzentr. Nord",Förderschule,"Hans-Böckler-Str., Hans-Böckler-Str. 27",42549,Velbert,51.333023397647565,7.033665021665392,ogc-api-nrw
199760,"Nümbrecht, GG Freie Schule Berkenroth",Grundschule,"Berkenrother Str., Berkenrother Str. 14",51588,Nümbrecht,50.86088784852327,7.54703961337385,ogc-api-nrw
199771,"Moers,FW SCI Gemeinschaftsschule",Waldorfschule,"Stormstr., Stormstr. 17",47445,Moers,51.481353628394714,6.599980584401197,ogc-api-nrw
199795,"Burbach, SK Gem.SK.Burbach-Neunkirchen",Sekundarschule,"Killingstr., Killingstr. 10",57299,Burbach,50.74321862871725,8.092630692886043,ogc-api-nrw
199801,"Lippetal, GE Lippetalschule",Gesamtschule,"Lippstädter Str., Lippstädter Str. 31",59510,Lippetal,51.66405548997355,8.148312066583854,ogc-api-nrw
199813,"Siegen, GE Auf dem Schießberg",Gesamtschule,"Schießbergstr., Schießbergstr. 111",57078,Siegen,50.90847323822172,7.99274357452258,ogc-api-nrw
199825,"Schwerte, GE Theodor-Fleitmann",Gesamtschule,"Holzener Weg, Holzener Weg 22-24",58239,Schwerte,51.44444712491138,7.554509863143366,ogc-api-nrw
199837,"Bad Honnef, GE St. Josef",Gesamtschule,"Königin-Sophie-Str., Königin-Sophie-Str. 10",53604,Bad Honnef,50.64816961803008,7.225278747056615,ogc-api-nrw
199849,"Unna, FÖ LE ES Jakob-Muth-Schule",Förderschule,"Döbelner Str., Döbelner Str. 3",59425,Unna,51.54706621037558,7.691488556901521,ogc-api-nrw
199850,"Lünen, FÖ LE, ES Rosa-Parks-Schule",Förderschule,"Moltkestr., Moltkestr. 93",44536,Lünen,51.61470551982539,7.496343165765731,ogc-api-nrw
199862,"Willebadessen, SK Eggeschule",Sekundarschule,"Schützenweg, Schützenweg 1",34439,Willebadessen,51.59661576313472,9.119669338352429,ogc-api-nrw
199874,"Gladbeck, GG (Verb.) Südparkschule",Grundschule,"Münsterländer Str., Münsterländer Str. 10",45968,Gladbeck,51.54796119445831,7.016347237535127,ogc-api-nrw
199886,"Münster, GE Mathilde-Anneke",Gesamtschule,"Manfred-von-Richthofen-Str., Manfred-von-Richthofen-Str. 36",48145,Münster,51.95859756176518,7.653982775533497,ogc-api-nrw
199898,"Radevormwald, SK Hermannstraße",Sekundarschule,"Hermannstr., Hermannstr. 21",42477,Radevormwald,51.20613133832244,7.347189205990103,ogc-api-nrw
199904,"Jüchen, GE Stadionstraße",Gesamtschule,"Stadionstr., Stadionstr. 77",41363,Jüchen,51.105260167728275,6.51598749013268,ogc-api-nrw
199916,"Düsseldorf, GE Stettiner Straße",Gesamtschule,"Stettiner Str., Stettiner Str. 98",40595,Düsseldorf,51.1470652477371,6.900984600051814,ogc-api-nrw
199930,"Büren, GE Kleffnerstraße",Gesamtschule,"Kleffnerstr., Kleffnerstr. 4-6",33142,Büren,51.54938945512784,8.554512545580483,ogc-api-nrw
199941,"Krefeld, GE am Botanischen Garten",Gesamtschule,"Schmiedestr., Schmiedestr. 90-98",47809,Krefeld,51.33144739953048,6.605221021031108,ogc-api-nrw
199953,"Havixbeck,GE KOSMOS-Bild. Münsterlandsch",Gesamtschule,"Tilbeck, Tilbeck 2",48329,Havixbeck,51.94187299849293,7.442536410546705,ogc-api-nrw
199965,"Ostbevern, SK Josef-Annegarn",Sekundarschule,"Hanfgarten, Hanfgarten 18",48346,Ostbevern,52.03551619752166,7.843211393495043,ogc-api-nrw
199977,"Borken, GE Julia-Koppers-Gesamtschule",Gesamtschule,"Auf der Flüt, Auf der Flüt 9",46325,Borken,51.83811101138504,6.852602961329351,ogc-api-nrw
199989,"Brakel, GG Brakel",Grundschule,"Klöckerstr., Klöckerstr. 25",33034,Brakel,51.71455793505891,9.176199923846651,ogc-api-nrw
199990,"Siegen, SK Freie Christliche Schule",Sekundarschule,"Augärtenstr., Augärtenstr. 15",57074,Siegen,50.86959520528041,8.059382393211687,ogc-api-nrw
